/*
 Navicat Premium Dump SQL

 Source Server         : localhost
 Source Server Type    : MySQL
 Source Server Version : 80043 (8.0.43)
 Source Host           : localhost:3306
 Source Schema         : gvnow

 Target Server Type    : MySQL
 Target Server Version : 80043 (8.0.43)
 File Encoding         : 65001

 Date: 21/11/2025 19:46:48
*/

SET NAMES utf8mb4;
SET FOREIGN_KEY_CHECKS = 0;

-- ----------------------------
-- Table structure for app_service_api
-- ----------------------------
DROP TABLE IF EXISTS `app_service_api`;
CREATE TABLE `app_service_api`  (
  `id` bigint NOT NULL AUTO_INCREMENT COMMENT '主键',
  `name` varchar(255) CHARACTER SET utf8mb4 COLLATE utf8mb4_bin NULL DEFAULT NULL COMMENT '数据服务名称',
  `knowledge_id` bigint NULL DEFAULT NULL COMMENT '知识库id',
  `service_type` int NULL DEFAULT NULL COMMENT '0 概念  1 关系 2 概念关系组合 3 实体数据',
  `token` varchar(255) CHARACTER SET utf8mb4 COLLATE utf8mb4_bin NULL DEFAULT NULL COMMENT '访问令牌',
  `user_id` bigint NULL DEFAULT NULL COMMENT '所属用户，0表示所有用户',
  `service_params` varchar(1000) CHARACTER SET utf8mb4 COLLATE utf8mb4_bin NULL DEFAULT NULL COMMENT '自定义的接口参数',
  `query_condition` varchar(500) CHARACTER SET utf8mb4 COLLATE utf8mb4_bin NULL DEFAULT NULL COMMENT '接口筛选条件',
  `sign` varchar(255) CHARACTER SET utf8mb4 COLLATE utf8mb4_bin NULL DEFAULT NULL COMMENT '接口标识。用于区分唯一接口，UUID',
  `valid_flag` tinyint(1) NOT NULL DEFAULT 1 COMMENT '是否有效;0：无效，1：有效',
  `del_flag` tinyint(1) NOT NULL DEFAULT 0 COMMENT '删除标志;1：已删除，0：未删除',
  `create_by` varchar(32) CHARACTER SET utf8mb3 COLLATE utf8mb3_general_ci NULL DEFAULT NULL COMMENT '创建人',
  `creator_id` bigint NULL DEFAULT NULL COMMENT '创建人id',
  `create_time` datetime NULL DEFAULT CURRENT_TIMESTAMP COMMENT '创建时间',
  `update_by` varchar(32) CHARACTER SET utf8mb3 COLLATE utf8mb3_general_ci NULL DEFAULT NULL COMMENT '更新人',
  `updater_id` bigint NULL DEFAULT NULL COMMENT '更新人id',
  `update_time` datetime NOT NULL DEFAULT CURRENT_TIMESTAMP COMMENT '更新时间',
  `remark` varchar(512) CHARACTER SET utf8mb3 COLLATE utf8mb3_general_ci NULL DEFAULT NULL COMMENT '备注',
  PRIMARY KEY (`id`) USING BTREE
) ENGINE = InnoDB AUTO_INCREMENT = 8 CHARACTER SET = utf8mb4 COLLATE = utf8mb4_bin COMMENT = '服务接口' ROW_FORMAT = DYNAMIC;

-- ----------------------------
-- Records of app_service_api
-- ----------------------------
INSERT INTO `app_service_api` VALUES (1, '测试概念', 2, 0, 'f107cd76bdc846e4ab31edfff6706b94', 0, '[\r\n	{\"paramName\": \"schemaName\", \"paramAlias\": \"name\",\"paramDesc\": \"xxx\"},\r\n	{\"paramName\": \"pageNum\", \"paramAlias\": \"pageN\",\"paramDesc\": \"xxx\"},\r\n	{\"paramName\": \"pageSize\", \"paramAlias\": \"pageS\",\"paramDesc\": \"xxx\"}\r\n]', '[{\"paramAlias\": \"name\",\"option\": \"like\"}]', '96d663efeece4741bd5ca19607a1ab06', 1, 0, '星小图', 1, '2025-09-28 16:41:45', '星小图', NULL, '2025-10-14 15:24:28', '测试概念');
INSERT INTO `app_service_api` VALUES (2, '测试关系', 2, 1, NULL, 0, '[\r\n	{\"paramName\": \"RelationName\", \"paramAlias\": \"name\",\"paramDesc\": \"xxx\"},\r\n	{\"paramName\": \"pageNum\", \"paramAlias\": \"pageN\",\"paramDesc\": \"xxx\"},\r\n	{\"paramName\": \"pageSize\", \"paramAlias\": \"pageS\",\"paramDesc\": \"xxx\"}\r\n]\r\n', '[{\"paramAlias\": \"name\",\"option\": \"like\"}]', '96d663efeece4741bd5ca19607a1ab07', 1, 0, '星小图', 1, '2025-10-13 07:58:36', '星小图', NULL, '2025-10-13 07:58:36', '测试关系');
INSERT INTO `app_service_api` VALUES (3, '测试概念关系', 2, 2, NULL, 0, NULL, NULL, '96d663efeece4741bd5ca19607a1ab08', 1, 0, '星小图', 1, '2025-10-13 08:00:28', '星小图', NULL, '2025-10-13 08:00:28', '测试概念关系');
INSERT INTO `app_service_api` VALUES (4, '概念查询服务', 2, 0, NULL, NULL, '[{\"paramName\":\"pageNum\",\"paramAlias\":\"num\",\"paramDesc\":\"分页查询页码\"}]', '[{\"paramAlias\":\"name\",\"option\":\"LIKE\"}]', '6b156098c9c04c51ae813bf3f827a6a7', 1, 0, '星小图', 1, '2025-10-14 14:49:10', '星小图', NULL, '2025-10-14 14:49:10', '查询知识库中的概念数据');
INSERT INTO `app_service_api` VALUES (7, '关系查询服务', 2, 1, 'ce16b10a5c7b4206ae900f9be54d1839', 0, '[{\"paramName\":\"pageNum\",\"paramAlias\":\"num\",\"paramDesc\":\"分页查询页码\"}]', '[{\"paramAlias\":\"name\",\"option\":\"LIKE\"}]', 'd2653db00c704f43ad16d874060d83a6', 1, 0, '星小图', 1, '2025-10-14 15:02:59', '星小图', NULL, '2025-10-14 15:12:32', '查询知识库中的概念数据');

-- ----------------------------
-- Table structure for app_service_api_log
-- ----------------------------
DROP TABLE IF EXISTS `app_service_api_log`;
CREATE TABLE `app_service_api_log`  (
  `id` bigint NOT NULL AUTO_INCREMENT COMMENT 'id',
  `service_api_id` bigint NULL DEFAULT NULL COMMENT '接口id',
  `invoke_time` datetime NULL DEFAULT NULL COMMENT '接口调用时间',
  `host_ip` varchar(255) CHARACTER SET utf8mb4 COLLATE utf8mb4_bin NULL DEFAULT NULL COMMENT '接口调用的ip地址',
  `cost_time` bigint NULL DEFAULT 0 COMMENT '响应耗时(毫秒)',
  `success` tinyint(1) NOT NULL COMMENT '是否成功(1-是，0-否)',
  `error_msg` varchar(512) CHARACTER SET utf8mb4 COLLATE utf8mb4_bin NULL DEFAULT NULL COMMENT '错误信息(失败时记录)',
  PRIMARY KEY (`id`) USING BTREE,
  INDEX `idx_service_api_id`(`service_api_id` ASC) USING BTREE,
  INDEX `idx_invoke_time`(`invoke_time` ASC) USING BTREE,
  INDEX `idx_success`(`success` ASC) USING BTREE
) ENGINE = InnoDB AUTO_INCREMENT = 11 CHARACTER SET = utf8mb4 COLLATE = utf8mb4_bin COMMENT = '接口调用日志' ROW_FORMAT = DYNAMIC;

-- ----------------------------
-- Records of app_service_api_log
-- ----------------------------
INSERT INTO `app_service_api_log` VALUES (1, 3, '2025-10-13 19:25:06', '0:0:0:0:0:0:0:1', 337, 1, NULL);
INSERT INTO `app_service_api_log` VALUES (2, 2, '2025-10-13 19:38:05', '127.0.0.1', 362, 1, NULL);
INSERT INTO `app_service_api_log` VALUES (3, 2, '2025-10-14 10:58:09', '127.0.0.1', 248, 1, NULL);
INSERT INTO `app_service_api_log` VALUES (4, NULL, '2025-10-14 10:58:41', '127.0.0.1', 47, 0, '接口不存在');
INSERT INTO `app_service_api_log` VALUES (5, 7, '2025-10-14 15:18:38', '127.0.0.1', 79, 0, 'Cannot invoke \"Object.toString()\" because the return value of \"java.util.Map.get(Object)\" is null');
INSERT INTO `app_service_api_log` VALUES (6, 7, '2025-10-14 15:21:00', '127.0.0.1', 20289, 0, 'Cannot invoke \"Object.toString()\" because the return value of \"java.util.Map.get(Object)\" is null');
INSERT INTO `app_service_api_log` VALUES (7, 7, '2025-10-14 15:22:05', '127.0.0.1', 114, 0, '令牌验证失败，无权访问');
INSERT INTO `app_service_api_log` VALUES (8, 1, '2025-10-14 15:25:46', '127.0.0.1', 105, 0, '令牌验证失败，无权访问');
INSERT INTO `app_service_api_log` VALUES (9, 1, '2025-10-14 15:26:26', '127.0.0.1', 21762, 0, '令牌验证失败，无权访问');
INSERT INTO `app_service_api_log` VALUES (10, 1, '2025-10-14 15:27:12', '127.0.0.1', 10124, 1, NULL);

-- ----------------------------
-- Table structure for dm_datasource
-- ----------------------------
DROP TABLE IF EXISTS `dm_datasource`;
CREATE TABLE `dm_datasource`  (
  `id` bigint NOT NULL AUTO_INCREMENT COMMENT 'ID',
  `datasource_name` varchar(128) CHARACTER SET utf8mb3 COLLATE utf8mb3_general_ci NOT NULL COMMENT '数据源名称',
  `datasource_type` varchar(32) CHARACTER SET utf8mb3 COLLATE utf8mb3_general_ci NOT NULL DEFAULT '0' COMMENT '数据源类型',
  `datasource_config` varchar(1024) CHARACTER SET utf8mb3 COLLATE utf8mb3_general_ci NULL DEFAULT NULL COMMENT '数据源配置(json字符串)',
  `ip` varchar(32) CHARACTER SET utf8mb3 COLLATE utf8mb3_general_ci NOT NULL COMMENT 'IP地址',
  `port` int NOT NULL COMMENT '端口号',
  `list_count` int NULL DEFAULT NULL COMMENT '数据库表数（预留）',
  `sync_count` int NULL DEFAULT NULL COMMENT '同步记录数（预留）',
  `data_size` int NULL DEFAULT NULL COMMENT '同步数据量大小（预留）',
  `description` varchar(1024) CHARACTER SET utf8mb3 COLLATE utf8mb3_general_ci NULL DEFAULT NULL COMMENT '描述',
  `valid_flag` tinyint(1) NOT NULL DEFAULT 1 COMMENT '是否有效;0：无效，1：有效',
  `del_flag` tinyint(1) NOT NULL DEFAULT 0 COMMENT '删除标志;1：已删除，0：未删除',
  `create_by` varchar(32) CHARACTER SET utf8mb3 COLLATE utf8mb3_general_ci NULL DEFAULT NULL COMMENT '创建人',
  `creator_id` bigint NULL DEFAULT NULL COMMENT '创建人id',
  `create_time` datetime NOT NULL DEFAULT CURRENT_TIMESTAMP COMMENT '创建时间',
  `update_by` varchar(32) CHARACTER SET utf8mb3 COLLATE utf8mb3_general_ci NULL DEFAULT NULL COMMENT '更新人',
  `updater_id` bigint NULL DEFAULT NULL COMMENT '更新人id',
  `update_time` datetime NOT NULL DEFAULT CURRENT_TIMESTAMP COMMENT '更新时间',
  `remark` varchar(512) CHARACTER SET utf8mb3 COLLATE utf8mb3_general_ci NULL DEFAULT NULL COMMENT '备注',
  PRIMARY KEY (`id`) USING BTREE
) ENGINE = InnoDB AUTO_INCREMENT = 6 CHARACTER SET = utf8mb3 COLLATE = utf8mb3_general_ci COMMENT = '数据源' ROW_FORMAT = DYNAMIC;

-- ----------------------------
-- Records of dm_datasource
-- ----------------------------
INSERT INTO `dm_datasource` VALUES (1, '本地数据库', 'MySql', '{\"username\":\"root\",\"password\":\"root\",\"dbname\":\"qknow_dev\"}', '127.0.0.1', 3306, NULL, NULL, NULL, NULL, 1, 0, '小桐', 1, '2025-09-04 18:14:57', '小桐', 1, '2025-09-05 10:49:38', NULL);
INSERT INTO `dm_datasource` VALUES (2, '墨子数据库', 'MySql', '{\"username\":\"root\",\"password\":\"root\",\"dbname\":\"main\"}', 'localhost', 3306, NULL, NULL, NULL, NULL, 1, 0, '小桐', 1, '2025-09-05 13:41:45', '小桐', 1, '2025-09-05 13:42:01', NULL);
INSERT INTO `dm_datasource` VALUES (3, 'znangnan', 'MySql', '{\"username\":\"root\",\"password\":\"root\",\"dbname\":\"south_asia_info\"}', 'localhost', 3306, NULL, NULL, NULL, NULL, 1, 0, '小桐', 1, '2025-09-05 18:24:06', '小桐', NULL, '2025-09-05 18:24:06', NULL);
INSERT INTO `dm_datasource` VALUES (4, '二战模型数据库', 'MySql', '{\"username\":\"root\",\"password\":\"root\",\"dbname\":\"erzhan\"}', 'localhost', 3306, NULL, NULL, NULL, NULL, 1, 0, '星小图', 1, '2025-10-17 09:59:49', '星小图', 1, '2025-11-14 17:20:14', NULL);
INSERT INTO `dm_datasource` VALUES (5, '民族数据库', 'MySql', '{\"username\":\"root\",\"password\":\"root\",\"dbname\":\"india_ethnic_single_relation\"}', 'localhost', 3306, NULL, NULL, NULL, NULL, 1, 0, '星小图', 1, '2025-11-21 19:27:39', '星小图', NULL, '2025-11-21 19:27:39', NULL);

-- ----------------------------
-- Table structure for ethnic_group
-- ----------------------------
DROP TABLE IF EXISTS `ethnic_group`;
CREATE TABLE `ethnic_group`  (
  `id` bigint NOT NULL AUTO_INCREMENT COMMENT '民族ID',
  `name` varchar(255) CHARACTER SET utf8mb4 COLLATE utf8mb4_0900_ai_ci NOT NULL COMMENT '民族中文名称',
  `local_name` varchar(255) CHARACTER SET utf8mb4 COLLATE utf8mb4_0900_ai_ci NULL DEFAULT NULL COMMENT '民族本地名称',
  `alternative_names` text CHARACTER SET utf8mb4 COLLATE utf8mb4_0900_ai_ci NULL COMMENT '别名',
  `description` text CHARACTER SET utf8mb4 COLLATE utf8mb4_0900_ai_ci NULL COMMENT '简介',
  `region_id` bigint NULL DEFAULT NULL COMMENT '主要分布区域',
  `language_id` bigint NULL DEFAULT NULL COMMENT '主要语言',
  `religion_id` bigint NULL DEFAULT NULL COMMENT '主要宗教',
  `ethnic_type_id` bigint NULL DEFAULT NULL COMMENT '族群类型',
  `legal_category_id` bigint NULL DEFAULT NULL COMMENT '官方分类',
  `population` int NULL DEFAULT NULL COMMENT '人口（主要区域）',
  `year` int NULL DEFAULT NULL COMMENT '统计年份',
  PRIMARY KEY (`id`) USING BTREE,
  INDEX `region_id`(`region_id` ASC) USING BTREE,
  INDEX `language_id`(`language_id` ASC) USING BTREE,
  INDEX `religion_id`(`religion_id` ASC) USING BTREE,
  INDEX `ethnic_type_id`(`ethnic_type_id` ASC) USING BTREE,
  INDEX `legal_category_id`(`legal_category_id` ASC) USING BTREE,
  CONSTRAINT `ethnic_group_ibfk_1` FOREIGN KEY (`region_id`) REFERENCES `region` (`id`) ON DELETE RESTRICT ON UPDATE RESTRICT,
  CONSTRAINT `ethnic_group_ibfk_2` FOREIGN KEY (`language_id`) REFERENCES `language` (`id`) ON DELETE RESTRICT ON UPDATE RESTRICT,
  CONSTRAINT `ethnic_group_ibfk_3` FOREIGN KEY (`religion_id`) REFERENCES `religion` (`id`) ON DELETE RESTRICT ON UPDATE RESTRICT,
  CONSTRAINT `ethnic_group_ibfk_4` FOREIGN KEY (`ethnic_type_id`) REFERENCES `ethnic_type` (`id`) ON DELETE RESTRICT ON UPDATE RESTRICT,
  CONSTRAINT `ethnic_group_ibfk_5` FOREIGN KEY (`legal_category_id`) REFERENCES `legal_ethnic_category` (`id`) ON DELETE RESTRICT ON UPDATE RESTRICT
) ENGINE = InnoDB AUTO_INCREMENT = 19 CHARACTER SET = utf8mb4 COLLATE = utf8mb4_0900_ai_ci COMMENT = '民族主表（所有关系均为一对多形式）' ROW_FORMAT = Dynamic;

-- ----------------------------
-- Records of ethnic_group
-- ----------------------------
INSERT INTO `ethnic_group` VALUES (1, '旁遮普人', 'Punjabi', '旁遮普族', '印度北部重要民族，旁遮普邦主体民族。', 4, 1, 3, 2, 4, 17000000, 2011);
INSERT INTO `ethnic_group` VALUES (2, '孟加拉人', 'Bangali', '孟加拉族', '主要分布于西孟加拉邦与孟加拉国。', 5, 2, 2, 2, 4, 91500000, 2011);
INSERT INTO `ethnic_group` VALUES (3, '泰米尔人', 'Tamil', '泰米尔族', '主要分布在泰米尔纳德邦和斯里兰卡北部。', 6, 3, 1, 2, 5, 72000000, 2011);
INSERT INTO `ethnic_group` VALUES (4, '阿萨姆人', 'Assamese', '阿萨姆族', '阿萨姆邦主体民族。', 7, 4, 1, 2, 5, 16000000, 2011);
INSERT INTO `ethnic_group` VALUES (5, '那加人', 'Naga', '那加族', '东北部山地部族群体。', 8, 5, 6, 1, 1, 2300000, 2011);
INSERT INTO `ethnic_group` VALUES (6, '比尔族', 'Bhil', '比尔人', '印度最大部族之一。', 9, 6, 6, 1, 1, 14500000, 2011);
INSERT INTO `ethnic_group` VALUES (7, '拉贾斯坦人', 'Rajasthani', '拉贾斯坦族', '拉贾斯坦邦民族群体。', 9, 8, 1, 2, 5, 35000000, 2011);
INSERT INTO `ethnic_group` VALUES (8, '马拉地人', 'Marathi', '马拉塔人', '马哈拉施特拉邦主体民族。', 10, 7, 1, 2, 5, 83000000, 2011);
INSERT INTO `ethnic_group` VALUES (9, '古吉拉特人', 'Gujarati', '古吉拉特族', '古吉拉特邦主体民族。', 11, 8, 1, 2, 5, 62000000, 2011);
INSERT INTO `ethnic_group` VALUES (10, '卡纳达人', 'Kannadiga', '卡纳达族', '卡纳塔克邦主要民族。', 12, 9, 1, 2, 5, 44000000, 2011);
INSERT INTO `ethnic_group` VALUES (11, '马拉雅利人', 'Malayali', '马拉雅拉姆族', '喀拉拉邦主体民族。', 13, 10, 1, 2, 5, 33000000, 2011);
INSERT INTO `ethnic_group` VALUES (12, '克什米尔人', 'Kashmiri', '克什米尔族', '查谟与克什米尔地区人口。', 14, 11, 2, 2, 5, 7000000, 2011);
INSERT INTO `ethnic_group` VALUES (13, '信德人', 'Sindhi', '辛德族', '1947 迁入印度的辛德人群体。', 10, 12, 2, 2, 4, 3000000, 2011);
INSERT INTO `ethnic_group` VALUES (14, '特伦甘纳人', 'Telangana', '特伦甘纳族群', '新邦民族认同群体。', 15, 3, 1, 2, 5, 20000000, 2011);
INSERT INTO `ethnic_group` VALUES (15, '尼泊尔人（廓尔喀）', 'Nepali', '廓尔喀人', '锡金与达尔吉林大量分布。', 16, 13, 1, 4, 4, 4500000, 2011);
INSERT INTO `ethnic_group` VALUES (16, '僧伽罗人', 'Sinhala', '僧伽罗族', '斯里兰卡主体民族。', 3, 14, 4, 2, 5, 15900000, 2011);
INSERT INTO `ethnic_group` VALUES (17, '斯里兰卡泰米尔人', 'Sri Lankan Tamil', '', '居住于斯里兰卡北部与东部。', 3, 3, 1, 2, 5, 2600000, 2011);
INSERT INTO `ethnic_group` VALUES (18, '普什图人', 'Pashtun', '帕坦人', '巴基斯坦与阿富汗民族。', 17, 15, 2, 2, 5, 42000000, 2011);

-- ----------------------------
-- Table structure for ethnic_type
-- ----------------------------
DROP TABLE IF EXISTS `ethnic_type`;
CREATE TABLE `ethnic_type`  (
  `id` bigint NOT NULL AUTO_INCREMENT COMMENT '类型ID',
  `type_name` varchar(255) CHARACTER SET utf8mb4 COLLATE utf8mb4_0900_ai_ci NOT NULL COMMENT '族群类型',
  PRIMARY KEY (`id`) USING BTREE
) ENGINE = InnoDB AUTO_INCREMENT = 6 CHARACTER SET = utf8mb4 COLLATE = utf8mb4_0900_ai_ci COMMENT = '族群类型表' ROW_FORMAT = Dynamic;

-- ----------------------------
-- Records of ethnic_type
-- ----------------------------
INSERT INTO `ethnic_type` VALUES (1, '部族');
INSERT INTO `ethnic_type` VALUES (2, '民族');
INSERT INTO `ethnic_type` VALUES (3, '语言族群');
INSERT INTO `ethnic_type` VALUES (4, '原住民');
INSERT INTO `ethnic_type` VALUES (5, '宗教族群');

-- ----------------------------
-- Table structure for ext_attribute_mapping
-- ----------------------------
DROP TABLE IF EXISTS `ext_attribute_mapping`;
CREATE TABLE `ext_attribute_mapping`  (
  `id` bigint NOT NULL AUTO_INCREMENT COMMENT 'ID',
  `workspace_id` bigint NOT NULL COMMENT '工作区id',
  `task_id` bigint NOT NULL COMMENT '任务id',
  `table_name` varchar(128) CHARACTER SET utf8mb3 COLLATE utf8mb3_general_ci NOT NULL COMMENT '表名',
  `table_comment` varchar(128) CHARACTER SET utf8mb3 COLLATE utf8mb3_general_ci NULL DEFAULT NULL COMMENT '表显示名称',
  `field_name` varchar(128) CHARACTER SET utf8mb3 COLLATE utf8mb3_general_ci NOT NULL COMMENT '字段名',
  `field_comment` varchar(256) CHARACTER SET utf8mb3 COLLATE utf8mb3_general_ci NULL DEFAULT NULL COMMENT '字段显示名称',
  `attribute_id` bigint NULL DEFAULT NULL COMMENT '属性id',
  `attribute_name` varchar(128) CHARACTER SET utf8mb3 COLLATE utf8mb3_general_ci NULL DEFAULT NULL COMMENT '属性名称',
  `valid_flag` tinyint(1) NOT NULL DEFAULT 1 COMMENT '是否有效;0：无效，1：有效',
  `del_flag` tinyint(1) NOT NULL DEFAULT 0 COMMENT '删除标志;1：已删除，0：未删除',
  `create_by` varchar(32) CHARACTER SET utf8mb3 COLLATE utf8mb3_general_ci NULL DEFAULT NULL COMMENT '创建人',
  `creator_id` bigint NULL DEFAULT NULL COMMENT '创建人id',
  `create_time` datetime NOT NULL DEFAULT CURRENT_TIMESTAMP COMMENT '创建时间',
  `update_by` varchar(32) CHARACTER SET utf8mb3 COLLATE utf8mb3_general_ci NULL DEFAULT NULL COMMENT '更新人',
  `updater_id` bigint NULL DEFAULT NULL COMMENT '更新人id',
  `update_time` datetime NOT NULL DEFAULT CURRENT_TIMESTAMP COMMENT '更新时间',
  `remark` varchar(512) CHARACTER SET utf8mb3 COLLATE utf8mb3_general_ci NULL DEFAULT NULL COMMENT '备注',
  PRIMARY KEY (`id`) USING BTREE
) ENGINE = InnoDB AUTO_INCREMENT = 947 CHARACTER SET = utf8mb3 COLLATE = utf8mb3_general_ci COMMENT = '属性映射' ROW_FORMAT = DYNAMIC;

-- ----------------------------
-- Records of ext_attribute_mapping
-- ----------------------------
INSERT INTO `ext_attribute_mapping` VALUES (751, 1001, 10, 'country', '国家', 'name', '国家名称', 28, '首都', 0, 1, '星小图', 1, '2025-11-05 16:25:49', '星小图', 1, '2025-11-05 16:25:49', NULL);
INSERT INTO `ext_attribute_mapping` VALUES (752, 1001, 10, 'country', '国家', 'capital', '首都', 28, '首都', 0, 1, '星小图', 1, '2025-11-05 16:25:49', '星小图', 1, '2025-11-05 16:25:49', NULL);
INSERT INTO `ext_attribute_mapping` VALUES (753, 1001, 10, 'country', '国家', 'leader_name', '领导人', 29, '领导人', 0, 1, '星小图', 1, '2025-11-05 16:25:49', '星小图', 1, '2025-11-05 16:25:49', NULL);
INSERT INTO `ext_attribute_mapping` VALUES (754, 1001, 10, 'country', '国家', 'population_1940', '1940年人口', 30, '人口', 0, 1, '星小图', 1, '2025-11-05 16:25:49', '星小图', 1, '2025-11-05 16:25:49', NULL);
INSERT INTO `ext_attribute_mapping` VALUES (755, 1001, 10, 'country', '国家', 'area_km2', '面积(km²)', 31, '面积（km²）', 0, 1, '星小图', 1, '2025-11-05 16:25:49', '星小图', 1, '2025-11-05 16:25:49', NULL);
INSERT INTO `ext_attribute_mapping` VALUES (756, 1001, 10, 'country', '国家', 'government_type', '政体', 32, '政体', 0, 1, '星小图', 1, '2025-11-05 16:25:49', '星小图', 1, '2025-11-05 16:25:49', NULL);
INSERT INTO `ext_attribute_mapping` VALUES (757, 1001, 10, 'country', '国家', 'continent', '洲别', 33, '洲别', 0, 1, '星小图', 1, '2025-11-05 16:25:49', '星小图', 1, '2025-11-05 16:25:49', NULL);
INSERT INTO `ext_attribute_mapping` VALUES (758, 1001, 10, 'country', '国家', 'notes', '备注', 34, '备注', 0, 1, '星小图', 1, '2025-11-05 16:25:49', '星小图', 1, '2025-11-05 16:25:49', NULL);
INSERT INTO `ext_attribute_mapping` VALUES (759, 1001, 10, 'event', '事件', 'name', '事件名称', 35, '事件名称', 0, 1, '星小图', 1, '2025-11-05 16:25:49', '星小图', 1, '2025-11-05 16:25:49', NULL);
INSERT INTO `ext_attribute_mapping` VALUES (760, 1001, 10, 'event', '事件', 'event_type', '类型', 36, '类型', 0, 1, '星小图', 1, '2025-11-05 16:25:49', '星小图', 1, '2025-11-05 16:25:49', NULL);
INSERT INTO `ext_attribute_mapping` VALUES (761, 1001, 10, 'event', '事件', 'outcome', '结果归属', 39, '结果归属', 0, 1, '星小图', 1, '2025-11-05 16:25:49', '星小图', 1, '2025-11-05 16:25:49', NULL);
INSERT INTO `ext_attribute_mapping` VALUES (762, 1001, 10, 'event', '事件', 'casualties_estimate', '伤亡估计', 40, '伤亡估计', 0, 1, '星小图', 1, '2025-11-05 16:25:49', '星小图', 1, '2025-11-05 16:25:49', NULL);
INSERT INTO `ext_attribute_mapping` VALUES (763, 1001, 10, 'event', '事件', 'summary', '摘要', 41, '摘要', 0, 1, '星小图', 1, '2025-11-05 16:25:49', '星小图', 1, '2025-11-05 16:25:49', NULL);
INSERT INTO `ext_attribute_mapping` VALUES (764, 1001, 10, 'country', '国家', 'name', '国家名称', 28, '首都', 0, 1, '星小图', 1, '2025-11-05 16:44:24', '星小图', 1, '2025-11-05 16:44:24', NULL);
INSERT INTO `ext_attribute_mapping` VALUES (765, 1001, 10, 'country', '国家', 'capital', '首都', 28, '首都', 0, 1, '星小图', 1, '2025-11-05 16:44:24', '星小图', 1, '2025-11-05 16:44:24', NULL);
INSERT INTO `ext_attribute_mapping` VALUES (766, 1001, 10, 'country', '国家', 'leader_name', '领导人', 29, '领导人', 0, 1, '星小图', 1, '2025-11-05 16:44:24', '星小图', 1, '2025-11-05 16:44:24', NULL);
INSERT INTO `ext_attribute_mapping` VALUES (767, 1001, 10, 'country', '国家', 'population_1940', '1940年人口', 30, '人口', 0, 1, '星小图', 1, '2025-11-05 16:44:24', '星小图', 1, '2025-11-05 16:44:24', NULL);
INSERT INTO `ext_attribute_mapping` VALUES (768, 1001, 10, 'country', '国家', 'area_km2', '面积(km²)', 31, '面积（km²）', 0, 1, '星小图', 1, '2025-11-05 16:44:24', '星小图', 1, '2025-11-05 16:44:24', NULL);
INSERT INTO `ext_attribute_mapping` VALUES (769, 1001, 10, 'country', '国家', 'government_type', '政体', 32, '政体', 0, 1, '星小图', 1, '2025-11-05 16:44:24', '星小图', 1, '2025-11-05 16:44:24', NULL);
INSERT INTO `ext_attribute_mapping` VALUES (770, 1001, 10, 'country', '国家', 'continent', '洲别', 33, '洲别', 0, 1, '星小图', 1, '2025-11-05 16:44:24', '星小图', 1, '2025-11-05 16:44:24', NULL);
INSERT INTO `ext_attribute_mapping` VALUES (771, 1001, 10, 'country', '国家', 'notes', '备注', 34, '备注', 0, 1, '星小图', 1, '2025-11-05 16:44:24', '星小图', 1, '2025-11-05 16:44:24', NULL);
INSERT INTO `ext_attribute_mapping` VALUES (772, 1001, 10, 'event', '事件', 'name', '事件名称', 35, '事件名称', 0, 1, '星小图', 1, '2025-11-05 16:44:24', '星小图', 1, '2025-11-05 16:44:24', NULL);
INSERT INTO `ext_attribute_mapping` VALUES (773, 1001, 10, 'event', '事件', 'event_type', '类型', 36, '类型', 0, 1, '星小图', 1, '2025-11-05 16:44:24', '星小图', 1, '2025-11-05 16:44:24', NULL);
INSERT INTO `ext_attribute_mapping` VALUES (774, 1001, 10, 'event', '事件', 'outcome', '结果归属', 39, '结果归属', 0, 1, '星小图', 1, '2025-11-05 16:44:24', '星小图', 1, '2025-11-05 16:44:24', NULL);
INSERT INTO `ext_attribute_mapping` VALUES (775, 1001, 10, 'event', '事件', 'casualties_estimate', '伤亡估计', 40, '伤亡估计', 0, 1, '星小图', 1, '2025-11-05 16:44:24', '星小图', 1, '2025-11-05 16:44:24', NULL);
INSERT INTO `ext_attribute_mapping` VALUES (776, 1001, 10, 'event', '事件', 'summary', '摘要', 41, '摘要', 0, 1, '星小图', 1, '2025-11-05 16:44:24', '星小图', 1, '2025-11-05 16:44:24', NULL);
INSERT INTO `ext_attribute_mapping` VALUES (777, 1001, 10, 'faction', '', 'name', '阵营名称', 42, '阵营名称', 0, 1, '星小图', 1, '2025-11-05 16:44:24', '星小图', 1, '2025-11-05 16:44:24', NULL);
INSERT INTO `ext_attribute_mapping` VALUES (778, 1001, 10, 'faction', '', 'type', '类型', 43, '类型', 0, 1, '星小图', 1, '2025-11-05 16:44:24', '星小图', 1, '2025-11-05 16:44:24', NULL);
INSERT INTO `ext_attribute_mapping` VALUES (779, 1001, 10, 'faction', '', 'leader_name', '领导人', 44, '领导人', 0, 1, '星小图', 1, '2025-11-05 16:44:24', '星小图', 1, '2025-11-05 16:44:24', NULL);
INSERT INTO `ext_attribute_mapping` VALUES (780, 1001, 10, 'faction', '', 'ideology', '意识形态', 45, '意识形态', 0, 1, '星小图', 1, '2025-11-05 16:44:24', '星小图', 1, '2025-11-05 16:44:24', NULL);
INSERT INTO `ext_attribute_mapping` VALUES (781, 1001, 10, 'faction', '', 'headquarters', '总部', 46, '总部', 0, 1, '星小图', 1, '2025-11-05 16:44:24', '星小图', 1, '2025-11-05 16:44:24', NULL);
INSERT INTO `ext_attribute_mapping` VALUES (782, 1001, 10, 'faction', '', 'symbol', '标志', 47, '标志', 0, 1, '星小图', 1, '2025-11-05 16:44:24', '星小图', 1, '2025-11-05 16:44:24', NULL);
INSERT INTO `ext_attribute_mapping` VALUES (783, 1001, 10, 'faction', '', 'member_count', '成员数量', 48, '成员数量', 0, 1, '星小图', 1, '2025-11-05 16:44:24', '星小图', 1, '2025-11-05 16:44:24', NULL);
INSERT INTO `ext_attribute_mapping` VALUES (784, 1001, 10, 'faction', '', 'description', '描述', 49, '描述', 0, 1, '星小图', 1, '2025-11-05 16:44:24', '星小图', 1, '2025-11-05 16:44:24', NULL);
INSERT INTO `ext_attribute_mapping` VALUES (785, 1001, 10, 'location', '地点', 'name', '地点名称', 50, '地点名称', 0, 1, '星小图', 1, '2025-11-05 16:44:24', '星小图', 1, '2025-11-05 16:44:24', NULL);
INSERT INTO `ext_attribute_mapping` VALUES (786, 1001, 10, 'location', '地点', 'latitude', '纬度', 52, '维度', 0, 1, '星小图', 1, '2025-11-05 16:44:24', '星小图', 1, '2025-11-05 16:44:24', NULL);
INSERT INTO `ext_attribute_mapping` VALUES (787, 1001, 10, 'location', '地点', 'longitude', '经度', 51, '经度', 0, 1, '星小图', 1, '2025-11-05 16:44:24', '星小图', 1, '2025-11-05 16:44:24', NULL);
INSERT INTO `ext_attribute_mapping` VALUES (788, 1001, 10, 'location', '地点', 'terrain_type', '地形类型', 50, '地点名称', 0, 1, '星小图', 1, '2025-11-05 16:44:24', '星小图', 1, '2025-11-05 16:44:24', NULL);
INSERT INTO `ext_attribute_mapping` VALUES (789, 1001, 10, 'location', '地点', 'importance_level', '重要程度(1-5)', 54, '重要程度', 0, 1, '星小图', 1, '2025-11-05 16:44:24', '星小图', 1, '2025-11-05 16:44:24', NULL);
INSERT INTO `ext_attribute_mapping` VALUES (790, 1001, 10, 'location', '地点', 'notes', '备注', 55, '备注', 0, 1, '星小图', 1, '2025-11-05 16:44:24', '星小图', 1, '2025-11-05 16:44:24', NULL);
INSERT INTO `ext_attribute_mapping` VALUES (791, 1001, 10, 'military_unit', '', 'name', '部队名称', 56, '部队名称', 0, 1, '星小图', 1, '2025-11-05 16:44:24', '星小图', 1, '2025-11-05 16:44:24', NULL);
INSERT INTO `ext_attribute_mapping` VALUES (792, 1001, 10, 'military_unit', '', 'branch', '军种', 57, '军种', 0, 1, '星小图', 1, '2025-11-05 16:44:24', '星小图', 1, '2025-11-05 16:44:24', NULL);
INSERT INTO `ext_attribute_mapping` VALUES (793, 1001, 10, 'military_unit', '', 'strength', '兵力', 58, '兵力', 0, 1, '星小图', 1, '2025-11-05 16:44:24', '星小图', 1, '2025-11-05 16:44:24', NULL);
INSERT INTO `ext_attribute_mapping` VALUES (794, 1001, 10, 'military_unit', '', 'equipment_type', '装备', 59, '装备', 0, 1, '星小图', 1, '2025-11-05 16:44:24', '星小图', 1, '2025-11-05 16:44:24', NULL);
INSERT INTO `ext_attribute_mapping` VALUES (795, 1001, 10, 'military_unit', '', 'description', '描述', 60, '描述', 0, 1, '星小图', 1, '2025-11-05 16:44:24', '星小图', 1, '2025-11-05 16:44:24', NULL);
INSERT INTO `ext_attribute_mapping` VALUES (796, 1001, 10, 'person', '人物', 'full_name', '姓名', 61, '姓名', 0, 1, '星小图', 1, '2025-11-05 16:44:24', '星小图', 1, '2025-11-05 16:44:24', NULL);
INSERT INTO `ext_attribute_mapping` VALUES (797, 1001, 10, 'person', '人物', 'gender', '性别', 62, '性别', 0, 1, '星小图', 1, '2025-11-05 16:44:24', '星小图', 1, '2025-11-05 16:44:24', NULL);
INSERT INTO `ext_attribute_mapping` VALUES (798, 1001, 10, 'person', '人物', 'birth_place', '出生地', 65, '出生地', 0, 1, '星小图', 1, '2025-11-05 16:44:24', '星小图', 1, '2025-11-05 16:44:24', NULL);
INSERT INTO `ext_attribute_mapping` VALUES (799, 1001, 10, 'person', '人物', 'rank_title', '军衔/职务', 66, '军衔职务', 0, 1, '星小图', 1, '2025-11-05 16:44:24', '星小图', 1, '2025-11-05 16:44:24', NULL);
INSERT INTO `ext_attribute_mapping` VALUES (800, 1001, 10, 'person', '人物', 'bio', '简介', 67, '简介', 0, 1, '星小图', 1, '2025-11-05 16:44:24', '星小图', 1, '2025-11-05 16:44:24', NULL);
INSERT INTO `ext_attribute_mapping` VALUES (801, 1001, 10, 'treaty', '', 'name', '条约名称', 72, '条约名称', 0, 1, '星小图', 1, '2025-11-05 16:44:24', '星小图', 1, '2025-11-05 16:44:24', NULL);
INSERT INTO `ext_attribute_mapping` VALUES (802, 1001, 10, 'treaty', '', 'summary', '摘要', 74, '摘要', 0, 1, '星小图', 1, '2025-11-05 16:44:24', '星小图', 1, '2025-11-05 16:44:24', NULL);
INSERT INTO `ext_attribute_mapping` VALUES (803, 1001, 10, 'country', '国家', 'name', '国家名称', 28, '首都', 0, 1, '星小图', 1, '2025-11-05 17:00:09', '星小图', 1, '2025-11-05 17:00:09', NULL);
INSERT INTO `ext_attribute_mapping` VALUES (804, 1001, 10, 'country', '国家', 'capital', '首都', 28, '首都', 0, 1, '星小图', 1, '2025-11-05 17:00:09', '星小图', 1, '2025-11-05 17:00:09', NULL);
INSERT INTO `ext_attribute_mapping` VALUES (805, 1001, 10, 'country', '国家', 'leader_name', '领导人', 29, '领导人', 0, 1, '星小图', 1, '2025-11-05 17:00:09', '星小图', 1, '2025-11-05 17:00:09', NULL);
INSERT INTO `ext_attribute_mapping` VALUES (806, 1001, 10, 'country', '国家', 'population_1940', '1940年人口', 30, '人口', 0, 1, '星小图', 1, '2025-11-05 17:00:09', '星小图', 1, '2025-11-05 17:00:09', NULL);
INSERT INTO `ext_attribute_mapping` VALUES (807, 1001, 10, 'country', '国家', 'area_km2', '面积(km²)', 31, '面积（km²）', 0, 1, '星小图', 1, '2025-11-05 17:00:09', '星小图', 1, '2025-11-05 17:00:09', NULL);
INSERT INTO `ext_attribute_mapping` VALUES (808, 1001, 10, 'country', '国家', 'government_type', '政体', 32, '政体', 0, 1, '星小图', 1, '2025-11-05 17:00:09', '星小图', 1, '2025-11-05 17:00:09', NULL);
INSERT INTO `ext_attribute_mapping` VALUES (809, 1001, 10, 'country', '国家', 'continent', '洲别', 33, '洲别', 0, 1, '星小图', 1, '2025-11-05 17:00:09', '星小图', 1, '2025-11-05 17:00:09', NULL);
INSERT INTO `ext_attribute_mapping` VALUES (810, 1001, 10, 'country', '国家', 'notes', '备注', 34, '备注', 0, 1, '星小图', 1, '2025-11-05 17:00:09', '星小图', 1, '2025-11-05 17:00:09', NULL);
INSERT INTO `ext_attribute_mapping` VALUES (811, 1001, 10, 'event', '事件', 'name', '事件名称', 35, '事件名称', 0, 1, '星小图', 1, '2025-11-05 17:00:09', '星小图', 1, '2025-11-05 17:00:09', NULL);
INSERT INTO `ext_attribute_mapping` VALUES (812, 1001, 10, 'event', '事件', 'event_type', '类型', 36, '类型', 0, 1, '星小图', 1, '2025-11-05 17:00:09', '星小图', 1, '2025-11-05 17:00:09', NULL);
INSERT INTO `ext_attribute_mapping` VALUES (813, 1001, 10, 'event', '事件', 'outcome', '结果归属', 39, '结果归属', 0, 1, '星小图', 1, '2025-11-05 17:00:09', '星小图', 1, '2025-11-05 17:00:09', NULL);
INSERT INTO `ext_attribute_mapping` VALUES (814, 1001, 10, 'event', '事件', 'casualties_estimate', '伤亡估计', 40, '伤亡估计', 0, 1, '星小图', 1, '2025-11-05 17:00:09', '星小图', 1, '2025-11-05 17:00:09', NULL);
INSERT INTO `ext_attribute_mapping` VALUES (815, 1001, 10, 'event', '事件', 'summary', '摘要', 41, '摘要', 0, 1, '星小图', 1, '2025-11-05 17:00:09', '星小图', 1, '2025-11-05 17:00:09', NULL);
INSERT INTO `ext_attribute_mapping` VALUES (816, 1001, 10, 'faction', '', 'name', '阵营名称', 42, '阵营名称', 0, 1, '星小图', 1, '2025-11-05 17:00:09', '星小图', 1, '2025-11-05 17:00:09', NULL);
INSERT INTO `ext_attribute_mapping` VALUES (817, 1001, 10, 'faction', '', 'type', '类型', 43, '类型', 0, 1, '星小图', 1, '2025-11-05 17:00:09', '星小图', 1, '2025-11-05 17:00:09', NULL);
INSERT INTO `ext_attribute_mapping` VALUES (818, 1001, 10, 'faction', '', 'leader_name', '领导人', 44, '领导人', 0, 1, '星小图', 1, '2025-11-05 17:00:09', '星小图', 1, '2025-11-05 17:00:09', NULL);
INSERT INTO `ext_attribute_mapping` VALUES (819, 1001, 10, 'faction', '', 'ideology', '意识形态', 45, '意识形态', 0, 1, '星小图', 1, '2025-11-05 17:00:09', '星小图', 1, '2025-11-05 17:00:09', NULL);
INSERT INTO `ext_attribute_mapping` VALUES (820, 1001, 10, 'faction', '', 'headquarters', '总部', 46, '总部', 0, 1, '星小图', 1, '2025-11-05 17:00:09', '星小图', 1, '2025-11-05 17:00:09', NULL);
INSERT INTO `ext_attribute_mapping` VALUES (821, 1001, 10, 'faction', '', 'symbol', '标志', 47, '标志', 0, 1, '星小图', 1, '2025-11-05 17:00:09', '星小图', 1, '2025-11-05 17:00:09', NULL);
INSERT INTO `ext_attribute_mapping` VALUES (822, 1001, 10, 'faction', '', 'member_count', '成员数量', 48, '成员数量', 0, 1, '星小图', 1, '2025-11-05 17:00:09', '星小图', 1, '2025-11-05 17:00:09', NULL);
INSERT INTO `ext_attribute_mapping` VALUES (823, 1001, 10, 'faction', '', 'description', '描述', 49, '描述', 0, 1, '星小图', 1, '2025-11-05 17:00:09', '星小图', 1, '2025-11-05 17:00:09', NULL);
INSERT INTO `ext_attribute_mapping` VALUES (824, 1001, 10, 'location', '地点', 'name', '地点名称', 50, '地点名称', 0, 1, '星小图', 1, '2025-11-05 17:00:09', '星小图', 1, '2025-11-05 17:00:09', NULL);
INSERT INTO `ext_attribute_mapping` VALUES (825, 1001, 10, 'location', '地点', 'latitude', '纬度', 52, '维度', 0, 1, '星小图', 1, '2025-11-05 17:00:09', '星小图', 1, '2025-11-05 17:00:09', NULL);
INSERT INTO `ext_attribute_mapping` VALUES (826, 1001, 10, 'location', '地点', 'longitude', '经度', 51, '经度', 0, 1, '星小图', 1, '2025-11-05 17:00:09', '星小图', 1, '2025-11-05 17:00:09', NULL);
INSERT INTO `ext_attribute_mapping` VALUES (827, 1001, 10, 'location', '地点', 'terrain_type', '地形类型', 50, '地点名称', 0, 1, '星小图', 1, '2025-11-05 17:00:09', '星小图', 1, '2025-11-05 17:00:09', NULL);
INSERT INTO `ext_attribute_mapping` VALUES (828, 1001, 10, 'location', '地点', 'importance_level', '重要程度(1-5)', 54, '重要程度', 0, 1, '星小图', 1, '2025-11-05 17:00:09', '星小图', 1, '2025-11-05 17:00:09', NULL);
INSERT INTO `ext_attribute_mapping` VALUES (829, 1001, 10, 'location', '地点', 'notes', '备注', 55, '备注', 0, 1, '星小图', 1, '2025-11-05 17:00:09', '星小图', 1, '2025-11-05 17:00:09', NULL);
INSERT INTO `ext_attribute_mapping` VALUES (830, 1001, 10, 'military_unit', '', 'name', '部队名称', 56, '部队名称', 0, 1, '星小图', 1, '2025-11-05 17:00:09', '星小图', 1, '2025-11-05 17:00:09', NULL);
INSERT INTO `ext_attribute_mapping` VALUES (831, 1001, 10, 'military_unit', '', 'branch', '军种', 57, '军种', 0, 1, '星小图', 1, '2025-11-05 17:00:09', '星小图', 1, '2025-11-05 17:00:09', NULL);
INSERT INTO `ext_attribute_mapping` VALUES (832, 1001, 10, 'military_unit', '', 'strength', '兵力', 58, '兵力', 0, 1, '星小图', 1, '2025-11-05 17:00:09', '星小图', 1, '2025-11-05 17:00:09', NULL);
INSERT INTO `ext_attribute_mapping` VALUES (833, 1001, 10, 'military_unit', '', 'equipment_type', '装备', 59, '装备', 0, 1, '星小图', 1, '2025-11-05 17:00:09', '星小图', 1, '2025-11-05 17:00:09', NULL);
INSERT INTO `ext_attribute_mapping` VALUES (834, 1001, 10, 'military_unit', '', 'description', '描述', 60, '描述', 0, 1, '星小图', 1, '2025-11-05 17:00:09', '星小图', 1, '2025-11-05 17:00:09', NULL);
INSERT INTO `ext_attribute_mapping` VALUES (835, 1001, 10, 'person', '人物', 'name', '姓名', 61, '姓名', 0, 1, '星小图', 1, '2025-11-05 17:00:09', '星小图', 1, '2025-11-05 17:00:09', NULL);
INSERT INTO `ext_attribute_mapping` VALUES (836, 1001, 10, 'person', '人物', 'gender', '性别', 62, '性别', 0, 1, '星小图', 1, '2025-11-05 17:00:09', '星小图', 1, '2025-11-05 17:00:09', NULL);
INSERT INTO `ext_attribute_mapping` VALUES (837, 1001, 10, 'person', '人物', 'birth_place', '出生地', 65, '出生地', 0, 1, '星小图', 1, '2025-11-05 17:00:09', '星小图', 1, '2025-11-05 17:00:09', NULL);
INSERT INTO `ext_attribute_mapping` VALUES (838, 1001, 10, 'person', '人物', 'rank_title', '军衔/职务', 66, '军衔职务', 0, 1, '星小图', 1, '2025-11-05 17:00:09', '星小图', 1, '2025-11-05 17:00:09', NULL);
INSERT INTO `ext_attribute_mapping` VALUES (839, 1001, 10, 'person', '人物', 'bio', '简介', 67, '简介', 0, 1, '星小图', 1, '2025-11-05 17:00:09', '星小图', 1, '2025-11-05 17:00:09', NULL);
INSERT INTO `ext_attribute_mapping` VALUES (840, 1001, 10, 'treaty', '', 'name', '条约名称', 72, '条约名称', 0, 1, '星小图', 1, '2025-11-05 17:00:09', '星小图', 1, '2025-11-05 17:00:09', NULL);
INSERT INTO `ext_attribute_mapping` VALUES (841, 1001, 10, 'treaty', '', 'summary', '摘要', 74, '摘要', 0, 1, '星小图', 1, '2025-11-05 17:00:09', '星小图', 1, '2025-11-05 17:00:09', NULL);
INSERT INTO `ext_attribute_mapping` VALUES (842, 1001, 10, 'country', '国家', 'name', '国家名称', 27, '国家名称', 0, 1, '星小图', 1, '2025-11-05 17:01:33', '星小图', 1, '2025-11-05 17:01:33', NULL);
INSERT INTO `ext_attribute_mapping` VALUES (843, 1001, 10, 'country', '国家', 'capital', '首都', 28, '首都', 0, 1, '星小图', 1, '2025-11-05 17:01:33', '星小图', 1, '2025-11-05 17:01:33', NULL);
INSERT INTO `ext_attribute_mapping` VALUES (844, 1001, 10, 'country', '国家', 'leader_name', '领导人', 29, '领导人', 0, 1, '星小图', 1, '2025-11-05 17:01:33', '星小图', 1, '2025-11-05 17:01:33', NULL);
INSERT INTO `ext_attribute_mapping` VALUES (845, 1001, 10, 'country', '国家', 'population_1940', '1940年人口', 30, '人口', 0, 1, '星小图', 1, '2025-11-05 17:01:33', '星小图', 1, '2025-11-05 17:01:33', NULL);
INSERT INTO `ext_attribute_mapping` VALUES (846, 1001, 10, 'country', '国家', 'area_km2', '面积(km²)', 31, '面积（km²）', 0, 1, '星小图', 1, '2025-11-05 17:01:33', '星小图', 1, '2025-11-05 17:01:33', NULL);
INSERT INTO `ext_attribute_mapping` VALUES (847, 1001, 10, 'country', '国家', 'government_type', '政体', 32, '政体', 0, 1, '星小图', 1, '2025-11-05 17:01:33', '星小图', 1, '2025-11-05 17:01:33', NULL);
INSERT INTO `ext_attribute_mapping` VALUES (848, 1001, 10, 'country', '国家', 'continent', '洲别', 33, '洲别', 0, 1, '星小图', 1, '2025-11-05 17:01:33', '星小图', 1, '2025-11-05 17:01:33', NULL);
INSERT INTO `ext_attribute_mapping` VALUES (849, 1001, 10, 'country', '国家', 'notes', '备注', 34, '备注', 0, 1, '星小图', 1, '2025-11-05 17:01:33', '星小图', 1, '2025-11-05 17:01:33', NULL);
INSERT INTO `ext_attribute_mapping` VALUES (850, 1001, 10, 'event', '事件', 'name', '事件名称', 35, '事件名称', 0, 1, '星小图', 1, '2025-11-05 17:01:33', '星小图', 1, '2025-11-05 17:01:33', NULL);
INSERT INTO `ext_attribute_mapping` VALUES (851, 1001, 10, 'event', '事件', 'event_type', '类型', 36, '类型', 0, 1, '星小图', 1, '2025-11-05 17:01:33', '星小图', 1, '2025-11-05 17:01:33', NULL);
INSERT INTO `ext_attribute_mapping` VALUES (852, 1001, 10, 'event', '事件', 'outcome', '结果归属', 39, '结果归属', 0, 1, '星小图', 1, '2025-11-05 17:01:33', '星小图', 1, '2025-11-05 17:01:33', NULL);
INSERT INTO `ext_attribute_mapping` VALUES (853, 1001, 10, 'event', '事件', 'casualties_estimate', '伤亡估计', 40, '伤亡估计', 0, 1, '星小图', 1, '2025-11-05 17:01:33', '星小图', 1, '2025-11-05 17:01:33', NULL);
INSERT INTO `ext_attribute_mapping` VALUES (854, 1001, 10, 'event', '事件', 'summary', '摘要', 41, '摘要', 0, 1, '星小图', 1, '2025-11-05 17:01:33', '星小图', 1, '2025-11-05 17:01:33', NULL);
INSERT INTO `ext_attribute_mapping` VALUES (855, 1001, 10, 'faction', '', 'name', '阵营名称', 42, '阵营名称', 0, 1, '星小图', 1, '2025-11-05 17:01:33', '星小图', 1, '2025-11-05 17:01:33', NULL);
INSERT INTO `ext_attribute_mapping` VALUES (856, 1001, 10, 'faction', '', 'type', '类型', 43, '类型', 0, 1, '星小图', 1, '2025-11-05 17:01:33', '星小图', 1, '2025-11-05 17:01:33', NULL);
INSERT INTO `ext_attribute_mapping` VALUES (857, 1001, 10, 'faction', '', 'leader_name', '领导人', 44, '领导人', 0, 1, '星小图', 1, '2025-11-05 17:01:33', '星小图', 1, '2025-11-05 17:01:33', NULL);
INSERT INTO `ext_attribute_mapping` VALUES (858, 1001, 10, 'faction', '', 'ideology', '意识形态', 45, '意识形态', 0, 1, '星小图', 1, '2025-11-05 17:01:33', '星小图', 1, '2025-11-05 17:01:33', NULL);
INSERT INTO `ext_attribute_mapping` VALUES (859, 1001, 10, 'faction', '', 'headquarters', '总部', 46, '总部', 0, 1, '星小图', 1, '2025-11-05 17:01:33', '星小图', 1, '2025-11-05 17:01:33', NULL);
INSERT INTO `ext_attribute_mapping` VALUES (860, 1001, 10, 'faction', '', 'symbol', '标志', 47, '标志', 0, 1, '星小图', 1, '2025-11-05 17:01:33', '星小图', 1, '2025-11-05 17:01:33', NULL);
INSERT INTO `ext_attribute_mapping` VALUES (861, 1001, 10, 'faction', '', 'member_count', '成员数量', 48, '成员数量', 0, 1, '星小图', 1, '2025-11-05 17:01:33', '星小图', 1, '2025-11-05 17:01:33', NULL);
INSERT INTO `ext_attribute_mapping` VALUES (862, 1001, 10, 'faction', '', 'description', '描述', 49, '描述', 0, 1, '星小图', 1, '2025-11-05 17:01:33', '星小图', 1, '2025-11-05 17:01:33', NULL);
INSERT INTO `ext_attribute_mapping` VALUES (863, 1001, 10, 'location', '地点', 'name', '地点名称', 50, '地点名称', 0, 1, '星小图', 1, '2025-11-05 17:01:34', '星小图', 1, '2025-11-05 17:01:34', NULL);
INSERT INTO `ext_attribute_mapping` VALUES (864, 1001, 10, 'location', '地点', 'latitude', '纬度', 52, '维度', 0, 1, '星小图', 1, '2025-11-05 17:01:34', '星小图', 1, '2025-11-05 17:01:34', NULL);
INSERT INTO `ext_attribute_mapping` VALUES (865, 1001, 10, 'location', '地点', 'longitude', '经度', 51, '经度', 0, 1, '星小图', 1, '2025-11-05 17:01:34', '星小图', 1, '2025-11-05 17:01:34', NULL);
INSERT INTO `ext_attribute_mapping` VALUES (866, 1001, 10, 'location', '地点', 'terrain_type', '地形类型', 50, '地点名称', 0, 1, '星小图', 1, '2025-11-05 17:01:34', '星小图', 1, '2025-11-05 17:01:34', NULL);
INSERT INTO `ext_attribute_mapping` VALUES (867, 1001, 10, 'location', '地点', 'importance_level', '重要程度(1-5)', 54, '重要程度', 0, 1, '星小图', 1, '2025-11-05 17:01:34', '星小图', 1, '2025-11-05 17:01:34', NULL);
INSERT INTO `ext_attribute_mapping` VALUES (868, 1001, 10, 'location', '地点', 'notes', '备注', 55, '备注', 0, 1, '星小图', 1, '2025-11-05 17:01:34', '星小图', 1, '2025-11-05 17:01:34', NULL);
INSERT INTO `ext_attribute_mapping` VALUES (869, 1001, 10, 'military_unit', '', 'name', '部队名称', 56, '部队名称', 0, 1, '星小图', 1, '2025-11-05 17:01:34', '星小图', 1, '2025-11-05 17:01:34', NULL);
INSERT INTO `ext_attribute_mapping` VALUES (870, 1001, 10, 'military_unit', '', 'branch', '军种', 57, '军种', 0, 1, '星小图', 1, '2025-11-05 17:01:34', '星小图', 1, '2025-11-05 17:01:34', NULL);
INSERT INTO `ext_attribute_mapping` VALUES (871, 1001, 10, 'military_unit', '', 'strength', '兵力', 58, '兵力', 0, 1, '星小图', 1, '2025-11-05 17:01:34', '星小图', 1, '2025-11-05 17:01:34', NULL);
INSERT INTO `ext_attribute_mapping` VALUES (872, 1001, 10, 'military_unit', '', 'equipment_type', '装备', 59, '装备', 0, 1, '星小图', 1, '2025-11-05 17:01:34', '星小图', 1, '2025-11-05 17:01:34', NULL);
INSERT INTO `ext_attribute_mapping` VALUES (873, 1001, 10, 'military_unit', '', 'description', '描述', 60, '描述', 0, 1, '星小图', 1, '2025-11-05 17:01:34', '星小图', 1, '2025-11-05 17:01:34', NULL);
INSERT INTO `ext_attribute_mapping` VALUES (874, 1001, 10, 'person', '人物', 'name', '姓名', 61, '姓名', 0, 1, '星小图', 1, '2025-11-05 17:01:34', '星小图', 1, '2025-11-05 17:01:34', NULL);
INSERT INTO `ext_attribute_mapping` VALUES (875, 1001, 10, 'person', '人物', 'gender', '性别', 62, '性别', 0, 1, '星小图', 1, '2025-11-05 17:01:34', '星小图', 1, '2025-11-05 17:01:34', NULL);
INSERT INTO `ext_attribute_mapping` VALUES (876, 1001, 10, 'person', '人物', 'birth_place', '出生地', 65, '出生地', 0, 1, '星小图', 1, '2025-11-05 17:01:34', '星小图', 1, '2025-11-05 17:01:34', NULL);
INSERT INTO `ext_attribute_mapping` VALUES (877, 1001, 10, 'person', '人物', 'rank_title', '军衔/职务', 66, '军衔职务', 0, 1, '星小图', 1, '2025-11-05 17:01:34', '星小图', 1, '2025-11-05 17:01:34', NULL);
INSERT INTO `ext_attribute_mapping` VALUES (878, 1001, 10, 'person', '人物', 'bio', '简介', 67, '简介', 0, 1, '星小图', 1, '2025-11-05 17:01:34', '星小图', 1, '2025-11-05 17:01:34', NULL);
INSERT INTO `ext_attribute_mapping` VALUES (879, 1001, 10, 'treaty', '', 'name', '条约名称', 72, '条约名称', 0, 1, '星小图', 1, '2025-11-05 17:01:34', '星小图', 1, '2025-11-05 17:01:34', NULL);
INSERT INTO `ext_attribute_mapping` VALUES (880, 1001, 10, 'treaty', '', 'summary', '摘要', 74, '摘要', 0, 1, '星小图', 1, '2025-11-05 17:01:34', '星小图', 1, '2025-11-05 17:01:34', NULL);
INSERT INTO `ext_attribute_mapping` VALUES (881, 1001, 9, 'military_unit', '', 'name', '部队名称', 56, '部队名称', 0, 0, '星小图', 1, '2025-11-05 20:06:56', '星小图', 1, '2025-11-05 20:06:56', NULL);
INSERT INTO `ext_attribute_mapping` VALUES (882, 1001, 9, 'military_unit', '', 'branch', '军种', 57, '军种', 0, 0, '星小图', 1, '2025-11-05 20:06:56', '星小图', 1, '2025-11-05 20:06:56', NULL);
INSERT INTO `ext_attribute_mapping` VALUES (883, 1001, 9, 'military_unit', '', 'strength', '兵力', 58, '兵力', 0, 0, '星小图', 1, '2025-11-05 20:06:56', '星小图', 1, '2025-11-05 20:06:56', NULL);
INSERT INTO `ext_attribute_mapping` VALUES (884, 1001, 10, 'country', '国家', 'name', '国家名称', 27, '国家名称', 0, 0, '星小图', 1, '2025-11-17 17:21:00', '星小图', 1, '2025-11-17 17:21:00', NULL);
INSERT INTO `ext_attribute_mapping` VALUES (885, 1001, 10, 'country', '国家', 'capital', '首都', 28, '首都', 0, 0, '星小图', 1, '2025-11-17 17:21:00', '星小图', 1, '2025-11-17 17:21:00', NULL);
INSERT INTO `ext_attribute_mapping` VALUES (886, 1001, 10, 'country', '国家', 'leader_name', '领导人', 29, '领导人', 0, 0, '星小图', 1, '2025-11-17 17:21:00', '星小图', 1, '2025-11-17 17:21:00', NULL);
INSERT INTO `ext_attribute_mapping` VALUES (887, 1001, 10, 'country', '国家', 'population_1940', '1940年人口', 30, '人口', 0, 0, '星小图', 1, '2025-11-17 17:21:00', '星小图', 1, '2025-11-17 17:21:00', NULL);
INSERT INTO `ext_attribute_mapping` VALUES (888, 1001, 10, 'country', '国家', 'area_km2', '面积(km²)', 31, '面积（km²）', 0, 0, '星小图', 1, '2025-11-17 17:21:00', '星小图', 1, '2025-11-17 17:21:00', NULL);
INSERT INTO `ext_attribute_mapping` VALUES (889, 1001, 10, 'country', '国家', 'government_type', '政体', 32, '政体', 0, 0, '星小图', 1, '2025-11-17 17:21:00', '星小图', 1, '2025-11-17 17:21:00', NULL);
INSERT INTO `ext_attribute_mapping` VALUES (890, 1001, 10, 'country', '国家', 'continent', '洲别', 33, '洲别', 0, 0, '星小图', 1, '2025-11-17 17:21:00', '星小图', 1, '2025-11-17 17:21:00', NULL);
INSERT INTO `ext_attribute_mapping` VALUES (891, 1001, 10, 'country', '国家', 'notes', '备注', 34, '备注', 0, 0, '星小图', 1, '2025-11-17 17:21:00', '星小图', 1, '2025-11-17 17:21:00', NULL);
INSERT INTO `ext_attribute_mapping` VALUES (892, 1001, 10, 'event', '事件', 'name', '事件名称', 35, '事件名称', 0, 0, '星小图', 1, '2025-11-17 17:21:00', '星小图', 1, '2025-11-17 17:21:00', NULL);
INSERT INTO `ext_attribute_mapping` VALUES (893, 1001, 10, 'event', '事件', 'event_type', '类型', 36, '类型', 0, 0, '星小图', 1, '2025-11-17 17:21:00', '星小图', 1, '2025-11-17 17:21:00', NULL);
INSERT INTO `ext_attribute_mapping` VALUES (894, 1001, 10, 'event', '事件', 'outcome', '结果归属', 39, '结果归属', 0, 0, '星小图', 1, '2025-11-17 17:21:00', '星小图', 1, '2025-11-17 17:21:00', NULL);
INSERT INTO `ext_attribute_mapping` VALUES (895, 1001, 10, 'event', '事件', 'casualties_estimate', '伤亡估计', 40, '伤亡估计', 0, 0, '星小图', 1, '2025-11-17 17:21:00', '星小图', 1, '2025-11-17 17:21:00', NULL);
INSERT INTO `ext_attribute_mapping` VALUES (896, 1001, 10, 'event', '事件', 'summary', '摘要', 41, '摘要', 0, 0, '星小图', 1, '2025-11-17 17:21:00', '星小图', 1, '2025-11-17 17:21:00', NULL);
INSERT INTO `ext_attribute_mapping` VALUES (897, 1001, 10, 'faction', '', 'name', '阵营名称', 42, '阵营名称', 0, 0, '星小图', 1, '2025-11-17 17:21:00', '星小图', 1, '2025-11-17 17:21:00', NULL);
INSERT INTO `ext_attribute_mapping` VALUES (898, 1001, 10, 'faction', '', 'type', '类型', 43, '类型', 0, 0, '星小图', 1, '2025-11-17 17:21:00', '星小图', 1, '2025-11-17 17:21:00', NULL);
INSERT INTO `ext_attribute_mapping` VALUES (899, 1001, 10, 'faction', '', 'leader_name', '领导人', 44, '领导人', 0, 0, '星小图', 1, '2025-11-17 17:21:00', '星小图', 1, '2025-11-17 17:21:00', NULL);
INSERT INTO `ext_attribute_mapping` VALUES (900, 1001, 10, 'faction', '', 'ideology', '意识形态', 45, '意识形态', 0, 0, '星小图', 1, '2025-11-17 17:21:00', '星小图', 1, '2025-11-17 17:21:00', NULL);
INSERT INTO `ext_attribute_mapping` VALUES (901, 1001, 10, 'faction', '', 'headquarters', '总部', 46, '总部', 0, 0, '星小图', 1, '2025-11-17 17:21:00', '星小图', 1, '2025-11-17 17:21:00', NULL);
INSERT INTO `ext_attribute_mapping` VALUES (902, 1001, 10, 'faction', '', 'symbol', '标志', 47, '标志', 0, 0, '星小图', 1, '2025-11-17 17:21:00', '星小图', 1, '2025-11-17 17:21:00', NULL);
INSERT INTO `ext_attribute_mapping` VALUES (903, 1001, 10, 'faction', '', 'member_count', '成员数量', 48, '成员数量', 0, 0, '星小图', 1, '2025-11-17 17:21:00', '星小图', 1, '2025-11-17 17:21:00', NULL);
INSERT INTO `ext_attribute_mapping` VALUES (904, 1001, 10, 'faction', '', 'description', '描述', 49, '描述', 0, 0, '星小图', 1, '2025-11-17 17:21:00', '星小图', 1, '2025-11-17 17:21:00', NULL);
INSERT INTO `ext_attribute_mapping` VALUES (905, 1001, 10, 'location', '地点', 'name', '地点名称', 50, '地点名称', 0, 0, '星小图', 1, '2025-11-17 17:21:00', '星小图', 1, '2025-11-17 17:21:00', NULL);
INSERT INTO `ext_attribute_mapping` VALUES (906, 1001, 10, 'location', '地点', 'latitude', '纬度', 52, '维度', 0, 0, '星小图', 1, '2025-11-17 17:21:00', '星小图', 1, '2025-11-17 17:21:00', NULL);
INSERT INTO `ext_attribute_mapping` VALUES (907, 1001, 10, 'location', '地点', 'longitude', '经度', 51, '经度', 0, 0, '星小图', 1, '2025-11-17 17:21:00', '星小图', 1, '2025-11-17 17:21:00', NULL);
INSERT INTO `ext_attribute_mapping` VALUES (908, 1001, 10, 'location', '地点', 'terrain_type', '地形类型', 50, '地点名称', 0, 0, '星小图', 1, '2025-11-17 17:21:00', '星小图', 1, '2025-11-17 17:21:00', NULL);
INSERT INTO `ext_attribute_mapping` VALUES (909, 1001, 10, 'location', '地点', 'importance_level', '重要程度(1-5)', 54, '重要程度', 0, 0, '星小图', 1, '2025-11-17 17:21:00', '星小图', 1, '2025-11-17 17:21:00', NULL);
INSERT INTO `ext_attribute_mapping` VALUES (910, 1001, 10, 'location', '地点', 'notes', '备注', 55, '备注', 0, 0, '星小图', 1, '2025-11-17 17:21:00', '星小图', 1, '2025-11-17 17:21:00', NULL);
INSERT INTO `ext_attribute_mapping` VALUES (911, 1001, 10, 'military_unit', '', 'name', '部队名称', 56, '部队名称', 0, 0, '星小图', 1, '2025-11-17 17:21:00', '星小图', 1, '2025-11-17 17:21:00', NULL);
INSERT INTO `ext_attribute_mapping` VALUES (912, 1001, 10, 'military_unit', '', 'branch', '军种', 57, '军种', 0, 0, '星小图', 1, '2025-11-17 17:21:00', '星小图', 1, '2025-11-17 17:21:00', NULL);
INSERT INTO `ext_attribute_mapping` VALUES (913, 1001, 10, 'military_unit', '', 'strength', '兵力', 58, '兵力', 0, 0, '星小图', 1, '2025-11-17 17:21:00', '星小图', 1, '2025-11-17 17:21:00', NULL);
INSERT INTO `ext_attribute_mapping` VALUES (914, 1001, 10, 'military_unit', '', 'equipment_type', '装备', 59, '装备', 0, 0, '星小图', 1, '2025-11-17 17:21:00', '星小图', 1, '2025-11-17 17:21:00', NULL);
INSERT INTO `ext_attribute_mapping` VALUES (915, 1001, 10, 'military_unit', '', 'description', '描述', 60, '描述', 0, 0, '星小图', 1, '2025-11-17 17:21:00', '星小图', 1, '2025-11-17 17:21:00', NULL);
INSERT INTO `ext_attribute_mapping` VALUES (916, 1001, 10, 'person', '人物', 'name', '姓名', 61, '姓名', 0, 0, '星小图', 1, '2025-11-17 17:21:00', '星小图', 1, '2025-11-17 17:21:00', NULL);
INSERT INTO `ext_attribute_mapping` VALUES (917, 1001, 10, 'person', '人物', 'gender', '性别', 62, '性别', 0, 0, '星小图', 1, '2025-11-17 17:21:00', '星小图', 1, '2025-11-17 17:21:00', NULL);
INSERT INTO `ext_attribute_mapping` VALUES (918, 1001, 10, 'person', '人物', 'birth_place', '出生地', 65, '出生地', 0, 0, '星小图', 1, '2025-11-17 17:21:00', '星小图', 1, '2025-11-17 17:21:00', NULL);
INSERT INTO `ext_attribute_mapping` VALUES (919, 1001, 10, 'person', '人物', 'rank_title', '军衔/职务', 66, '军衔职务', 0, 0, '星小图', 1, '2025-11-17 17:21:00', '星小图', 1, '2025-11-17 17:21:00', NULL);
INSERT INTO `ext_attribute_mapping` VALUES (920, 1001, 10, 'person', '人物', 'bio', '简介', 67, '简介', 0, 0, '星小图', 1, '2025-11-17 17:21:00', '星小图', 1, '2025-11-17 17:21:00', NULL);
INSERT INTO `ext_attribute_mapping` VALUES (921, 1001, 10, 'treaty', '', 'name', '条约名称', 72, '条约名称', 0, 0, '星小图', 1, '2025-11-17 17:21:00', '星小图', 1, '2025-11-17 17:21:00', NULL);
INSERT INTO `ext_attribute_mapping` VALUES (922, 1001, 10, 'treaty', '', 'summary', '摘要', 74, '摘要', 0, 0, '星小图', 1, '2025-11-17 17:21:00', '星小图', 1, '2025-11-17 17:21:00', NULL);
INSERT INTO `ext_attribute_mapping` VALUES (923, 1001, 17, 'ethnic_group', '民族主表（所有关系均为一对多形式）', 'name', '民族中文名称', 76, '中文名称', 0, 1, '星小图', 1, '2025-11-21 19:35:54', '星小图', 1, '2025-11-21 19:35:54', NULL);
INSERT INTO `ext_attribute_mapping` VALUES (924, 1001, 17, 'ethnic_group', '民族主表（所有关系均为一对多形式）', 'local_name', '民族本地名称', 77, '本地名称', 0, 1, '星小图', 1, '2025-11-21 19:35:54', '星小图', 1, '2025-11-21 19:35:54', NULL);
INSERT INTO `ext_attribute_mapping` VALUES (925, 1001, 17, 'ethnic_group', '民族主表（所有关系均为一对多形式）', 'alternative_names', '别名', 78, '别名', 0, 1, '星小图', 1, '2025-11-21 19:35:54', '星小图', 1, '2025-11-21 19:35:54', NULL);
INSERT INTO `ext_attribute_mapping` VALUES (926, 1001, 17, 'ethnic_group', '民族主表（所有关系均为一对多形式）', 'population', '人口（主要区域）', 79, '人口', 0, 1, '星小图', 1, '2025-11-21 19:35:54', '星小图', 1, '2025-11-21 19:35:54', NULL);
INSERT INTO `ext_attribute_mapping` VALUES (927, 1001, 17, 'ethnic_group', '民族主表（所有关系均为一对多形式）', 'year', '统计年份', 80, '统计年份', 0, 1, '星小图', 1, '2025-11-21 19:35:54', '星小图', 1, '2025-11-21 19:35:54', NULL);
INSERT INTO `ext_attribute_mapping` VALUES (928, 1001, 17, 'ethnic_group', '民族主表（所有关系均为一对多形式）', 'name', '民族中文名称', 76, '中文名称', 0, 1, '星小图', 1, '2025-11-21 19:38:14', '星小图', 1, '2025-11-21 19:38:14', NULL);
INSERT INTO `ext_attribute_mapping` VALUES (929, 1001, 17, 'ethnic_group', '民族主表（所有关系均为一对多形式）', 'local_name', '民族本地名称', 77, '本地名称', 0, 1, '星小图', 1, '2025-11-21 19:38:14', '星小图', 1, '2025-11-21 19:38:14', NULL);
INSERT INTO `ext_attribute_mapping` VALUES (930, 1001, 17, 'ethnic_group', '民族主表（所有关系均为一对多形式）', 'alternative_names', '别名', 78, '别名', 0, 1, '星小图', 1, '2025-11-21 19:38:14', '星小图', 1, '2025-11-21 19:38:14', NULL);
INSERT INTO `ext_attribute_mapping` VALUES (931, 1001, 17, 'ethnic_group', '民族主表（所有关系均为一对多形式）', 'population', '人口（主要区域）', 79, '人口', 0, 1, '星小图', 1, '2025-11-21 19:38:14', '星小图', 1, '2025-11-21 19:38:14', NULL);
INSERT INTO `ext_attribute_mapping` VALUES (932, 1001, 17, 'ethnic_group', '民族主表（所有关系均为一对多形式）', 'year', '统计年份', 80, '统计年份', 0, 1, '星小图', 1, '2025-11-21 19:38:14', '星小图', 1, '2025-11-21 19:38:14', NULL);
INSERT INTO `ext_attribute_mapping` VALUES (933, 1001, 17, 'religion', '宗教表', 'religion_name', '宗教名称', 94, '宗教名称', 0, 1, '星小图', 1, '2025-11-21 19:38:14', '星小图', 1, '2025-11-21 19:38:14', NULL);
INSERT INTO `ext_attribute_mapping` VALUES (934, 1001, 17, 'region', '国家/邦/区域', 'region_name', '区域名称', 93, '名称', 0, 1, '星小图', 1, '2025-11-21 19:38:14', '星小图', 1, '2025-11-21 19:38:14', NULL);
INSERT INTO `ext_attribute_mapping` VALUES (935, 1001, 17, 'ethnic_type', '族群类型表', 'type_name', '族群类型', 85, '名称', 0, 1, '星小图', 1, '2025-11-21 19:38:14', '星小图', 1, '2025-11-21 19:38:14', NULL);
INSERT INTO `ext_attribute_mapping` VALUES (936, 1001, 17, 'legal_ethnic_category', '印度族群官方分类', 'category_name', '印度官方族群分类', 85, '名称', 0, 1, '星小图', 1, '2025-11-21 19:38:14', '星小图', 1, '2025-11-21 19:38:14', NULL);
INSERT INTO `ext_attribute_mapping` VALUES (937, 1001, 17, 'ethnic_group', '民族主表（所有关系均为一对多形式）', 'name', '民族中文名称', 76, '中文名称', 0, 0, '星小图', 1, '2025-11-21 19:39:27', '星小图', 1, '2025-11-21 19:39:27', NULL);
INSERT INTO `ext_attribute_mapping` VALUES (938, 1001, 17, 'ethnic_group', '民族主表（所有关系均为一对多形式）', 'local_name', '民族本地名称', 77, '本地名称', 0, 0, '星小图', 1, '2025-11-21 19:39:27', '星小图', 1, '2025-11-21 19:39:27', NULL);
INSERT INTO `ext_attribute_mapping` VALUES (939, 1001, 17, 'ethnic_group', '民族主表（所有关系均为一对多形式）', 'alternative_names', '别名', 78, '别名', 0, 0, '星小图', 1, '2025-11-21 19:39:27', '星小图', 1, '2025-11-21 19:39:27', NULL);
INSERT INTO `ext_attribute_mapping` VALUES (940, 1001, 17, 'ethnic_group', '民族主表（所有关系均为一对多形式）', 'population', '人口（主要区域）', 79, '人口', 0, 0, '星小图', 1, '2025-11-21 19:39:27', '星小图', 1, '2025-11-21 19:39:27', NULL);
INSERT INTO `ext_attribute_mapping` VALUES (941, 1001, 17, 'ethnic_group', '民族主表（所有关系均为一对多形式）', 'year', '统计年份', 80, '统计年份', 0, 0, '星小图', 1, '2025-11-21 19:39:27', '星小图', 1, '2025-11-21 19:39:27', NULL);
INSERT INTO `ext_attribute_mapping` VALUES (942, 1001, 17, 'religion', '宗教表', 'religion_name', '宗教名称', 94, '宗教名称', 0, 0, '星小图', 1, '2025-11-21 19:39:27', '星小图', 1, '2025-11-21 19:39:27', NULL);
INSERT INTO `ext_attribute_mapping` VALUES (943, 1001, 17, 'region', '国家/邦/区域', 'region_name', '区域名称', 93, '名称', 0, 0, '星小图', 1, '2025-11-21 19:39:27', '星小图', 1, '2025-11-21 19:39:27', NULL);
INSERT INTO `ext_attribute_mapping` VALUES (944, 1001, 17, 'ethnic_type', '族群类型表', 'type_name', '族群类型', 85, '名称', 0, 0, '星小图', 1, '2025-11-21 19:39:27', '星小图', 1, '2025-11-21 19:39:27', NULL);
INSERT INTO `ext_attribute_mapping` VALUES (945, 1001, 17, 'legal_ethnic_category', '印度族群官方分类', 'category_name', '印度官方族群分类', 85, '名称', 0, 0, '星小图', 1, '2025-11-21 19:39:27', '星小图', 1, '2025-11-21 19:39:27', NULL);
INSERT INTO `ext_attribute_mapping` VALUES (946, 1001, 17, 'language_family', '语言家族（印欧语系、达罗毗荼语系等）', 'family_name', '语言家族名称', 84, '名称', 0, 0, '星小图', 1, '2025-11-21 19:39:27', '星小图', 1, '2025-11-21 19:39:27', NULL);

-- ----------------------------
-- Table structure for ext_extract_attribute_rules
-- ----------------------------
DROP TABLE IF EXISTS `ext_extract_attribute_rules`;
CREATE TABLE `ext_extract_attribute_rules`  (
  `id` bigint NOT NULL AUTO_INCREMENT COMMENT 'id',
  `carrier_type` varchar(255) CHARACTER SET utf8mb4 COLLATE utf8mb4_general_ci NULL DEFAULT NULL COMMENT '载体实体类型正则（从哪个实体上抽属性）例：\"WEAPON|EQUIP|FAC|ORG\"。',
  `attr_name_pattern` varchar(255) CHARACTER SET utf8mb4 COLLATE utf8mb4_general_ci NULL DEFAULT NULL COMMENT '属性名正则（在载体实体左侧 16 字内查找，可选）命中则关系名会变成 relationPrefix + 捕获到的属性名，否则关系名是 relationPrefix + \"属性\"。',
  `value_pattern` varchar(255) CHARACTER SET utf8mb4 COLLATE utf8mb4_general_ci NULL DEFAULT NULL COMMENT '属性值正则（在载体实体右侧整句里查找）。必须包含一个捕获组 ( ... )，引擎使用第 1 个捕获组作为 tail 文本（如 \"30节\"） 常见写法是：“连接词 + 数值+单位” 例如：\"(?:为|达|达到|可达|约|约为)\\\\s*([0-9]+(?:\\\\.[0-9]+)?\\\\s*(?:节|km/h))\"',
  `relation_prefix` varchar(50) CHARACTER SET utf8mb4 COLLATE utf8mb4_general_ci NULL DEFAULT NULL COMMENT '关系名前缀（默认 \"属性:\"）。最终关系名：\"属性:航速\" / \"属性:口径\" / \"属性\"（未命中属性名时）。',
  `base_score` float NULL DEFAULT NULL COMMENT '基础分',
  `valid_flag` tinyint(1) NOT NULL DEFAULT 1 COMMENT '是否有效;0：无效，1：有效',
  `del_flag` tinyint(1) NOT NULL DEFAULT 0 COMMENT '删除标志;1：已删除，0：未删除',
  `create_by` varchar(32) CHARACTER SET utf8mb3 COLLATE utf8mb3_general_ci NULL DEFAULT NULL COMMENT '创建人',
  `creator_id` bigint NULL DEFAULT NULL COMMENT '创建人id',
  `create_time` datetime NULL DEFAULT CURRENT_TIMESTAMP COMMENT '创建时间',
  `update_by` varchar(32) CHARACTER SET utf8mb3 COLLATE utf8mb3_general_ci NULL DEFAULT NULL COMMENT '更新人',
  `updater_id` bigint NULL DEFAULT NULL COMMENT '更新人id',
  `update_time` datetime NOT NULL DEFAULT CURRENT_TIMESTAMP COMMENT '更新时间',
  `remark` varchar(512) CHARACTER SET utf8mb3 COLLATE utf8mb3_general_ci NULL DEFAULT NULL COMMENT '备注',
  PRIMARY KEY (`id`) USING BTREE
) ENGINE = InnoDB AUTO_INCREMENT = 3 CHARACTER SET = utf8mb4 COLLATE = utf8mb4_general_ci COMMENT = '抽取的属性规则' ROW_FORMAT = DYNAMIC;

-- ----------------------------
-- Records of ext_extract_attribute_rules
-- ----------------------------
INSERT INTO `ext_extract_attribute_rules` VALUES (1, '武器|组织', '(速度|航速)', '(?:为|达|达到|可达|约|约为)\\s*([0-9]+(?:\\.[0-9]+)?\\s*(?:节|公里/小时|千米/小时|km/h))', '属性:', 0.7, 1, 1, NULL, NULL, '2025-09-24 01:00:54', NULL, NULL, '2025-09-24 01:00:54', NULL);
INSERT INTO `ext_extract_attribute_rules` VALUES (2, '武器|组织', '(口径|射程|排水量|吨位|长度|宽度|高度|海拔|人数|载员|载重|功率)', '(?:为|达|达到|可达|约|约为)\\s*([0-9]+(?:\\.[0-9]+)?\\s*(?:吨|mm|公里|千米|km|米|m|人|架|发))', '属性:', 0.7, 1, 1, NULL, NULL, '2025-09-24 01:01:23', NULL, NULL, '2025-09-24 01:01:23', NULL);

-- ----------------------------
-- Table structure for ext_extract_dict_data
-- ----------------------------
DROP TABLE IF EXISTS `ext_extract_dict_data`;
CREATE TABLE `ext_extract_dict_data`  (
  `id` bigint NOT NULL AUTO_INCREMENT COMMENT 'id',
  `name` varchar(55) CHARACTER SET utf8mb4 COLLATE utf8mb4_general_ci NULL DEFAULT NULL COMMENT '实体名称',
  `dict_type_id` bigint NULL DEFAULT NULL COMMENT '实体类型id',
  `valid_flag` tinyint(1) NOT NULL DEFAULT 1 COMMENT '是否有效;0：无效，1：有效',
  `del_flag` tinyint(1) NOT NULL DEFAULT 0 COMMENT '删除标志;1：已删除，0：未删除',
  `create_by` varchar(32) CHARACTER SET utf8mb3 COLLATE utf8mb3_general_ci NULL DEFAULT NULL COMMENT '创建人',
  `creator_id` bigint NULL DEFAULT NULL COMMENT '创建人id',
  `create_time` datetime NULL DEFAULT CURRENT_TIMESTAMP COMMENT '创建时间',
  `update_by` varchar(32) CHARACTER SET utf8mb3 COLLATE utf8mb3_general_ci NULL DEFAULT NULL COMMENT '更新人',
  `updater_id` bigint NULL DEFAULT NULL COMMENT '更新人id',
  `update_time` datetime NOT NULL DEFAULT CURRENT_TIMESTAMP COMMENT '更新时间',
  `remark` varchar(512) CHARACTER SET utf8mb3 COLLATE utf8mb3_general_ci NULL DEFAULT NULL COMMENT '备注',
  PRIMARY KEY (`id`) USING BTREE
) ENGINE = InnoDB AUTO_INCREMENT = 32 CHARACTER SET = utf8mb4 COLLATE = utf8mb4_general_ci COMMENT = '抽取字典表' ROW_FORMAT = DYNAMIC;

-- ----------------------------
-- Records of ext_extract_dict_data
-- ----------------------------
INSERT INTO `ext_extract_dict_data` VALUES (1, '美国', 1, 1, 0, '星小图', 1, '2025-09-23 09:48:41', '星小图', NULL, '2025-09-23 09:48:41', '美国');
INSERT INTO `ext_extract_dict_data` VALUES (2, '中国', 1, 1, 0, '星小图', 1, '2025-09-23 09:48:58', '星小图', NULL, '2025-09-23 09:48:58', '中国');
INSERT INTO `ext_extract_dict_data` VALUES (3, '日本', 1, 1, 0, '星小图', 1, '2025-09-23 09:49:05', '星小图', NULL, '2025-09-23 09:49:05', '日本');
INSERT INTO `ext_extract_dict_data` VALUES (4, '韩国', 1, 1, 0, '星小图', 1, '2025-09-23 09:49:13', '星小图', NULL, '2025-09-23 09:49:13', '韩国');
INSERT INTO `ext_extract_dict_data` VALUES (5, '俄罗斯', 1, 1, 0, '星小图', 1, '2025-09-23 09:49:28', '星小图', NULL, '2025-09-23 09:49:28', '俄罗斯');
INSERT INTO `ext_extract_dict_data` VALUES (6, '朝鲜', 1, 1, 0, '星小图', 1, '2025-09-23 09:49:42', '星小图', NULL, '2025-09-23 09:49:42', '朝鲜');
INSERT INTO `ext_extract_dict_data` VALUES (7, '以色列', 1, 1, 0, '星小图', 1, '2025-09-23 09:50:07', '星小图', NULL, '2025-09-23 09:50:07', '以色列');
INSERT INTO `ext_extract_dict_data` VALUES (8, '台湾', 1, 1, 0, '星小图', 1, '2025-09-23 09:50:20', '星小图', NULL, '2025-09-23 09:50:20', '台湾');
INSERT INTO `ext_extract_dict_data` VALUES (9, '台海', 2, 1, 0, '星小图', 1, '2025-09-23 09:50:35', '星小图', NULL, '2025-09-23 09:50:35', '台海');
INSERT INTO `ext_extract_dict_data` VALUES (10, '福建', 2, 1, 0, '星小图', 1, '2025-09-23 09:50:46', '星小图', NULL, '2025-09-23 09:50:46', '福建');
INSERT INTO `ext_extract_dict_data` VALUES (11, '第七舰队', 3, 1, 0, '星小图', 1, '2025-09-23 09:51:31', '星小图', NULL, '2025-09-23 09:51:31', '第七舰队');
INSERT INTO `ext_extract_dict_data` VALUES (12, '台湾海峡', 2, 1, 0, '星小图', 1, '2025-09-23 09:51:42', '星小图', NULL, '2025-09-23 09:51:42', '台湾海峡');
INSERT INTO `ext_extract_dict_data` VALUES (13, '罗斯福', 4, 1, 0, '星小图', 1, '2025-09-23 09:52:01', '星小图', NULL, '2025-09-23 09:52:01', '罗斯福');
INSERT INTO `ext_extract_dict_data` VALUES (14, '特朗普', 4, 1, 0, '星小图', 1, '2025-09-23 09:52:09', '星小图', NULL, '2025-09-23 09:52:09', '特朗普');
INSERT INTO `ext_extract_dict_data` VALUES (15, '拜登', 4, 1, 0, '星小图', 1, '2025-09-23 09:52:22', '星小图', NULL, '2025-09-23 09:52:22', '拜登');
INSERT INTO `ext_extract_dict_data` VALUES (16, '普京', 4, 1, 0, '星小图', 1, '2025-09-23 09:52:30', '星小图', NULL, '2025-09-23 09:52:30', '普京');
INSERT INTO `ext_extract_dict_data` VALUES (17, '东海舰队', 3, 1, 0, '星小图', 1, '2025-09-23 09:54:47', '星小图', NULL, '2025-09-23 09:54:47', '东海舰队');
INSERT INTO `ext_extract_dict_data` VALUES (18, '舟山', 2, 1, 0, '星小图', 1, '2025-09-23 09:55:19', '星小图', NULL, '2025-09-23 09:55:19', '舟山');
INSERT INTO `ext_extract_dict_data` VALUES (19, '浙江', 2, 1, 0, '星小图', 1, '2025-09-23 09:55:30', '星小图', NULL, '2025-09-23 09:55:30', '浙江');
INSERT INTO `ext_extract_dict_data` VALUES (20, '东海舰队', 3, 1, 0, '星小图', 1, '2025-09-24 16:24:56', '星小图', NULL, '2025-09-24 16:24:56', '东海舰队');
INSERT INTO `ext_extract_dict_data` VALUES (21, '舟山', 2, 1, 0, '星小图', 1, '2025-09-24 16:25:08', '星小图', NULL, '2025-09-24 16:25:08', '舟山');
INSERT INTO `ext_extract_dict_data` VALUES (22, '浙江', 2, 1, 0, '星小图', 1, '2025-09-24 16:25:15', '星小图', NULL, '2025-09-24 16:25:15', '浙江');
INSERT INTO `ext_extract_dict_data` VALUES (23, '张三', 4, 1, 0, '星小图', 1, '2025-09-24 16:25:27', '星小图', NULL, '2025-09-24 16:25:27', '张三');
INSERT INTO `ext_extract_dict_data` VALUES (24, '支队', 3, 1, 0, '星小图', 1, '2025-09-24 16:25:41', '星小图', NULL, '2025-09-24 16:25:41', '支队');
INSERT INTO `ext_extract_dict_data` VALUES (25, '参谋长', 5, 1, 0, '星小图', 1, '2025-09-24 16:26:18', '星小图', NULL, '2025-09-24 16:26:18', '参谋长');
INSERT INTO `ext_extract_dict_data` VALUES (26, '济南舰', 6, 1, 0, '星小图', 1, '2025-09-24 16:27:16', '星小图', NULL, '2025-09-24 16:27:16', '济南舰');
INSERT INTO `ext_extract_dict_data` VALUES (28, '漂亮国', 1, 1, 0, '星小图', 1, '2025-10-27 16:11:16', '星小图', NULL, '2025-10-27 16:11:16', '美国');
INSERT INTO `ext_extract_dict_data` VALUES (29, '山本五十六', 4, 1, 0, '星小图', 1, '2025-10-27 16:54:34', '星小图', NULL, '2025-10-27 16:54:34', '山本五十六');
INSERT INTO `ext_extract_dict_data` VALUES (30, '珍珠港', 2, 1, 0, '星小图', 1, '2025-10-27 16:54:59', '星小图', NULL, '2025-10-27 16:54:59', '珍珠港');
INSERT INTO `ext_extract_dict_data` VALUES (31, '美国远征军', 7, 1, 0, '星小图', 1, '2025-11-17 12:48:21', '星小图', NULL, '2025-11-17 12:48:21', '美国远征军');

-- ----------------------------
-- Table structure for ext_extract_dict_data_antonym
-- ----------------------------
DROP TABLE IF EXISTS `ext_extract_dict_data_antonym`;
CREATE TABLE `ext_extract_dict_data_antonym`  (
  `id` bigint NOT NULL AUTO_INCREMENT COMMENT 'id',
  `name` varchar(255) CHARACTER SET utf8mb4 COLLATE utf8mb4_bin NULL DEFAULT NULL COMMENT '同义词名称',
  `word_id` bigint NULL DEFAULT NULL COMMENT '主词id',
  `valid_flag` tinyint(1) NOT NULL DEFAULT 1 COMMENT '是否有效;0：无效，1：有效',
  `del_flag` tinyint(1) NOT NULL DEFAULT 0 COMMENT '删除标志;1：已删除，0：未删除',
  `create_by` varchar(32) CHARACTER SET utf8mb3 COLLATE utf8mb3_general_ci NULL DEFAULT NULL COMMENT '创建人',
  `creator_id` bigint NULL DEFAULT NULL COMMENT '创建人id',
  `create_time` datetime NOT NULL DEFAULT CURRENT_TIMESTAMP COMMENT '创建时间',
  `update_by` varchar(32) CHARACTER SET utf8mb3 COLLATE utf8mb3_general_ci NULL DEFAULT NULL COMMENT '更新人',
  `updater_id` bigint NULL DEFAULT NULL COMMENT '更新人id',
  `update_time` datetime NOT NULL DEFAULT CURRENT_TIMESTAMP COMMENT '更新时间',
  `remark` varchar(512) CHARACTER SET utf8mb3 COLLATE utf8mb3_general_ci NULL DEFAULT NULL COMMENT '备注',
  PRIMARY KEY (`id`) USING BTREE
) ENGINE = InnoDB AUTO_INCREMENT = 7 CHARACTER SET = utf8mb4 COLLATE = utf8mb4_bin COMMENT = '字典数据同义词' ROW_FORMAT = DYNAMIC;

-- ----------------------------
-- Records of ext_extract_dict_data_antonym
-- ----------------------------
INSERT INTO `ext_extract_dict_data_antonym` VALUES (1, '漂亮国', 1, 1, 0, '星小图', 1, '2025-10-13 16:55:10', '星小图', NULL, '2025-10-13 16:55:10', '漂亮国');
INSERT INTO `ext_extract_dict_data_antonym` VALUES (2, '罗马尼亚', 1, 1, 0, '星小图', 1, '2025-10-13 16:55:22', '星小图', NULL, '2025-10-13 16:55:22', '丑国');
INSERT INTO `ext_extract_dict_data_antonym` VALUES (3, '美利坚合众国', 1, 1, 0, '星小图', 1, '2025-10-13 16:55:36', '星小图', NULL, '2025-10-13 16:55:36', '美利坚合众国');
INSERT INTO `ext_extract_dict_data_antonym` VALUES (4, '特靠谱', 2, 1, 0, '星小图', 1, '2025-10-27 16:13:00', '星小图', NULL, '2025-10-27 16:13:00', '特靠谱');
INSERT INTO `ext_extract_dict_data_antonym` VALUES (5, '川普', 2, 1, 0, '星小图', 1, '2025-10-27 16:13:14', '星小图', NULL, '2025-10-27 16:13:14', '川普');
INSERT INTO `ext_extract_dict_data_antonym` VALUES (6, '特靠谱', 3, 1, 0, '星小图', 1, '2025-10-27 16:16:59', '星小图', NULL, '2025-10-27 16:16:59', '特靠谱');

-- ----------------------------
-- Table structure for ext_extract_dict_type
-- ----------------------------
DROP TABLE IF EXISTS `ext_extract_dict_type`;
CREATE TABLE `ext_extract_dict_type`  (
  `id` bigint NOT NULL AUTO_INCREMENT COMMENT 'id',
  `name` varchar(50) CHARACTER SET utf8mb4 COLLATE utf8mb4_general_ci NULL DEFAULT NULL COMMENT '类型名称',
  `valid_flag` tinyint(1) NOT NULL DEFAULT 1 COMMENT '是否有效;0：无效，1：有效',
  `del_flag` tinyint(1) NOT NULL DEFAULT 0 COMMENT '删除标志;1：已删除，0：未删除',
  `create_by` varchar(32) CHARACTER SET utf8mb3 COLLATE utf8mb3_general_ci NULL DEFAULT NULL COMMENT '创建人',
  `creator_id` bigint NULL DEFAULT NULL COMMENT '创建人id',
  `create_time` datetime NULL DEFAULT CURRENT_TIMESTAMP COMMENT '创建时间',
  `update_by` varchar(32) CHARACTER SET utf8mb3 COLLATE utf8mb3_general_ci NULL DEFAULT NULL COMMENT '更新人',
  `updater_id` bigint NULL DEFAULT NULL COMMENT '更新人id',
  `update_time` datetime NOT NULL DEFAULT CURRENT_TIMESTAMP COMMENT '更新时间',
  `remark` varchar(512) CHARACTER SET utf8mb3 COLLATE utf8mb3_general_ci NULL DEFAULT NULL COMMENT '备注',
  PRIMARY KEY (`id`) USING BTREE
) ENGINE = InnoDB AUTO_INCREMENT = 8 CHARACTER SET = utf8mb4 COLLATE = utf8mb4_general_ci COMMENT = '抽取字典类型' ROW_FORMAT = DYNAMIC;

-- ----------------------------
-- Records of ext_extract_dict_type
-- ----------------------------
INSERT INTO `ext_extract_dict_type` VALUES (1, '国家', 1, 0, NULL, NULL, '2025-09-23 01:32:54', NULL, NULL, '2025-09-23 01:32:54', NULL);
INSERT INTO `ext_extract_dict_type` VALUES (2, '地区', 1, 0, '星小图', 1, '2025-09-23 09:43:30', '星小图', NULL, '2025-09-23 09:43:30', '地区');
INSERT INTO `ext_extract_dict_type` VALUES (3, '组织', 1, 0, '星小图', 1, '2025-09-23 09:43:42', '星小图', NULL, '2025-09-23 09:43:42', '组织');
INSERT INTO `ext_extract_dict_type` VALUES (4, '人物', 1, 0, '星小图', 1, '2025-09-23 09:45:49', '星小图', NULL, '2025-09-23 09:45:49', '人物');
INSERT INTO `ext_extract_dict_type` VALUES (5, '职务', 1, 0, '星小图', 1, '2025-09-24 16:26:01', '星小图', NULL, '2025-09-24 16:26:01', '职务');
INSERT INTO `ext_extract_dict_type` VALUES (6, '武器', 1, 0, '星小图', 1, '2025-09-24 16:26:56', '星小图', NULL, '2025-09-24 16:26:56', '武器');
INSERT INTO `ext_extract_dict_type` VALUES (7, '阵营', 1, 0, '星小图', 1, '2025-11-17 12:47:55', '星小图', NULL, '2025-11-17 12:47:55', '阵营');

-- ----------------------------
-- Table structure for ext_extract_relation_rules
-- ----------------------------
DROP TABLE IF EXISTS `ext_extract_relation_rules`;
CREATE TABLE `ext_extract_relation_rules`  (
  `id` bigint NOT NULL AUTO_INCREMENT COMMENT 'id',
  `relation` varchar(255) CHARACTER SET utf8mb4 COLLATE utf8mb4_general_ci NULL DEFAULT NULL COMMENT '关系名',
  `head_type` varchar(500) CHARACTER SET utf8mb4 COLLATE utf8mb4_general_ci NULL DEFAULT NULL COMMENT '实体类型正则（头）',
  `tail_type` varchar(500) CHARACTER SET utf8mb4 COLLATE utf8mb4_general_ci NULL DEFAULT NULL COMMENT '实体类型正则（尾）',
  `trigger_between` varchar(255) CHARACTER SET utf8mb4 COLLATE utf8mb4_general_ci NULL DEFAULT NULL COMMENT '两实体之间文本需匹配的触发词正则',
  `direction` varchar(255) CHARACTER SET utf8mb4 COLLATE utf8mb4_general_ci NULL DEFAULT NULL COMMENT '生成三元组的方向。三个取值：A_TO_B  B_TO_A  AUTO_REVERSE_IF_CONTAINS 默认A-B 但任意字符串被between包含，则反转B - A',
  `negate_pattern_between` varchar(255) CHARACTER SET utf8mb4 COLLATE utf8mb4_general_ci NULL DEFAULT NULL COMMENT '（可选）否定词正则，命中则抑制产出。  例：\"(未|不|否认|取消|停止)\"。',
  `reverse_if_contains` varchar(255) CHARACTER SET utf8mb4 COLLATE utf8mb4_general_ci NULL DEFAULT NULL COMMENT '与 AUTO_REVERSE_IF_CONTAINS 联动的关键字列表  例：[\"下辖\", \"下属\"]（“Y 下辖 X” → 生成 X 隶属 Y） 这里是简单包含判断（contains），不是正则。',
  `max_chars_between` int NULL DEFAULT NULL COMMENT '（可选）两实体间字符窗口上限。超过则不产出（防止跨太远误配）。',
  `base_score` float NULL DEFAULT NULL COMMENT '规则的基础分（0–1），越高表示你对这条规则越信任。',
  `valid_flag` tinyint(1) NOT NULL DEFAULT 1 COMMENT '是否有效;0：无效，1：有效',
  `del_flag` tinyint(1) NOT NULL DEFAULT 0 COMMENT '删除标志;1：已删除，0：未删除',
  `create_by` varchar(32) CHARACTER SET utf8mb3 COLLATE utf8mb3_general_ci NULL DEFAULT NULL COMMENT '创建人',
  `creator_id` bigint NULL DEFAULT NULL COMMENT '创建人id',
  `create_time` datetime NULL DEFAULT CURRENT_TIMESTAMP COMMENT '创建时间',
  `update_by` varchar(32) CHARACTER SET utf8mb3 COLLATE utf8mb3_general_ci NULL DEFAULT NULL COMMENT '更新人',
  `updater_id` bigint NULL DEFAULT NULL COMMENT '更新人id',
  `update_time` datetime NOT NULL DEFAULT CURRENT_TIMESTAMP COMMENT '更新时间',
  `remark` varchar(512) CHARACTER SET utf8mb3 COLLATE utf8mb3_general_ci NULL DEFAULT NULL COMMENT '备注',
  PRIMARY KEY (`id`) USING BTREE
) ENGINE = InnoDB AUTO_INCREMENT = 5 CHARACTER SET = utf8mb4 COLLATE = utf8mb4_general_ci COMMENT = '抽取的关系规则' ROW_FORMAT = DYNAMIC;

-- ----------------------------
-- Records of ext_extract_relation_rules
-- ----------------------------
INSERT INTO `ext_extract_relation_rules` VALUES (1, '位于', '组织|位置', '位置', '(位于|坐落于|在)', 'A_TO_B', '(不在|不位于|离开)', '', 60, 0.8, 1, 0, NULL, NULL, '2025-09-24 00:46:59', NULL, NULL, '2025-09-24 00:46:59', NULL);
INSERT INTO `ext_extract_relation_rules` VALUES (2, '隶属', '组织|位置|国家|地区|人物', '组织|人物|国家|地区', '(隶属|隶属于|属于|下辖|下属|划归|并入)', 'AUTO_REVERSE_IF_CONTAINS', NULL, '[\"下辖\", \"下属\"]', 60, 0.8, 1, 0, NULL, NULL, '2025-09-24 00:58:40', NULL, NULL, '2025-09-24 00:58:40', NULL);
INSERT INTO `ext_extract_relation_rules` VALUES (3, '属于', '人物', '组织|职务|国家', '(任命|出任|担任|任为|调任|聘为|兼任)', 'A_TO_B', NULL, NULL, 60, 0.85, 1, 0, NULL, NULL, '2025-09-24 00:58:48', NULL, NULL, '2025-09-24 00:58:48', NULL);
INSERT INTO `ext_extract_relation_rules` VALUES (4, '所属', '人物', '阵营', '(加入|属于|所在)', 'A_TO_B', NULL, NULL, 60, 8.8, 1, 0, NULL, NULL, '2025-11-17 12:46:56', NULL, NULL, '2025-11-17 12:46:56', NULL);

-- ----------------------------
-- Table structure for ext_knowledge
-- ----------------------------
DROP TABLE IF EXISTS `ext_knowledge`;
CREATE TABLE `ext_knowledge`  (
  `id` bigint NOT NULL AUTO_INCREMENT COMMENT 'ID',
  `vid_type` int NULL DEFAULT NULL COMMENT 'vid类型',
  `name` varchar(50) CHARACTER SET utf8mb4 COLLATE utf8mb4_general_ci NULL DEFAULT NULL COMMENT '知识图谱名称',
  `description` text CHARACTER SET utf8mb4 COLLATE utf8mb4_general_ci NULL COMMENT '知识图谱描述',
  `valid_flag` tinyint NULL DEFAULT 1 COMMENT '是否有效； 0：无效 1：有效',
  `del_flag` tinyint NULL DEFAULT 0 COMMENT '删除标志；1 已删除 0未删除',
  `create_by` varchar(32) CHARACTER SET utf8mb4 COLLATE utf8mb4_general_ci NULL DEFAULT NULL COMMENT '创建人',
  `creator_id` bigint NULL DEFAULT NULL COMMENT '创建人id',
  `create_time` datetime NULL DEFAULT CURRENT_TIMESTAMP COMMENT '创建时间',
  `update_by` varchar(32) CHARACTER SET utf8mb4 COLLATE utf8mb4_general_ci NULL DEFAULT NULL COMMENT '更新人',
  `updater_id` bigint NULL DEFAULT NULL COMMENT '更新人id',
  `update_time` datetime NULL DEFAULT CURRENT_TIMESTAMP COMMENT '更新时间',
  `remark` varchar(512) CHARACTER SET utf8mb4 COLLATE utf8mb4_general_ci NULL DEFAULT NULL COMMENT '备注',
  PRIMARY KEY (`id`) USING BTREE
) ENGINE = InnoDB AUTO_INCREMENT = 10 CHARACTER SET = utf8mb4 COLLATE = utf8mb4_general_ci COMMENT = '知识图谱' ROW_FORMAT = DYNAMIC;

-- ----------------------------
-- Records of ext_knowledge
-- ----------------------------
INSERT INTO `ext_knowledge` VALUES (2, NULL, '人物知识库', '人物知识库第三方', 1, 0, '星小图', 1, '2025-09-09 18:14:19', '星小图', NULL, '2025-09-09 18:19:13', '人物知识库');
INSERT INTO `ext_knowledge` VALUES (3, NULL, 'MB知识库', 'MB知识库', 1, 0, '星小图', 1, '2025-09-10 10:26:42', '星小图', NULL, '2025-09-10 10:26:42', 'MB知识库');
INSERT INTO `ext_knowledge` VALUES (4, NULL, '二战知识库', '第二次世界大战图谱模型', 1, 0, '星小图', 1, '2025-10-17 08:45:16', '星小图', NULL, '2025-10-17 08:45:16', '二战知识库');
INSERT INTO `ext_knowledge` VALUES (5, NULL, '规划体系知识库', '规划体系知识', 1, 0, '星小图', 1, '2025-10-28 10:39:02', '星小图', NULL, '2025-10-28 10:39:02', '备注');
INSERT INTO `ext_knowledge` VALUES (6, NULL, '领域MB知识库', '领域MB知识库', 1, 0, '星小图', 1, '2025-11-05 19:36:31', '星小图', NULL, '2025-11-05 19:36:31', '领域MB知识库');
INSERT INTO `ext_knowledge` VALUES (7, NULL, 'ZB数据库', 'ZB数据库', 1, 0, '星小图', 1, '2025-11-07 08:56:37', '星小图', NULL, '2025-11-07 08:56:37', 'ZB数据库');
INSERT INTO `ext_knowledge` VALUES (8, NULL, '123', '123', 1, 1, '星小图', 1, '2025-11-11 09:53:25', '星小图', NULL, '2025-11-11 09:56:41', '123');
INSERT INTO `ext_knowledge` VALUES (9, NULL, '民族知识图谱', '民族知识图谱', 1, 0, '星小图', 1, '2025-11-21 17:38:40', '星小图', NULL, '2025-11-21 17:38:40', '民族知识图谱');

-- ----------------------------
-- Table structure for ext_relation_mapping
-- ----------------------------
DROP TABLE IF EXISTS `ext_relation_mapping`;
CREATE TABLE `ext_relation_mapping`  (
  `id` bigint NOT NULL AUTO_INCREMENT COMMENT 'ID',
  `workspace_id` bigint NOT NULL COMMENT '工作区id',
  `task_id` bigint NOT NULL COMMENT '任务id',
  `table_name` varchar(128) CHARACTER SET utf8mb3 COLLATE utf8mb3_general_ci NOT NULL COMMENT '表名',
  `table_comment` varchar(128) CHARACTER SET utf8mb3 COLLATE utf8mb3_general_ci NULL DEFAULT NULL COMMENT '表显示名称',
  `field_name` varchar(128) CHARACTER SET utf8mb3 COLLATE utf8mb3_general_ci NOT NULL COMMENT '字段名',
  `field_comment` varchar(256) CHARACTER SET utf8mb3 COLLATE utf8mb3_general_ci NULL DEFAULT NULL COMMENT '字段显示名称',
  `relation` varchar(128) CHARACTER SET utf8mb3 COLLATE utf8mb3_general_ci NOT NULL COMMENT '关系',
  `relation_table` varchar(256) CHARACTER SET utf8mb3 COLLATE utf8mb3_general_ci NULL DEFAULT NULL COMMENT '关联表',
  `relation_table_name` varchar(128) CHARACTER SET utf8mb3 COLLATE utf8mb3_general_ci NULL DEFAULT NULL COMMENT '关联表名称',
  `relation_field` varchar(128) CHARACTER SET utf8mb3 COLLATE utf8mb3_general_ci NULL DEFAULT NULL COMMENT '关联表字段',
  `relation_name_field` varchar(128) CHARACTER SET utf8mb3 COLLATE utf8mb3_general_ci NULL DEFAULT NULL COMMENT '关联表实体字段',
  `valid_flag` tinyint(1) NOT NULL DEFAULT 1 COMMENT '是否有效;0：无效，1：有效',
  `del_flag` tinyint(1) NOT NULL DEFAULT 0 COMMENT '删除标志;1：已删除，0：未删除',
  `create_by` varchar(32) CHARACTER SET utf8mb3 COLLATE utf8mb3_general_ci NULL DEFAULT NULL COMMENT '创建人',
  `creator_id` bigint NULL DEFAULT NULL COMMENT '创建人id',
  `create_time` datetime NOT NULL DEFAULT CURRENT_TIMESTAMP COMMENT '创建时间',
  `update_by` varchar(32) CHARACTER SET utf8mb3 COLLATE utf8mb3_general_ci NULL DEFAULT NULL COMMENT '更新人',
  `updater_id` bigint NULL DEFAULT NULL COMMENT '更新人id',
  `update_time` datetime NOT NULL DEFAULT CURRENT_TIMESTAMP COMMENT '更新时间',
  `remark` varchar(512) CHARACTER SET utf8mb3 COLLATE utf8mb3_general_ci NULL DEFAULT NULL COMMENT '备注',
  PRIMARY KEY (`id`) USING BTREE
) ENGINE = InnoDB AUTO_INCREMENT = 316 CHARACTER SET = utf8mb3 COLLATE = utf8mb3_general_ci COMMENT = '关系映射' ROW_FORMAT = DYNAMIC;

-- ----------------------------
-- Records of ext_relation_mapping
-- ----------------------------
INSERT INTO `ext_relation_mapping` VALUES (1, 1001, 1, 'system_user', '用户信息表', 'role_id', '', '角色', 'system_role', '角色信息表', 'id', 'role_name', 0, 0, '小桐', 1, '2025-09-04 18:14:57', '小桐', 1, '2025-09-04 18:14:57', NULL);
INSERT INTO `ext_relation_mapping` VALUES (2, 1001, 4, 'dataaircraft', '', 'Category', '', '属于', 'enumaircraftcategory', '', 'ID', 'Description', 0, 0, '小桐', 1, '2025-09-05 15:03:54', '小桐', 1, '2025-09-05 15:03:54', NULL);
INSERT INTO `ext_relation_mapping` VALUES (3, 1001, 4, 'dataaircraft', '', 'Type', '', '属于', 'enumaircrafttype', '', 'ID', 'Description', 0, 0, '小桐', 1, '2025-09-05 15:03:54', '小桐', 1, '2025-09-05 15:03:54', NULL);
INSERT INTO `ext_relation_mapping` VALUES (4, 1001, 5, 'dataaircraft', '', 'Type', '', '属于', 'enumaircrafttype', '', 'ID', 'Description', 0, 0, '小桐', 1, '2025-09-05 15:53:11', '小桐', 1, '2025-09-05 15:53:11', NULL);
INSERT INTO `ext_relation_mapping` VALUES (5, 1001, 6, 'region', '', 'region_id', '', '宗教', 'religion', '', 'region_id', 'name', 0, 1, '小桐', 1, '2025-09-05 18:34:44', '小桐', 1, '2025-09-05 18:34:44', NULL);
INSERT INTO `ext_relation_mapping` VALUES (6, 1001, 6, 'region', '', 'region_id', '', '设施', 'facility', '', 'region_id', 'name', 0, 1, '小桐', 1, '2025-09-05 18:34:44', '小桐', 1, '2025-09-05 18:34:44', NULL);
INSERT INTO `ext_relation_mapping` VALUES (7, 1001, 6, 'region', '', 'region_id', '', '文化遗产', 'heritage', '', 'region_id', 'name', 0, 1, '小桐', 1, '2025-09-05 18:34:44', '小桐', 1, '2025-09-05 18:34:44', NULL);
INSERT INTO `ext_relation_mapping` VALUES (8, 1001, 6, 'region', '', 'region_id', '', '人口', 'population', '', 'region_id', 'population_total', 0, 1, '小桐', 1, '2025-09-05 18:34:44', '小桐', 1, '2025-09-05 18:34:44', NULL);
INSERT INTO `ext_relation_mapping` VALUES (9, 1001, 6, 'region', '', 'region_id', '', '教育', 'education_institution', '', 'region_id', 'name', 0, 1, '小桐', 1, '2025-09-05 18:34:44', '小桐', 1, '2025-09-05 18:34:44', NULL);
INSERT INTO `ext_relation_mapping` VALUES (10, 1001, 6, 'region', '', 'region_id', '', '科研', 'research_institution', '', 'region_id', 'name', 0, 1, '小桐', 1, '2025-09-05 18:34:44', '小桐', 1, '2025-09-05 18:34:44', NULL);
INSERT INTO `ext_relation_mapping` VALUES (11, 1001, 6, 'region', '', 'region_id', '', '基础设施', 'economy_infrastructure', '', 'region_id', 'main_industries', 0, 1, '小桐', 1, '2025-09-05 18:34:44', '小桐', 1, '2025-09-05 18:34:44', NULL);
INSERT INTO `ext_relation_mapping` VALUES (12, 1001, 6, 'facility', '', 'type', '', '设施类型', 'build_type', '', 'id', 'name', 0, 1, '小桐', 1, '2025-09-05 18:44:14', '小桐', 1, '2025-09-05 18:44:14', NULL);
INSERT INTO `ext_relation_mapping` VALUES (13, 1001, 6, 'heritage', '', 'type', '', '遗产设施', 'build_type', '', 'id', 'name', 0, 1, '小桐', 1, '2025-09-05 18:44:14', '小桐', 1, '2025-09-05 18:44:14', NULL);
INSERT INTO `ext_relation_mapping` VALUES (14, 1001, 6, 'region', '', 'id', '', '宗教', 'religion', '', 'region_id', 'name', 0, 1, '小桐', 1, '2025-09-05 18:44:14', '小桐', 1, '2025-09-05 18:44:14', NULL);
INSERT INTO `ext_relation_mapping` VALUES (15, 1001, 6, 'region', '', 'id', '', '设施', 'facility', '', 'region_id', 'name', 0, 1, '小桐', 1, '2025-09-05 18:44:14', '小桐', 1, '2025-09-05 18:44:14', NULL);
INSERT INTO `ext_relation_mapping` VALUES (16, 1001, 6, 'region', '', 'id', '', '文化遗产', 'heritage', '', 'region_id', 'name', 0, 1, '小桐', 1, '2025-09-05 18:44:14', '小桐', 1, '2025-09-05 18:44:14', NULL);
INSERT INTO `ext_relation_mapping` VALUES (17, 1001, 6, 'region', '', 'id', '', '人口', 'population', '', 'region_id', 'population_total', 0, 1, '小桐', 1, '2025-09-05 18:44:14', '小桐', 1, '2025-09-05 18:44:14', NULL);
INSERT INTO `ext_relation_mapping` VALUES (18, 1001, 6, 'region', '', 'id', '', '教育', 'education_institution', '', 'region_id', 'name', 0, 1, '小桐', 1, '2025-09-05 18:44:14', '小桐', 1, '2025-09-05 18:44:14', NULL);
INSERT INTO `ext_relation_mapping` VALUES (19, 1001, 6, 'region', '', 'id', '', '科研', 'research_institution', '', 'region_id', 'name', 0, 1, '小桐', 1, '2025-09-05 18:44:14', '小桐', 1, '2025-09-05 18:44:14', NULL);
INSERT INTO `ext_relation_mapping` VALUES (20, 1001, 6, 'region', '', 'id', '', '基础设施', 'economy_infrastructure', '', 'region_id', 'main_industries', 0, 1, '小桐', 1, '2025-09-05 18:44:14', '小桐', 1, '2025-09-05 18:44:14', NULL);
INSERT INTO `ext_relation_mapping` VALUES (21, 1001, 6, 'region', '', 'id', '', '区域类型', 'region_type', '', 'id', 'name', 0, 1, '小桐', 1, '2025-09-05 18:44:14', '小桐', 1, '2025-09-05 18:44:14', NULL);
INSERT INTO `ext_relation_mapping` VALUES (22, 1001, 6, 'facility', '', 'type', '', '设施类型', 'build_type', '', 'id', 'name', 0, 1, '小桐', 1, '2025-09-05 19:01:58', '小桐', 1, '2025-09-05 19:01:58', NULL);
INSERT INTO `ext_relation_mapping` VALUES (23, 1001, 6, 'heritage', '', 'type', '', '遗产设施', 'build_type', '', 'id', 'name', 0, 1, '小桐', 1, '2025-09-05 19:01:58', '小桐', 1, '2025-09-05 19:01:58', NULL);
INSERT INTO `ext_relation_mapping` VALUES (24, 1001, 6, 'region', '', 'id', '', '宗教', 'religion', '', 'region_id', 'name', 0, 1, '小桐', 1, '2025-09-05 19:01:58', '小桐', 1, '2025-09-05 19:01:58', NULL);
INSERT INTO `ext_relation_mapping` VALUES (25, 1001, 6, 'region', '', 'id', '', '设施', 'facility', '', 'region_id', 'name', 0, 1, '小桐', 1, '2025-09-05 19:01:58', '小桐', 1, '2025-09-05 19:01:58', NULL);
INSERT INTO `ext_relation_mapping` VALUES (26, 1001, 6, 'region', '', 'id', '', '文化遗产', 'heritage', '', 'region_id', 'name', 0, 1, '小桐', 1, '2025-09-05 19:01:58', '小桐', 1, '2025-09-05 19:01:58', NULL);
INSERT INTO `ext_relation_mapping` VALUES (27, 1001, 6, 'region', '', 'id', '', '人口', 'population', '', 'region_id', 'population_total', 0, 1, '小桐', 1, '2025-09-05 19:01:58', '小桐', 1, '2025-09-05 19:01:58', NULL);
INSERT INTO `ext_relation_mapping` VALUES (28, 1001, 6, 'region', '', 'id', '', '教育', 'education_institution', '', 'region_id', 'name', 0, 1, '小桐', 1, '2025-09-05 19:01:58', '小桐', 1, '2025-09-05 19:01:58', NULL);
INSERT INTO `ext_relation_mapping` VALUES (29, 1001, 6, 'region', '', 'id', '', '科研', 'research_institution', '', 'region_id', 'name', 0, 1, '小桐', 1, '2025-09-05 19:01:58', '小桐', 1, '2025-09-05 19:01:58', NULL);
INSERT INTO `ext_relation_mapping` VALUES (30, 1001, 6, 'region', '', 'id', '', '基础设施', 'economy_infrastructure', '', 'region_id', 'main_industries', 0, 1, '小桐', 1, '2025-09-05 19:01:58', '小桐', 1, '2025-09-05 19:01:58', NULL);
INSERT INTO `ext_relation_mapping` VALUES (31, 1001, 6, 'region', '', 'id', '', '区域类型', 'region_type', '', 'id', 'name', 0, 1, '小桐', 1, '2025-09-05 19:01:58', '小桐', 1, '2025-09-05 19:01:58', NULL);
INSERT INTO `ext_relation_mapping` VALUES (32, 1001, 6, 'facility', '', 'type', '', '设施类型', 'build_type', '', 'id', 'name', 0, 0, '星小图', 1, '2025-09-23 19:46:12', '星小图', 1, '2025-09-23 19:46:12', NULL);
INSERT INTO `ext_relation_mapping` VALUES (33, 1001, 6, 'heritage', '', 'type', '', '遗产设施', 'build_type', '', 'id', 'name', 0, 0, '星小图', 1, '2025-09-23 19:46:12', '星小图', 1, '2025-09-23 19:46:12', NULL);
INSERT INTO `ext_relation_mapping` VALUES (34, 1001, 6, 'region', '', 'id', '', '宗教', 'religion', '', 'region_id', 'name', 0, 0, '星小图', 1, '2025-09-23 19:46:12', '星小图', 1, '2025-09-23 19:46:12', NULL);
INSERT INTO `ext_relation_mapping` VALUES (35, 1001, 6, 'region', '', 'id', '', '设施', 'facility', '', 'region_id', 'name', 0, 0, '星小图', 1, '2025-09-23 19:46:12', '星小图', 1, '2025-09-23 19:46:12', NULL);
INSERT INTO `ext_relation_mapping` VALUES (36, 1001, 6, 'region', '', 'id', '', '文化遗产', 'heritage', '', 'region_id', 'name', 0, 0, '星小图', 1, '2025-09-23 19:46:12', '星小图', 1, '2025-09-23 19:46:12', NULL);
INSERT INTO `ext_relation_mapping` VALUES (37, 1001, 6, 'region', '', 'id', '', '人口', 'population', NULL, 'region_id', 'population_total', 0, 0, '星小图', 1, '2025-09-23 19:46:12', '星小图', 1, '2025-09-23 19:46:12', NULL);
INSERT INTO `ext_relation_mapping` VALUES (38, 1001, 6, 'region', '', 'id', '', '教育', 'education_institution', '', 'region_id', 'name', 0, 0, '星小图', 1, '2025-09-23 19:46:12', '星小图', 1, '2025-09-23 19:46:12', NULL);
INSERT INTO `ext_relation_mapping` VALUES (39, 1001, 6, 'region', '', 'id', '', '科研', 'research_institution', '', 'region_id', 'name', 0, 0, '星小图', 1, '2025-09-23 19:46:12', '星小图', 1, '2025-09-23 19:46:12', NULL);
INSERT INTO `ext_relation_mapping` VALUES (40, 1001, 6, 'region', '', 'id', '', '基础设施', 'economy_infrastructure', '', 'region_id', 'main_industries', 0, 0, '星小图', 1, '2025-09-23 19:46:12', '星小图', 1, '2025-09-23 19:46:12', NULL);
INSERT INTO `ext_relation_mapping` VALUES (41, 1001, 6, 'region', '', 'id', '', '区域类型', 'region_type', '', 'id', 'name', 0, 0, '星小图', 1, '2025-09-23 19:46:12', '星小图', 1, '2025-09-23 19:46:12', NULL);
INSERT INTO `ext_relation_mapping` VALUES (42, 1001, 9, 'faction', '', 'country_id', '', '所属', 'country', '', 'id', 'name', 0, 1, '星小图', 1, '2025-10-17 15:40:11', '星小图', 1, '2025-10-17 15:40:11', NULL);
INSERT INTO `ext_relation_mapping` VALUES (43, 1001, 9, 'faction', '', 'country_id', '', '所属', 'country', '', 'id', 'name', 0, 1, '星小图', 1, '2025-10-17 15:45:33', '星小图', 1, '2025-10-17 15:45:33', NULL);
INSERT INTO `ext_relation_mapping` VALUES (44, 1001, 9, 'location', '', 'country_id', '', '所属', 'country', '', 'id', 'name', 0, 1, '星小图', 1, '2025-10-17 15:45:34', '星小图', 1, '2025-10-17 15:45:34', NULL);
INSERT INTO `ext_relation_mapping` VALUES (45, 1001, 9, 'faction', '', 'country_id', '', '所属', 'country', '', 'id', 'name', 0, 1, '星小图', 1, '2025-10-17 15:47:28', '星小图', 1, '2025-10-17 15:47:28', NULL);
INSERT INTO `ext_relation_mapping` VALUES (46, 1001, 9, 'location', '', 'country_id', '', '所属', 'country', '', 'id', 'name', 0, 1, '星小图', 1, '2025-10-17 15:47:29', '星小图', 1, '2025-10-17 15:47:29', NULL);
INSERT INTO `ext_relation_mapping` VALUES (47, 1001, 9, 'event', '', 'location_id', '', '发生地点', 'location', '', 'id', 'name', 0, 1, '星小图', 1, '2025-10-17 15:49:40', '星小图', 1, '2025-10-17 15:49:40', NULL);
INSERT INTO `ext_relation_mapping` VALUES (48, 1001, 9, 'faction', '', 'country_id', '', '所属', 'country', '', 'id', 'name', 0, 1, '星小图', 1, '2025-10-17 15:49:41', '星小图', 1, '2025-10-17 15:49:41', NULL);
INSERT INTO `ext_relation_mapping` VALUES (49, 1001, 9, 'location', '', 'country_id', '', '所属', 'country', '', 'id', 'name', 0, 1, '星小图', 1, '2025-10-17 15:49:42', '星小图', 1, '2025-10-17 15:49:42', NULL);
INSERT INTO `ext_relation_mapping` VALUES (50, 1001, 9, 'military_unit', '', 'country_id', '', '所属国家', 'country', '', 'id', 'name', 0, 1, '星小图', 1, '2025-10-17 15:49:42', '星小图', 1, '2025-10-17 15:49:42', NULL);
INSERT INTO `ext_relation_mapping` VALUES (51, 1001, 9, 'military_unit', '', 'faction_id', '', '所属阵营', 'faction', '', 'id', 'name', 0, 1, '星小图', 1, '2025-10-17 15:49:42', '星小图', 1, '2025-10-17 15:49:42', NULL);
INSERT INTO `ext_relation_mapping` VALUES (52, 1001, 9, 'military_unit', '', 'commander_person_id', '', '指挥官', 'person', '', 'id', 'full_name', 0, 1, '星小图', 1, '2025-10-17 15:49:42', '星小图', 1, '2025-10-17 15:49:42', NULL);
INSERT INTO `ext_relation_mapping` VALUES (53, 1001, 9, 'event', '', 'location_id', '', '发生地点', 'location', '', 'id', 'name', 0, 1, '星小图', 1, '2025-10-17 15:51:00', '星小图', 1, '2025-10-17 15:51:00', NULL);
INSERT INTO `ext_relation_mapping` VALUES (54, 1001, 9, 'faction', '', 'country_id', '', '所属', 'country', '', 'id', 'name', 0, 1, '星小图', 1, '2025-10-17 15:51:00', '星小图', 1, '2025-10-17 15:51:00', NULL);
INSERT INTO `ext_relation_mapping` VALUES (55, 1001, 9, 'location', '', 'country_id', '', '所属', 'country', '', 'id', 'name', 0, 1, '星小图', 1, '2025-10-17 15:51:01', '星小图', 1, '2025-10-17 15:51:01', NULL);
INSERT INTO `ext_relation_mapping` VALUES (56, 1001, 9, 'military_unit', '', 'country_id', '', '所属国家', 'country', '', 'id', 'name', 0, 1, '星小图', 1, '2025-10-17 15:51:02', '星小图', 1, '2025-10-17 15:51:02', NULL);
INSERT INTO `ext_relation_mapping` VALUES (57, 1001, 9, 'military_unit', '', 'faction_id', '', '所属阵营', 'faction', '', 'id', 'name', 0, 1, '星小图', 1, '2025-10-17 15:51:02', '星小图', 1, '2025-10-17 15:51:02', NULL);
INSERT INTO `ext_relation_mapping` VALUES (58, 1001, 9, 'military_unit', '', 'commander_person_id', '', '指挥官', 'person', '', 'id', 'full_name', 0, 1, '星小图', 1, '2025-10-17 15:51:02', '星小图', 1, '2025-10-17 15:51:02', NULL);
INSERT INTO `ext_relation_mapping` VALUES (59, 1001, 9, 'strategy', '', 'faction_id', '', '执行阵营', 'faction', '', 'id', 'name', 0, 1, '星小图', 1, '2025-10-17 15:51:03', '星小图', 1, '2025-10-17 15:51:03', NULL);
INSERT INTO `ext_relation_mapping` VALUES (60, 1001, 9, 'treaty', '', 'location_id', '', '签署地点', 'location', '', 'id', 'name', 0, 1, '星小图', 1, '2025-10-17 15:51:04', '星小图', 1, '2025-10-17 15:51:04', NULL);
INSERT INTO `ext_relation_mapping` VALUES (61, 1001, 9, 'event', '事件', 'location_id', '', '发生地点', 'location', '地点', 'id', 'name', 0, 1, '星小图', 1, '2025-11-05 08:36:25', '星小图', 1, '2025-11-05 08:36:25', NULL);
INSERT INTO `ext_relation_mapping` VALUES (62, 1001, 9, 'faction', '', 'country_id', '', '所属', 'country', '国家', 'id', 'name', 0, 1, '星小图', 1, '2025-11-05 08:36:25', '星小图', 1, '2025-11-05 08:36:25', NULL);
INSERT INTO `ext_relation_mapping` VALUES (63, 1001, 9, 'location', '地点', 'country_id', '', '所属', 'country', '国家', 'id', 'name', 0, 1, '星小图', 1, '2025-11-05 08:36:25', '星小图', 1, '2025-11-05 08:36:25', NULL);
INSERT INTO `ext_relation_mapping` VALUES (64, 1001, 9, 'military_unit', '', 'country_id', '', '所属国家', 'country', '国家', 'id', 'name', 0, 1, '星小图', 1, '2025-11-05 08:36:25', '星小图', 1, '2025-11-05 08:36:25', NULL);
INSERT INTO `ext_relation_mapping` VALUES (65, 1001, 9, 'military_unit', '', 'faction_id', '', '所属阵营', 'faction', '', 'id', 'name', 0, 1, '星小图', 1, '2025-11-05 08:36:25', '星小图', 1, '2025-11-05 08:36:25', NULL);
INSERT INTO `ext_relation_mapping` VALUES (66, 1001, 9, 'military_unit', '', 'commander_person_id', '', '指挥官', 'person', '人物', 'id', 'full_name', 0, 1, '星小图', 1, '2025-11-05 08:36:25', '星小图', 1, '2025-11-05 08:36:25', NULL);
INSERT INTO `ext_relation_mapping` VALUES (67, 1001, 9, 'strategy', '', 'faction_id', '', '执行阵营', 'faction', '', 'id', 'name', 0, 1, '星小图', 1, '2025-11-05 08:36:25', '星小图', 1, '2025-11-05 08:36:25', NULL);
INSERT INTO `ext_relation_mapping` VALUES (68, 1001, 9, 'treaty', '', 'location_id', '', '签署地点', 'location', '地点', 'id', 'name', 0, 1, '星小图', 1, '2025-11-05 08:36:25', '星小图', 1, '2025-11-05 08:36:25', NULL);
INSERT INTO `ext_relation_mapping` VALUES (69, 1001, 9, 'event', '事件', 'location_id', '', '发生地点', 'location', '地点', 'id', 'name', 0, 1, '星小图', 1, '2025-11-05 08:39:09', '星小图', 1, '2025-11-05 08:39:09', NULL);
INSERT INTO `ext_relation_mapping` VALUES (70, 1001, 9, 'faction', '', 'country_id', '', '所属', 'country', '国家', 'id', 'name', 0, 1, '星小图', 1, '2025-11-05 08:39:09', '星小图', 1, '2025-11-05 08:39:09', NULL);
INSERT INTO `ext_relation_mapping` VALUES (71, 1001, 9, 'location', '地点', 'country_id', '', '所属', 'country', '国家', 'id', 'name', 0, 1, '星小图', 1, '2025-11-05 08:39:09', '星小图', 1, '2025-11-05 08:39:09', NULL);
INSERT INTO `ext_relation_mapping` VALUES (72, 1001, 9, 'military_unit', '', 'country_id', '', '所属国家', 'country', '国家', 'id', 'name', 0, 1, '星小图', 1, '2025-11-05 08:39:09', '星小图', 1, '2025-11-05 08:39:09', NULL);
INSERT INTO `ext_relation_mapping` VALUES (73, 1001, 9, 'military_unit', '', 'faction_id', '', '所属阵营', 'faction', '', 'id', 'name', 0, 1, '星小图', 1, '2025-11-05 08:39:09', '星小图', 1, '2025-11-05 08:39:09', NULL);
INSERT INTO `ext_relation_mapping` VALUES (74, 1001, 9, 'military_unit', '', 'commander_person_id', '', '指挥官', 'person', '人物', 'id', 'full_name', 0, 1, '星小图', 1, '2025-11-05 08:39:09', '星小图', 1, '2025-11-05 08:39:09', NULL);
INSERT INTO `ext_relation_mapping` VALUES (75, 1001, 9, 'strategy', '', 'faction_id', '', '执行阵营', 'faction', '', 'id', 'name', 0, 1, '星小图', 1, '2025-11-05 08:39:09', '星小图', 1, '2025-11-05 08:39:09', NULL);
INSERT INTO `ext_relation_mapping` VALUES (76, 1001, 9, 'treaty', '', 'location_id', '', '签署地点', 'location', '地点', 'id', 'name', 0, 1, '星小图', 1, '2025-11-05 08:39:09', '星小图', 1, '2025-11-05 08:39:09', NULL);
INSERT INTO `ext_relation_mapping` VALUES (77, 1001, 9, 'event', '事件', 'location_id', '', '发生地点', 'location', '地点', 'id', 'name', 0, 1, '星小图', 1, '2025-11-05 08:45:51', '星小图', 1, '2025-11-05 08:45:51', NULL);
INSERT INTO `ext_relation_mapping` VALUES (78, 1001, 9, 'faction', '', 'country_id', '', '所属', 'country', '国家', 'id', 'name', 0, 1, '星小图', 1, '2025-11-05 08:45:51', '星小图', 1, '2025-11-05 08:45:51', NULL);
INSERT INTO `ext_relation_mapping` VALUES (79, 1001, 9, 'location', '地点', 'country_id', '', '所属', 'country', '国家', 'id', 'name', 0, 1, '星小图', 1, '2025-11-05 08:45:51', '星小图', 1, '2025-11-05 08:45:51', NULL);
INSERT INTO `ext_relation_mapping` VALUES (80, 1001, 9, 'military_unit', '', 'country_id', '', '所属国家', 'country', '国家', 'id', 'name', 0, 1, '星小图', 1, '2025-11-05 08:45:51', '星小图', 1, '2025-11-05 08:45:51', NULL);
INSERT INTO `ext_relation_mapping` VALUES (81, 1001, 9, 'military_unit', '', 'faction_id', '', '所属阵营', 'faction', '', 'id', 'name', 0, 1, '星小图', 1, '2025-11-05 08:45:51', '星小图', 1, '2025-11-05 08:45:51', NULL);
INSERT INTO `ext_relation_mapping` VALUES (82, 1001, 9, 'military_unit', '', 'commander_person_id', '', '指挥官', 'person', '人物', 'id', 'full_name', 0, 1, '星小图', 1, '2025-11-05 08:45:51', '星小图', 1, '2025-11-05 08:45:51', NULL);
INSERT INTO `ext_relation_mapping` VALUES (83, 1001, 9, 'strategy', '', 'faction_id', '', '执行阵营', 'faction', '', 'id', 'name', 0, 1, '星小图', 1, '2025-11-05 08:45:51', '星小图', 1, '2025-11-05 08:45:51', NULL);
INSERT INTO `ext_relation_mapping` VALUES (84, 1001, 9, 'treaty', '', 'location_id', '', '签署地点', 'location', '地点', 'id', 'name', 0, 1, '星小图', 1, '2025-11-05 08:45:51', '星小图', 1, '2025-11-05 08:45:51', NULL);
INSERT INTO `ext_relation_mapping` VALUES (85, 1001, 9, 'event', '事件', 'location_id', '', '发生地点', 'location', '地点', 'id', 'name', 0, 1, '星小图', 1, '2025-11-05 12:52:24', '星小图', 1, '2025-11-05 12:52:24', NULL);
INSERT INTO `ext_relation_mapping` VALUES (86, 1001, 9, 'faction', '', 'country_id', '', '所属', 'country', '国家', 'id', 'name', 0, 1, '星小图', 1, '2025-11-05 12:52:24', '星小图', 1, '2025-11-05 12:52:24', NULL);
INSERT INTO `ext_relation_mapping` VALUES (87, 1001, 9, 'location', '地点', 'country_id', '', '所属', 'country', '国家', 'id', 'name', 0, 1, '星小图', 1, '2025-11-05 12:52:24', '星小图', 1, '2025-11-05 12:52:24', NULL);
INSERT INTO `ext_relation_mapping` VALUES (88, 1001, 9, 'military_unit', '', 'country_id', '', '所属国家', 'country', '国家', 'id', 'name', 0, 1, '星小图', 1, '2025-11-05 12:52:24', '星小图', 1, '2025-11-05 12:52:24', NULL);
INSERT INTO `ext_relation_mapping` VALUES (89, 1001, 9, 'military_unit', '', 'faction_id', '', '所属阵营', 'faction', '', 'id', 'name', 0, 1, '星小图', 1, '2025-11-05 12:52:24', '星小图', 1, '2025-11-05 12:52:24', NULL);
INSERT INTO `ext_relation_mapping` VALUES (90, 1001, 9, 'military_unit', '', 'commander_person_id', '', '指挥官', 'person', '人物', 'id', 'full_name', 0, 1, '星小图', 1, '2025-11-05 12:52:24', '星小图', 1, '2025-11-05 12:52:24', NULL);
INSERT INTO `ext_relation_mapping` VALUES (91, 1001, 9, 'strategy', '', 'faction_id', '', '执行阵营', 'faction', '', 'id', 'name', 0, 1, '星小图', 1, '2025-11-05 12:52:24', '星小图', 1, '2025-11-05 12:52:24', NULL);
INSERT INTO `ext_relation_mapping` VALUES (92, 1001, 9, 'treaty', '', 'location_id', '', '签署地点', 'location', '地点', 'id', 'name', 0, 1, '星小图', 1, '2025-11-05 12:52:24', '星小图', 1, '2025-11-05 12:52:24', NULL);
INSERT INTO `ext_relation_mapping` VALUES (93, 1001, 9, 'event', '事件', 'location_id', '', '发生地点', 'location', '地点', 'id', 'name', 0, 1, '星小图', 1, '2025-11-05 13:34:26', '星小图', 1, '2025-11-05 13:34:26', NULL);
INSERT INTO `ext_relation_mapping` VALUES (94, 1001, 9, 'faction', '', 'country_id', '', '所属', 'country', '国家', 'id', 'name', 0, 1, '星小图', 1, '2025-11-05 13:34:26', '星小图', 1, '2025-11-05 13:34:26', NULL);
INSERT INTO `ext_relation_mapping` VALUES (95, 1001, 9, 'location', '地点', 'country_id', '', '所属', 'country', '国家', 'id', 'name', 0, 1, '星小图', 1, '2025-11-05 13:34:26', '星小图', 1, '2025-11-05 13:34:26', NULL);
INSERT INTO `ext_relation_mapping` VALUES (96, 1001, 9, 'military_unit', '', 'country_id', '', '所属国家', 'country', '国家', 'id', 'name', 0, 1, '星小图', 1, '2025-11-05 13:34:26', '星小图', 1, '2025-11-05 13:34:26', NULL);
INSERT INTO `ext_relation_mapping` VALUES (97, 1001, 9, 'military_unit', '', 'faction_id', '', '所属阵营', 'faction', '', 'id', 'name', 0, 1, '星小图', 1, '2025-11-05 13:34:26', '星小图', 1, '2025-11-05 13:34:26', NULL);
INSERT INTO `ext_relation_mapping` VALUES (98, 1001, 9, 'military_unit', '', 'commander_person_id', '', '指挥官', 'person', '人物', 'id', 'full_name', 0, 1, '星小图', 1, '2025-11-05 13:34:26', '星小图', 1, '2025-11-05 13:34:26', NULL);
INSERT INTO `ext_relation_mapping` VALUES (99, 1001, 9, 'person', '人物', 'country_id', '', '所属', 'country', '国家', 'id', 'name', 0, 1, '星小图', 1, '2025-11-05 13:34:26', '星小图', 1, '2025-11-05 13:34:26', NULL);
INSERT INTO `ext_relation_mapping` VALUES (100, 1001, 9, 'strategy', '', 'faction_id', '', '执行阵营', 'faction', '', 'id', 'name', 0, 1, '星小图', 1, '2025-11-05 13:34:26', '星小图', 1, '2025-11-05 13:34:26', NULL);
INSERT INTO `ext_relation_mapping` VALUES (101, 1001, 9, 'treaty', '', 'location_id', '', '签署地点', 'location', '地点', 'id', 'name', 0, 1, '星小图', 1, '2025-11-05 13:34:26', '星小图', 1, '2025-11-05 13:34:26', NULL);
INSERT INTO `ext_relation_mapping` VALUES (102, 1001, 9, 'event', '事件', 'location_id', '', '发生地点', 'location', '地点', 'id', 'name', 0, 1, '星小图', 1, '2025-11-05 13:35:03', '星小图', 1, '2025-11-05 13:35:03', NULL);
INSERT INTO `ext_relation_mapping` VALUES (103, 1001, 9, 'faction', '', 'country_id', '', '所属', 'country', '国家', 'id', 'name', 0, 1, '星小图', 1, '2025-11-05 13:35:03', '星小图', 1, '2025-11-05 13:35:03', NULL);
INSERT INTO `ext_relation_mapping` VALUES (104, 1001, 9, 'location', '地点', 'country_id', '', '所属', 'country', '国家', 'id', 'name', 0, 1, '星小图', 1, '2025-11-05 13:35:03', '星小图', 1, '2025-11-05 13:35:03', NULL);
INSERT INTO `ext_relation_mapping` VALUES (105, 1001, 9, 'military_unit', '', 'country_id', '', '所属国家', 'country', '国家', 'id', 'name', 0, 1, '星小图', 1, '2025-11-05 13:35:03', '星小图', 1, '2025-11-05 13:35:03', NULL);
INSERT INTO `ext_relation_mapping` VALUES (106, 1001, 9, 'military_unit', '', 'faction_id', '', '所属阵营', 'faction', '', 'id', 'name', 0, 1, '星小图', 1, '2025-11-05 13:35:03', '星小图', 1, '2025-11-05 13:35:03', NULL);
INSERT INTO `ext_relation_mapping` VALUES (107, 1001, 9, 'military_unit', '', 'commander_person_id', '', '指挥官', 'person', '人物', 'id', 'full_name', 0, 1, '星小图', 1, '2025-11-05 13:35:03', '星小图', 1, '2025-11-05 13:35:03', NULL);
INSERT INTO `ext_relation_mapping` VALUES (108, 1001, 9, 'person', '人物', 'country_id', '', '所属', 'country', '国家', 'id', 'name', 0, 1, '星小图', 1, '2025-11-05 13:35:03', '星小图', 1, '2025-11-05 13:35:03', NULL);
INSERT INTO `ext_relation_mapping` VALUES (109, 1001, 9, 'strategy', '', 'faction_id', '', '执行阵营', 'faction', '', 'id', 'name', 0, 1, '星小图', 1, '2025-11-05 13:35:03', '星小图', 1, '2025-11-05 13:35:03', NULL);
INSERT INTO `ext_relation_mapping` VALUES (110, 1001, 9, 'treaty', '', 'location_id', '', '签署地点', 'location', '地点', 'id', 'name', 0, 1, '星小图', 1, '2025-11-05 13:35:03', '星小图', 1, '2025-11-05 13:35:03', NULL);
INSERT INTO `ext_relation_mapping` VALUES (111, 1001, 9, 'event', '事件', 'location_id', '', '发生地点', 'location', '地点', 'id', 'name', 0, 1, '星小图', 1, '2025-11-05 13:36:32', '星小图', 1, '2025-11-05 13:36:32', NULL);
INSERT INTO `ext_relation_mapping` VALUES (112, 1001, 9, 'faction', '', 'country_id', '', '所属', 'country', '国家', 'id', 'name', 0, 1, '星小图', 1, '2025-11-05 13:36:32', '星小图', 1, '2025-11-05 13:36:32', NULL);
INSERT INTO `ext_relation_mapping` VALUES (113, 1001, 9, 'location', '地点', 'country_id', '', '所属', 'country', '国家', 'id', 'name', 0, 1, '星小图', 1, '2025-11-05 13:36:32', '星小图', 1, '2025-11-05 13:36:32', NULL);
INSERT INTO `ext_relation_mapping` VALUES (114, 1001, 9, 'military_unit', '', 'country_id', '', '所属国家', 'country', '国家', 'id', 'name', 0, 1, '星小图', 1, '2025-11-05 13:36:32', '星小图', 1, '2025-11-05 13:36:32', NULL);
INSERT INTO `ext_relation_mapping` VALUES (115, 1001, 9, 'military_unit', '', 'faction_id', '', '所属阵营', 'faction', '', 'id', 'name', 0, 1, '星小图', 1, '2025-11-05 13:36:32', '星小图', 1, '2025-11-05 13:36:32', NULL);
INSERT INTO `ext_relation_mapping` VALUES (116, 1001, 9, 'military_unit', '', 'commander_person_id', '', '指挥官', 'person', '人物', 'id', 'full_name', 0, 1, '星小图', 1, '2025-11-05 13:36:32', '星小图', 1, '2025-11-05 13:36:32', NULL);
INSERT INTO `ext_relation_mapping` VALUES (117, 1001, 9, 'person', '人物', 'country_id', '', '所属', 'country', '国家', 'id', 'name', 0, 1, '星小图', 1, '2025-11-05 13:36:32', '星小图', 1, '2025-11-05 13:36:32', NULL);
INSERT INTO `ext_relation_mapping` VALUES (118, 1001, 9, 'strategy', '', 'faction_id', '', '执行阵营', 'faction', '', 'id', 'name', 0, 1, '星小图', 1, '2025-11-05 13:36:32', '星小图', 1, '2025-11-05 13:36:32', NULL);
INSERT INTO `ext_relation_mapping` VALUES (119, 1001, 9, 'treaty', '', 'location_id', '', '签署地点', 'location', '地点', 'id', 'name', 0, 1, '星小图', 1, '2025-11-05 13:36:32', '星小图', 1, '2025-11-05 13:36:32', NULL);
INSERT INTO `ext_relation_mapping` VALUES (120, 1001, 9, 'event', '事件', 'location_id', '', '发生地点', 'location', '地点', 'id', 'name', 0, 1, '星小图', 1, '2025-11-05 14:02:08', '星小图', 1, '2025-11-05 14:02:08', NULL);
INSERT INTO `ext_relation_mapping` VALUES (121, 1001, 9, 'faction', '', 'country_id', '', '所属', 'country', '国家', 'id', 'name', 0, 1, '星小图', 1, '2025-11-05 14:02:08', '星小图', 1, '2025-11-05 14:02:08', NULL);
INSERT INTO `ext_relation_mapping` VALUES (122, 1001, 9, 'location', '地点', 'country_id', '', '所属', 'country', '国家', 'id', 'name', 0, 1, '星小图', 1, '2025-11-05 14:02:08', '星小图', 1, '2025-11-05 14:02:08', NULL);
INSERT INTO `ext_relation_mapping` VALUES (123, 1001, 9, 'military_unit', '', 'country_id', '', '所属国家', 'country', '国家', 'id', 'name', 0, 1, '星小图', 1, '2025-11-05 14:02:08', '星小图', 1, '2025-11-05 14:02:08', NULL);
INSERT INTO `ext_relation_mapping` VALUES (124, 1001, 9, 'military_unit', '', 'faction_id', '', '所属阵营', 'faction', '', 'id', 'name', 0, 1, '星小图', 1, '2025-11-05 14:02:08', '星小图', 1, '2025-11-05 14:02:08', NULL);
INSERT INTO `ext_relation_mapping` VALUES (125, 1001, 9, 'military_unit', '', 'commander_person_id', '', '指挥官', 'person', '人物', 'id', 'full_name', 0, 1, '星小图', 1, '2025-11-05 14:02:08', '星小图', 1, '2025-11-05 14:02:08', NULL);
INSERT INTO `ext_relation_mapping` VALUES (126, 1001, 9, 'person', '人物', 'country_id', '', '所属', 'country', '国家', 'id', 'name', 0, 1, '星小图', 1, '2025-11-05 14:02:08', '星小图', 1, '2025-11-05 14:02:08', NULL);
INSERT INTO `ext_relation_mapping` VALUES (127, 1001, 9, 'strategy', '', 'faction_id', '', '执行阵营', 'faction', '', 'id', 'name', 0, 1, '星小图', 1, '2025-11-05 14:02:08', '星小图', 1, '2025-11-05 14:02:08', NULL);
INSERT INTO `ext_relation_mapping` VALUES (128, 1001, 9, 'treaty', '', 'location_id', '', '签署地点', 'location', '地点', 'id', 'name', 0, 1, '星小图', 1, '2025-11-05 14:02:08', '星小图', 1, '2025-11-05 14:02:08', NULL);
INSERT INTO `ext_relation_mapping` VALUES (129, 1001, 9, 'event', '事件', 'location_id', '', '发生地点', 'location', '地点', 'id', 'name', 0, 1, '星小图', 1, '2025-11-05 14:02:23', '星小图', 1, '2025-11-05 14:02:23', NULL);
INSERT INTO `ext_relation_mapping` VALUES (130, 1001, 9, 'faction', '', 'country_id', '', '所属', 'country', '国家', 'id', 'name', 0, 1, '星小图', 1, '2025-11-05 14:02:23', '星小图', 1, '2025-11-05 14:02:23', NULL);
INSERT INTO `ext_relation_mapping` VALUES (131, 1001, 9, 'location', '地点', 'country_id', '', '所属', 'country', '国家', 'id', 'name', 0, 1, '星小图', 1, '2025-11-05 14:02:23', '星小图', 1, '2025-11-05 14:02:23', NULL);
INSERT INTO `ext_relation_mapping` VALUES (132, 1001, 9, 'military_unit', '', 'country_id', '', '所属国家', 'country', '国家', 'id', 'name', 0, 1, '星小图', 1, '2025-11-05 14:02:23', '星小图', 1, '2025-11-05 14:02:23', NULL);
INSERT INTO `ext_relation_mapping` VALUES (133, 1001, 9, 'military_unit', '', 'faction_id', '', '所属阵营', 'faction', '', 'id', 'name', 0, 1, '星小图', 1, '2025-11-05 14:02:23', '星小图', 1, '2025-11-05 14:02:23', NULL);
INSERT INTO `ext_relation_mapping` VALUES (134, 1001, 9, 'military_unit', '', 'commander_person_id', '', '指挥官', 'person', '人物', 'id', 'full_name', 0, 1, '星小图', 1, '2025-11-05 14:02:23', '星小图', 1, '2025-11-05 14:02:23', NULL);
INSERT INTO `ext_relation_mapping` VALUES (135, 1001, 9, 'person', '人物', 'country_id', '', '所属', 'country', '国家', 'id', 'name', 0, 1, '星小图', 1, '2025-11-05 14:02:23', '星小图', 1, '2025-11-05 14:02:23', NULL);
INSERT INTO `ext_relation_mapping` VALUES (136, 1001, 9, 'strategy', '', 'faction_id', '', '执行阵营', 'faction', '', 'id', 'name', 0, 1, '星小图', 1, '2025-11-05 14:02:23', '星小图', 1, '2025-11-05 14:02:23', NULL);
INSERT INTO `ext_relation_mapping` VALUES (137, 1001, 9, 'treaty', '', 'location_id', '', '签署地点', 'location', '地点', 'id', 'name', 0, 1, '星小图', 1, '2025-11-05 14:02:23', '星小图', 1, '2025-11-05 14:02:23', NULL);
INSERT INTO `ext_relation_mapping` VALUES (138, 1001, 9, 'event', '事件', 'location_id', '', '发生地点', 'location', '地点', 'id', 'name', 0, 1, '星小图', 1, '2025-11-05 14:04:48', '星小图', 1, '2025-11-05 14:04:48', NULL);
INSERT INTO `ext_relation_mapping` VALUES (139, 1001, 9, 'faction', '', 'country_id', '', '所属', 'country', '国家', 'id', 'name', 0, 1, '星小图', 1, '2025-11-05 14:04:48', '星小图', 1, '2025-11-05 14:04:48', NULL);
INSERT INTO `ext_relation_mapping` VALUES (140, 1001, 9, 'location', '地点', 'country_id', '', '所属', 'country', '国家', 'id', 'name', 0, 1, '星小图', 1, '2025-11-05 14:04:48', '星小图', 1, '2025-11-05 14:04:48', NULL);
INSERT INTO `ext_relation_mapping` VALUES (141, 1001, 9, 'military_unit', '', 'country_id', '', '所属国家', 'country', '国家', 'id', 'name', 0, 1, '星小图', 1, '2025-11-05 14:04:48', '星小图', 1, '2025-11-05 14:04:48', NULL);
INSERT INTO `ext_relation_mapping` VALUES (142, 1001, 9, 'military_unit', '', 'faction_id', '', '所属阵营', 'faction', '', 'id', 'name', 0, 1, '星小图', 1, '2025-11-05 14:04:48', '星小图', 1, '2025-11-05 14:04:48', NULL);
INSERT INTO `ext_relation_mapping` VALUES (143, 1001, 9, 'military_unit', '', 'commander_person_id', '', '指挥官', 'person', '人物', 'id', 'full_name', 0, 1, '星小图', 1, '2025-11-05 14:04:48', '星小图', 1, '2025-11-05 14:04:48', NULL);
INSERT INTO `ext_relation_mapping` VALUES (144, 1001, 9, 'person', '人物', 'country_id', '', '所属', 'country', '国家', 'id', 'name', 0, 1, '星小图', 1, '2025-11-05 14:04:48', '星小图', 1, '2025-11-05 14:04:48', NULL);
INSERT INTO `ext_relation_mapping` VALUES (145, 1001, 9, 'strategy', '', 'faction_id', '', '执行阵营', 'faction', '', 'id', 'name', 0, 1, '星小图', 1, '2025-11-05 14:04:48', '星小图', 1, '2025-11-05 14:04:48', NULL);
INSERT INTO `ext_relation_mapping` VALUES (146, 1001, 9, 'treaty', '', 'location_id', '', '签署地点', 'location', '地点', 'id', 'name', 0, 1, '星小图', 1, '2025-11-05 14:04:48', '星小图', 1, '2025-11-05 14:04:48', NULL);
INSERT INTO `ext_relation_mapping` VALUES (147, 1001, 9, 'event', '事件', 'location_id', '', '发生地点', 'location', '地点', 'id', 'name', 0, 1, '星小图', 1, '2025-11-05 14:07:04', '星小图', 1, '2025-11-05 14:07:04', NULL);
INSERT INTO `ext_relation_mapping` VALUES (148, 1001, 9, 'faction', '', 'country_id', '', '所属', 'country', '国家', 'id', 'name', 0, 1, '星小图', 1, '2025-11-05 14:07:05', '星小图', 1, '2025-11-05 14:07:05', NULL);
INSERT INTO `ext_relation_mapping` VALUES (149, 1001, 9, 'location', '地点', 'country_id', '', '所属', 'country', '国家', 'id', 'name', 0, 1, '星小图', 1, '2025-11-05 14:07:05', '星小图', 1, '2025-11-05 14:07:05', NULL);
INSERT INTO `ext_relation_mapping` VALUES (150, 1001, 9, 'military_unit', '', 'country_id', '', '所属国家', 'country', '国家', 'id', 'name', 0, 1, '星小图', 1, '2025-11-05 14:07:05', '星小图', 1, '2025-11-05 14:07:05', NULL);
INSERT INTO `ext_relation_mapping` VALUES (151, 1001, 9, 'military_unit', '', 'faction_id', '', '所属阵营', 'faction', '', 'id', 'name', 0, 1, '星小图', 1, '2025-11-05 14:07:05', '星小图', 1, '2025-11-05 14:07:05', NULL);
INSERT INTO `ext_relation_mapping` VALUES (152, 1001, 9, 'military_unit', '', 'commander_person_id', '', '指挥官', 'person', '人物', 'id', 'full_name', 0, 1, '星小图', 1, '2025-11-05 14:07:05', '星小图', 1, '2025-11-05 14:07:05', NULL);
INSERT INTO `ext_relation_mapping` VALUES (153, 1001, 9, 'person', '人物', 'country_id', '', '所属', 'country', '国家', 'id', 'name', 0, 1, '星小图', 1, '2025-11-05 14:07:05', '星小图', 1, '2025-11-05 14:07:05', NULL);
INSERT INTO `ext_relation_mapping` VALUES (154, 1001, 9, 'strategy', '', 'faction_id', '', '执行阵营', 'faction', '', 'id', 'name', 0, 1, '星小图', 1, '2025-11-05 14:07:05', '星小图', 1, '2025-11-05 14:07:05', NULL);
INSERT INTO `ext_relation_mapping` VALUES (155, 1001, 9, 'treaty', '', 'location_id', '', '签署地点', 'location', '地点', 'id', 'name', 0, 1, '星小图', 1, '2025-11-05 14:07:05', '星小图', 1, '2025-11-05 14:07:05', NULL);
INSERT INTO `ext_relation_mapping` VALUES (156, 1001, 9, 'event', '事件', 'location_id', '', '发生地点', 'location', '地点', 'id', 'name', 0, 1, '星小图', 1, '2025-11-05 14:13:25', '星小图', 1, '2025-11-05 14:13:25', NULL);
INSERT INTO `ext_relation_mapping` VALUES (157, 1001, 9, 'faction', '', 'country_id', '', '所属', 'country', '国家', 'id', 'name', 0, 1, '星小图', 1, '2025-11-05 14:13:25', '星小图', 1, '2025-11-05 14:13:25', NULL);
INSERT INTO `ext_relation_mapping` VALUES (158, 1001, 9, 'location', '地点', 'country_id', '', '所属', 'country', '国家', 'id', 'name', 0, 1, '星小图', 1, '2025-11-05 14:13:25', '星小图', 1, '2025-11-05 14:13:25', NULL);
INSERT INTO `ext_relation_mapping` VALUES (159, 1001, 9, 'military_unit', '', 'country_id', '', '所属国家', 'country', '国家', 'id', 'name', 0, 1, '星小图', 1, '2025-11-05 14:13:25', '星小图', 1, '2025-11-05 14:13:25', NULL);
INSERT INTO `ext_relation_mapping` VALUES (160, 1001, 9, 'military_unit', '', 'faction_id', '', '所属阵营', 'faction', '', 'id', 'name', 0, 1, '星小图', 1, '2025-11-05 14:13:25', '星小图', 1, '2025-11-05 14:13:25', NULL);
INSERT INTO `ext_relation_mapping` VALUES (161, 1001, 9, 'military_unit', '', 'commander_person_id', '', '指挥官', 'person', '人物', 'id', 'full_name', 0, 1, '星小图', 1, '2025-11-05 14:13:25', '星小图', 1, '2025-11-05 14:13:25', NULL);
INSERT INTO `ext_relation_mapping` VALUES (162, 1001, 9, 'person', '人物', 'country_id', '', '所属', 'country', '国家', 'id', 'name', 0, 1, '星小图', 1, '2025-11-05 14:13:25', '星小图', 1, '2025-11-05 14:13:25', NULL);
INSERT INTO `ext_relation_mapping` VALUES (163, 1001, 9, 'strategy', '', 'faction_id', '', '执行阵营', 'faction', '', 'id', 'name', 0, 1, '星小图', 1, '2025-11-05 14:13:25', '星小图', 1, '2025-11-05 14:13:25', NULL);
INSERT INTO `ext_relation_mapping` VALUES (164, 1001, 9, 'treaty', '', 'location_id', '', '签署地点', 'location', '地点', 'id', 'name', 0, 1, '星小图', 1, '2025-11-05 14:13:25', '星小图', 1, '2025-11-05 14:13:25', NULL);
INSERT INTO `ext_relation_mapping` VALUES (165, 1001, 9, 'event', '事件', 'location_id', '', '发生地点', 'location', '地点', 'id', 'name', 0, 1, '星小图', 1, '2025-11-05 14:14:46', '星小图', 1, '2025-11-05 14:14:46', NULL);
INSERT INTO `ext_relation_mapping` VALUES (166, 1001, 9, 'faction', '', 'country_id', '', '所属', 'country', '国家', 'id', 'name', 0, 1, '星小图', 1, '2025-11-05 14:14:46', '星小图', 1, '2025-11-05 14:14:46', NULL);
INSERT INTO `ext_relation_mapping` VALUES (167, 1001, 9, 'location', '地点', 'country_id', '', '所属', 'country', '国家', 'id', 'name', 0, 1, '星小图', 1, '2025-11-05 14:14:46', '星小图', 1, '2025-11-05 14:14:46', NULL);
INSERT INTO `ext_relation_mapping` VALUES (168, 1001, 9, 'military_unit', '', 'country_id', '', '所属国家', 'country', '国家', 'id', 'name', 0, 1, '星小图', 1, '2025-11-05 14:14:46', '星小图', 1, '2025-11-05 14:14:46', NULL);
INSERT INTO `ext_relation_mapping` VALUES (169, 1001, 9, 'military_unit', '', 'faction_id', '', '所属阵营', 'faction', '', 'id', 'name', 0, 1, '星小图', 1, '2025-11-05 14:14:46', '星小图', 1, '2025-11-05 14:14:46', NULL);
INSERT INTO `ext_relation_mapping` VALUES (170, 1001, 9, 'military_unit', '', 'commander_person_id', '', '指挥官', 'person', '人物', 'id', 'full_name', 0, 1, '星小图', 1, '2025-11-05 14:14:46', '星小图', 1, '2025-11-05 14:14:46', NULL);
INSERT INTO `ext_relation_mapping` VALUES (171, 1001, 9, 'person', '人物', 'country_id', '', '所属', 'country', '国家', 'id', 'name', 0, 1, '星小图', 1, '2025-11-05 14:14:46', '星小图', 1, '2025-11-05 14:14:46', NULL);
INSERT INTO `ext_relation_mapping` VALUES (172, 1001, 9, 'strategy', '', 'faction_id', '', '执行阵营', 'faction', '', 'id', 'name', 0, 1, '星小图', 1, '2025-11-05 14:14:46', '星小图', 1, '2025-11-05 14:14:46', NULL);
INSERT INTO `ext_relation_mapping` VALUES (173, 1001, 9, 'treaty', '', 'location_id', '', '签署地点', 'location', '地点', 'id', 'name', 0, 1, '星小图', 1, '2025-11-05 14:14:46', '星小图', 1, '2025-11-05 14:14:46', NULL);
INSERT INTO `ext_relation_mapping` VALUES (174, 1001, 9, 'event', '事件', 'location_id', '', '发生地点', 'location', '地点', 'id', 'name', 0, 1, '星小图', 1, '2025-11-05 14:18:32', '星小图', 1, '2025-11-05 14:18:32', NULL);
INSERT INTO `ext_relation_mapping` VALUES (175, 1001, 9, 'faction', '', 'country_id', '', '所属', 'country', '国家', 'id', 'name', 0, 1, '星小图', 1, '2025-11-05 14:18:32', '星小图', 1, '2025-11-05 14:18:32', NULL);
INSERT INTO `ext_relation_mapping` VALUES (176, 1001, 9, 'location', '地点', 'country_id', '', '所属', 'country', '国家', 'id', 'name', 0, 1, '星小图', 1, '2025-11-05 14:18:32', '星小图', 1, '2025-11-05 14:18:32', NULL);
INSERT INTO `ext_relation_mapping` VALUES (177, 1001, 9, 'military_unit', '', 'country_id', '', '所属国家', 'country', '国家', 'id', 'name', 0, 1, '星小图', 1, '2025-11-05 14:18:32', '星小图', 1, '2025-11-05 14:18:32', NULL);
INSERT INTO `ext_relation_mapping` VALUES (178, 1001, 9, 'military_unit', '', 'faction_id', '', '所属阵营', 'faction', '', 'id', 'name', 0, 1, '星小图', 1, '2025-11-05 14:18:32', '星小图', 1, '2025-11-05 14:18:32', NULL);
INSERT INTO `ext_relation_mapping` VALUES (179, 1001, 9, 'military_unit', '', 'commander_person_id', '', '指挥官', 'person', '人物', 'id', 'full_name', 0, 1, '星小图', 1, '2025-11-05 14:18:32', '星小图', 1, '2025-11-05 14:18:32', NULL);
INSERT INTO `ext_relation_mapping` VALUES (180, 1001, 9, 'person', '人物', 'country_id', '', '所属', 'country', '国家', 'id', 'name', 0, 1, '星小图', 1, '2025-11-05 14:18:32', '星小图', 1, '2025-11-05 14:18:32', NULL);
INSERT INTO `ext_relation_mapping` VALUES (181, 1001, 9, 'strategy', '', 'faction_id', '', '执行阵营', 'faction', '', 'id', 'name', 0, 1, '星小图', 1, '2025-11-05 14:18:32', '星小图', 1, '2025-11-05 14:18:32', NULL);
INSERT INTO `ext_relation_mapping` VALUES (182, 1001, 9, 'treaty', '', 'location_id', '', '签署地点', 'location', '地点', 'id', 'name', 0, 1, '星小图', 1, '2025-11-05 14:18:32', '星小图', 1, '2025-11-05 14:18:32', NULL);
INSERT INTO `ext_relation_mapping` VALUES (183, 1001, 9, 'event', '事件', 'location_id', '', '发生地点', 'location', '地点', 'id', 'name', 0, 1, '星小图', 1, '2025-11-05 14:20:06', '星小图', 1, '2025-11-05 14:20:06', NULL);
INSERT INTO `ext_relation_mapping` VALUES (184, 1001, 9, 'faction', '', 'country_id', '', '所属', 'country', '国家', 'id', 'name', 0, 1, '星小图', 1, '2025-11-05 14:20:11', '星小图', 1, '2025-11-05 14:20:11', NULL);
INSERT INTO `ext_relation_mapping` VALUES (185, 1001, 9, 'location', '地点', 'country_id', '', '所属', 'country', '国家', 'id', 'name', 0, 1, '星小图', 1, '2025-11-05 14:20:15', '星小图', 1, '2025-11-05 14:20:15', NULL);
INSERT INTO `ext_relation_mapping` VALUES (186, 1001, 9, 'military_unit', '', 'country_id', '', '所属国家', 'country', '国家', 'id', 'name', 0, 1, '星小图', 1, '2025-11-05 14:20:16', '星小图', 1, '2025-11-05 14:20:16', NULL);
INSERT INTO `ext_relation_mapping` VALUES (187, 1001, 9, 'military_unit', '', 'faction_id', '', '所属阵营', 'faction', '', 'id', 'name', 0, 1, '星小图', 1, '2025-11-05 14:20:16', '星小图', 1, '2025-11-05 14:20:16', NULL);
INSERT INTO `ext_relation_mapping` VALUES (188, 1001, 9, 'military_unit', '', 'commander_person_id', '', '指挥官', 'person', '人物', 'id', 'full_name', 0, 1, '星小图', 1, '2025-11-05 14:20:16', '星小图', 1, '2025-11-05 14:20:16', NULL);
INSERT INTO `ext_relation_mapping` VALUES (189, 1001, 9, 'person', '人物', 'country_id', '', '所属', 'country', '国家', 'id', 'name', 0, 1, '星小图', 1, '2025-11-05 14:23:48', '星小图', 1, '2025-11-05 14:23:48', NULL);
INSERT INTO `ext_relation_mapping` VALUES (190, 1001, 9, 'strategy', '', 'faction_id', '', '执行阵营', 'faction', '', 'id', 'name', 0, 1, '星小图', 1, '2025-11-05 14:23:55', '星小图', 1, '2025-11-05 14:23:55', NULL);
INSERT INTO `ext_relation_mapping` VALUES (191, 1001, 9, 'treaty', '', 'location_id', '', '签署地点', 'location', '地点', 'id', 'name', 0, 1, '星小图', 1, '2025-11-05 14:23:55', '星小图', 1, '2025-11-05 14:23:55', NULL);
INSERT INTO `ext_relation_mapping` VALUES (192, 1001, 9, 'event', '事件', 'location_id', '', '发生地点', 'location', '地点', 'id', 'name', 0, 1, '星小图', 1, '2025-11-05 14:38:06', '星小图', 1, '2025-11-05 14:38:06', NULL);
INSERT INTO `ext_relation_mapping` VALUES (193, 1001, 9, 'faction', '', 'country_id', '', '所属', 'country', '国家', 'id', 'name', 0, 1, '星小图', 1, '2025-11-05 14:38:06', '星小图', 1, '2025-11-05 14:38:06', NULL);
INSERT INTO `ext_relation_mapping` VALUES (194, 1001, 9, 'location', '地点', 'country_id', '', '所属', 'country', '国家', 'id', 'name', 0, 1, '星小图', 1, '2025-11-05 14:38:06', '星小图', 1, '2025-11-05 14:38:06', NULL);
INSERT INTO `ext_relation_mapping` VALUES (195, 1001, 9, 'military_unit', '', 'country_id', '', '所属国家', 'country', '国家', 'id', 'name', 0, 1, '星小图', 1, '2025-11-05 14:38:06', '星小图', 1, '2025-11-05 14:38:06', NULL);
INSERT INTO `ext_relation_mapping` VALUES (196, 1001, 9, 'military_unit', '', 'faction_id', '', '所属阵营', 'faction', '', 'id', 'name', 0, 1, '星小图', 1, '2025-11-05 14:38:06', '星小图', 1, '2025-11-05 14:38:06', NULL);
INSERT INTO `ext_relation_mapping` VALUES (197, 1001, 9, 'military_unit', '', 'commander_person_id', '', '指挥官', 'person', '人物', 'id', 'full_name', 0, 1, '星小图', 1, '2025-11-05 14:38:06', '星小图', 1, '2025-11-05 14:38:06', NULL);
INSERT INTO `ext_relation_mapping` VALUES (198, 1001, 9, 'person', '人物', 'country_id', '', '所属', 'country', '国家', 'id', 'name', 0, 1, '星小图', 1, '2025-11-05 14:38:06', '星小图', 1, '2025-11-05 14:38:06', NULL);
INSERT INTO `ext_relation_mapping` VALUES (199, 1001, 9, 'strategy', '', 'faction_id', '', '执行阵营', 'faction', '', 'id', 'name', 0, 1, '星小图', 1, '2025-11-05 14:38:06', '星小图', 1, '2025-11-05 14:38:06', NULL);
INSERT INTO `ext_relation_mapping` VALUES (200, 1001, 9, 'treaty', '', 'location_id', '', '签署地点', 'location', '地点', 'id', 'name', 0, 1, '星小图', 1, '2025-11-05 14:38:06', '星小图', 1, '2025-11-05 14:38:06', NULL);
INSERT INTO `ext_relation_mapping` VALUES (201, 1001, 9, 'event', '事件', 'location_id', '', '发生地点', 'location', '地点', 'id', 'name', 0, 1, '星小图', 1, '2025-11-05 14:43:07', '星小图', 1, '2025-11-05 14:43:07', NULL);
INSERT INTO `ext_relation_mapping` VALUES (202, 1001, 9, 'faction', '', 'country_id', '', '所属', 'country', '国家', 'id', 'name', 0, 1, '星小图', 1, '2025-11-05 14:43:07', '星小图', 1, '2025-11-05 14:43:07', NULL);
INSERT INTO `ext_relation_mapping` VALUES (203, 1001, 9, 'location', '地点', 'country_id', '', '所属', 'country', '国家', 'id', 'name', 0, 1, '星小图', 1, '2025-11-05 14:43:07', '星小图', 1, '2025-11-05 14:43:07', NULL);
INSERT INTO `ext_relation_mapping` VALUES (204, 1001, 9, 'military_unit', '', 'country_id', '', '所属国家', 'country', '国家', 'id', 'name', 0, 1, '星小图', 1, '2025-11-05 14:43:07', '星小图', 1, '2025-11-05 14:43:07', NULL);
INSERT INTO `ext_relation_mapping` VALUES (205, 1001, 9, 'military_unit', '', 'faction_id', '', '所属阵营', 'faction', '', 'id', 'name', 0, 1, '星小图', 1, '2025-11-05 14:43:07', '星小图', 1, '2025-11-05 14:43:07', NULL);
INSERT INTO `ext_relation_mapping` VALUES (206, 1001, 9, 'military_unit', '', 'commander_person_id', '', '指挥官', 'person', '人物', 'id', 'full_name', 0, 1, '星小图', 1, '2025-11-05 14:43:07', '星小图', 1, '2025-11-05 14:43:07', NULL);
INSERT INTO `ext_relation_mapping` VALUES (207, 1001, 9, 'person', '人物', 'country_id', '', '所属', 'country', '国家', 'id', 'name', 0, 1, '星小图', 1, '2025-11-05 14:43:07', '星小图', 1, '2025-11-05 14:43:07', NULL);
INSERT INTO `ext_relation_mapping` VALUES (208, 1001, 9, 'strategy', '', 'faction_id', '', '执行阵营', 'faction', '', 'id', 'name', 0, 1, '星小图', 1, '2025-11-05 14:43:07', '星小图', 1, '2025-11-05 14:43:07', NULL);
INSERT INTO `ext_relation_mapping` VALUES (209, 1001, 9, 'treaty', '', 'location_id', '', '签署地点', 'location', '地点', 'id', 'name', 0, 1, '星小图', 1, '2025-11-05 14:43:07', '星小图', 1, '2025-11-05 14:43:07', NULL);
INSERT INTO `ext_relation_mapping` VALUES (210, 1001, 9, 'event', '事件', 'location_id', '', '发生地点', 'location', '地点', 'id', 'name', 0, 1, '星小图', 1, '2025-11-05 15:07:27', '星小图', 1, '2025-11-05 15:07:27', NULL);
INSERT INTO `ext_relation_mapping` VALUES (211, 1001, 9, 'faction', '', 'country_id', '', '所属', 'country', '国家', 'id', 'name', 0, 1, '星小图', 1, '2025-11-05 15:07:27', '星小图', 1, '2025-11-05 15:07:27', NULL);
INSERT INTO `ext_relation_mapping` VALUES (212, 1001, 9, 'location', '地点', 'country_id', '', '所属', 'country', '国家', 'id', 'name', 0, 1, '星小图', 1, '2025-11-05 15:07:27', '星小图', 1, '2025-11-05 15:07:27', NULL);
INSERT INTO `ext_relation_mapping` VALUES (213, 1001, 9, 'military_unit', '', 'country_id', '', '所属国家', 'country', '国家', 'id', 'name', 0, 1, '星小图', 1, '2025-11-05 15:07:27', '星小图', 1, '2025-11-05 15:07:27', NULL);
INSERT INTO `ext_relation_mapping` VALUES (214, 1001, 9, 'military_unit', '', 'faction_id', '', '所属阵营', 'faction', '', 'id', 'name', 0, 1, '星小图', 1, '2025-11-05 15:07:27', '星小图', 1, '2025-11-05 15:07:27', NULL);
INSERT INTO `ext_relation_mapping` VALUES (215, 1001, 9, 'military_unit', '', 'commander_person_id', '', '指挥官', 'person', '人物', 'id', 'full_name', 0, 1, '星小图', 1, '2025-11-05 15:07:27', '星小图', 1, '2025-11-05 15:07:27', NULL);
INSERT INTO `ext_relation_mapping` VALUES (216, 1001, 9, 'person', '人物', 'country_id', '', '所属', 'country', '国家', 'id', 'name', 0, 1, '星小图', 1, '2025-11-05 15:07:27', '星小图', 1, '2025-11-05 15:07:27', NULL);
INSERT INTO `ext_relation_mapping` VALUES (217, 1001, 9, 'strategy', '', 'faction_id', '', '执行阵营', 'faction', '', 'id', 'name', 0, 1, '星小图', 1, '2025-11-05 15:07:27', '星小图', 1, '2025-11-05 15:07:27', NULL);
INSERT INTO `ext_relation_mapping` VALUES (218, 1001, 9, 'treaty', '', 'location_id', '', '签署地点', 'location', '地点', 'id', 'name', 0, 1, '星小图', 1, '2025-11-05 15:07:27', '星小图', 1, '2025-11-05 15:07:27', NULL);
INSERT INTO `ext_relation_mapping` VALUES (219, 1001, 9, 'event', '事件', 'location_id', '', '发生地点', 'location', '地点', 'id', 'name', 0, 1, '星小图', 1, '2025-11-05 15:42:35', '星小图', 1, '2025-11-05 15:42:35', NULL);
INSERT INTO `ext_relation_mapping` VALUES (220, 1001, 9, 'faction', '', 'country_id', '', '所属', 'country', '国家', 'id', 'name', 0, 1, '星小图', 1, '2025-11-05 15:42:35', '星小图', 1, '2025-11-05 15:42:35', NULL);
INSERT INTO `ext_relation_mapping` VALUES (221, 1001, 9, 'location', '地点', 'country_id', '', '所属', 'country', '国家', 'id', 'name', 0, 1, '星小图', 1, '2025-11-05 15:42:35', '星小图', 1, '2025-11-05 15:42:35', NULL);
INSERT INTO `ext_relation_mapping` VALUES (222, 1001, 9, 'military_unit', '', 'country_id', '', '所属国家', 'country', '国家', 'id', 'name', 0, 1, '星小图', 1, '2025-11-05 15:42:35', '星小图', 1, '2025-11-05 15:42:35', NULL);
INSERT INTO `ext_relation_mapping` VALUES (223, 1001, 9, 'military_unit', '', 'faction_id', '', '所属阵营', 'faction', '', 'id', 'name', 0, 1, '星小图', 1, '2025-11-05 15:42:35', '星小图', 1, '2025-11-05 15:42:35', NULL);
INSERT INTO `ext_relation_mapping` VALUES (224, 1001, 9, 'military_unit', '', 'commander_person_id', '', '指挥官', 'person', '人物', 'id', 'full_name', 0, 1, '星小图', 1, '2025-11-05 15:42:35', '星小图', 1, '2025-11-05 15:42:35', NULL);
INSERT INTO `ext_relation_mapping` VALUES (225, 1001, 9, 'person', '人物', 'country_id', '', '所属', 'country', '国家', 'id', 'name', 0, 1, '星小图', 1, '2025-11-05 15:42:35', '星小图', 1, '2025-11-05 15:42:35', NULL);
INSERT INTO `ext_relation_mapping` VALUES (226, 1001, 9, 'strategy', '', 'faction_id', '', '执行阵营', 'faction', '', 'id', 'name', 0, 1, '星小图', 1, '2025-11-05 15:42:35', '星小图', 1, '2025-11-05 15:42:35', NULL);
INSERT INTO `ext_relation_mapping` VALUES (227, 1001, 9, 'treaty', '', 'location_id', '', '签署地点', 'location', '地点', 'id', 'name', 0, 1, '星小图', 1, '2025-11-05 15:42:35', '星小图', 1, '2025-11-05 15:42:35', NULL);
INSERT INTO `ext_relation_mapping` VALUES (228, 1001, 10, 'event', '事件', 'location_id', '', '发生地点', 'location', '地点', 'id', 'name', 0, 1, '星小图', 1, '2025-11-05 15:49:00', '星小图', 1, '2025-11-05 15:49:00', NULL);
INSERT INTO `ext_relation_mapping` VALUES (229, 1001, 10, 'faction', '', 'country_id', '', '所属', 'country', '国家', 'id', 'name', 0, 1, '星小图', 1, '2025-11-05 15:49:00', '星小图', 1, '2025-11-05 15:49:00', NULL);
INSERT INTO `ext_relation_mapping` VALUES (230, 1001, 10, 'location', '地点', 'country_id', '', '所属', 'country', '国家', 'id', 'name', 0, 1, '星小图', 1, '2025-11-05 15:49:00', '星小图', 1, '2025-11-05 15:49:00', NULL);
INSERT INTO `ext_relation_mapping` VALUES (231, 1001, 10, 'military_unit', '', 'country_id', '', '所属国家', 'country', '国家', 'id', 'name', 0, 1, '星小图', 1, '2025-11-05 15:49:00', '星小图', 1, '2025-11-05 15:49:00', NULL);
INSERT INTO `ext_relation_mapping` VALUES (232, 1001, 10, 'military_unit', '', 'faction_id', '', '所属阵营', 'faction', '', 'id', 'name', 0, 1, '星小图', 1, '2025-11-05 15:49:00', '星小图', 1, '2025-11-05 15:49:00', NULL);
INSERT INTO `ext_relation_mapping` VALUES (233, 1001, 10, 'military_unit', '', 'commander_person_id', '', '指挥官', 'person', '人物', 'id', 'full_name', 0, 1, '星小图', 1, '2025-11-05 15:49:00', '星小图', 1, '2025-11-05 15:49:00', NULL);
INSERT INTO `ext_relation_mapping` VALUES (234, 1001, 10, 'person', '人物', 'country_id', '', '所属', 'country', '国家', 'id', 'name', 0, 1, '星小图', 1, '2025-11-05 15:49:00', '星小图', 1, '2025-11-05 15:49:00', NULL);
INSERT INTO `ext_relation_mapping` VALUES (235, 1001, 10, 'treaty', '', 'location_id', '', '签署地点', 'country', '国家', 'id', 'name', 0, 1, '星小图', 1, '2025-11-05 15:49:00', '星小图', 1, '2025-11-05 15:49:00', NULL);
INSERT INTO `ext_relation_mapping` VALUES (236, 1001, 10, 'event', '事件', 'location_id', '', '发生地点', 'location', '地点', 'id', 'name', 0, 1, '星小图', 1, '2025-11-05 16:23:49', '星小图', 1, '2025-11-05 16:23:49', NULL);
INSERT INTO `ext_relation_mapping` VALUES (237, 1001, 10, 'faction', '', 'country_id', '', '所属', 'country', '国家', 'id', 'name', 0, 1, '星小图', 1, '2025-11-05 16:23:49', '星小图', 1, '2025-11-05 16:23:49', NULL);
INSERT INTO `ext_relation_mapping` VALUES (238, 1001, 10, 'location', '地点', 'country_id', '', '所属', 'country', '国家', 'id', 'name', 0, 1, '星小图', 1, '2025-11-05 16:23:49', '星小图', 1, '2025-11-05 16:23:49', NULL);
INSERT INTO `ext_relation_mapping` VALUES (239, 1001, 10, 'military_unit', '', 'country_id', '', '所属国家', 'country', '国家', 'id', 'name', 0, 1, '星小图', 1, '2025-11-05 16:23:49', '星小图', 1, '2025-11-05 16:23:49', NULL);
INSERT INTO `ext_relation_mapping` VALUES (240, 1001, 10, 'military_unit', '', 'faction_id', '', '所属阵营', 'faction', '', 'id', 'name', 0, 1, '星小图', 1, '2025-11-05 16:23:49', '星小图', 1, '2025-11-05 16:23:49', NULL);
INSERT INTO `ext_relation_mapping` VALUES (241, 1001, 10, 'military_unit', '', 'commander_person_id', '', '指挥官', 'person', '人物', 'id', 'full_name', 0, 1, '星小图', 1, '2025-11-05 16:23:49', '星小图', 1, '2025-11-05 16:23:49', NULL);
INSERT INTO `ext_relation_mapping` VALUES (242, 1001, 10, 'person', '人物', 'country_id', '', '所属', 'country', '国家', 'id', 'name', 0, 1, '星小图', 1, '2025-11-05 16:23:49', '星小图', 1, '2025-11-05 16:23:49', NULL);
INSERT INTO `ext_relation_mapping` VALUES (243, 1001, 10, 'treaty', '', 'location_id', '', '签署地点', 'country', '国家', 'id', 'name', 0, 1, '星小图', 1, '2025-11-05 16:23:49', '星小图', 1, '2025-11-05 16:23:49', NULL);
INSERT INTO `ext_relation_mapping` VALUES (244, 1001, 10, 'event', '事件', 'location_id', '', '发生地点', 'location', '地点', 'id', 'name', 0, 1, '星小图', 1, '2025-11-05 16:24:23', '星小图', 1, '2025-11-05 16:24:23', NULL);
INSERT INTO `ext_relation_mapping` VALUES (245, 1001, 10, 'faction', '', 'country_id', '', '所属', 'country', '国家', 'id', 'name', 0, 1, '星小图', 1, '2025-11-05 16:24:23', '星小图', 1, '2025-11-05 16:24:23', NULL);
INSERT INTO `ext_relation_mapping` VALUES (246, 1001, 10, 'location', '地点', 'country_id', '', '所属', 'country', '国家', 'id', 'name', 0, 1, '星小图', 1, '2025-11-05 16:24:23', '星小图', 1, '2025-11-05 16:24:23', NULL);
INSERT INTO `ext_relation_mapping` VALUES (247, 1001, 10, 'military_unit', '', 'country_id', '', '所属国家', 'country', '国家', 'id', 'name', 0, 1, '星小图', 1, '2025-11-05 16:24:23', '星小图', 1, '2025-11-05 16:24:23', NULL);
INSERT INTO `ext_relation_mapping` VALUES (248, 1001, 10, 'military_unit', '', 'faction_id', '', '所属阵营', 'faction', '', 'id', 'name', 0, 1, '星小图', 1, '2025-11-05 16:24:23', '星小图', 1, '2025-11-05 16:24:23', NULL);
INSERT INTO `ext_relation_mapping` VALUES (249, 1001, 10, 'military_unit', '', 'commander_person_id', '', '指挥官', 'person', '人物', 'id', 'full_name', 0, 1, '星小图', 1, '2025-11-05 16:24:23', '星小图', 1, '2025-11-05 16:24:23', NULL);
INSERT INTO `ext_relation_mapping` VALUES (250, 1001, 10, 'person', '人物', 'country_id', '', '所属', 'country', '国家', 'id', 'name', 0, 1, '星小图', 1, '2025-11-05 16:24:23', '星小图', 1, '2025-11-05 16:24:23', NULL);
INSERT INTO `ext_relation_mapping` VALUES (251, 1001, 10, 'treaty', '', 'location_id', '', '签署地点', 'country', '国家', 'id', 'name', 0, 1, '星小图', 1, '2025-11-05 16:24:23', '星小图', 1, '2025-11-05 16:24:23', NULL);
INSERT INTO `ext_relation_mapping` VALUES (252, 1001, 10, 'event', '事件', 'location_id', '', '发生地点', 'location', '地点', 'id', 'name', 0, 1, '星小图', 1, '2025-11-05 16:25:49', '星小图', 1, '2025-11-05 16:25:49', NULL);
INSERT INTO `ext_relation_mapping` VALUES (253, 1001, 10, 'faction', '', 'country_id', '', '所属', 'country', '国家', 'id', 'name', 0, 1, '星小图', 1, '2025-11-05 16:25:49', '星小图', 1, '2025-11-05 16:25:49', NULL);
INSERT INTO `ext_relation_mapping` VALUES (254, 1001, 10, 'location', '地点', 'country_id', '', '所属', 'country', '国家', 'id', 'name', 0, 1, '星小图', 1, '2025-11-05 16:25:49', '星小图', 1, '2025-11-05 16:25:49', NULL);
INSERT INTO `ext_relation_mapping` VALUES (255, 1001, 10, 'military_unit', '', 'country_id', '', '所属国家', 'country', '国家', 'id', 'name', 0, 1, '星小图', 1, '2025-11-05 16:25:49', '星小图', 1, '2025-11-05 16:25:49', NULL);
INSERT INTO `ext_relation_mapping` VALUES (256, 1001, 10, 'military_unit', '', 'faction_id', '', '所属阵营', 'faction', '', 'id', 'name', 0, 1, '星小图', 1, '2025-11-05 16:25:49', '星小图', 1, '2025-11-05 16:25:49', NULL);
INSERT INTO `ext_relation_mapping` VALUES (257, 1001, 10, 'military_unit', '', 'commander_person_id', '', '指挥官', 'person', '人物', 'id', 'full_name', 0, 1, '星小图', 1, '2025-11-05 16:25:49', '星小图', 1, '2025-11-05 16:25:49', NULL);
INSERT INTO `ext_relation_mapping` VALUES (258, 1001, 10, 'person', '人物', 'country_id', '', '所属', 'country', '国家', 'id', 'name', 0, 1, '星小图', 1, '2025-11-05 16:25:49', '星小图', 1, '2025-11-05 16:25:49', NULL);
INSERT INTO `ext_relation_mapping` VALUES (259, 1001, 10, 'treaty', '', 'location_id', '', '签署地点', 'country', '国家', 'id', 'name', 0, 1, '星小图', 1, '2025-11-05 16:25:49', '星小图', 1, '2025-11-05 16:25:49', NULL);
INSERT INTO `ext_relation_mapping` VALUES (260, 1001, 10, 'event', '事件', 'location_id', '', '发生地点', 'location', '地点', 'id', 'name', 0, 1, '星小图', 1, '2025-11-05 16:44:24', '星小图', 1, '2025-11-05 16:44:24', NULL);
INSERT INTO `ext_relation_mapping` VALUES (261, 1001, 10, 'faction', '', 'country_id', '', '所属', 'country', '国家', 'id', 'name', 0, 1, '星小图', 1, '2025-11-05 16:44:24', '星小图', 1, '2025-11-05 16:44:24', NULL);
INSERT INTO `ext_relation_mapping` VALUES (262, 1001, 10, 'location', '地点', 'country_id', '', '所属', 'country', '国家', 'id', 'name', 0, 1, '星小图', 1, '2025-11-05 16:44:24', '星小图', 1, '2025-11-05 16:44:24', NULL);
INSERT INTO `ext_relation_mapping` VALUES (263, 1001, 10, 'military_unit', '', 'country_id', '', '所属国家', 'country', '国家', 'id', 'name', 0, 1, '星小图', 1, '2025-11-05 16:44:24', '星小图', 1, '2025-11-05 16:44:24', NULL);
INSERT INTO `ext_relation_mapping` VALUES (264, 1001, 10, 'military_unit', '', 'faction_id', '', '所属阵营', 'faction', '', 'id', 'name', 0, 1, '星小图', 1, '2025-11-05 16:44:24', '星小图', 1, '2025-11-05 16:44:24', NULL);
INSERT INTO `ext_relation_mapping` VALUES (265, 1001, 10, 'military_unit', '', 'commander_person_id', '', '指挥官', 'person', '人物', 'id', 'full_name', 0, 1, '星小图', 1, '2025-11-05 16:44:24', '星小图', 1, '2025-11-05 16:44:24', NULL);
INSERT INTO `ext_relation_mapping` VALUES (266, 1001, 10, 'person', '人物', 'country_id', '', '所属', 'country', '国家', 'id', 'name', 0, 1, '星小图', 1, '2025-11-05 16:44:24', '星小图', 1, '2025-11-05 16:44:24', NULL);
INSERT INTO `ext_relation_mapping` VALUES (267, 1001, 10, 'treaty', '', 'location_id', '', '签署地点', 'country', '国家', 'id', 'name', 0, 1, '星小图', 1, '2025-11-05 16:44:24', '星小图', 1, '2025-11-05 16:44:24', NULL);
INSERT INTO `ext_relation_mapping` VALUES (268, 1001, 10, 'event', '事件', 'location_id', '', '发生地点', 'location', '地点', 'id', 'name', 0, 1, '星小图', 1, '2025-11-05 17:00:09', '星小图', 1, '2025-11-05 17:00:09', NULL);
INSERT INTO `ext_relation_mapping` VALUES (269, 1001, 10, 'faction', '', 'country_id', '', '所属', 'country', '国家', 'id', 'name', 0, 1, '星小图', 1, '2025-11-05 17:00:09', '星小图', 1, '2025-11-05 17:00:09', NULL);
INSERT INTO `ext_relation_mapping` VALUES (270, 1001, 10, 'location', '地点', 'country_id', '', '所属', 'country', '国家', 'id', 'name', 0, 1, '星小图', 1, '2025-11-05 17:00:09', '星小图', 1, '2025-11-05 17:00:09', NULL);
INSERT INTO `ext_relation_mapping` VALUES (271, 1001, 10, 'military_unit', '', 'country_id', '', '所属国家', 'country', '国家', 'id', 'name', 0, 1, '星小图', 1, '2025-11-05 17:00:09', '星小图', 1, '2025-11-05 17:00:09', NULL);
INSERT INTO `ext_relation_mapping` VALUES (272, 1001, 10, 'military_unit', '', 'faction_id', '', '所属阵营', 'faction', '', 'id', 'name', 0, 1, '星小图', 1, '2025-11-05 17:00:09', '星小图', 1, '2025-11-05 17:00:09', NULL);
INSERT INTO `ext_relation_mapping` VALUES (273, 1001, 10, 'military_unit', '', 'commander_person_id', '', '指挥官', 'person', '人物', 'id', 'full_name', 0, 1, '星小图', 1, '2025-11-05 17:00:09', '星小图', 1, '2025-11-05 17:00:09', NULL);
INSERT INTO `ext_relation_mapping` VALUES (274, 1001, 10, 'person', '人物', 'country_id', '', '所属', 'country', '国家', 'id', 'name', 0, 1, '星小图', 1, '2025-11-05 17:00:09', '星小图', 1, '2025-11-05 17:00:09', NULL);
INSERT INTO `ext_relation_mapping` VALUES (275, 1001, 10, 'treaty', '', 'location_id', '', '签署地点', 'country', '国家', 'id', 'name', 0, 1, '星小图', 1, '2025-11-05 17:00:09', '星小图', 1, '2025-11-05 17:00:09', NULL);
INSERT INTO `ext_relation_mapping` VALUES (276, 1001, 10, 'event', '事件', 'location_id', '', '发生地点', 'location', '地点', 'id', 'name', 0, 1, '星小图', 1, '2025-11-05 17:01:33', '星小图', 1, '2025-11-05 17:01:33', NULL);
INSERT INTO `ext_relation_mapping` VALUES (277, 1001, 10, 'faction', '', 'country_id', '', '所属', 'country', '国家', 'id', 'name', 0, 1, '星小图', 1, '2025-11-05 17:01:34', '星小图', 1, '2025-11-05 17:01:34', NULL);
INSERT INTO `ext_relation_mapping` VALUES (278, 1001, 10, 'location', '地点', 'country_id', '', '所属', 'country', '国家', 'id', 'name', 0, 1, '星小图', 1, '2025-11-05 17:01:34', '星小图', 1, '2025-11-05 17:01:34', NULL);
INSERT INTO `ext_relation_mapping` VALUES (279, 1001, 10, 'military_unit', '', 'country_id', '', '所属国家', 'country', '国家', 'id', 'name', 0, 1, '星小图', 1, '2025-11-05 17:01:34', '星小图', 1, '2025-11-05 17:01:34', NULL);
INSERT INTO `ext_relation_mapping` VALUES (280, 1001, 10, 'military_unit', '', 'faction_id', '', '所属阵营', 'faction', '', 'id', 'name', 0, 1, '星小图', 1, '2025-11-05 17:01:34', '星小图', 1, '2025-11-05 17:01:34', NULL);
INSERT INTO `ext_relation_mapping` VALUES (281, 1001, 10, 'military_unit', '', 'commander_person_id', '', '指挥官', 'person', '人物', 'id', 'name', 0, 1, '星小图', 1, '2025-11-05 17:01:34', '星小图', 1, '2025-11-05 17:01:34', NULL);
INSERT INTO `ext_relation_mapping` VALUES (282, 1001, 10, 'person', '人物', 'country_id', '', '所属', 'country', '国家', 'id', 'name', 0, 1, '星小图', 1, '2025-11-05 17:01:34', '星小图', 1, '2025-11-05 17:01:34', NULL);
INSERT INTO `ext_relation_mapping` VALUES (283, 1001, 10, 'treaty', '', 'location_id', '', '签署地点', 'country', '国家', 'id', 'name', 0, 1, '星小图', 1, '2025-11-05 17:01:34', '星小图', 1, '2025-11-05 17:01:34', NULL);
INSERT INTO `ext_relation_mapping` VALUES (284, 1001, 9, 'event', '事件', 'location_id', '', '发生地点', 'location', '地点', 'id', 'name', 0, 0, '星小图', 1, '2025-11-05 20:06:56', '星小图', 1, '2025-11-05 20:06:56', NULL);
INSERT INTO `ext_relation_mapping` VALUES (285, 1001, 9, 'faction', '', 'country_id', '', '所属', 'country', '国家', 'id', 'name', 0, 0, '星小图', 1, '2025-11-05 20:06:56', '星小图', 1, '2025-11-05 20:06:56', NULL);
INSERT INTO `ext_relation_mapping` VALUES (286, 1001, 9, 'location', '地点', 'country_id', '', '所属', 'country', '国家', 'id', 'name', 0, 0, '星小图', 1, '2025-11-05 20:06:56', '星小图', 1, '2025-11-05 20:06:56', NULL);
INSERT INTO `ext_relation_mapping` VALUES (287, 1001, 9, 'military_unit', '', 'country_id', '', '所属国家', 'country', '国家', 'id', 'name', 0, 0, '星小图', 1, '2025-11-05 20:06:56', '星小图', 1, '2025-11-05 20:06:56', NULL);
INSERT INTO `ext_relation_mapping` VALUES (288, 1001, 9, 'military_unit', '', 'faction_id', '', '所属阵营', 'faction', '', 'id', 'name', 0, 0, '星小图', 1, '2025-11-05 20:06:56', '星小图', 1, '2025-11-05 20:06:56', NULL);
INSERT INTO `ext_relation_mapping` VALUES (289, 1001, 9, 'military_unit', '', 'commander_person_id', '', '指挥官', 'person', '人物', 'id', 'full_name', 0, 0, '星小图', 1, '2025-11-05 20:06:56', '星小图', 1, '2025-11-05 20:06:56', NULL);
INSERT INTO `ext_relation_mapping` VALUES (290, 1001, 9, 'person', '人物', 'country_id', '', '所属', 'country', '国家', 'id', 'name', 0, 0, '星小图', 1, '2025-11-05 20:06:56', '星小图', 1, '2025-11-05 20:06:56', NULL);
INSERT INTO `ext_relation_mapping` VALUES (291, 1001, 9, 'strategy', '', 'faction_id', '', '执行阵营', 'faction', '', 'id', 'name', 0, 0, '星小图', 1, '2025-11-05 20:06:56', '星小图', 1, '2025-11-05 20:06:56', NULL);
INSERT INTO `ext_relation_mapping` VALUES (292, 1001, 9, 'treaty', '', 'location_id', '', '签署地点', 'location', '地点', 'id', 'name', 0, 0, '星小图', 1, '2025-11-05 20:06:56', '星小图', 1, '2025-11-05 20:06:56', NULL);
INSERT INTO `ext_relation_mapping` VALUES (293, 1001, 10, 'event', '事件', 'location_id', '', '发生地点', 'location', '地点', 'id', 'name', 0, 0, '星小图', 1, '2025-11-17 17:21:00', '星小图', 1, '2025-11-17 17:21:00', NULL);
INSERT INTO `ext_relation_mapping` VALUES (294, 1001, 10, 'faction', '', 'country_id', '', '所属', 'country', '国家', 'id', 'name', 0, 0, '星小图', 1, '2025-11-17 17:21:00', '星小图', 1, '2025-11-17 17:21:00', NULL);
INSERT INTO `ext_relation_mapping` VALUES (295, 1001, 10, 'location', '地点', 'country_id', '', '所属', 'country', '国家', 'id', 'name', 0, 0, '星小图', 1, '2025-11-17 17:21:00', '星小图', 1, '2025-11-17 17:21:00', NULL);
INSERT INTO `ext_relation_mapping` VALUES (296, 1001, 10, 'military_unit', '', 'country_id', '', '所属国家', 'country', '国家', 'id', 'name', 0, 0, '星小图', 1, '2025-11-17 17:21:00', '星小图', 1, '2025-11-17 17:21:00', NULL);
INSERT INTO `ext_relation_mapping` VALUES (297, 1001, 10, 'military_unit', '', 'faction_id', '', '所属阵营', 'faction', '', 'id', 'name', 0, 0, '星小图', 1, '2025-11-17 17:21:00', '星小图', 1, '2025-11-17 17:21:00', NULL);
INSERT INTO `ext_relation_mapping` VALUES (298, 1001, 10, 'military_unit', '', 'commander_person_id', '', '指挥官', 'person', '人物', 'id', 'name', 0, 0, '星小图', 1, '2025-11-17 17:21:00', '星小图', 1, '2025-11-17 17:21:00', NULL);
INSERT INTO `ext_relation_mapping` VALUES (299, 1001, 10, 'person', '人物', 'country_id', '', '所属', 'faction', '', 'id', 'name', 0, 0, '星小图', 1, '2025-11-17 17:21:00', '星小图', 1, '2025-11-17 17:21:00', NULL);
INSERT INTO `ext_relation_mapping` VALUES (300, 1001, 10, 'treaty', '', 'location_id', '', '签署地点', 'country', '国家', 'id', 'name', 0, 0, '星小图', 1, '2025-11-17 17:21:00', '星小图', 1, '2025-11-17 17:21:00', NULL);
INSERT INTO `ext_relation_mapping` VALUES (301, 1001, 17, 'ethnic_group', '民族主表（所有关系均为一对多形式）', 'region_id', '', '宗教', 'religion', '宗教表', 'id', 'religion_name', 0, 1, '星小图', 1, '2025-11-21 19:35:54', '星小图', 1, '2025-11-21 19:35:54', NULL);
INSERT INTO `ext_relation_mapping` VALUES (302, 1001, 17, 'ethnic_group', '民族主表（所有关系均为一对多形式）', 'religion_id', '', '分布区域', 'region', '国家/邦/区域', 'id', 'region_name', 0, 1, '星小图', 1, '2025-11-21 19:35:54', '星小图', 1, '2025-11-21 19:35:54', NULL);
INSERT INTO `ext_relation_mapping` VALUES (303, 1001, 17, 'ethnic_group', '民族主表（所有关系均为一对多形式）', 'language_id', '', '语言', 'language', '语言表', 'id', 'language_name', 0, 1, '星小图', 1, '2025-11-21 19:35:54', '星小图', 1, '2025-11-21 19:35:54', NULL);
INSERT INTO `ext_relation_mapping` VALUES (304, 1001, 17, 'ethnic_group', '民族主表（所有关系均为一对多形式）', 'ethnic_type_id', '', '种群', 'ethnic_type', '族群类型表', 'id', 'type_name', 0, 1, '星小图', 1, '2025-11-21 19:35:54', '星小图', 1, '2025-11-21 19:35:54', NULL);
INSERT INTO `ext_relation_mapping` VALUES (305, 1001, 17, 'ethnic_group', '民族主表（所有关系均为一对多形式）', 'legal_category_id', '', '类型', 'legal_ethnic_category', '印度族群官方分类', 'id', 'category_name', 0, 1, '星小图', 1, '2025-11-21 19:35:54', '星小图', 1, '2025-11-21 19:35:54', NULL);
INSERT INTO `ext_relation_mapping` VALUES (306, 1001, 17, 'ethnic_group', '民族主表（所有关系均为一对多形式）', 'region_id', '', '宗教', 'religion', '宗教表', 'id', 'religion_name', 0, 1, '星小图', 1, '2025-11-21 19:38:14', '星小图', 1, '2025-11-21 19:38:14', NULL);
INSERT INTO `ext_relation_mapping` VALUES (307, 1001, 17, 'ethnic_group', '民族主表（所有关系均为一对多形式）', 'religion_id', '', '分布区域', 'region', '国家/邦/区域', 'id', 'region_name', 0, 1, '星小图', 1, '2025-11-21 19:38:14', '星小图', 1, '2025-11-21 19:38:14', NULL);
INSERT INTO `ext_relation_mapping` VALUES (308, 1001, 17, 'ethnic_group', '民族主表（所有关系均为一对多形式）', 'language_id', '', '语言', 'language', NULL, 'id', 'language_name', 0, 1, '星小图', 1, '2025-11-21 19:38:14', '星小图', 1, '2025-11-21 19:38:14', NULL);
INSERT INTO `ext_relation_mapping` VALUES (309, 1001, 17, 'ethnic_group', '民族主表（所有关系均为一对多形式）', 'ethnic_type_id', '', '种群', 'ethnic_type', '族群类型表', 'id', 'type_name', 0, 1, '星小图', 1, '2025-11-21 19:38:14', '星小图', 1, '2025-11-21 19:38:14', NULL);
INSERT INTO `ext_relation_mapping` VALUES (310, 1001, 17, 'ethnic_group', '民族主表（所有关系均为一对多形式）', 'legal_category_id', '', '类型', 'legal_ethnic_category', '印度族群官方分类', 'id', 'category_name', 0, 1, '星小图', 1, '2025-11-21 19:38:14', '星小图', 1, '2025-11-21 19:38:14', NULL);
INSERT INTO `ext_relation_mapping` VALUES (311, 1001, 17, 'ethnic_group', '民族主表（所有关系均为一对多形式）', 'region_id', '', '宗教', 'religion', '宗教表', 'id', 'religion_name', 0, 0, '星小图', 1, '2025-11-21 19:39:27', '星小图', 1, '2025-11-21 19:39:27', NULL);
INSERT INTO `ext_relation_mapping` VALUES (312, 1001, 17, 'ethnic_group', '民族主表（所有关系均为一对多形式）', 'religion_id', '', '分布区域', 'region', '国家/邦/区域', 'id', 'region_name', 0, 0, '星小图', 1, '2025-11-21 19:39:27', '星小图', 1, '2025-11-21 19:39:27', NULL);
INSERT INTO `ext_relation_mapping` VALUES (313, 1001, 17, 'ethnic_group', '民族主表（所有关系均为一对多形式）', 'language_id', '', '语言', 'language', NULL, 'id', 'language_name', 0, 0, '星小图', 1, '2025-11-21 19:39:27', '星小图', 1, '2025-11-21 19:39:27', NULL);
INSERT INTO `ext_relation_mapping` VALUES (314, 1001, 17, 'ethnic_group', '民族主表（所有关系均为一对多形式）', 'ethnic_type_id', '', '种群', 'ethnic_type', '族群类型表', 'id', 'type_name', 0, 0, '星小图', 1, '2025-11-21 19:39:27', '星小图', 1, '2025-11-21 19:39:27', NULL);
INSERT INTO `ext_relation_mapping` VALUES (315, 1001, 17, 'ethnic_group', '民族主表（所有关系均为一对多形式）', 'legal_category_id', '', '类型', 'legal_ethnic_category', '印度族群官方分类', 'id', 'category_name', 0, 0, '星小图', 1, '2025-11-21 19:39:27', '星小图', 1, '2025-11-21 19:39:27', NULL);

-- ----------------------------
-- Table structure for ext_schema
-- ----------------------------
DROP TABLE IF EXISTS `ext_schema`;
CREATE TABLE `ext_schema`  (
  `id` bigint NOT NULL AUTO_INCREMENT COMMENT 'ID',
  `workspace_id` bigint NOT NULL COMMENT '工作区id',
  `name` varchar(128) CHARACTER SET utf8mb3 COLLATE utf8mb3_general_ci NOT NULL COMMENT '概念名称',
  `description` varchar(1024) CHARACTER SET utf8mb3 COLLATE utf8mb3_general_ci NULL DEFAULT NULL COMMENT '概念描述',
  `color` varchar(50) CHARACTER SET utf8mb3 COLLATE utf8mb3_general_ci NULL DEFAULT NULL COMMENT '概念颜色',
  `valid_flag` tinyint(1) NOT NULL DEFAULT 1 COMMENT '是否有效;0：无效，1：有效',
  `del_flag` tinyint(1) NOT NULL DEFAULT 0 COMMENT '删除标志;1：已删除，0：未删除',
  `create_by` varchar(32) CHARACTER SET utf8mb3 COLLATE utf8mb3_general_ci NULL DEFAULT NULL COMMENT '创建人',
  `creator_id` bigint NULL DEFAULT NULL COMMENT '创建人id',
  `create_time` datetime NOT NULL DEFAULT CURRENT_TIMESTAMP COMMENT '创建时间',
  `update_by` varchar(32) CHARACTER SET utf8mb3 COLLATE utf8mb3_general_ci NULL DEFAULT NULL COMMENT '更新人',
  `updater_id` bigint NULL DEFAULT NULL COMMENT '更新人id',
  `update_time` datetime NOT NULL DEFAULT CURRENT_TIMESTAMP COMMENT '更新时间',
  `remark` varchar(512) CHARACTER SET utf8mb3 COLLATE utf8mb3_general_ci NULL DEFAULT NULL COMMENT '备注',
  `knowledge_id` bigint NULL DEFAULT NULL COMMENT '知识库id',
  `pid` bigint NULL DEFAULT 0 COMMENT '父概念id',
  PRIMARY KEY (`id`) USING BTREE
) ENGINE = InnoDB AUTO_INCREMENT = 91 CHARACTER SET = utf8mb3 COLLATE = utf8mb3_general_ci COMMENT = '概念配置' ROW_FORMAT = DYNAMIC;

-- ----------------------------
-- Records of ext_schema
-- ----------------------------
INSERT INTO `ext_schema` VALUES (1, 1001, '人物', NULL, '#006EFE', 1, 0, '小桐', 1, '2025-09-04 18:14:57', '小桐', 1, '2025-09-04 18:14:57', NULL, 2, 0);
INSERT INTO `ext_schema` VALUES (2, 1001, '歌曲', '', '#A109FF', 1, 0, '小桐', 1, '2025-09-04 18:14:57', '星小图', 1, '2025-09-16 18:00:22', NULL, 2, 0);
INSERT INTO `ext_schema` VALUES (3, 1001, '国家dddd', NULL, 'rgba(0, 206, 209, 1)', 1, 0, '小桐', 1, '2025-09-04 18:14:57', '星小图', 1, '2025-09-17 09:23:30', NULL, 2, 5);
INSERT INTO `ext_schema` VALUES (4, 1001, '城市', NULL, '#FDB202', 1, 0, '小桐', 1, '2025-09-04 18:14:57', '小桐', 1, '2025-09-04 18:14:57', NULL, 2, 5);
INSERT INTO `ext_schema` VALUES (5, 1001, '企业', NULL, '#FF0FDF', 1, 0, '小桐', 1, '2025-09-04 18:14:57', '小桐', 1, '2025-09-04 18:14:57', NULL, 2, 1);
INSERT INTO `ext_schema` VALUES (7, 1001, '用户', NULL, '#0026FF', 1, 0, '小桐', 1, '2025-09-04 18:14:57', '小桐', 1, '2025-09-04 18:14:57', NULL, 2, 1);
INSERT INTO `ext_schema` VALUES (8, 1001, '角色', NULL, '#33FF00', 1, 0, '小桐', 1, '2025-09-04 18:14:57', '小桐', 1, '2025-09-04 18:14:57', NULL, 2, 5);
INSERT INTO `ext_schema` VALUES (9, 1001, '汽车', NULL, '#A76262', 1, 0, '小桐', 1, '2025-09-04 19:16:31', '小桐', NULL, '2025-09-04 19:16:31', NULL, 2, 1);
INSERT INTO `ext_schema` VALUES (10, 1001, '发动机', NULL, '#5E2424', 1, 0, '小桐', 1, '2025-09-04 19:16:38', '小桐', NULL, '2025-09-04 19:16:38', NULL, 2, 0);
INSERT INTO `ext_schema` VALUES (11, 1001, '飞机', NULL, 'rgba(255, 69, 0, 1)', 1, 0, '小桐', 1, '2025-09-05 13:42:17', '星小图', 1, '2025-09-17 13:27:21', NULL, 2, 5);
INSERT INTO `ext_schema` VALUES (12, 1001, '传感器', NULL, '#B89090', 1, 0, '小桐', 1, '2025-09-05 13:54:02', '小桐', NULL, '2025-09-05 13:54:02', NULL, 2, 0);
INSERT INTO `ext_schema` VALUES (13, 1001, '发动机', NULL, '#874141', 1, 0, '小桐', 1, '2025-09-05 13:54:34', '小桐', 1, '2025-09-05 14:26:54', NULL, 2, 0);
INSERT INTO `ext_schema` VALUES (14, 1001, '国家', NULL, '#5E59B7', 1, 0, '小桐', 1, '2025-09-05 14:26:20', '小桐', 1, '2025-09-05 14:26:44', NULL, 2, 0);
INSERT INTO `ext_schema` VALUES (15, 1001, '军种', NULL, '#5B7590', 1, 0, '小桐', 1, '2025-09-05 14:26:34', '小桐', NULL, '2025-09-05 14:26:34', NULL, 2, 0);
INSERT INTO `ext_schema` VALUES (16, 1001, '飞机类别', NULL, '#C5BA63', 1, 0, '小桐', 1, '2025-09-05 14:28:16', '小桐', NULL, '2025-09-05 14:28:16', NULL, 2, 0);
INSERT INTO `ext_schema` VALUES (17, 1001, '飞机类型', NULL, '#8CD231', 1, 0, '小桐', 1, '2025-09-05 14:28:27', '小桐', NULL, '2025-09-05 14:28:27', NULL, 2, 0);
INSERT INTO `ext_schema` VALUES (18, 1001, '区域', NULL, '#DD7777', 1, 0, '小桐', 1, '2025-09-05 18:12:54', '星小图', 1, '2025-09-19 11:32:38', NULL, 2, 11);
INSERT INTO `ext_schema` VALUES (19, 1001, '宗教', NULL, '#993535', 1, 0, '小桐', 1, '2025-09-05 18:14:03', '星小图', 1, '2025-09-17 08:52:44', NULL, 2, 0);
INSERT INTO `ext_schema` VALUES (20, 1001, '重要设施', NULL, '#70B363', 1, 0, '小桐', 1, '2025-09-05 18:14:20', '小桐', NULL, '2025-09-05 18:14:20', NULL, 2, 18);
INSERT INTO `ext_schema` VALUES (21, 1001, '物质文化遗产', NULL, '#637CB3', 1, 0, '小桐', 1, '2025-09-05 18:14:33', '小桐', NULL, '2025-09-05 18:14:33', NULL, 2, 0);
INSERT INTO `ext_schema` VALUES (22, 1001, '人口数据', NULL, '#1C4298', 1, 0, '小桐', 1, '2025-09-05 18:14:51', '小桐', NULL, '2025-09-05 18:14:51', NULL, 2, 0);
INSERT INTO `ext_schema` VALUES (23, 1001, '教育机构', NULL, '#7252B3', 1, 0, '小桐', 1, '2025-09-05 18:15:07', '小桐', NULL, '2025-09-05 18:15:07', NULL, 2, 0);
INSERT INTO `ext_schema` VALUES (24, 1001, '科研机构', '', '#BA35C6', 1, 0, '小桐', 1, '2025-09-05 18:15:22', '小桐', NULL, '2025-09-05 18:15:22', NULL, 2, 0);
INSERT INTO `ext_schema` VALUES (25, 1001, '经济与基础设施', '', '#C63571', 1, 0, '小桐', 1, '2025-09-05 18:15:42', '小桐', NULL, '2025-09-05 18:15:42', NULL, 2, 0);
INSERT INTO `ext_schema` VALUES (26, 1001, '区域类型', NULL, '#BA7B95', 1, 0, '小桐', 1, '2025-09-05 18:19:57', '小桐', NULL, '2025-09-05 18:19:57', NULL, 2, 0);
INSERT INTO `ext_schema` VALUES (27, 1001, '建筑类型', NULL, '#4C73C6', 1, 0, '小桐', 1, '2025-09-05 18:22:47', '小桐', 1, '2025-09-05 18:22:54', NULL, 2, 0);
INSERT INTO `ext_schema` VALUES (28, 1001, '123123', '123123', 'rgba(255, 140, 0, 1)', 1, 1, '星小图', 1, '2025-09-16 18:24:34', '星小图', NULL, '2025-09-16 18:57:54', NULL, 2, 0);
INSERT INTO `ext_schema` VALUES (29, 1001, '1231231', '123123', 'rgba(255, 140, 0, 1)', 1, 1, '星小图', 1, '2025-09-16 18:27:37', '星小图', NULL, '2025-09-16 20:23:34', NULL, 1, 0);
INSERT INTO `ext_schema` VALUES (30, 1001, '1222', '21212', 'rgba(255, 140, 0, 1)', 1, 1, '星小图', 1, '2025-09-16 18:32:33', '星小图', NULL, '2025-09-16 18:57:50', NULL, 2, 1);
INSERT INTO `ext_schema` VALUES (31, 1001, '111111', '111111', 'rgba(255, 140, 0, 1)', 1, 1, '星小图', 1, '2025-09-16 18:39:36', '星小图', NULL, '2025-09-16 18:57:45', NULL, 2, 2);
INSERT INTO `ext_schema` VALUES (32, 1001, '1234', '1234', 'rgba(255, 140, 0, 1)', 1, 1, '星小图', 1, '2025-09-16 20:18:43', '星小图', NULL, '2025-09-16 20:19:36', NULL, 2, 1);
INSERT INTO `ext_schema` VALUES (33, 1001, '123123', '123123', 'rgba(255, 215, 0, 1)', 1, 1, '星小图', 1, '2025-09-16 20:19:59', '星小图', NULL, '2025-09-16 20:21:05', NULL, 2, 1);
INSERT INTO `ext_schema` VALUES (34, 1001, '123', '123', 'rgba(255, 140, 0, 1)', 1, 1, '星小图', 1, '2025-09-19 15:36:55', '星小图', NULL, '2025-09-19 15:37:10', NULL, 2, 1);
INSERT INTO `ext_schema` VALUES (35, 1001, 'test1', 'test1', 'rgba(255, 69, 0, 1)', 1, 1, '星小图', 1, '2025-09-19 15:39:07', '星小图', NULL, '2025-09-19 15:39:12', NULL, 2, 1);
INSERT INTO `ext_schema` VALUES (36, 1001, 'test1', '123123', 'rgba(255, 69, 0, 1)', 1, 1, '星小图', 1, '2025-09-19 15:40:20', '星小图', NULL, '2025-09-19 15:40:24', NULL, 2, 1);
INSERT INTO `ext_schema` VALUES (37, 1001, 'test1', '12345', 'rgba(255, 69, 0, 1)', 1, 1, '星小图', 1, '2025-09-19 15:42:47', '星小图', NULL, '2025-09-19 15:42:51', NULL, 2, 1);
INSERT INTO `ext_schema` VALUES (38, 1001, 'test', '12345', 'rgba(255, 69, 0, 1)', 1, 1, '星小图', 1, '2025-09-19 15:51:56', '星小图', NULL, '2025-09-19 15:52:01', NULL, 2, 0);
INSERT INTO `ext_schema` VALUES (39, 1001, 'test1', NULL, 'rgba(255, 69, 0, 1)', 1, 1, '星小图', 1, '2025-09-19 15:55:53', '星小图', NULL, '2025-09-19 15:55:57', NULL, 2, 1);
INSERT INTO `ext_schema` VALUES (40, 1001, 'test1', '123', 'rgba(255, 69, 0, 1)', 1, 1, '星小图', 1, '2025-09-19 15:56:42', '星小图', NULL, '2025-09-19 15:56:48', NULL, 2, 1);
INSERT INTO `ext_schema` VALUES (41, 1001, 'test1', '1234', 'rgba(255, 69, 0, 1)', 1, 1, '星小图', 1, '2025-09-19 15:58:18', '星小图', NULL, '2025-09-19 15:58:23', NULL, 2, 1);
INSERT INTO `ext_schema` VALUES (42, 1001, 'test1', '12345', 'rgba(255, 69, 0, 1)', 1, 1, '星小图', 1, '2025-09-19 15:59:05', '星小图', NULL, '2025-09-19 15:59:15', NULL, 2, 1);
INSERT INTO `ext_schema` VALUES (43, 1001, 'test1', '123', 'rgba(255, 69, 0, 1)', 1, 1, '星小图', 1, '2025-09-19 16:02:35', '星小图', NULL, '2025-09-19 16:02:39', NULL, 2, 1);
INSERT INTO `ext_schema` VALUES (44, 1001, 'test1', '123123', 'rgba(255, 69, 0, 1)', 1, 1, '星小图', 1, '2025-09-19 16:03:45', '星小图', NULL, '2025-09-19 16:03:49', NULL, 2, 1);
INSERT INTO `ext_schema` VALUES (45, 1001, 'test1', '123123', 'rgba(255, 69, 0, 1)', 1, 1, '星小图', 1, '2025-09-19 16:05:09', '星小图', NULL, '2025-09-19 16:05:12', NULL, 2, 1);
INSERT INTO `ext_schema` VALUES (46, 1001, 'test1', '123456', 'rgba(255, 69, 0, 1)', 1, 1, '星小图', 1, '2025-09-19 16:19:40', '星小图', NULL, '2025-09-19 16:19:52', NULL, 2, 1);
INSERT INTO `ext_schema` VALUES (47, 1001, 'test1', '123123', 'rgba(255, 69, 0, 1)', 1, 1, '星小图', 1, '2025-09-19 16:20:46', '星小图', NULL, '2025-09-19 16:21:58', NULL, 2, 1);
INSERT INTO `ext_schema` VALUES (48, 1001, 'teset1', '123123', NULL, 1, 1, '星小图', 1, '2025-09-19 16:22:24', '星小图', NULL, '2025-09-19 16:23:04', NULL, NULL, 0);
INSERT INTO `ext_schema` VALUES (49, 1001, '国家', '国家', 'rgba(144, 238, 144, 1)', 1, 0, '星小图', 1, '2025-10-17 09:03:08', '星小图', 1, '2025-10-21 22:17:40', NULL, 4, 0);
INSERT INTO `ext_schema` VALUES (50, 1001, '事件', '事件', '#245787', 1, 0, '星小图', 1, '2025-10-17 09:06:22', '星小图', 1, '2025-10-21 22:16:55', NULL, 4, 0);
INSERT INTO `ext_schema` VALUES (51, 1001, '阵营', '阵营', 'rgba(255, 215, 0, 1)', 1, 0, '星小图', 1, '2025-10-17 09:09:44', '星小图', NULL, '2025-10-17 09:09:44', NULL, 4, 0);
INSERT INTO `ext_schema` VALUES (52, 1001, '地点', '地点', 'rgba(255, 69, 0, 1)', 1, 0, '星小图', 1, '2025-10-17 09:10:34', '星小图', NULL, '2025-10-17 09:10:34', NULL, 4, 0);
INSERT INTO `ext_schema` VALUES (53, 1001, '单位', '单位', 'rgba(144, 238, 144, 1)', 1, 0, '星小图', 1, '2025-10-17 09:11:27', '星小图', 1, '2025-10-17 09:11:53', NULL, 4, 0);
INSERT INTO `ext_schema` VALUES (54, 1001, '人物', '人物', 'rgba(0, 206, 209, 1)', 1, 0, '星小图', 1, '2025-10-17 09:12:38', '星小图', NULL, '2025-10-17 09:12:38', NULL, 4, 0);
INSERT INTO `ext_schema` VALUES (55, 1001, '战略', '战略', 'rgba(30, 144, 255, 1)', 1, 0, '星小图', 1, '2025-10-17 09:13:19', '星小图', NULL, '2025-10-17 09:13:19', NULL, 4, 0);
INSERT INTO `ext_schema` VALUES (56, 1001, '条约', '', 'rgba(199, 21, 133, 1)', 1, 0, '星小图', 1, '2025-10-17 09:13:50', '星小图', NULL, '2025-10-17 09:13:50', NULL, 4, 0);
INSERT INTO `ext_schema` VALUES (57, 1001, '民用设施', '民用设施', 'rgba(255, 140, 0, 1)', 1, 0, '星小图', 1, '2025-11-05 19:36:46', '星小图', NULL, '2025-11-05 19:36:46', NULL, 6, 0);
INSERT INTO `ext_schema` VALUES (58, 1001, '人物', '人物', '#55DF55', 1, 0, '星小图', 1, '2025-11-06 03:36:55', '星小图', 1, '2025-11-17 13:38:02', NULL, 6, 0);
INSERT INTO `ext_schema` VALUES (59, 1001, '军事基地', '军事基地', 'rgba(30, 144, 255, 1)', 1, 0, '星小图', 1, '2025-11-05 19:37:04', '星小图', NULL, '2025-11-05 19:37:04', NULL, 6, 0);
INSERT INTO `ext_schema` VALUES (60, 1001, '武器装备', '武器装备', 'rgba(199, 21, 133, 1)', 1, 0, '星小图', 1, '2025-11-05 19:37:17', '星小图', NULL, '2025-11-05 19:37:17', NULL, 6, 0);
INSERT INTO `ext_schema` VALUES (61, 1001, '政界人物', '政界人物', 'rgba(199, 21, 133, 1)', 1, 0, '星小图', 1, '2025-11-05 19:37:28', '星小图', NULL, '2025-11-05 19:37:28', NULL, 6, 58);
INSERT INTO `ext_schema` VALUES (62, 1001, '军界人物', '军界人物', 'rgba(199, 21, 133, 1)', 1, 0, '星小图', 1, '2025-11-05 19:37:52', '星小图', NULL, '2025-11-05 19:37:52', NULL, 6, 58);
INSERT INTO `ext_schema` VALUES (63, 1001, '社会人物', '社会人物', 'rgba(255, 69, 0, 1)', 1, 0, '星小图', 1, '2025-11-05 19:38:06', '星小图', NULL, '2025-11-05 19:38:06', NULL, 6, 58);
INSERT INTO `ext_schema` VALUES (64, 1001, '油库', '油库', 'rgba(255, 69, 0, 0.68)', 1, 0, '星小图', 1, '2025-11-05 19:38:14', '星小图', NULL, '2025-11-05 19:38:14', NULL, 6, 59);
INSERT INTO `ext_schema` VALUES (65, 1001, '基地', '基地', 'rgba(255, 69, 0, 0.68)', 1, 0, '星小图', 1, '2025-11-05 19:38:21', '星小图', NULL, '2025-11-05 19:38:21', NULL, 6, 59);
INSERT INTO `ext_schema` VALUES (66, 1001, '弹药库', '弹药库', 'rgba(199, 21, 133, 0.5)', 1, 0, '星小图', 1, '2025-11-05 19:38:30', '星小图', NULL, '2025-11-05 19:38:30', NULL, 6, 59);
INSERT INTO `ext_schema` VALUES (67, 1001, '国民警卫队', '国民警卫队', 'rgba(255, 69, 0, 0.68)', 1, 0, '星小图', 1, '2025-11-05 19:38:38', '星小图', NULL, '2025-11-05 19:38:38', NULL, 6, 59);
INSERT INTO `ext_schema` VALUES (68, 1001, '兵营', '兵营', 'rgba(199, 21, 133, 0.5)', 1, 0, '星小图', 1, '2025-11-05 19:38:48', '星小图', NULL, '2025-11-05 19:38:48', NULL, 6, 59);
INSERT INTO `ext_schema` VALUES (69, 1001, '火箭炮', '火箭炮', 'rgba(255, 140, 0, 1)', 1, 0, '星小图', 1, '2025-11-05 19:39:00', '星小图', NULL, '2025-11-05 19:39:00', NULL, 6, 60);
INSERT INTO `ext_schema` VALUES (70, 1001, '飞行器', '飞行器', 'rgba(255, 69, 0, 1)', 1, 0, '星小图', 1, '2025-11-05 19:39:09', '星小图', NULL, '2025-11-05 19:39:09', NULL, 6, 60);
INSERT INTO `ext_schema` VALUES (71, 1001, 'test', '装甲车', 'rgba(199, 21, 133, 1)', 1, 1, '星小图', 1, '2025-11-05 19:39:18', '星小图', NULL, '2025-11-05 19:39:30', NULL, 6, 60);
INSERT INTO `ext_schema` VALUES (72, 1001, '装甲车', '装甲车', 'rgba(72, 16, 51, 1)', 1, 0, '星小图', 1, '2025-11-05 19:39:39', '星小图', NULL, '2025-11-05 19:39:39', NULL, 6, 60);
INSERT INTO `ext_schema` VALUES (73, 1001, '坦克', '坦克', 'rgba(255, 215, 0, 1)', 1, 0, '星小图', 1, '2025-11-07 08:56:52', '星小图', NULL, '2025-11-07 08:56:52', NULL, 7, 0);
INSERT INTO `ext_schema` VALUES (74, 1001, '飞机', '飞机', 'rgba(30, 144, 255, 1)', 1, 0, '星小图', 1, '2025-11-07 08:57:01', '星小图', NULL, '2025-11-07 08:57:01', NULL, 7, 0);
INSERT INTO `ext_schema` VALUES (75, 1001, '军舰', '军舰', 'rgba(0, 206, 209, 1)', 1, 0, '星小图', 1, '2025-11-07 08:57:10', '星小图', NULL, '2025-11-07 08:57:10', NULL, 7, 0);
INSERT INTO `ext_schema` VALUES (76, 1001, '轮船', '轮船', 'rgba(255, 215, 0, 1)', 1, 0, '星小图', 1, '2025-11-11 09:54:26', '星小图', NULL, '2025-11-11 09:54:26', NULL, 8, 0);
INSERT INTO `ext_schema` VALUES (77, 1001, '人物', NULL, 'rgba(30, 144, 255, 1)', 1, 0, '星小图', 1, '2025-11-11 09:55:02', '星小图', NULL, '2025-11-11 09:55:02', NULL, 8, 0);
INSERT INTO `ext_schema` VALUES (78, 1001, '民族', '民族', 'rgba(255, 215, 0, 1)', 1, 0, '星小图', 1, '2025-11-21 17:39:04', '星小图', NULL, '2025-11-21 17:39:04', NULL, 9, 0);
INSERT INTO `ext_schema` VALUES (79, 1001, '民族类型', '民族类型', 'rgba(144, 238, 144, 1)', 1, 0, '星小图', 1, '2025-11-21 17:48:22', '星小图', NULL, '2025-11-21 17:48:22', NULL, 9, 0);
INSERT INTO `ext_schema` VALUES (80, 1001, '语言', '语言', 'rgba(199, 21, 133, 1)', 1, 0, '星小图', 1, '2025-11-21 17:49:04', '星小图', NULL, '2025-11-21 17:49:04', NULL, 9, 0);
INSERT INTO `ext_schema` VALUES (81, 1001, '语言家族', '语言家族', 'rgba(0, 206, 209, 1)', 1, 0, '星小图', 1, '2025-11-21 17:49:23', '星小图', NULL, '2025-11-21 17:49:23', NULL, 9, 0);
INSERT INTO `ext_schema` VALUES (82, 1001, '种群类型', '种群类型', 'rgba(0, 206, 209, 1)', 1, 0, '星小图', 1, '2025-11-21 17:50:09', '星小图', NULL, '2025-11-21 17:50:09', NULL, 9, 0);
INSERT INTO `ext_schema` VALUES (83, 1001, '迁徙记录', '迁徙记录', 'rgba(199, 21, 133, 0.5)', 1, 0, '星小图', 1, '2025-11-21 17:50:41', '星小图', NULL, '2025-11-21 17:50:41', NULL, 9, 0);
INSERT INTO `ext_schema` VALUES (84, 1001, '重要人物', '重要人物', 'rgba(255, 69, 0, 0.68)', 1, 0, '星小图', 1, '2025-11-21 17:51:05', '星小图', NULL, '2025-11-21 17:51:05', NULL, 9, 0);
INSERT INTO `ext_schema` VALUES (85, 1001, '区域', '区域', 'rgba(0, 206, 209, 1)', 1, 0, '星小图', 1, '2025-11-21 17:51:19', '星小图', NULL, '2025-11-21 17:51:19', NULL, 9, 0);
INSERT INTO `ext_schema` VALUES (86, 1001, '宗教', '宗教', 'rgba(255, 69, 0, 0.68)', 1, 0, '星小图', 1, '2025-11-21 17:51:37', '星小图', NULL, '2025-11-21 17:51:37', NULL, 9, 0);
INSERT INTO `ext_schema` VALUES (87, 1001, '民族子群', '民族子群', 'rgba(255, 140, 0, 1)', 1, 0, '星小图', 1, '2025-11-21 17:51:56', '星小图', NULL, '2025-11-21 17:51:56', NULL, 9, 0);
INSERT INTO `ext_schema` VALUES (88, 1001, '传统节日', '传统节日', 'rgba(199, 21, 133, 1)', 1, 0, '星小图', 1, '2025-11-21 17:52:25', '星小图', NULL, '2025-11-21 17:52:25', NULL, 9, 0);
INSERT INTO `ext_schema` VALUES (89, 1001, '文化特征', '文化特征', 'rgba(144, 238, 144, 1)', 1, 0, '星小图', 1, '2025-11-21 17:52:43', '星小图', NULL, '2025-11-21 17:52:43', NULL, 9, 0);
INSERT INTO `ext_schema` VALUES (90, 1001, '宗教派别', '宗教派别', 'rgba(30, 144, 255, 1)', 1, 1, '星小图', 1, '2025-11-21 18:06:29', '星小图', NULL, '2025-11-21 18:07:11', NULL, 9, 0);

-- ----------------------------
-- Table structure for ext_schema_attribute
-- ----------------------------
DROP TABLE IF EXISTS `ext_schema_attribute`;
CREATE TABLE `ext_schema_attribute`  (
  `id` bigint NOT NULL AUTO_INCREMENT COMMENT 'ID',
  `workspace_id` bigint NOT NULL COMMENT '工作区id',
  `schema_id` bigint NOT NULL COMMENT '概念id',
  `schema_name` varchar(128) CHARACTER SET utf8mb3 COLLATE utf8mb3_general_ci NOT NULL COMMENT '概念名称',
  `name` varchar(128) CHARACTER SET utf8mb3 COLLATE utf8mb3_general_ci NOT NULL COMMENT '属性名称',
  `name_code` varchar(128) CHARACTER SET utf8mb3 COLLATE utf8mb3_general_ci NOT NULL COMMENT '属性名称代码',
  `require_flag` tinyint(1) NOT NULL COMMENT '是否必填',
  `data_type` tinyint UNSIGNED NOT NULL DEFAULT 0 COMMENT '数据类型;0：文本，1：整数，2：小数，3：时间，4：字节类型，5：布尔值',
  `multiple_flag` tinyint UNSIGNED NOT NULL DEFAULT 0 COMMENT '单/多值;0：单值，1：多值',
  `validate_type` tinyint UNSIGNED NULL DEFAULT NULL COMMENT '校验方式;0：唯一性校验，1：长度校验，2：区间校验',
  `min_value` decimal(10, 0) NULL DEFAULT NULL COMMENT '最小值（用于区间校验）',
  `max_value` decimal(10, 0) NULL DEFAULT NULL COMMENT '最大值（用于区间校验）',
  `valid_flag` tinyint(1) NOT NULL DEFAULT 1 COMMENT '是否有效;0：无效，1：有效',
  `del_flag` tinyint(1) NOT NULL DEFAULT 0 COMMENT '删除标志;1：已删除，0：未删除',
  `create_by` varchar(32) CHARACTER SET utf8mb3 COLLATE utf8mb3_general_ci NULL DEFAULT NULL COMMENT '创建人',
  `creator_id` bigint NULL DEFAULT NULL COMMENT '创建人id',
  `create_time` datetime NOT NULL DEFAULT CURRENT_TIMESTAMP COMMENT '创建时间',
  `update_by` varchar(32) CHARACTER SET utf8mb3 COLLATE utf8mb3_general_ci NULL DEFAULT NULL COMMENT '更新人',
  `updater_id` bigint NULL DEFAULT NULL COMMENT '更新人id',
  `update_time` datetime NOT NULL DEFAULT CURRENT_TIMESTAMP COMMENT '更新时间',
  `remark` varchar(512) CHARACTER SET utf8mb3 COLLATE utf8mb3_general_ci NULL DEFAULT NULL COMMENT '备注',
  PRIMARY KEY (`id`) USING BTREE
) ENGINE = InnoDB AUTO_INCREMENT = 97 CHARACTER SET = utf8mb3 COLLATE = utf8mb3_general_ci COMMENT = '概念属性' ROW_FORMAT = DYNAMIC;

-- ----------------------------
-- Records of ext_schema_attribute
-- ----------------------------
INSERT INTO `ext_schema_attribute` VALUES (1, 1001, 7, '用户', '用户id', 'id', 1, 1, 0, 0, NULL, NULL, 1, 1, '小桐', 1, '2025-09-04 18:14:57', '小桐', 1, '2025-09-04 18:14:57', NULL);
INSERT INTO `ext_schema_attribute` VALUES (2, 1001, 7, '用户', '用户名称', 'user_name', 1, 0, 0, 1, NULL, 256, 1, 1, '小桐', 1, '2025-09-04 18:14:57', '小桐', 1, '2025-09-04 18:14:57', NULL);
INSERT INTO `ext_schema_attribute` VALUES (3, 1001, 7, '用户', '手机号码', 'phonenumber', 0, 0, 0, 1, NULL, 11, 1, 1, '小桐', 1, '2025-09-04 18:14:57', '小桐', 1, '2025-09-04 18:14:57', NULL);
INSERT INTO `ext_schema_attribute` VALUES (4, 1001, 8, '角色', '角色id', 'id', 1, 1, 0, NULL, NULL, NULL, 1, 1, '小桐', 1, '2025-09-04 18:14:57', '小桐', 1, '2025-09-04 18:14:57', NULL);
INSERT INTO `ext_schema_attribute` VALUES (5, 1001, 8, '角色', '角色名称', 'role_name', 0, 0, 0, NULL, NULL, NULL, 1, 1, '小桐', 1, '2025-09-04 18:14:57', '小桐', 1, '2025-09-04 18:14:57', NULL);
INSERT INTO `ext_schema_attribute` VALUES (6, 1001, 11, '飞机', '类别', 'FJLB', 0, 0, 0, NULL, NULL, NULL, 1, 0, '小桐', 1, '2025-09-05 13:45:15', '小桐', NULL, '2025-09-05 13:45:15', NULL);
INSERT INTO `ext_schema_attribute` VALUES (7, 1001, 11, '飞机', '类型', 'FJLX', 0, 0, 0, NULL, NULL, NULL, 1, 0, '小桐', 1, '2025-09-05 13:45:35', '小桐', NULL, '2025-09-05 13:45:35', NULL);
INSERT INTO `ext_schema_attribute` VALUES (8, 1001, 11, '飞机', '国家', 'FJGJ', 0, 0, 0, NULL, NULL, NULL, 1, 0, '小桐', 1, '2025-09-05 13:45:50', '小桐', NULL, '2025-09-05 13:45:50', NULL);
INSERT INTO `ext_schema_attribute` VALUES (9, 1001, 11, '飞机', '军种', 'FJJZ', 0, 0, 0, NULL, NULL, NULL, 1, 0, '小桐', 1, '2025-09-05 13:46:13', '小桐', NULL, '2025-09-05 13:46:13', NULL);
INSERT INTO `ext_schema_attribute` VALUES (10, 1001, 11, '飞机', '服役年', 'FJFYN', 0, 1, 0, NULL, NULL, NULL, 1, 0, '小桐', 1, '2025-09-05 13:46:52', '小桐', NULL, '2025-09-05 13:46:52', NULL);
INSERT INTO `ext_schema_attribute` VALUES (11, 1001, 11, '飞机', '退役年', 'FJTYN', 0, 1, 0, NULL, NULL, NULL, 1, 0, '小桐', 1, '2025-09-05 13:47:10', '小桐', NULL, '2025-09-05 13:47:10', NULL);
INSERT INTO `ext_schema_attribute` VALUES (12, 1001, 11, '飞机', '长度（米）', 'FJCD', 0, 2, 0, NULL, NULL, NULL, 1, 0, '小桐', 1, '2025-09-05 13:47:22', '小桐', 1, '2025-09-05 13:49:57', NULL);
INSERT INTO `ext_schema_attribute` VALUES (13, 1001, 11, '飞机', '宽度（米）', 'FJKD', 0, 2, 0, NULL, NULL, NULL, 1, 0, '小桐', 1, '2025-09-05 13:47:35', '小桐', 1, '2025-09-05 13:50:02', NULL);
INSERT INTO `ext_schema_attribute` VALUES (14, 1001, 11, '飞机', '高度（米）', 'FJGD', 0, 2, 0, NULL, NULL, NULL, 1, 0, '小桐', 1, '2025-09-05 13:47:57', '小桐', 1, '2025-09-05 13:50:09', NULL);
INSERT INTO `ext_schema_attribute` VALUES (15, 1001, 11, '飞机', '空载重量（公斤）', 'KZZL', 0, 2, 0, NULL, NULL, NULL, 1, 0, '小桐', 1, '2025-09-05 13:48:22', '小桐', 1, '2025-09-05 13:50:14', NULL);
INSERT INTO `ext_schema_attribute` VALUES (16, 1001, 11, '飞机', '满载重量（公斤）', 'MZZL', 0, 2, 0, NULL, NULL, NULL, 1, 0, '小桐', 1, '2025-09-05 13:48:36', '小桐', 1, '2025-09-05 13:50:19', NULL);
INSERT INTO `ext_schema_attribute` VALUES (17, 1001, 11, '飞机', '有效载荷（公斤）', 'YXZH', 0, 2, 0, NULL, NULL, NULL, 1, 0, '小桐', 1, '2025-09-05 13:48:57', '小桐', 1, '2025-09-05 13:50:22', NULL);
INSERT INTO `ext_schema_attribute` VALUES (18, 1001, 11, '飞机', '飞行员数量', 'FXYSL', 0, 1, 0, NULL, NULL, NULL, 1, 0, '小桐', 1, '2025-09-05 13:49:26', '小桐', NULL, '2025-09-05 13:49:26', NULL);
INSERT INTO `ext_schema_attribute` VALUES (19, 1001, 12, '传感器', '传感器描述', 'Comments', 0, 0, 0, NULL, NULL, NULL, 1, 0, '小桐', 1, '2025-09-05 14:04:23', '小桐', NULL, '2025-09-05 14:04:23', NULL);
INSERT INTO `ext_schema_attribute` VALUES (20, 1001, 12, '传感器', '技术水平年代', 'Generation', 0, 1, 0, NULL, NULL, NULL, 1, 0, '小桐', 1, '2025-09-05 14:04:45', '小桐', NULL, '2025-09-05 14:04:45', NULL);
INSERT INTO `ext_schema_attribute` VALUES (21, 1001, 18, '区域', '经度', 'JINGDU', 0, 2, 0, NULL, NULL, NULL, 1, 0, '小桐', 1, '2025-09-05 18:57:02', '小桐', NULL, '2025-09-05 18:57:02', NULL);
INSERT INTO `ext_schema_attribute` VALUES (22, 1001, 18, '区域', '纬度', 'WEIDU', 0, 2, 0, NULL, NULL, NULL, 1, 0, '小桐', 1, '2025-09-05 18:57:13', '小桐', 1, '2025-09-05 19:01:25', NULL);
INSERT INTO `ext_schema_attribute` VALUES (23, 1001, 18, '区域', '备注', 'BEIZHU', 0, 0, 0, NULL, NULL, NULL, 1, 0, '小桐', 1, '2025-09-05 18:57:36', '小桐', NULL, '2025-09-05 18:57:36', NULL);
INSERT INTO `ext_schema_attribute` VALUES (24, 1001, 20, '重要设施', '经度', 'JINGDU', 0, 2, 0, NULL, NULL, NULL, 1, 0, '小桐', 1, '2025-09-05 18:58:59', '小桐', NULL, '2025-09-05 18:58:59', NULL);
INSERT INTO `ext_schema_attribute` VALUES (25, 1001, 20, '重要设施', '纬度', 'WEIDU', 0, 2, 0, NULL, NULL, NULL, 1, 0, '小桐', 1, '2025-09-05 18:59:23', '小桐', NULL, '2025-09-05 18:59:23', NULL);
INSERT INTO `ext_schema_attribute` VALUES (26, 1001, 20, '重要设施', '描述', 'MIAOSHU', 0, 0, 0, NULL, NULL, NULL, 1, 0, '小桐', 1, '2025-09-05 18:59:36', '小桐', NULL, '2025-09-05 18:59:36', NULL);
INSERT INTO `ext_schema_attribute` VALUES (27, 1001, 49, '国家', '国家名称', 'name', 1, 0, 0, NULL, NULL, NULL, 1, 0, '星小图', 1, '2025-10-17 09:14:53', '星小图', 1, '2025-10-17 09:15:19', NULL);
INSERT INTO `ext_schema_attribute` VALUES (28, 1001, 49, '国家', '首都', 'capital', 0, 0, 0, NULL, NULL, NULL, 1, 0, '星小图', 1, '2025-10-17 09:15:15', '星小图', NULL, '2025-10-17 09:15:15', NULL);
INSERT INTO `ext_schema_attribute` VALUES (29, 1001, 49, '国家', '领导人', 'leader_name', 0, 0, 0, NULL, NULL, NULL, 1, 0, '星小图', 1, '2025-10-17 09:15:34', '星小图', NULL, '2025-10-17 09:15:34', NULL);
INSERT INTO `ext_schema_attribute` VALUES (30, 1001, 49, '国家', '人口', 'population_1940', 0, 1, 0, NULL, NULL, NULL, 1, 0, '星小图', 1, '2025-10-17 09:16:02', '星小图', NULL, '2025-10-17 09:16:02', NULL);
INSERT INTO `ext_schema_attribute` VALUES (31, 1001, 49, '国家', '面积（km²）', 'area_km2', 0, 1, 0, NULL, NULL, NULL, 1, 0, '星小图', 1, '2025-10-17 09:16:30', '星小图', NULL, '2025-10-17 09:16:30', NULL);
INSERT INTO `ext_schema_attribute` VALUES (32, 1001, 49, '国家', '政体', 'government_type', 0, 0, 0, NULL, NULL, NULL, 1, 0, '星小图', 1, '2025-10-17 09:16:45', '星小图', NULL, '2025-10-17 09:16:45', NULL);
INSERT INTO `ext_schema_attribute` VALUES (33, 1001, 49, '国家', '洲别', 'continent', 0, 0, 0, NULL, NULL, NULL, 1, 0, '星小图', 1, '2025-10-17 09:17:03', '星小图', NULL, '2025-10-17 09:17:03', NULL);
INSERT INTO `ext_schema_attribute` VALUES (34, 1001, 49, '国家', '备注', 'notes', 0, 0, 0, NULL, NULL, NULL, 1, 0, '星小图', 1, '2025-10-17 09:17:33', '星小图', NULL, '2025-10-17 09:17:33', NULL);
INSERT INTO `ext_schema_attribute` VALUES (35, 1001, 50, '事件', '事件名称', 'name', 1, 0, 0, NULL, NULL, NULL, 1, 0, '星小图', 1, '2025-10-17 09:18:16', '星小图', NULL, '2025-10-17 09:18:16', NULL);
INSERT INTO `ext_schema_attribute` VALUES (36, 1001, 50, '事件', '类型', 'event_type', 0, 0, 0, NULL, NULL, NULL, 1, 0, '星小图', 1, '2025-10-17 09:18:35', '星小图', NULL, '2025-10-17 09:18:35', NULL);
INSERT INTO `ext_schema_attribute` VALUES (37, 1001, 50, '事件', '开始时间', 'start_datetime', 0, 3, 0, NULL, NULL, NULL, 1, 1, '星小图', 1, '2025-10-17 09:19:19', '星小图', NULL, '2025-11-05 15:29:30', NULL);
INSERT INTO `ext_schema_attribute` VALUES (38, 1001, 50, '事件', '结束时间', 'end_datetime', 0, 3, 0, NULL, NULL, NULL, 1, 1, '星小图', 1, '2025-10-17 09:19:30', '星小图', NULL, '2025-11-05 15:29:31', NULL);
INSERT INTO `ext_schema_attribute` VALUES (39, 1001, 50, '事件', '结果归属', 'outcome', 0, 0, 0, NULL, NULL, NULL, 1, 0, '星小图', 1, '2025-10-17 09:20:19', '星小图', NULL, '2025-10-17 09:20:19', NULL);
INSERT INTO `ext_schema_attribute` VALUES (40, 1001, 50, '事件', '伤亡估计', 'casualties_estimate', 0, 1, 0, NULL, NULL, NULL, 1, 0, '星小图', 1, '2025-10-17 09:20:43', '星小图', NULL, '2025-10-17 09:20:43', NULL);
INSERT INTO `ext_schema_attribute` VALUES (41, 1001, 50, '事件', '摘要', 'summary', 0, 0, 0, NULL, NULL, NULL, 1, 0, '星小图', 1, '2025-10-17 09:21:03', '星小图', NULL, '2025-10-17 09:21:03', NULL);
INSERT INTO `ext_schema_attribute` VALUES (42, 1001, 51, '阵营', '阵营名称', 'name', 1, 0, 0, NULL, NULL, NULL, 1, 0, '星小图', 1, '2025-10-17 09:22:25', '星小图', NULL, '2025-10-17 09:22:25', NULL);
INSERT INTO `ext_schema_attribute` VALUES (43, 1001, 51, '阵营', '类型', 'type', 0, 0, 0, NULL, NULL, NULL, 1, 0, '星小图', 1, '2025-10-17 09:22:41', '星小图', NULL, '2025-10-17 09:22:41', NULL);
INSERT INTO `ext_schema_attribute` VALUES (44, 1001, 51, '阵营', '领导人', 'leader_name', 0, 0, 0, NULL, NULL, NULL, 1, 0, '星小图', 1, '2025-10-17 09:23:01', '星小图', NULL, '2025-10-17 09:23:01', NULL);
INSERT INTO `ext_schema_attribute` VALUES (45, 1001, 51, '阵营', '意识形态', 'ideology', 0, 0, 0, NULL, NULL, NULL, 1, 0, '星小图', 1, '2025-10-17 09:23:19', '星小图', NULL, '2025-10-17 09:23:19', NULL);
INSERT INTO `ext_schema_attribute` VALUES (46, 1001, 51, '阵营', '总部', 'headquarters', 0, 0, 0, NULL, NULL, NULL, 1, 0, '星小图', 1, '2025-10-17 09:23:41', '星小图', NULL, '2025-10-17 09:23:41', NULL);
INSERT INTO `ext_schema_attribute` VALUES (47, 1001, 51, '阵营', '标志', 'symbol', 0, 0, 0, NULL, NULL, NULL, 1, 0, '星小图', 1, '2025-10-17 09:23:53', '星小图', NULL, '2025-10-17 09:23:53', NULL);
INSERT INTO `ext_schema_attribute` VALUES (48, 1001, 51, '阵营', '成员数量', 'member_count', 0, 1, 0, NULL, NULL, NULL, 1, 0, '星小图', 1, '2025-10-17 09:24:07', '星小图', NULL, '2025-10-17 09:24:07', NULL);
INSERT INTO `ext_schema_attribute` VALUES (49, 1001, 51, '阵营', '描述', 'description', 0, 1, 0, NULL, NULL, NULL, 1, 0, '星小图', 1, '2025-10-17 09:24:21', '星小图', NULL, '2025-10-17 09:24:21', NULL);
INSERT INTO `ext_schema_attribute` VALUES (50, 1001, 52, '地点', '地点名称', 'name', 1, 0, 0, NULL, NULL, NULL, 1, 0, '星小图', 1, '2025-10-17 09:25:03', '星小图', NULL, '2025-10-17 09:25:03', NULL);
INSERT INTO `ext_schema_attribute` VALUES (51, 1001, 52, '地点', '经度', 'latitude', 0, 2, 0, NULL, NULL, NULL, 1, 0, '星小图', 1, '2025-10-17 09:25:17', '星小图', NULL, '2025-10-17 09:25:17', NULL);
INSERT INTO `ext_schema_attribute` VALUES (52, 1001, 52, '地点', '维度', 'longitude', 0, 2, 0, NULL, NULL, NULL, 1, 0, '星小图', 1, '2025-10-17 09:25:28', '星小图', NULL, '2025-10-17 09:25:28', NULL);
INSERT INTO `ext_schema_attribute` VALUES (53, 1001, 52, '地点', '地形类型', 'terrain_type', 0, 0, 0, NULL, NULL, NULL, 1, 0, '星小图', 1, '2025-10-17 09:25:44', '星小图', NULL, '2025-10-17 09:25:44', NULL);
INSERT INTO `ext_schema_attribute` VALUES (54, 1001, 52, '地点', '重要程度', 'importance_level', 0, 2, 0, NULL, NULL, NULL, 1, 0, '星小图', 1, '2025-10-17 09:26:20', '星小图', 1, '2025-10-17 09:26:34', NULL);
INSERT INTO `ext_schema_attribute` VALUES (55, 1001, 52, '地点', '备注', 'notes', 0, 0, 0, NULL, NULL, NULL, 1, 0, '星小图', 1, '2025-10-17 09:28:05', '星小图', NULL, '2025-10-17 09:28:05', NULL);
INSERT INTO `ext_schema_attribute` VALUES (56, 1001, 53, '单位', '部队名称', 'name', 1, 0, 0, NULL, NULL, NULL, 1, 0, '星小图', 1, '2025-10-17 09:28:40', '星小图', NULL, '2025-10-17 09:28:40', NULL);
INSERT INTO `ext_schema_attribute` VALUES (57, 1001, 53, '单位', '军种', 'branch', 0, 0, 0, NULL, NULL, NULL, 1, 0, '星小图', 1, '2025-10-17 09:28:55', '星小图', 1, '2025-10-17 15:42:37', NULL);
INSERT INTO `ext_schema_attribute` VALUES (58, 1001, 53, '单位', '兵力', 'strength', 0, 1, 0, NULL, NULL, NULL, 1, 0, '星小图', 1, '2025-10-17 09:29:15', '星小图', 1, '2025-10-17 09:29:24', NULL);
INSERT INTO `ext_schema_attribute` VALUES (59, 1001, 53, '单位', '装备', 'equipment_type', 0, 0, 0, NULL, NULL, NULL, 1, 0, '星小图', 1, '2025-10-17 09:29:44', '星小图', NULL, '2025-10-17 09:29:44', NULL);
INSERT INTO `ext_schema_attribute` VALUES (60, 1001, 53, '单位', '描述', 'description', 0, 0, 0, NULL, NULL, NULL, 1, 0, '星小图', 1, '2025-10-17 09:29:59', '星小图', NULL, '2025-10-17 09:29:59', NULL);
INSERT INTO `ext_schema_attribute` VALUES (61, 1001, 54, '人物', '姓名', 'full_name', 1, 0, 0, NULL, NULL, NULL, 1, 0, '星小图', 1, '2025-10-17 09:30:31', '星小图', NULL, '2025-10-17 09:30:31', NULL);
INSERT INTO `ext_schema_attribute` VALUES (62, 1001, 54, '人物', '性别', 'gender', 0, 0, 0, NULL, NULL, NULL, 1, 0, '星小图', 1, '2025-10-17 09:30:46', '星小图', NULL, '2025-10-17 09:30:46', NULL);
INSERT INTO `ext_schema_attribute` VALUES (63, 1001, 54, '人物', '出生日期', 'birth_date', 0, 3, 0, NULL, NULL, NULL, 1, 1, '星小图', 1, '2025-10-17 09:31:17', '星小图', NULL, '2025-11-05 15:29:08', NULL);
INSERT INTO `ext_schema_attribute` VALUES (64, 1001, 54, '人物', '死亡日期', 'death_date', 0, 3, 0, NULL, NULL, NULL, 1, 1, '星小图', 1, '2025-10-17 09:31:29', '星小图', NULL, '2025-11-05 15:29:11', NULL);
INSERT INTO `ext_schema_attribute` VALUES (65, 1001, 54, '人物', '出生地', 'birth_place', 0, 0, 0, NULL, NULL, NULL, 1, 0, '星小图', 1, '2025-10-17 09:31:44', '星小图', NULL, '2025-10-17 09:31:44', NULL);
INSERT INTO `ext_schema_attribute` VALUES (66, 1001, 54, '人物', '军衔职务', 'rank_title', 0, 0, 0, NULL, NULL, NULL, 1, 0, '星小图', 1, '2025-10-17 09:32:04', '星小图', NULL, '2025-10-17 09:32:04', NULL);
INSERT INTO `ext_schema_attribute` VALUES (67, 1001, 54, '人物', '简介', 'bio', 0, 0, 0, NULL, NULL, NULL, 1, 0, '星小图', 1, '2025-10-17 09:32:16', '星小图', NULL, '2025-10-17 09:32:16', NULL);
INSERT INTO `ext_schema_attribute` VALUES (68, 1001, 55, '战略', '战略名称', 'name', 1, 0, 0, NULL, NULL, NULL, 1, 0, '星小图', 1, '2025-10-17 09:32:42', '星小图', NULL, '2025-10-17 09:32:42', NULL);
INSERT INTO `ext_schema_attribute` VALUES (69, 1001, 55, '战略', '战略目标', 'goal', 0, 0, 0, NULL, NULL, NULL, 1, 0, '星小图', 1, '2025-10-17 09:33:14', '星小图', NULL, '2025-10-17 09:33:14', NULL);
INSERT INTO `ext_schema_attribute` VALUES (70, 1001, 55, '战略', '成功率', 'success_rate', 0, 2, 0, NULL, NULL, NULL, 1, 0, '星小图', 1, '2025-10-17 09:33:31', '星小图', NULL, '2025-10-17 09:33:31', NULL);
INSERT INTO `ext_schema_attribute` VALUES (71, 1001, 55, '战略', '描述', 'description', 0, 0, 0, NULL, NULL, NULL, 1, 0, '星小图', 1, '2025-10-17 09:33:48', '星小图', NULL, '2025-10-17 09:33:48', NULL);
INSERT INTO `ext_schema_attribute` VALUES (72, 1001, 56, '条约', '条约名称', 'name', 0, 0, 0, NULL, NULL, NULL, 1, 0, '星小图', 1, '2025-10-17 09:34:13', '星小图', NULL, '2025-10-17 09:34:13', NULL);
INSERT INTO `ext_schema_attribute` VALUES (73, 1001, 56, '条约', '签署日期', 'sign_date', 0, 3, 0, NULL, NULL, NULL, 1, 1, '星小图', 1, '2025-10-17 09:34:31', '星小图', NULL, '2025-11-05 15:29:52', NULL);
INSERT INTO `ext_schema_attribute` VALUES (74, 1001, 56, '条约', '摘要', 'summary', 0, 0, 0, NULL, NULL, NULL, 1, 0, '星小图', 1, '2025-10-17 09:34:48', '星小图', NULL, '2025-10-17 09:34:48', NULL);
INSERT INTO `ext_schema_attribute` VALUES (75, 1001, 76, '轮船', '名称', 'NAME', 0, 0, 0, NULL, NULL, NULL, 1, 0, '星小图', 1, '2025-11-11 09:54:39', '星小图', NULL, '2025-11-11 09:54:39', NULL);
INSERT INTO `ext_schema_attribute` VALUES (76, 1001, 78, '民族', '中文名称', 'ZWMC', 0, 0, 0, NULL, NULL, NULL, 1, 0, '星小图', 1, '2025-11-21 17:53:22', '星小图', NULL, '2025-11-21 17:53:22', NULL);
INSERT INTO `ext_schema_attribute` VALUES (77, 1001, 78, '民族', '本地名称', 'BDMC', 0, 0, 0, NULL, NULL, NULL, 1, 0, '星小图', 1, '2025-11-21 17:53:37', '星小图', NULL, '2025-11-21 17:53:37', NULL);
INSERT INTO `ext_schema_attribute` VALUES (78, 1001, 78, '民族', '别名', 'BIEMING', 0, 0, 0, NULL, NULL, NULL, 1, 0, '星小图', 1, '2025-11-21 17:53:52', '星小图', NULL, '2025-11-21 17:53:52', NULL);
INSERT INTO `ext_schema_attribute` VALUES (79, 1001, 78, '民族', '人口', 'population', 0, 1, 0, NULL, NULL, NULL, 1, 0, '星小图', 1, '2025-11-22 01:54:38', '星小图', 1, '2025-11-21 17:55:04', NULL);
INSERT INTO `ext_schema_attribute` VALUES (80, 1001, 78, '民族', '统计年份', 'year', 0, 1, 0, NULL, NULL, NULL, 1, 0, '星小图', 1, '2025-11-21 17:55:00', '星小图', NULL, '2025-11-21 17:55:00', NULL);
INSERT INTO `ext_schema_attribute` VALUES (81, 1001, 79, '民族类型', '名称', 'NAME', 0, 0, 0, NULL, NULL, NULL, 1, 0, '星小图', 1, '2025-11-21 18:00:42', '星小图', NULL, '2025-11-21 18:00:42', NULL);
INSERT INTO `ext_schema_attribute` VALUES (82, 1001, 80, '语言', '名称', 'NAME', 0, 0, 0, NULL, NULL, NULL, 1, 0, '星小图', 1, '2025-11-21 18:01:08', '星小图', NULL, '2025-11-21 18:01:08', NULL);
INSERT INTO `ext_schema_attribute` VALUES (83, 1001, 80, '语言', 'ISO编码', 'ISOCODE', 0, 0, 0, NULL, NULL, NULL, 1, 0, '星小图', 1, '2025-11-21 18:01:22', '星小图', NULL, '2025-11-21 18:01:22', NULL);
INSERT INTO `ext_schema_attribute` VALUES (84, 1001, 81, '语言家族', '名称', 'NAME', 0, 0, 0, NULL, NULL, NULL, 1, 0, '星小图', 1, '2025-11-21 18:02:11', '星小图', NULL, '2025-11-21 18:02:11', NULL);
INSERT INTO `ext_schema_attribute` VALUES (85, 1001, 82, '种群类型', '名称', 'NAME', 0, 0, 0, NULL, NULL, NULL, 1, 0, '星小图', 1, '2025-11-21 18:02:32', '星小图', NULL, '2025-11-21 18:02:32', NULL);
INSERT INTO `ext_schema_attribute` VALUES (86, 1001, 83, '迁徙记录', '历史时期', 'period', 0, 0, 0, NULL, NULL, NULL, 1, 0, '星小图', 1, '2025-11-21 18:03:13', '星小图', NULL, '2025-11-21 18:03:13', NULL);
INSERT INTO `ext_schema_attribute` VALUES (87, 1001, 83, '迁徙记录', '迁出地', 'origin', 0, 0, 0, NULL, NULL, NULL, 1, 0, '星小图', 1, '2025-11-21 18:03:19', '星小图', NULL, '2025-11-21 18:03:19', NULL);
INSERT INTO `ext_schema_attribute` VALUES (88, 1001, 83, '迁徙记录', '迁入地', 'destination', 0, 0, 0, NULL, NULL, NULL, 1, 0, '星小图', 1, '2025-11-21 18:03:31', '星小图', NULL, '2025-11-21 18:03:31', NULL);
INSERT INTO `ext_schema_attribute` VALUES (89, 1001, 83, '迁徙记录', '简介', 'description', 0, 0, 0, NULL, NULL, NULL, 1, 0, '星小图', 1, '2025-11-21 18:03:41', '星小图', NULL, '2025-11-21 18:03:41', NULL);
INSERT INTO `ext_schema_attribute` VALUES (90, 1001, 84, '重要人物', '姓名', 'NAME', 0, 0, 0, NULL, NULL, NULL, 1, 0, '星小图', 1, '2025-11-21 18:04:14', '星小图', NULL, '2025-11-21 18:04:14', NULL);
INSERT INTO `ext_schema_attribute` VALUES (91, 1001, 84, '重要人物', '身份', 'TITLE', 0, 0, 0, NULL, NULL, NULL, 1, 0, '星小图', 1, '2025-11-21 18:04:26', '星小图', NULL, '2025-11-21 18:04:26', NULL);
INSERT INTO `ext_schema_attribute` VALUES (92, 1001, 84, '重要人物', '贡献', 'contribution', 0, 0, 0, NULL, NULL, NULL, 1, 0, '星小图', 1, '2025-11-21 18:04:37', '星小图', NULL, '2025-11-21 18:04:37', NULL);
INSERT INTO `ext_schema_attribute` VALUES (93, 1001, 85, '区域', '名称', 'NAME', 0, 0, 0, NULL, NULL, NULL, 1, 0, '星小图', 1, '2025-11-21 18:05:23', '星小图', NULL, '2025-11-21 18:05:23', NULL);
INSERT INTO `ext_schema_attribute` VALUES (94, 1001, 86, '宗教', '宗教名称', 'NAME', 0, 0, 0, NULL, NULL, NULL, 1, 0, '星小图', 1, '2025-11-21 18:06:01', '星小图', NULL, '2025-11-21 18:06:01', NULL);
INSERT INTO `ext_schema_attribute` VALUES (95, 1001, 1763719582365, 'test', '名称', 'NAME', 0, 0, 0, NULL, NULL, NULL, 1, 0, '星小图', 1, '2025-11-21 18:06:37', '星小图', NULL, '2025-11-21 18:06:37', NULL);
INSERT INTO `ext_schema_attribute` VALUES (96, 1001, 87, '民族子群', '名称', 'NAME', 0, 0, 0, NULL, NULL, NULL, 1, 0, '星小图', 1, '2025-11-21 18:08:04', '星小图', NULL, '2025-11-21 18:08:04', NULL);

-- ----------------------------
-- Table structure for ext_schema_mapping
-- ----------------------------
DROP TABLE IF EXISTS `ext_schema_mapping`;
CREATE TABLE `ext_schema_mapping`  (
  `id` bigint NOT NULL AUTO_INCREMENT COMMENT 'ID',
  `workspace_id` bigint NOT NULL COMMENT '工作区id',
  `task_id` bigint NOT NULL COMMENT '任务id',
  `table_name` varchar(128) CHARACTER SET utf8mb3 COLLATE utf8mb3_general_ci NOT NULL COMMENT '表名',
  `table_comment` varchar(128) CHARACTER SET utf8mb3 COLLATE utf8mb3_general_ci NULL DEFAULT NULL COMMENT '表显示名称',
  `entity_name_field` varchar(32) CHARACTER SET utf8mb3 COLLATE utf8mb3_general_ci NULL DEFAULT NULL COMMENT '实体名称列',
  `schema_id` bigint NULL DEFAULT NULL COMMENT '概念id',
  `schema_name` varchar(128) CHARACTER SET utf8mb3 COLLATE utf8mb3_general_ci NULL DEFAULT NULL COMMENT '概念名称',
  `valid_flag` tinyint(1) NOT NULL DEFAULT 1 COMMENT '是否有效;0：无效，1：有效',
  `del_flag` tinyint(1) NOT NULL DEFAULT 0 COMMENT '删除标志;1：已删除，0：未删除',
  `create_by` varchar(32) CHARACTER SET utf8mb3 COLLATE utf8mb3_general_ci NULL DEFAULT NULL COMMENT '创建人',
  `creator_id` bigint NULL DEFAULT NULL COMMENT '创建人id',
  `create_time` datetime NOT NULL DEFAULT CURRENT_TIMESTAMP COMMENT '创建时间',
  `update_by` varchar(32) CHARACTER SET utf8mb3 COLLATE utf8mb3_general_ci NULL DEFAULT NULL COMMENT '更新人',
  `updater_id` bigint NULL DEFAULT NULL COMMENT '更新人id',
  `update_time` datetime NOT NULL DEFAULT CURRENT_TIMESTAMP COMMENT '更新时间',
  `remark` varchar(512) CHARACTER SET utf8mb3 COLLATE utf8mb3_general_ci NULL DEFAULT NULL COMMENT '备注',
  PRIMARY KEY (`id`) USING BTREE
) ENGINE = InnoDB AUTO_INCREMENT = 331 CHARACTER SET = utf8mb3 COLLATE = utf8mb3_general_ci COMMENT = '概念映射' ROW_FORMAT = DYNAMIC;

-- ----------------------------
-- Records of ext_schema_mapping
-- ----------------------------
INSERT INTO `ext_schema_mapping` VALUES (1, 1001, 1, 'system_role', '角色信息表', 'role_name', 8, '角色', 0, 0, '小桐', 1, '2025-09-04 18:14:57', '小桐', 1, '2025-09-04 18:14:57', NULL);
INSERT INTO `ext_schema_mapping` VALUES (2, 1001, 1, 'system_user', '用户信息表', 'user_name', 7, '用户', 0, 0, '小桐', 1, '2025-09-04 18:14:57', '小桐', 1, '2025-09-04 18:14:57', NULL);
INSERT INTO `ext_schema_mapping` VALUES (3, 1001, 2, 'dataaircraft', '', 'Name', 11, '飞机', 0, 1, '小桐', 1, '2025-09-05 13:52:47', '小桐', 1, '2025-09-05 13:52:47', NULL);
INSERT INTO `ext_schema_mapping` VALUES (4, 1001, 2, 'dataaircraft', '', 'Name', 11, '飞机', 0, 1, '小桐', 1, '2025-09-05 13:53:20', '小桐', 1, '2025-09-05 13:53:20', NULL);
INSERT INTO `ext_schema_mapping` VALUES (5, 1001, 2, 'dataaircraft', '', 'Name', 11, '飞机', 0, 1, '小桐', 1, '2025-09-05 14:35:29', '小桐', 1, '2025-09-05 14:35:29', NULL);
INSERT INTO `ext_schema_mapping` VALUES (6, 1001, 2, 'dataaircraft', '', 'Name', 11, '飞机', 0, 1, '小桐', 1, '2025-09-05 14:35:41', '小桐', 1, '2025-09-05 14:35:41', NULL);
INSERT INTO `ext_schema_mapping` VALUES (7, 1001, 2, 'dataaircraft', '', 'Name', 11, '飞机', 0, 0, '小桐', 1, '2025-09-05 14:35:53', '小桐', 1, '2025-09-05 14:35:53', NULL);
INSERT INTO `ext_schema_mapping` VALUES (8, 1001, 4, 'dataaircraft', '', 'Name', 11, '飞机', 0, 1, '小桐', 1, '2025-09-05 14:57:37', '小桐', 1, '2025-09-05 14:57:37', NULL);
INSERT INTO `ext_schema_mapping` VALUES (9, 1001, 4, 'dataaircraft', '', 'Name', 11, '飞机', 0, 1, '小桐', 1, '2025-09-05 14:59:28', '小桐', 1, '2025-09-05 14:59:28', NULL);
INSERT INTO `ext_schema_mapping` VALUES (10, 1001, 4, 'enumaircrafttype', '', 'Description', 17, '飞机类型', 0, 1, '小桐', 1, '2025-09-05 14:59:28', '小桐', 1, '2025-09-05 14:59:28', NULL);
INSERT INTO `ext_schema_mapping` VALUES (11, 1001, 4, 'enumaircraftcategory', '', 'Description', 16, '飞机类别', 0, 1, '小桐', 1, '2025-09-05 14:59:28', '小桐', 1, '2025-09-05 14:59:28', NULL);
INSERT INTO `ext_schema_mapping` VALUES (12, 1001, 4, 'dataaircraft', '', 'Name', 11, '飞机', 0, 1, '小桐', 1, '2025-09-05 15:00:28', '小桐', 1, '2025-09-05 15:00:28', NULL);
INSERT INTO `ext_schema_mapping` VALUES (13, 1001, 4, 'enumaircrafttype', '', 'Description', 17, '飞机类型', 0, 1, '小桐', 1, '2025-09-05 15:00:28', '小桐', 1, '2025-09-05 15:00:28', NULL);
INSERT INTO `ext_schema_mapping` VALUES (14, 1001, 4, 'enumaircraftcategory', '', 'Description', 16, '飞机类别', 0, 1, '小桐', 1, '2025-09-05 15:00:28', '小桐', 1, '2025-09-05 15:00:28', NULL);
INSERT INTO `ext_schema_mapping` VALUES (15, 1001, 4, 'dataaircraft', '', 'Name', 11, '飞机', 0, 0, '小桐', 1, '2025-09-05 15:03:54', '小桐', 1, '2025-09-05 15:03:54', NULL);
INSERT INTO `ext_schema_mapping` VALUES (16, 1001, 4, 'enumaircrafttype', '', 'Description', 17, '飞机类型', 0, 0, '小桐', 1, '2025-09-05 15:03:54', '小桐', 1, '2025-09-05 15:03:54', NULL);
INSERT INTO `ext_schema_mapping` VALUES (17, 1001, 4, 'enumaircraftcategory', '', 'Description', 16, '飞机类别', 0, 0, '小桐', 1, '2025-09-05 15:03:54', '小桐', 1, '2025-09-05 15:03:54', NULL);
INSERT INTO `ext_schema_mapping` VALUES (18, 1001, 5, 'enumaircrafttype', '', 'Description', 17, '飞机类型', 0, 0, '小桐', 1, '2025-09-05 15:53:11', '小桐', 1, '2025-09-05 15:53:11', NULL);
INSERT INTO `ext_schema_mapping` VALUES (19, 1001, 5, 'dataaircraft', '', 'Name', 11, '飞机', 0, 0, '小桐', 1, '2025-09-05 15:53:11', '小桐', 1, '2025-09-05 15:53:11', NULL);
INSERT INTO `ext_schema_mapping` VALUES (20, 1001, 6, 'build_type', '', 'name', 27, '建筑类型', 0, 1, '小桐', 1, '2025-09-05 18:31:45', '小桐', 1, '2025-09-05 18:31:45', NULL);
INSERT INTO `ext_schema_mapping` VALUES (21, 1001, 6, 'economy_infrastructure', '', 'main_industries', 25, '经济与基础设施', 0, 1, '小桐', 1, '2025-09-05 18:31:45', '小桐', 1, '2025-09-05 18:31:45', NULL);
INSERT INTO `ext_schema_mapping` VALUES (22, 1001, 6, 'education_institution', '', 'name', 23, '教育机构', 0, 1, '小桐', 1, '2025-09-05 18:31:45', '小桐', 1, '2025-09-05 18:31:45', NULL);
INSERT INTO `ext_schema_mapping` VALUES (23, 1001, 6, 'facility', '', 'name', 20, '重要设施', 0, 1, '小桐', 1, '2025-09-05 18:31:45', '小桐', 1, '2025-09-05 18:31:45', NULL);
INSERT INTO `ext_schema_mapping` VALUES (24, 1001, 6, 'heritage', '', 'name', 21, '物质文化遗产', 0, 1, '小桐', 1, '2025-09-05 18:31:45', '小桐', 1, '2025-09-05 18:31:45', NULL);
INSERT INTO `ext_schema_mapping` VALUES (25, 1001, 6, 'population', '', 'population_total', 22, '人口数据', 0, 1, '小桐', 1, '2025-09-05 18:31:45', '小桐', 1, '2025-09-05 18:31:45', NULL);
INSERT INTO `ext_schema_mapping` VALUES (26, 1001, 6, 'region', '', 'name', 26, '区域类型', 0, 1, '小桐', 1, '2025-09-05 18:31:45', '小桐', 1, '2025-09-05 18:31:45', NULL);
INSERT INTO `ext_schema_mapping` VALUES (27, 1001, 6, 'region_type', '', 'name', 26, '区域类型', 0, 1, '小桐', 1, '2025-09-05 18:31:45', '小桐', 1, '2025-09-05 18:31:45', NULL);
INSERT INTO `ext_schema_mapping` VALUES (28, 1001, 6, 'religion', '', 'name', 19, '宗教', 0, 1, '小桐', 1, '2025-09-05 18:31:45', '小桐', 1, '2025-09-05 18:31:45', NULL);
INSERT INTO `ext_schema_mapping` VALUES (29, 1001, 6, 'research_institution', '', 'name', 24, '科研机构', 0, 1, '小桐', 1, '2025-09-05 18:31:45', '小桐', 1, '2025-09-05 18:31:45', NULL);
INSERT INTO `ext_schema_mapping` VALUES (30, 1001, 6, 'build_type', '', 'name', 27, '建筑类型', 0, 1, '小桐', 1, '2025-09-05 18:34:44', '小桐', 1, '2025-09-05 18:34:44', NULL);
INSERT INTO `ext_schema_mapping` VALUES (31, 1001, 6, 'economy_infrastructure', '', 'main_industries', 25, '经济与基础设施', 0, 1, '小桐', 1, '2025-09-05 18:34:44', '小桐', 1, '2025-09-05 18:34:44', NULL);
INSERT INTO `ext_schema_mapping` VALUES (32, 1001, 6, 'education_institution', '', 'name', 23, '教育机构', 0, 1, '小桐', 1, '2025-09-05 18:34:44', '小桐', 1, '2025-09-05 18:34:44', NULL);
INSERT INTO `ext_schema_mapping` VALUES (33, 1001, 6, 'facility', '', 'name', 20, '重要设施', 0, 1, '小桐', 1, '2025-09-05 18:34:44', '小桐', 1, '2025-09-05 18:34:44', NULL);
INSERT INTO `ext_schema_mapping` VALUES (34, 1001, 6, 'heritage', '', 'name', 21, '物质文化遗产', 0, 1, '小桐', 1, '2025-09-05 18:34:44', '小桐', 1, '2025-09-05 18:34:44', NULL);
INSERT INTO `ext_schema_mapping` VALUES (35, 1001, 6, 'population', '', 'population_total', 22, '人口数据', 0, 1, '小桐', 1, '2025-09-05 18:34:44', '小桐', 1, '2025-09-05 18:34:44', NULL);
INSERT INTO `ext_schema_mapping` VALUES (36, 1001, 6, 'region', '', 'name', 18, '区域', 0, 1, '小桐', 1, '2025-09-05 18:34:44', '小桐', 1, '2025-09-05 18:34:44', NULL);
INSERT INTO `ext_schema_mapping` VALUES (37, 1001, 6, 'region_type', '', 'name', 26, '区域类型', 0, 1, '小桐', 1, '2025-09-05 18:34:44', '小桐', 1, '2025-09-05 18:34:44', NULL);
INSERT INTO `ext_schema_mapping` VALUES (38, 1001, 6, 'religion', '', 'name', 19, '宗教', 0, 1, '小桐', 1, '2025-09-05 18:34:44', '小桐', 1, '2025-09-05 18:34:44', NULL);
INSERT INTO `ext_schema_mapping` VALUES (39, 1001, 6, 'research_institution', '', 'name', 24, '科研机构', 0, 1, '小桐', 1, '2025-09-05 18:34:44', '小桐', 1, '2025-09-05 18:34:44', NULL);
INSERT INTO `ext_schema_mapping` VALUES (40, 1001, 6, 'build_type', '', 'name', 27, '建筑类型', 0, 1, '小桐', 1, '2025-09-05 18:44:14', '小桐', 1, '2025-09-05 18:44:14', NULL);
INSERT INTO `ext_schema_mapping` VALUES (41, 1001, 6, 'economy_infrastructure', '', 'main_industries', 25, '经济与基础设施', 0, 1, '小桐', 1, '2025-09-05 18:44:14', '小桐', 1, '2025-09-05 18:44:14', NULL);
INSERT INTO `ext_schema_mapping` VALUES (42, 1001, 6, 'education_institution', '', 'name', 23, '教育机构', 0, 1, '小桐', 1, '2025-09-05 18:44:14', '小桐', 1, '2025-09-05 18:44:14', NULL);
INSERT INTO `ext_schema_mapping` VALUES (43, 1001, 6, 'facility', '', 'name', 20, '重要设施', 0, 1, '小桐', 1, '2025-09-05 18:44:14', '小桐', 1, '2025-09-05 18:44:14', NULL);
INSERT INTO `ext_schema_mapping` VALUES (44, 1001, 6, 'heritage', '', 'name', 21, '物质文化遗产', 0, 1, '小桐', 1, '2025-09-05 18:44:14', '小桐', 1, '2025-09-05 18:44:14', NULL);
INSERT INTO `ext_schema_mapping` VALUES (45, 1001, 6, 'population', '', 'population_total', 22, '人口数据', 0, 1, '小桐', 1, '2025-09-05 18:44:14', '小桐', 1, '2025-09-05 18:44:14', NULL);
INSERT INTO `ext_schema_mapping` VALUES (46, 1001, 6, 'region', '', 'name', 18, '区域', 0, 1, '小桐', 1, '2025-09-05 18:44:14', '小桐', 1, '2025-09-05 18:44:14', NULL);
INSERT INTO `ext_schema_mapping` VALUES (47, 1001, 6, 'region_type', '', 'name', 26, '区域类型', 0, 1, '小桐', 1, '2025-09-05 18:44:14', '小桐', 1, '2025-09-05 18:44:14', NULL);
INSERT INTO `ext_schema_mapping` VALUES (48, 1001, 6, 'religion', '', 'name', 19, '宗教', 0, 1, '小桐', 1, '2025-09-05 18:44:14', '小桐', 1, '2025-09-05 18:44:14', NULL);
INSERT INTO `ext_schema_mapping` VALUES (49, 1001, 6, 'research_institution', '', 'name', 24, '科研机构', 0, 1, '小桐', 1, '2025-09-05 18:44:14', '小桐', 1, '2025-09-05 18:44:14', NULL);
INSERT INTO `ext_schema_mapping` VALUES (50, 1001, 6, 'build_type', '', 'name', 27, '建筑类型', 0, 1, '小桐', 1, '2025-09-05 19:01:57', '小桐', 1, '2025-09-05 19:01:57', NULL);
INSERT INTO `ext_schema_mapping` VALUES (51, 1001, 6, 'economy_infrastructure', '', 'main_industries', 25, '经济与基础设施', 0, 1, '小桐', 1, '2025-09-05 19:01:57', '小桐', 1, '2025-09-05 19:01:57', NULL);
INSERT INTO `ext_schema_mapping` VALUES (52, 1001, 6, 'education_institution', '', 'name', 23, '教育机构', 0, 1, '小桐', 1, '2025-09-05 19:01:57', '小桐', 1, '2025-09-05 19:01:57', NULL);
INSERT INTO `ext_schema_mapping` VALUES (53, 1001, 6, 'facility', '', 'name', 20, '重要设施', 0, 1, '小桐', 1, '2025-09-05 19:01:57', '小桐', 1, '2025-09-05 19:01:57', NULL);
INSERT INTO `ext_schema_mapping` VALUES (54, 1001, 6, 'heritage', '', 'name', 21, '物质文化遗产', 0, 1, '小桐', 1, '2025-09-05 19:01:58', '小桐', 1, '2025-09-05 19:01:58', NULL);
INSERT INTO `ext_schema_mapping` VALUES (55, 1001, 6, 'population', '', 'population_total', 22, '人口数据', 0, 1, '小桐', 1, '2025-09-05 19:01:58', '小桐', 1, '2025-09-05 19:01:58', NULL);
INSERT INTO `ext_schema_mapping` VALUES (56, 1001, 6, 'region', '', 'name', 18, '区域', 0, 1, '小桐', 1, '2025-09-05 19:01:58', '小桐', 1, '2025-09-05 19:01:58', NULL);
INSERT INTO `ext_schema_mapping` VALUES (57, 1001, 6, 'region_type', '', 'name', 26, '区域类型', 0, 1, '小桐', 1, '2025-09-05 19:01:58', '小桐', 1, '2025-09-05 19:01:58', NULL);
INSERT INTO `ext_schema_mapping` VALUES (58, 1001, 6, 'religion', '', 'name', 19, '宗教', 0, 1, '小桐', 1, '2025-09-05 19:01:58', '小桐', 1, '2025-09-05 19:01:58', NULL);
INSERT INTO `ext_schema_mapping` VALUES (59, 1001, 6, 'research_institution', '', 'name', 24, '科研机构', 0, 1, '小桐', 1, '2025-09-05 19:01:58', '小桐', 1, '2025-09-05 19:01:58', NULL);
INSERT INTO `ext_schema_mapping` VALUES (60, 1001, 8, 'ext_schema_attribute', '概念属性', 'name', 2, '歌曲', 0, 0, '星小图', 1, '2025-09-23 19:12:56', '星小图', 1, '2025-09-23 19:12:56', NULL);
INSERT INTO `ext_schema_mapping` VALUES (61, 1001, 6, 'build_type', '', 'name', 27, '建筑类型', 0, 0, '星小图', 1, '2025-09-23 19:46:12', '星小图', 1, '2025-09-23 19:46:12', NULL);
INSERT INTO `ext_schema_mapping` VALUES (62, 1001, 6, 'economy_infrastructure', '', 'main_industries', 25, '经济与基础设施', 0, 0, '星小图', 1, '2025-09-23 19:46:12', '星小图', 1, '2025-09-23 19:46:12', NULL);
INSERT INTO `ext_schema_mapping` VALUES (63, 1001, 6, 'education_institution', '', 'name', 23, '教育机构', 0, 0, '星小图', 1, '2025-09-23 19:46:12', '星小图', 1, '2025-09-23 19:46:12', NULL);
INSERT INTO `ext_schema_mapping` VALUES (64, 1001, 6, 'facility', '', 'name', 20, '重要设施', 0, 0, '星小图', 1, '2025-09-23 19:46:12', '星小图', 1, '2025-09-23 19:46:12', NULL);
INSERT INTO `ext_schema_mapping` VALUES (65, 1001, 6, 'heritage', '', 'name', 21, '物质文化遗产', 0, 0, '星小图', 1, '2025-09-23 19:46:12', '星小图', 1, '2025-09-23 19:46:12', NULL);
INSERT INTO `ext_schema_mapping` VALUES (66, 1001, 6, 'region', '', 'name', 18, '区域', 0, 0, '星小图', 1, '2025-09-23 19:46:12', '星小图', 1, '2025-09-23 19:46:12', NULL);
INSERT INTO `ext_schema_mapping` VALUES (67, 1001, 6, 'region_type', '', 'name', 26, '区域类型', 0, 0, '星小图', 1, '2025-09-23 19:46:12', '星小图', 1, '2025-09-23 19:46:12', NULL);
INSERT INTO `ext_schema_mapping` VALUES (68, 1001, 6, 'religion', '', 'name', 19, '宗教', 0, 0, '星小图', 1, '2025-09-23 19:46:12', '星小图', 1, '2025-09-23 19:46:12', NULL);
INSERT INTO `ext_schema_mapping` VALUES (69, 1001, 6, 'research_institution', '', 'name', 24, '科研机构', 0, 0, '星小图', 1, '2025-09-23 19:46:13', '星小图', 1, '2025-09-23 19:46:13', NULL);
INSERT INTO `ext_schema_mapping` VALUES (70, 1001, 9, 'country', '', 'name', 49, '国家', 0, 1, '星小图', 1, '2025-10-17 15:37:51', '星小图', 1, '2025-10-17 15:37:51', NULL);
INSERT INTO `ext_schema_mapping` VALUES (71, 1001, 9, 'country', '', 'name', 49, '国家', 0, 1, '星小图', 1, '2025-10-17 15:40:09', '星小图', 1, '2025-10-17 15:40:09', NULL);
INSERT INTO `ext_schema_mapping` VALUES (72, 1001, 9, 'event', '', 'name', 50, '事件', 0, 1, '星小图', 1, '2025-10-17 15:40:09', '星小图', 1, '2025-10-17 15:40:09', NULL);
INSERT INTO `ext_schema_mapping` VALUES (73, 1001, 9, 'faction', '', 'name', 51, '阵营', 0, 1, '星小图', 1, '2025-10-17 15:40:10', '星小图', 1, '2025-10-17 15:40:10', NULL);
INSERT INTO `ext_schema_mapping` VALUES (74, 1001, 9, 'country', '', 'name', 49, '国家', 0, 1, '星小图', 1, '2025-10-17 15:45:31', '星小图', 1, '2025-10-17 15:45:31', NULL);
INSERT INTO `ext_schema_mapping` VALUES (75, 1001, 9, 'event', '', 'name', 50, '事件', 0, 1, '星小图', 1, '2025-10-17 15:45:32', '星小图', 1, '2025-10-17 15:45:32', NULL);
INSERT INTO `ext_schema_mapping` VALUES (76, 1001, 9, 'faction', '', 'name', 51, '阵营', 0, 1, '星小图', 1, '2025-10-17 15:45:32', '星小图', 1, '2025-10-17 15:45:32', NULL);
INSERT INTO `ext_schema_mapping` VALUES (77, 1001, 9, 'location', '', 'name', 52, '地点', 0, 1, '星小图', 1, '2025-10-17 15:45:33', '星小图', 1, '2025-10-17 15:45:33', NULL);
INSERT INTO `ext_schema_mapping` VALUES (78, 1001, 9, 'military_unit', '', 'name', 53, '单位', 0, 1, '星小图', 1, '2025-10-17 15:45:34', '星小图', 1, '2025-10-17 15:45:34', NULL);
INSERT INTO `ext_schema_mapping` VALUES (79, 1001, 9, 'country', '', 'name', 49, '国家', 0, 1, '星小图', 1, '2025-10-17 15:47:26', '星小图', 1, '2025-10-17 15:47:26', NULL);
INSERT INTO `ext_schema_mapping` VALUES (80, 1001, 9, 'event', '', 'name', 50, '事件', 0, 1, '星小图', 1, '2025-10-17 15:47:27', '星小图', 1, '2025-10-17 15:47:27', NULL);
INSERT INTO `ext_schema_mapping` VALUES (81, 1001, 9, 'faction', '', 'name', 51, '阵营', 0, 1, '星小图', 1, '2025-10-17 15:47:28', '星小图', 1, '2025-10-17 15:47:28', NULL);
INSERT INTO `ext_schema_mapping` VALUES (82, 1001, 9, 'location', '', 'name', 52, '地点', 0, 1, '星小图', 1, '2025-10-17 15:47:29', '星小图', 1, '2025-10-17 15:47:29', NULL);
INSERT INTO `ext_schema_mapping` VALUES (83, 1001, 9, 'military_unit', '', 'name', 53, '单位', 0, 1, '星小图', 1, '2025-10-17 15:47:29', '星小图', 1, '2025-10-17 15:47:29', NULL);
INSERT INTO `ext_schema_mapping` VALUES (84, 1001, 9, 'person', '', 'full_name', 54, '人物', 0, 1, '星小图', 1, '2025-10-17 15:47:30', '星小图', 1, '2025-10-17 15:47:30', NULL);
INSERT INTO `ext_schema_mapping` VALUES (85, 1001, 9, 'strategy', '', 'name', 55, '战略', 0, 1, '星小图', 1, '2025-10-17 15:47:31', '星小图', 1, '2025-10-17 15:47:31', NULL);
INSERT INTO `ext_schema_mapping` VALUES (86, 1001, 9, 'treaty', '', 'name', 56, '条约', 0, 1, '星小图', 1, '2025-10-17 15:47:31', '星小图', 1, '2025-10-17 15:47:31', NULL);
INSERT INTO `ext_schema_mapping` VALUES (87, 1001, 9, 'country', '', 'name', 49, '国家', 0, 1, '星小图', 1, '2025-10-17 15:49:39', '星小图', 1, '2025-10-17 15:49:39', NULL);
INSERT INTO `ext_schema_mapping` VALUES (88, 1001, 9, 'event', '', 'name', 50, '事件', 0, 1, '星小图', 1, '2025-10-17 15:49:39', '星小图', 1, '2025-10-17 15:49:39', NULL);
INSERT INTO `ext_schema_mapping` VALUES (89, 1001, 9, 'faction', '', 'name', 51, '阵营', 0, 1, '星小图', 1, '2025-10-17 15:49:40', '星小图', 1, '2025-10-17 15:49:40', NULL);
INSERT INTO `ext_schema_mapping` VALUES (90, 1001, 9, 'location', '', 'name', 52, '地点', 0, 1, '星小图', 1, '2025-10-17 15:49:41', '星小图', 1, '2025-10-17 15:49:41', NULL);
INSERT INTO `ext_schema_mapping` VALUES (91, 1001, 9, 'military_unit', '', 'name', 53, '单位', 0, 1, '星小图', 1, '2025-10-17 15:49:42', '星小图', 1, '2025-10-17 15:49:42', NULL);
INSERT INTO `ext_schema_mapping` VALUES (92, 1001, 9, 'person', '', 'full_name', 54, '人物', 0, 1, '星小图', 1, '2025-10-17 15:49:43', '星小图', 1, '2025-10-17 15:49:43', NULL);
INSERT INTO `ext_schema_mapping` VALUES (93, 1001, 9, 'strategy', '', 'name', 55, '战略', 0, 1, '星小图', 1, '2025-10-17 15:49:43', '星小图', 1, '2025-10-17 15:49:43', NULL);
INSERT INTO `ext_schema_mapping` VALUES (94, 1001, 9, 'treaty', '', 'name', 56, '条约', 0, 1, '星小图', 1, '2025-10-17 15:49:44', '星小图', 1, '2025-10-17 15:49:44', NULL);
INSERT INTO `ext_schema_mapping` VALUES (95, 1001, 9, 'country', '', 'name', 49, '国家', 0, 1, '星小图', 1, '2025-10-17 15:50:58', '星小图', 1, '2025-10-17 15:50:58', NULL);
INSERT INTO `ext_schema_mapping` VALUES (96, 1001, 9, 'event', '', 'name', 50, '事件', 0, 1, '星小图', 1, '2025-10-17 15:50:59', '星小图', 1, '2025-10-17 15:50:59', NULL);
INSERT INTO `ext_schema_mapping` VALUES (97, 1001, 9, 'faction', '', 'name', 51, '阵营', 0, 1, '星小图', 1, '2025-10-17 15:51:00', '星小图', 1, '2025-10-17 15:51:00', NULL);
INSERT INTO `ext_schema_mapping` VALUES (98, 1001, 9, 'location', '', 'name', 52, '地点', 0, 1, '星小图', 1, '2025-10-17 15:51:01', '星小图', 1, '2025-10-17 15:51:01', NULL);
INSERT INTO `ext_schema_mapping` VALUES (99, 1001, 9, 'military_unit', '', 'name', 53, '单位', 0, 1, '星小图', 1, '2025-10-17 15:51:01', '星小图', 1, '2025-10-17 15:51:01', NULL);
INSERT INTO `ext_schema_mapping` VALUES (100, 1001, 9, 'person', '', 'full_name', 54, '人物', 0, 1, '星小图', 1, '2025-10-17 15:51:02', '星小图', 1, '2025-10-17 15:51:02', NULL);
INSERT INTO `ext_schema_mapping` VALUES (101, 1001, 9, 'strategy', '', 'name', 55, '战略', 0, 1, '星小图', 1, '2025-10-17 15:51:03', '星小图', 1, '2025-10-17 15:51:03', NULL);
INSERT INTO `ext_schema_mapping` VALUES (102, 1001, 9, 'treaty', '', 'name', 56, '条约', 0, 1, '星小图', 1, '2025-10-17 15:51:03', '星小图', 1, '2025-10-17 15:51:03', NULL);
INSERT INTO `ext_schema_mapping` VALUES (103, 1001, 9, 'country', '国家', 'name', 49, '国家', 0, 1, '星小图', 1, '2025-11-05 08:36:25', '星小图', 1, '2025-11-05 08:36:25', NULL);
INSERT INTO `ext_schema_mapping` VALUES (104, 1001, 9, 'event', '事件', 'name', 50, '事件', 0, 1, '星小图', 1, '2025-11-05 08:36:25', '星小图', 1, '2025-11-05 08:36:25', NULL);
INSERT INTO `ext_schema_mapping` VALUES (105, 1001, 9, 'faction', '', 'name', 51, '阵营', 0, 1, '星小图', 1, '2025-11-05 08:36:25', '星小图', 1, '2025-11-05 08:36:25', NULL);
INSERT INTO `ext_schema_mapping` VALUES (106, 1001, 9, 'location', '地点', 'name', 52, '地点', 0, 1, '星小图', 1, '2025-11-05 08:36:25', '星小图', 1, '2025-11-05 08:36:25', NULL);
INSERT INTO `ext_schema_mapping` VALUES (107, 1001, 9, 'military_unit', '', 'name', 53, '单位', 0, 1, '星小图', 1, '2025-11-05 08:36:25', '星小图', 1, '2025-11-05 08:36:25', NULL);
INSERT INTO `ext_schema_mapping` VALUES (108, 1001, 9, 'person', '人物', 'full_name', 54, '人物', 0, 1, '星小图', 1, '2025-11-05 08:36:25', '星小图', 1, '2025-11-05 08:36:25', NULL);
INSERT INTO `ext_schema_mapping` VALUES (109, 1001, 9, 'strategy', '', 'name', 55, '战略', 0, 1, '星小图', 1, '2025-11-05 08:36:25', '星小图', 1, '2025-11-05 08:36:25', NULL);
INSERT INTO `ext_schema_mapping` VALUES (110, 1001, 9, 'treaty', '', 'name', 56, '条约', 0, 1, '星小图', 1, '2025-11-05 08:36:25', '星小图', 1, '2025-11-05 08:36:25', NULL);
INSERT INTO `ext_schema_mapping` VALUES (111, 1001, 9, 'country', '国家', 'name', 49, '国家', 0, 1, '星小图', 1, '2025-11-05 08:39:09', '星小图', 1, '2025-11-05 08:39:09', NULL);
INSERT INTO `ext_schema_mapping` VALUES (112, 1001, 9, 'event', '事件', 'name', 50, '事件', 0, 1, '星小图', 1, '2025-11-05 08:39:09', '星小图', 1, '2025-11-05 08:39:09', NULL);
INSERT INTO `ext_schema_mapping` VALUES (113, 1001, 9, 'faction', '', 'name', 51, '阵营', 0, 1, '星小图', 1, '2025-11-05 08:39:09', '星小图', 1, '2025-11-05 08:39:09', NULL);
INSERT INTO `ext_schema_mapping` VALUES (114, 1001, 9, 'location', '地点', 'name', 52, '地点', 0, 1, '星小图', 1, '2025-11-05 08:39:09', '星小图', 1, '2025-11-05 08:39:09', NULL);
INSERT INTO `ext_schema_mapping` VALUES (115, 1001, 9, 'military_unit', '', 'name', 53, '单位', 0, 1, '星小图', 1, '2025-11-05 08:39:09', '星小图', 1, '2025-11-05 08:39:09', NULL);
INSERT INTO `ext_schema_mapping` VALUES (116, 1001, 9, 'person', '人物', 'full_name', 54, '人物', 0, 1, '星小图', 1, '2025-11-05 08:39:09', '星小图', 1, '2025-11-05 08:39:09', NULL);
INSERT INTO `ext_schema_mapping` VALUES (117, 1001, 9, 'strategy', '', 'name', 55, '战略', 0, 1, '星小图', 1, '2025-11-05 08:39:09', '星小图', 1, '2025-11-05 08:39:09', NULL);
INSERT INTO `ext_schema_mapping` VALUES (118, 1001, 9, 'treaty', '', 'name', 56, '条约', 0, 1, '星小图', 1, '2025-11-05 08:39:09', '星小图', 1, '2025-11-05 08:39:09', NULL);
INSERT INTO `ext_schema_mapping` VALUES (119, 1001, 9, 'country', '国家', 'name', 49, '国家', 0, 1, '星小图', 1, '2025-11-05 08:45:51', '星小图', 1, '2025-11-05 08:45:51', NULL);
INSERT INTO `ext_schema_mapping` VALUES (120, 1001, 9, 'event', '事件', 'name', 50, '事件', 0, 1, '星小图', 1, '2025-11-05 08:45:51', '星小图', 1, '2025-11-05 08:45:51', NULL);
INSERT INTO `ext_schema_mapping` VALUES (121, 1001, 9, 'faction', '', 'name', 51, '阵营', 0, 1, '星小图', 1, '2025-11-05 08:45:51', '星小图', 1, '2025-11-05 08:45:51', NULL);
INSERT INTO `ext_schema_mapping` VALUES (122, 1001, 9, 'location', '地点', 'name', 52, '地点', 0, 1, '星小图', 1, '2025-11-05 08:45:51', '星小图', 1, '2025-11-05 08:45:51', NULL);
INSERT INTO `ext_schema_mapping` VALUES (123, 1001, 9, 'military_unit', '', 'name', 53, '单位', 0, 1, '星小图', 1, '2025-11-05 08:45:51', '星小图', 1, '2025-11-05 08:45:51', NULL);
INSERT INTO `ext_schema_mapping` VALUES (124, 1001, 9, 'person', '人物', 'full_name', 54, '人物', 0, 1, '星小图', 1, '2025-11-05 08:45:51', '星小图', 1, '2025-11-05 08:45:51', NULL);
INSERT INTO `ext_schema_mapping` VALUES (125, 1001, 9, 'strategy', '', 'name', 55, '战略', 0, 1, '星小图', 1, '2025-11-05 08:45:51', '星小图', 1, '2025-11-05 08:45:51', NULL);
INSERT INTO `ext_schema_mapping` VALUES (126, 1001, 9, 'treaty', '', 'name', 56, '条约', 0, 1, '星小图', 1, '2025-11-05 08:45:51', '星小图', 1, '2025-11-05 08:45:51', NULL);
INSERT INTO `ext_schema_mapping` VALUES (127, 1001, 9, 'country', '国家', 'name', 49, '国家', 0, 1, '星小图', 1, '2025-11-05 12:52:24', '星小图', 1, '2025-11-05 12:52:24', NULL);
INSERT INTO `ext_schema_mapping` VALUES (128, 1001, 9, 'event', '事件', 'name', 50, '事件', 0, 1, '星小图', 1, '2025-11-05 12:52:24', '星小图', 1, '2025-11-05 12:52:24', NULL);
INSERT INTO `ext_schema_mapping` VALUES (129, 1001, 9, 'faction', '', 'name', 51, '阵营', 0, 1, '星小图', 1, '2025-11-05 12:52:24', '星小图', 1, '2025-11-05 12:52:24', NULL);
INSERT INTO `ext_schema_mapping` VALUES (130, 1001, 9, 'location', '地点', 'name', 52, '地点', 0, 1, '星小图', 1, '2025-11-05 12:52:24', '星小图', 1, '2025-11-05 12:52:24', NULL);
INSERT INTO `ext_schema_mapping` VALUES (131, 1001, 9, 'military_unit', '', 'name', 53, '单位', 0, 1, '星小图', 1, '2025-11-05 12:52:24', '星小图', 1, '2025-11-05 12:52:24', NULL);
INSERT INTO `ext_schema_mapping` VALUES (132, 1001, 9, 'person', '人物', 'full_name', 54, '人物', 0, 1, '星小图', 1, '2025-11-05 12:52:24', '星小图', 1, '2025-11-05 12:52:24', NULL);
INSERT INTO `ext_schema_mapping` VALUES (133, 1001, 9, 'strategy', '', 'name', 55, '战略', 0, 1, '星小图', 1, '2025-11-05 12:52:24', '星小图', 1, '2025-11-05 12:52:24', NULL);
INSERT INTO `ext_schema_mapping` VALUES (134, 1001, 9, 'treaty', '', 'name', 56, '条约', 0, 1, '星小图', 1, '2025-11-05 12:52:24', '星小图', 1, '2025-11-05 12:52:24', NULL);
INSERT INTO `ext_schema_mapping` VALUES (135, 1001, 9, 'country', '国家', 'name', 49, '国家', 0, 1, '星小图', 1, '2025-11-05 13:34:26', '星小图', 1, '2025-11-05 13:34:26', NULL);
INSERT INTO `ext_schema_mapping` VALUES (136, 1001, 9, 'event', '事件', 'name', 50, '事件', 0, 1, '星小图', 1, '2025-11-05 13:34:26', '星小图', 1, '2025-11-05 13:34:26', NULL);
INSERT INTO `ext_schema_mapping` VALUES (137, 1001, 9, 'faction', '', 'name', 51, '阵营', 0, 1, '星小图', 1, '2025-11-05 13:34:26', '星小图', 1, '2025-11-05 13:34:26', NULL);
INSERT INTO `ext_schema_mapping` VALUES (138, 1001, 9, 'location', '地点', 'name', 52, '地点', 0, 1, '星小图', 1, '2025-11-05 13:34:26', '星小图', 1, '2025-11-05 13:34:26', NULL);
INSERT INTO `ext_schema_mapping` VALUES (139, 1001, 9, 'military_unit', '', 'name', 53, '单位', 0, 1, '星小图', 1, '2025-11-05 13:34:26', '星小图', 1, '2025-11-05 13:34:26', NULL);
INSERT INTO `ext_schema_mapping` VALUES (140, 1001, 9, 'person', '人物', 'full_name', 54, '人物', 0, 1, '星小图', 1, '2025-11-05 13:34:26', '星小图', 1, '2025-11-05 13:34:26', NULL);
INSERT INTO `ext_schema_mapping` VALUES (141, 1001, 9, 'strategy', '', 'name', 55, '战略', 0, 1, '星小图', 1, '2025-11-05 13:34:26', '星小图', 1, '2025-11-05 13:34:26', NULL);
INSERT INTO `ext_schema_mapping` VALUES (142, 1001, 9, 'treaty', '', 'name', 56, '条约', 0, 1, '星小图', 1, '2025-11-05 13:34:26', '星小图', 1, '2025-11-05 13:34:26', NULL);
INSERT INTO `ext_schema_mapping` VALUES (143, 1001, 9, 'country', '国家', 'name', 49, '国家', 0, 1, '星小图', 1, '2025-11-05 13:35:03', '星小图', 1, '2025-11-05 13:35:03', NULL);
INSERT INTO `ext_schema_mapping` VALUES (144, 1001, 9, 'event', '事件', 'name', 50, '事件', 0, 1, '星小图', 1, '2025-11-05 13:35:03', '星小图', 1, '2025-11-05 13:35:03', NULL);
INSERT INTO `ext_schema_mapping` VALUES (145, 1001, 9, 'faction', '', 'name', 51, '阵营', 0, 1, '星小图', 1, '2025-11-05 13:35:03', '星小图', 1, '2025-11-05 13:35:03', NULL);
INSERT INTO `ext_schema_mapping` VALUES (146, 1001, 9, 'location', '地点', 'name', 52, '地点', 0, 1, '星小图', 1, '2025-11-05 13:35:03', '星小图', 1, '2025-11-05 13:35:03', NULL);
INSERT INTO `ext_schema_mapping` VALUES (147, 1001, 9, 'military_unit', '', 'name', 53, '单位', 0, 1, '星小图', 1, '2025-11-05 13:35:03', '星小图', 1, '2025-11-05 13:35:03', NULL);
INSERT INTO `ext_schema_mapping` VALUES (148, 1001, 9, 'person', '人物', 'full_name', 54, '人物', 0, 1, '星小图', 1, '2025-11-05 13:35:03', '星小图', 1, '2025-11-05 13:35:03', NULL);
INSERT INTO `ext_schema_mapping` VALUES (149, 1001, 9, 'strategy', '', 'name', 55, '战略', 0, 1, '星小图', 1, '2025-11-05 13:35:03', '星小图', 1, '2025-11-05 13:35:03', NULL);
INSERT INTO `ext_schema_mapping` VALUES (150, 1001, 9, 'treaty', '', 'name', 56, '条约', 0, 1, '星小图', 1, '2025-11-05 13:35:03', '星小图', 1, '2025-11-05 13:35:03', NULL);
INSERT INTO `ext_schema_mapping` VALUES (151, 1001, 9, 'country', '国家', 'name', 49, '国家', 0, 1, '星小图', 1, '2025-11-05 13:36:31', '星小图', 1, '2025-11-05 13:36:31', NULL);
INSERT INTO `ext_schema_mapping` VALUES (152, 1001, 9, 'event', '事件', 'name', 50, '事件', 0, 1, '星小图', 1, '2025-11-05 13:36:31', '星小图', 1, '2025-11-05 13:36:31', NULL);
INSERT INTO `ext_schema_mapping` VALUES (153, 1001, 9, 'faction', '', 'name', 51, '阵营', 0, 1, '星小图', 1, '2025-11-05 13:36:32', '星小图', 1, '2025-11-05 13:36:32', NULL);
INSERT INTO `ext_schema_mapping` VALUES (154, 1001, 9, 'location', '地点', 'name', 52, '地点', 0, 1, '星小图', 1, '2025-11-05 13:36:32', '星小图', 1, '2025-11-05 13:36:32', NULL);
INSERT INTO `ext_schema_mapping` VALUES (155, 1001, 9, 'military_unit', '', 'name', 53, '单位', 0, 1, '星小图', 1, '2025-11-05 13:36:32', '星小图', 1, '2025-11-05 13:36:32', NULL);
INSERT INTO `ext_schema_mapping` VALUES (156, 1001, 9, 'person', '人物', 'full_name', 54, '人物', 0, 1, '星小图', 1, '2025-11-05 13:36:32', '星小图', 1, '2025-11-05 13:36:32', NULL);
INSERT INTO `ext_schema_mapping` VALUES (157, 1001, 9, 'strategy', '', 'name', 55, '战略', 0, 1, '星小图', 1, '2025-11-05 13:36:32', '星小图', 1, '2025-11-05 13:36:32', NULL);
INSERT INTO `ext_schema_mapping` VALUES (158, 1001, 9, 'treaty', '', 'name', 56, '条约', 0, 1, '星小图', 1, '2025-11-05 13:36:32', '星小图', 1, '2025-11-05 13:36:32', NULL);
INSERT INTO `ext_schema_mapping` VALUES (159, 1001, 9, 'country', '国家', 'name', 49, '国家', 0, 1, '星小图', 1, '2025-11-05 14:02:08', '星小图', 1, '2025-11-05 14:02:08', NULL);
INSERT INTO `ext_schema_mapping` VALUES (160, 1001, 9, 'event', '事件', 'name', 50, '事件', 0, 1, '星小图', 1, '2025-11-05 14:02:08', '星小图', 1, '2025-11-05 14:02:08', NULL);
INSERT INTO `ext_schema_mapping` VALUES (161, 1001, 9, 'faction', '', 'name', 51, '阵营', 0, 1, '星小图', 1, '2025-11-05 14:02:08', '星小图', 1, '2025-11-05 14:02:08', NULL);
INSERT INTO `ext_schema_mapping` VALUES (162, 1001, 9, 'location', '地点', 'name', 52, '地点', 0, 1, '星小图', 1, '2025-11-05 14:02:08', '星小图', 1, '2025-11-05 14:02:08', NULL);
INSERT INTO `ext_schema_mapping` VALUES (163, 1001, 9, 'military_unit', '', 'name', 53, '单位', 0, 1, '星小图', 1, '2025-11-05 14:02:08', '星小图', 1, '2025-11-05 14:02:08', NULL);
INSERT INTO `ext_schema_mapping` VALUES (164, 1001, 9, 'person', '人物', 'full_name', 54, '人物', 0, 1, '星小图', 1, '2025-11-05 14:02:08', '星小图', 1, '2025-11-05 14:02:08', NULL);
INSERT INTO `ext_schema_mapping` VALUES (165, 1001, 9, 'strategy', '', 'name', 55, '战略', 0, 1, '星小图', 1, '2025-11-05 14:02:08', '星小图', 1, '2025-11-05 14:02:08', NULL);
INSERT INTO `ext_schema_mapping` VALUES (166, 1001, 9, 'treaty', '', 'name', 56, '条约', 0, 1, '星小图', 1, '2025-11-05 14:02:08', '星小图', 1, '2025-11-05 14:02:08', NULL);
INSERT INTO `ext_schema_mapping` VALUES (167, 1001, 9, 'country', '国家', 'name', 49, '国家', 0, 1, '星小图', 1, '2025-11-05 14:02:23', '星小图', 1, '2025-11-05 14:02:23', NULL);
INSERT INTO `ext_schema_mapping` VALUES (168, 1001, 9, 'event', '事件', 'name', 50, '事件', 0, 1, '星小图', 1, '2025-11-05 14:02:23', '星小图', 1, '2025-11-05 14:02:23', NULL);
INSERT INTO `ext_schema_mapping` VALUES (169, 1001, 9, 'faction', '', 'name', 51, '阵营', 0, 1, '星小图', 1, '2025-11-05 14:02:23', '星小图', 1, '2025-11-05 14:02:23', NULL);
INSERT INTO `ext_schema_mapping` VALUES (170, 1001, 9, 'location', '地点', 'name', 52, '地点', 0, 1, '星小图', 1, '2025-11-05 14:02:23', '星小图', 1, '2025-11-05 14:02:23', NULL);
INSERT INTO `ext_schema_mapping` VALUES (171, 1001, 9, 'military_unit', '', 'name', 53, '单位', 0, 1, '星小图', 1, '2025-11-05 14:02:23', '星小图', 1, '2025-11-05 14:02:23', NULL);
INSERT INTO `ext_schema_mapping` VALUES (172, 1001, 9, 'person', '人物', 'full_name', 54, '人物', 0, 1, '星小图', 1, '2025-11-05 14:02:23', '星小图', 1, '2025-11-05 14:02:23', NULL);
INSERT INTO `ext_schema_mapping` VALUES (173, 1001, 9, 'strategy', '', 'name', 55, '战略', 0, 1, '星小图', 1, '2025-11-05 14:02:23', '星小图', 1, '2025-11-05 14:02:23', NULL);
INSERT INTO `ext_schema_mapping` VALUES (174, 1001, 9, 'treaty', '', 'name', 56, '条约', 0, 1, '星小图', 1, '2025-11-05 14:02:23', '星小图', 1, '2025-11-05 14:02:23', NULL);
INSERT INTO `ext_schema_mapping` VALUES (175, 1001, 9, 'country', '国家', 'name', 49, '国家', 0, 1, '星小图', 1, '2025-11-05 14:04:48', '星小图', 1, '2025-11-05 14:04:48', NULL);
INSERT INTO `ext_schema_mapping` VALUES (176, 1001, 9, 'event', '事件', 'name', 50, '事件', 0, 1, '星小图', 1, '2025-11-05 14:04:48', '星小图', 1, '2025-11-05 14:04:48', NULL);
INSERT INTO `ext_schema_mapping` VALUES (177, 1001, 9, 'faction', '', 'name', 51, '阵营', 0, 1, '星小图', 1, '2025-11-05 14:04:48', '星小图', 1, '2025-11-05 14:04:48', NULL);
INSERT INTO `ext_schema_mapping` VALUES (178, 1001, 9, 'location', '地点', 'name', 52, '地点', 0, 1, '星小图', 1, '2025-11-05 14:04:48', '星小图', 1, '2025-11-05 14:04:48', NULL);
INSERT INTO `ext_schema_mapping` VALUES (179, 1001, 9, 'military_unit', '', 'name', 53, '单位', 0, 1, '星小图', 1, '2025-11-05 14:04:48', '星小图', 1, '2025-11-05 14:04:48', NULL);
INSERT INTO `ext_schema_mapping` VALUES (180, 1001, 9, 'person', '人物', 'full_name', 54, '人物', 0, 1, '星小图', 1, '2025-11-05 14:04:48', '星小图', 1, '2025-11-05 14:04:48', NULL);
INSERT INTO `ext_schema_mapping` VALUES (181, 1001, 9, 'strategy', '', 'name', 55, '战略', 0, 1, '星小图', 1, '2025-11-05 14:04:48', '星小图', 1, '2025-11-05 14:04:48', NULL);
INSERT INTO `ext_schema_mapping` VALUES (182, 1001, 9, 'treaty', '', 'name', 56, '条约', 0, 1, '星小图', 1, '2025-11-05 14:04:48', '星小图', 1, '2025-11-05 14:04:48', NULL);
INSERT INTO `ext_schema_mapping` VALUES (183, 1001, 9, 'country', '国家', 'name', 49, '国家', 0, 1, '星小图', 1, '2025-11-05 14:07:04', '星小图', 1, '2025-11-05 14:07:04', NULL);
INSERT INTO `ext_schema_mapping` VALUES (184, 1001, 9, 'event', '事件', 'name', 50, '事件', 0, 1, '星小图', 1, '2025-11-05 14:07:04', '星小图', 1, '2025-11-05 14:07:04', NULL);
INSERT INTO `ext_schema_mapping` VALUES (185, 1001, 9, 'faction', '', 'name', 51, '阵营', 0, 1, '星小图', 1, '2025-11-05 14:07:04', '星小图', 1, '2025-11-05 14:07:04', NULL);
INSERT INTO `ext_schema_mapping` VALUES (186, 1001, 9, 'location', '地点', 'name', 52, '地点', 0, 1, '星小图', 1, '2025-11-05 14:07:05', '星小图', 1, '2025-11-05 14:07:05', NULL);
INSERT INTO `ext_schema_mapping` VALUES (187, 1001, 9, 'military_unit', '', 'name', 53, '单位', 0, 1, '星小图', 1, '2025-11-05 14:07:05', '星小图', 1, '2025-11-05 14:07:05', NULL);
INSERT INTO `ext_schema_mapping` VALUES (188, 1001, 9, 'person', '人物', 'full_name', 54, '人物', 0, 1, '星小图', 1, '2025-11-05 14:07:05', '星小图', 1, '2025-11-05 14:07:05', NULL);
INSERT INTO `ext_schema_mapping` VALUES (189, 1001, 9, 'strategy', '', 'name', 55, '战略', 0, 1, '星小图', 1, '2025-11-05 14:07:05', '星小图', 1, '2025-11-05 14:07:05', NULL);
INSERT INTO `ext_schema_mapping` VALUES (190, 1001, 9, 'treaty', '', 'name', 56, '条约', 0, 1, '星小图', 1, '2025-11-05 14:07:05', '星小图', 1, '2025-11-05 14:07:05', NULL);
INSERT INTO `ext_schema_mapping` VALUES (191, 1001, 9, 'country', '国家', 'name', 49, '国家', 0, 1, '星小图', 1, '2025-11-05 14:13:25', '星小图', 1, '2025-11-05 14:13:25', NULL);
INSERT INTO `ext_schema_mapping` VALUES (192, 1001, 9, 'event', '事件', 'name', 50, '事件', 0, 1, '星小图', 1, '2025-11-05 14:13:25', '星小图', 1, '2025-11-05 14:13:25', NULL);
INSERT INTO `ext_schema_mapping` VALUES (193, 1001, 9, 'faction', '', 'name', 51, '阵营', 0, 1, '星小图', 1, '2025-11-05 14:13:25', '星小图', 1, '2025-11-05 14:13:25', NULL);
INSERT INTO `ext_schema_mapping` VALUES (194, 1001, 9, 'location', '地点', 'name', 52, '地点', 0, 1, '星小图', 1, '2025-11-05 14:13:25', '星小图', 1, '2025-11-05 14:13:25', NULL);
INSERT INTO `ext_schema_mapping` VALUES (195, 1001, 9, 'military_unit', '', 'name', 53, '单位', 0, 1, '星小图', 1, '2025-11-05 14:13:25', '星小图', 1, '2025-11-05 14:13:25', NULL);
INSERT INTO `ext_schema_mapping` VALUES (196, 1001, 9, 'person', '人物', 'full_name', 54, '人物', 0, 1, '星小图', 1, '2025-11-05 14:13:25', '星小图', 1, '2025-11-05 14:13:25', NULL);
INSERT INTO `ext_schema_mapping` VALUES (197, 1001, 9, 'strategy', '', 'name', 55, '战略', 0, 1, '星小图', 1, '2025-11-05 14:13:25', '星小图', 1, '2025-11-05 14:13:25', NULL);
INSERT INTO `ext_schema_mapping` VALUES (198, 1001, 9, 'treaty', '', 'name', 56, '条约', 0, 1, '星小图', 1, '2025-11-05 14:13:25', '星小图', 1, '2025-11-05 14:13:25', NULL);
INSERT INTO `ext_schema_mapping` VALUES (199, 1001, 9, 'country', '国家', 'name', 49, '国家', 0, 1, '星小图', 1, '2025-11-05 14:14:46', '星小图', 1, '2025-11-05 14:14:46', NULL);
INSERT INTO `ext_schema_mapping` VALUES (200, 1001, 9, 'event', '事件', 'name', 50, '事件', 0, 1, '星小图', 1, '2025-11-05 14:14:46', '星小图', 1, '2025-11-05 14:14:46', NULL);
INSERT INTO `ext_schema_mapping` VALUES (201, 1001, 9, 'faction', '', 'name', 51, '阵营', 0, 1, '星小图', 1, '2025-11-05 14:14:46', '星小图', 1, '2025-11-05 14:14:46', NULL);
INSERT INTO `ext_schema_mapping` VALUES (202, 1001, 9, 'location', '地点', 'name', 52, '地点', 0, 1, '星小图', 1, '2025-11-05 14:14:46', '星小图', 1, '2025-11-05 14:14:46', NULL);
INSERT INTO `ext_schema_mapping` VALUES (203, 1001, 9, 'military_unit', '', 'name', 53, '单位', 0, 1, '星小图', 1, '2025-11-05 14:14:46', '星小图', 1, '2025-11-05 14:14:46', NULL);
INSERT INTO `ext_schema_mapping` VALUES (204, 1001, 9, 'person', '人物', 'full_name', 54, '人物', 0, 1, '星小图', 1, '2025-11-05 14:14:46', '星小图', 1, '2025-11-05 14:14:46', NULL);
INSERT INTO `ext_schema_mapping` VALUES (205, 1001, 9, 'strategy', '', 'name', 55, '战略', 0, 1, '星小图', 1, '2025-11-05 14:14:46', '星小图', 1, '2025-11-05 14:14:46', NULL);
INSERT INTO `ext_schema_mapping` VALUES (206, 1001, 9, 'treaty', '', 'name', 56, '条约', 0, 1, '星小图', 1, '2025-11-05 14:14:46', '星小图', 1, '2025-11-05 14:14:46', NULL);
INSERT INTO `ext_schema_mapping` VALUES (207, 1001, 9, 'country', '国家', 'name', 49, '国家', 0, 1, '星小图', 1, '2025-11-05 14:18:32', '星小图', 1, '2025-11-05 14:18:32', NULL);
INSERT INTO `ext_schema_mapping` VALUES (208, 1001, 9, 'event', '事件', 'name', 50, '事件', 0, 1, '星小图', 1, '2025-11-05 14:18:32', '星小图', 1, '2025-11-05 14:18:32', NULL);
INSERT INTO `ext_schema_mapping` VALUES (209, 1001, 9, 'faction', '', 'name', 51, '阵营', 0, 1, '星小图', 1, '2025-11-05 14:18:32', '星小图', 1, '2025-11-05 14:18:32', NULL);
INSERT INTO `ext_schema_mapping` VALUES (210, 1001, 9, 'location', '地点', 'name', 52, '地点', 0, 1, '星小图', 1, '2025-11-05 14:18:32', '星小图', 1, '2025-11-05 14:18:32', NULL);
INSERT INTO `ext_schema_mapping` VALUES (211, 1001, 9, 'military_unit', '', 'name', 53, '单位', 0, 1, '星小图', 1, '2025-11-05 14:18:32', '星小图', 1, '2025-11-05 14:18:32', NULL);
INSERT INTO `ext_schema_mapping` VALUES (212, 1001, 9, 'person', '人物', 'full_name', 54, '人物', 0, 1, '星小图', 1, '2025-11-05 14:18:32', '星小图', 1, '2025-11-05 14:18:32', NULL);
INSERT INTO `ext_schema_mapping` VALUES (213, 1001, 9, 'strategy', '', 'name', 55, '战略', 0, 1, '星小图', 1, '2025-11-05 14:18:32', '星小图', 1, '2025-11-05 14:18:32', NULL);
INSERT INTO `ext_schema_mapping` VALUES (214, 1001, 9, 'treaty', '', 'name', 56, '条约', 0, 1, '星小图', 1, '2025-11-05 14:18:32', '星小图', 1, '2025-11-05 14:18:32', NULL);
INSERT INTO `ext_schema_mapping` VALUES (215, 1001, 9, 'country', '国家', 'name', 49, '国家', 0, 1, '星小图', 1, '2025-11-05 14:19:49', '星小图', 1, '2025-11-05 14:19:49', NULL);
INSERT INTO `ext_schema_mapping` VALUES (216, 1001, 9, 'event', '事件', 'name', 50, '事件', 0, 1, '星小图', 1, '2025-11-05 14:20:06', '星小图', 1, '2025-11-05 14:20:06', NULL);
INSERT INTO `ext_schema_mapping` VALUES (217, 1001, 9, 'faction', '', 'name', 51, '阵营', 0, 1, '星小图', 1, '2025-11-05 14:20:11', '星小图', 1, '2025-11-05 14:20:11', NULL);
INSERT INTO `ext_schema_mapping` VALUES (218, 1001, 9, 'location', '地点', 'name', 52, '地点', 0, 1, '星小图', 1, '2025-11-05 14:20:15', '星小图', 1, '2025-11-05 14:20:15', NULL);
INSERT INTO `ext_schema_mapping` VALUES (219, 1001, 9, 'military_unit', '', 'name', 53, '单位', 0, 1, '星小图', 1, '2025-11-05 14:20:16', '星小图', 1, '2025-11-05 14:20:16', NULL);
INSERT INTO `ext_schema_mapping` VALUES (220, 1001, 9, 'person', '人物', 'full_name', 54, '人物', 0, 1, '星小图', 1, '2025-11-05 14:20:35', '星小图', 1, '2025-11-05 14:20:35', NULL);
INSERT INTO `ext_schema_mapping` VALUES (221, 1001, 9, 'strategy', '', 'name', 55, '战略', 0, 1, '星小图', 1, '2025-11-05 14:23:53', '星小图', 1, '2025-11-05 14:23:53', NULL);
INSERT INTO `ext_schema_mapping` VALUES (222, 1001, 9, 'treaty', '', 'name', 56, '条约', 0, 1, '星小图', 1, '2025-11-05 14:23:55', '星小图', 1, '2025-11-05 14:23:55', NULL);
INSERT INTO `ext_schema_mapping` VALUES (223, 1001, 9, 'country', '国家', 'name', 49, '国家', 0, 1, '星小图', 1, '2025-11-05 14:38:06', '星小图', 1, '2025-11-05 14:38:06', NULL);
INSERT INTO `ext_schema_mapping` VALUES (224, 1001, 9, 'event', '事件', 'name', 50, '事件', 0, 1, '星小图', 1, '2025-11-05 14:38:06', '星小图', 1, '2025-11-05 14:38:06', NULL);
INSERT INTO `ext_schema_mapping` VALUES (225, 1001, 9, 'faction', '', 'name', 51, '阵营', 0, 1, '星小图', 1, '2025-11-05 14:38:06', '星小图', 1, '2025-11-05 14:38:06', NULL);
INSERT INTO `ext_schema_mapping` VALUES (226, 1001, 9, 'location', '地点', 'name', 52, '地点', 0, 1, '星小图', 1, '2025-11-05 14:38:06', '星小图', 1, '2025-11-05 14:38:06', NULL);
INSERT INTO `ext_schema_mapping` VALUES (227, 1001, 9, 'military_unit', '', 'name', 53, '单位', 0, 1, '星小图', 1, '2025-11-05 14:38:06', '星小图', 1, '2025-11-05 14:38:06', NULL);
INSERT INTO `ext_schema_mapping` VALUES (228, 1001, 9, 'person', '人物', 'full_name', 54, '人物', 0, 1, '星小图', 1, '2025-11-05 14:38:06', '星小图', 1, '2025-11-05 14:38:06', NULL);
INSERT INTO `ext_schema_mapping` VALUES (229, 1001, 9, 'strategy', '', 'name', 55, '战略', 0, 1, '星小图', 1, '2025-11-05 14:38:06', '星小图', 1, '2025-11-05 14:38:06', NULL);
INSERT INTO `ext_schema_mapping` VALUES (230, 1001, 9, 'treaty', '', 'name', 56, '条约', 0, 1, '星小图', 1, '2025-11-05 14:38:06', '星小图', 1, '2025-11-05 14:38:06', NULL);
INSERT INTO `ext_schema_mapping` VALUES (231, 1001, 9, 'country', '国家', 'name', 49, '国家', 0, 1, '星小图', 1, '2025-11-05 14:43:07', '星小图', 1, '2025-11-05 14:43:07', NULL);
INSERT INTO `ext_schema_mapping` VALUES (232, 1001, 9, 'event', '事件', 'name', 50, '事件', 0, 1, '星小图', 1, '2025-11-05 14:43:07', '星小图', 1, '2025-11-05 14:43:07', NULL);
INSERT INTO `ext_schema_mapping` VALUES (233, 1001, 9, 'faction', '', 'name', 51, '阵营', 0, 1, '星小图', 1, '2025-11-05 14:43:07', '星小图', 1, '2025-11-05 14:43:07', NULL);
INSERT INTO `ext_schema_mapping` VALUES (234, 1001, 9, 'location', '地点', 'name', 52, '地点', 0, 1, '星小图', 1, '2025-11-05 14:43:07', '星小图', 1, '2025-11-05 14:43:07', NULL);
INSERT INTO `ext_schema_mapping` VALUES (235, 1001, 9, 'military_unit', '', 'name', 53, '单位', 0, 1, '星小图', 1, '2025-11-05 14:43:07', '星小图', 1, '2025-11-05 14:43:07', NULL);
INSERT INTO `ext_schema_mapping` VALUES (236, 1001, 9, 'person', '人物', 'full_name', 54, '人物', 0, 1, '星小图', 1, '2025-11-05 14:43:07', '星小图', 1, '2025-11-05 14:43:07', NULL);
INSERT INTO `ext_schema_mapping` VALUES (237, 1001, 9, 'strategy', '', 'name', 55, '战略', 0, 1, '星小图', 1, '2025-11-05 14:43:07', '星小图', 1, '2025-11-05 14:43:07', NULL);
INSERT INTO `ext_schema_mapping` VALUES (238, 1001, 9, 'treaty', '', 'name', 56, '条约', 0, 1, '星小图', 1, '2025-11-05 14:43:07', '星小图', 1, '2025-11-05 14:43:07', NULL);
INSERT INTO `ext_schema_mapping` VALUES (239, 1001, 9, 'country', '国家', 'name', 49, '国家', 0, 1, '星小图', 1, '2025-11-05 15:07:27', '星小图', 1, '2025-11-05 15:07:27', NULL);
INSERT INTO `ext_schema_mapping` VALUES (240, 1001, 9, 'event', '事件', 'name', 50, '事件', 0, 1, '星小图', 1, '2025-11-05 15:07:27', '星小图', 1, '2025-11-05 15:07:27', NULL);
INSERT INTO `ext_schema_mapping` VALUES (241, 1001, 9, 'faction', '', 'name', 51, '阵营', 0, 1, '星小图', 1, '2025-11-05 15:07:27', '星小图', 1, '2025-11-05 15:07:27', NULL);
INSERT INTO `ext_schema_mapping` VALUES (242, 1001, 9, 'location', '地点', 'name', 52, '地点', 0, 1, '星小图', 1, '2025-11-05 15:07:27', '星小图', 1, '2025-11-05 15:07:27', NULL);
INSERT INTO `ext_schema_mapping` VALUES (243, 1001, 9, 'military_unit', '', 'name', 53, '单位', 0, 1, '星小图', 1, '2025-11-05 15:07:27', '星小图', 1, '2025-11-05 15:07:27', NULL);
INSERT INTO `ext_schema_mapping` VALUES (244, 1001, 9, 'person', '人物', 'full_name', 54, '人物', 0, 1, '星小图', 1, '2025-11-05 15:07:27', '星小图', 1, '2025-11-05 15:07:27', NULL);
INSERT INTO `ext_schema_mapping` VALUES (245, 1001, 9, 'strategy', '', 'name', 55, '战略', 0, 1, '星小图', 1, '2025-11-05 15:07:27', '星小图', 1, '2025-11-05 15:07:27', NULL);
INSERT INTO `ext_schema_mapping` VALUES (246, 1001, 9, 'treaty', '', 'name', 56, '条约', 0, 1, '星小图', 1, '2025-11-05 15:07:27', '星小图', 1, '2025-11-05 15:07:27', NULL);
INSERT INTO `ext_schema_mapping` VALUES (247, 1001, 9, 'country', '国家', 'name', 49, '国家', 0, 1, '星小图', 1, '2025-11-05 15:42:35', '星小图', 1, '2025-11-05 15:42:35', NULL);
INSERT INTO `ext_schema_mapping` VALUES (248, 1001, 9, 'event', '事件', 'name', 50, '事件', 0, 1, '星小图', 1, '2025-11-05 15:42:35', '星小图', 1, '2025-11-05 15:42:35', NULL);
INSERT INTO `ext_schema_mapping` VALUES (249, 1001, 9, 'faction', '', 'name', 51, '阵营', 0, 1, '星小图', 1, '2025-11-05 15:42:35', '星小图', 1, '2025-11-05 15:42:35', NULL);
INSERT INTO `ext_schema_mapping` VALUES (250, 1001, 9, 'location', '地点', 'name', 52, '地点', 0, 1, '星小图', 1, '2025-11-05 15:42:35', '星小图', 1, '2025-11-05 15:42:35', NULL);
INSERT INTO `ext_schema_mapping` VALUES (251, 1001, 9, 'military_unit', '', 'name', 53, '单位', 0, 1, '星小图', 1, '2025-11-05 15:42:35', '星小图', 1, '2025-11-05 15:42:35', NULL);
INSERT INTO `ext_schema_mapping` VALUES (252, 1001, 9, 'person', '人物', 'full_name', 54, '人物', 0, 1, '星小图', 1, '2025-11-05 15:42:35', '星小图', 1, '2025-11-05 15:42:35', NULL);
INSERT INTO `ext_schema_mapping` VALUES (253, 1001, 9, 'strategy', '', 'name', 55, '战略', 0, 1, '星小图', 1, '2025-11-05 15:42:35', '星小图', 1, '2025-11-05 15:42:35', NULL);
INSERT INTO `ext_schema_mapping` VALUES (254, 1001, 9, 'treaty', '', 'name', 56, '条约', 0, 1, '星小图', 1, '2025-11-05 15:42:35', '星小图', 1, '2025-11-05 15:42:35', NULL);
INSERT INTO `ext_schema_mapping` VALUES (255, 1001, 10, 'country', '国家', 'name', 49, '国家', 0, 1, '星小图', 1, '2025-11-05 15:49:00', '星小图', 1, '2025-11-05 15:49:00', NULL);
INSERT INTO `ext_schema_mapping` VALUES (256, 1001, 10, 'event', '事件', 'name', 50, '事件', 0, 1, '星小图', 1, '2025-11-05 15:49:00', '星小图', 1, '2025-11-05 15:49:00', NULL);
INSERT INTO `ext_schema_mapping` VALUES (257, 1001, 10, 'faction', '', 'name', 51, '阵营', 0, 1, '星小图', 1, '2025-11-05 15:49:00', '星小图', 1, '2025-11-05 15:49:00', NULL);
INSERT INTO `ext_schema_mapping` VALUES (258, 1001, 10, 'location', '地点', 'name', 52, '地点', 0, 1, '星小图', 1, '2025-11-05 15:49:00', '星小图', 1, '2025-11-05 15:49:00', NULL);
INSERT INTO `ext_schema_mapping` VALUES (259, 1001, 10, 'military_unit', '', 'name', 53, '单位', 0, 1, '星小图', 1, '2025-11-05 15:49:00', '星小图', 1, '2025-11-05 15:49:00', NULL);
INSERT INTO `ext_schema_mapping` VALUES (260, 1001, 10, 'person', '人物', 'full_name', 54, '人物', 0, 1, '星小图', 1, '2025-11-05 15:49:00', '星小图', 1, '2025-11-05 15:49:00', NULL);
INSERT INTO `ext_schema_mapping` VALUES (261, 1001, 10, 'treaty', '', 'name', 56, '条约', 0, 1, '星小图', 1, '2025-11-05 15:49:00', '星小图', 1, '2025-11-05 15:49:00', NULL);
INSERT INTO `ext_schema_mapping` VALUES (262, 1001, 10, 'country', '国家', 'name', 49, '国家', 0, 1, '星小图', 1, '2025-11-05 16:23:49', '星小图', 1, '2025-11-05 16:23:49', NULL);
INSERT INTO `ext_schema_mapping` VALUES (263, 1001, 10, 'event', '事件', 'name', 50, '事件', 0, 1, '星小图', 1, '2025-11-05 16:23:49', '星小图', 1, '2025-11-05 16:23:49', NULL);
INSERT INTO `ext_schema_mapping` VALUES (264, 1001, 10, 'faction', '', 'name', 51, '阵营', 0, 1, '星小图', 1, '2025-11-05 16:23:49', '星小图', 1, '2025-11-05 16:23:49', NULL);
INSERT INTO `ext_schema_mapping` VALUES (265, 1001, 10, 'location', '地点', 'name', 52, '地点', 0, 1, '星小图', 1, '2025-11-05 16:23:49', '星小图', 1, '2025-11-05 16:23:49', NULL);
INSERT INTO `ext_schema_mapping` VALUES (266, 1001, 10, 'military_unit', '', 'name', 53, '单位', 0, 1, '星小图', 1, '2025-11-05 16:23:49', '星小图', 1, '2025-11-05 16:23:49', NULL);
INSERT INTO `ext_schema_mapping` VALUES (267, 1001, 10, 'person', '人物', 'full_name', 54, '人物', 0, 1, '星小图', 1, '2025-11-05 16:23:49', '星小图', 1, '2025-11-05 16:23:49', NULL);
INSERT INTO `ext_schema_mapping` VALUES (268, 1001, 10, 'treaty', '', 'name', 56, '条约', 0, 1, '星小图', 1, '2025-11-05 16:23:49', '星小图', 1, '2025-11-05 16:23:49', NULL);
INSERT INTO `ext_schema_mapping` VALUES (269, 1001, 10, 'country', '国家', 'name', 49, '国家', 0, 1, '星小图', 1, '2025-11-05 16:24:23', '星小图', 1, '2025-11-05 16:24:23', NULL);
INSERT INTO `ext_schema_mapping` VALUES (270, 1001, 10, 'event', '事件', 'name', 50, '事件', 0, 1, '星小图', 1, '2025-11-05 16:24:23', '星小图', 1, '2025-11-05 16:24:23', NULL);
INSERT INTO `ext_schema_mapping` VALUES (271, 1001, 10, 'faction', '', 'name', 51, '阵营', 0, 1, '星小图', 1, '2025-11-05 16:24:23', '星小图', 1, '2025-11-05 16:24:23', NULL);
INSERT INTO `ext_schema_mapping` VALUES (272, 1001, 10, 'location', '地点', 'name', 52, '地点', 0, 1, '星小图', 1, '2025-11-05 16:24:23', '星小图', 1, '2025-11-05 16:24:23', NULL);
INSERT INTO `ext_schema_mapping` VALUES (273, 1001, 10, 'military_unit', '', 'name', 53, '单位', 0, 1, '星小图', 1, '2025-11-05 16:24:23', '星小图', 1, '2025-11-05 16:24:23', NULL);
INSERT INTO `ext_schema_mapping` VALUES (274, 1001, 10, 'person', '人物', 'full_name', 54, '人物', 0, 1, '星小图', 1, '2025-11-05 16:24:23', '星小图', 1, '2025-11-05 16:24:23', NULL);
INSERT INTO `ext_schema_mapping` VALUES (275, 1001, 10, 'treaty', '', 'name', 56, '条约', 0, 1, '星小图', 1, '2025-11-05 16:24:23', '星小图', 1, '2025-11-05 16:24:23', NULL);
INSERT INTO `ext_schema_mapping` VALUES (276, 1001, 10, 'country', '国家', 'name', 49, '国家', 0, 1, '星小图', 1, '2025-11-05 16:25:49', '星小图', 1, '2025-11-05 16:25:49', NULL);
INSERT INTO `ext_schema_mapping` VALUES (277, 1001, 10, 'event', '事件', 'name', 50, '事件', 0, 1, '星小图', 1, '2025-11-05 16:25:49', '星小图', 1, '2025-11-05 16:25:49', NULL);
INSERT INTO `ext_schema_mapping` VALUES (278, 1001, 10, 'faction', '', 'name', 51, '阵营', 0, 1, '星小图', 1, '2025-11-05 16:25:49', '星小图', 1, '2025-11-05 16:25:49', NULL);
INSERT INTO `ext_schema_mapping` VALUES (279, 1001, 10, 'location', '地点', 'name', 52, '地点', 0, 1, '星小图', 1, '2025-11-05 16:25:49', '星小图', 1, '2025-11-05 16:25:49', NULL);
INSERT INTO `ext_schema_mapping` VALUES (280, 1001, 10, 'military_unit', '', 'name', 53, '单位', 0, 1, '星小图', 1, '2025-11-05 16:25:49', '星小图', 1, '2025-11-05 16:25:49', NULL);
INSERT INTO `ext_schema_mapping` VALUES (281, 1001, 10, 'person', '人物', 'full_name', 54, '人物', 0, 1, '星小图', 1, '2025-11-05 16:25:49', '星小图', 1, '2025-11-05 16:25:49', NULL);
INSERT INTO `ext_schema_mapping` VALUES (282, 1001, 10, 'treaty', '', 'name', 56, '条约', 0, 1, '星小图', 1, '2025-11-05 16:25:49', '星小图', 1, '2025-11-05 16:25:49', NULL);
INSERT INTO `ext_schema_mapping` VALUES (283, 1001, 10, 'country', '国家', 'name', 49, '国家', 0, 1, '星小图', 1, '2025-11-05 16:44:24', '星小图', 1, '2025-11-05 16:44:24', NULL);
INSERT INTO `ext_schema_mapping` VALUES (284, 1001, 10, 'event', '事件', 'name', 50, '事件', 0, 1, '星小图', 1, '2025-11-05 16:44:24', '星小图', 1, '2025-11-05 16:44:24', NULL);
INSERT INTO `ext_schema_mapping` VALUES (285, 1001, 10, 'faction', '', 'name', 51, '阵营', 0, 1, '星小图', 1, '2025-11-05 16:44:24', '星小图', 1, '2025-11-05 16:44:24', NULL);
INSERT INTO `ext_schema_mapping` VALUES (286, 1001, 10, 'location', '地点', 'name', 52, '地点', 0, 1, '星小图', 1, '2025-11-05 16:44:24', '星小图', 1, '2025-11-05 16:44:24', NULL);
INSERT INTO `ext_schema_mapping` VALUES (287, 1001, 10, 'military_unit', '', 'name', 53, '单位', 0, 1, '星小图', 1, '2025-11-05 16:44:24', '星小图', 1, '2025-11-05 16:44:24', NULL);
INSERT INTO `ext_schema_mapping` VALUES (288, 1001, 10, 'person', '人物', 'full_name', 54, '人物', 0, 1, '星小图', 1, '2025-11-05 16:44:24', '星小图', 1, '2025-11-05 16:44:24', NULL);
INSERT INTO `ext_schema_mapping` VALUES (289, 1001, 10, 'treaty', '', 'name', 56, '条约', 0, 1, '星小图', 1, '2025-11-05 16:44:24', '星小图', 1, '2025-11-05 16:44:24', NULL);
INSERT INTO `ext_schema_mapping` VALUES (290, 1001, 10, 'country', '国家', 'name', 49, '国家', 0, 1, '星小图', 1, '2025-11-05 17:00:09', '星小图', 1, '2025-11-05 17:00:09', NULL);
INSERT INTO `ext_schema_mapping` VALUES (291, 1001, 10, 'event', '事件', 'name', 50, '事件', 0, 1, '星小图', 1, '2025-11-05 17:00:09', '星小图', 1, '2025-11-05 17:00:09', NULL);
INSERT INTO `ext_schema_mapping` VALUES (292, 1001, 10, 'faction', '', 'name', 51, '阵营', 0, 1, '星小图', 1, '2025-11-05 17:00:09', '星小图', 1, '2025-11-05 17:00:09', NULL);
INSERT INTO `ext_schema_mapping` VALUES (293, 1001, 10, 'location', '地点', 'name', 52, '地点', 0, 1, '星小图', 1, '2025-11-05 17:00:09', '星小图', 1, '2025-11-05 17:00:09', NULL);
INSERT INTO `ext_schema_mapping` VALUES (294, 1001, 10, 'military_unit', '', 'name', 53, '单位', 0, 1, '星小图', 1, '2025-11-05 17:00:09', '星小图', 1, '2025-11-05 17:00:09', NULL);
INSERT INTO `ext_schema_mapping` VALUES (295, 1001, 10, 'person', '人物', 'name', 54, '人物', 0, 1, '星小图', 1, '2025-11-05 17:00:09', '星小图', 1, '2025-11-05 17:00:09', NULL);
INSERT INTO `ext_schema_mapping` VALUES (296, 1001, 10, 'treaty', '', 'name', 56, '条约', 0, 1, '星小图', 1, '2025-11-05 17:00:09', '星小图', 1, '2025-11-05 17:00:09', NULL);
INSERT INTO `ext_schema_mapping` VALUES (297, 1001, 10, 'country', '国家', 'name', 49, '国家', 0, 1, '星小图', 1, '2025-11-05 17:01:33', '星小图', 1, '2025-11-05 17:01:33', NULL);
INSERT INTO `ext_schema_mapping` VALUES (298, 1001, 10, 'event', '事件', 'name', 50, '事件', 0, 1, '星小图', 1, '2025-11-05 17:01:33', '星小图', 1, '2025-11-05 17:01:33', NULL);
INSERT INTO `ext_schema_mapping` VALUES (299, 1001, 10, 'faction', '', 'name', 51, '阵营', 0, 1, '星小图', 1, '2025-11-05 17:01:33', '星小图', 1, '2025-11-05 17:01:33', NULL);
INSERT INTO `ext_schema_mapping` VALUES (300, 1001, 10, 'location', '地点', 'name', 52, '地点', 0, 1, '星小图', 1, '2025-11-05 17:01:34', '星小图', 1, '2025-11-05 17:01:34', NULL);
INSERT INTO `ext_schema_mapping` VALUES (301, 1001, 10, 'military_unit', '', 'name', 53, '单位', 0, 1, '星小图', 1, '2025-11-05 17:01:34', '星小图', 1, '2025-11-05 17:01:34', NULL);
INSERT INTO `ext_schema_mapping` VALUES (302, 1001, 10, 'person', '人物', 'name', 54, '人物', 0, 1, '星小图', 1, '2025-11-05 17:01:34', '星小图', 1, '2025-11-05 17:01:34', NULL);
INSERT INTO `ext_schema_mapping` VALUES (303, 1001, 10, 'treaty', '', 'name', 56, '条约', 0, 1, '星小图', 1, '2025-11-05 17:01:34', '星小图', 1, '2025-11-05 17:01:34', NULL);
INSERT INTO `ext_schema_mapping` VALUES (304, 1001, 9, 'country', '国家', 'name', 49, '国家', 0, 0, '星小图', 1, '2025-11-05 20:06:56', '星小图', 1, '2025-11-05 20:06:56', NULL);
INSERT INTO `ext_schema_mapping` VALUES (305, 1001, 9, 'event', '事件', 'name', 50, '事件', 0, 0, '星小图', 1, '2025-11-05 20:06:56', '星小图', 1, '2025-11-05 20:06:56', NULL);
INSERT INTO `ext_schema_mapping` VALUES (306, 1001, 9, 'faction', '', 'name', 51, '阵营', 0, 0, '星小图', 1, '2025-11-05 20:06:56', '星小图', 1, '2025-11-05 20:06:56', NULL);
INSERT INTO `ext_schema_mapping` VALUES (307, 1001, 9, 'location', '地点', 'name', 52, '地点', 0, 0, '星小图', 1, '2025-11-05 20:06:56', '星小图', 1, '2025-11-05 20:06:56', NULL);
INSERT INTO `ext_schema_mapping` VALUES (308, 1001, 9, 'military_unit', '', 'name', 53, '单位', 0, 0, '星小图', 1, '2025-11-05 20:06:56', '星小图', 1, '2025-11-05 20:06:56', NULL);
INSERT INTO `ext_schema_mapping` VALUES (309, 1001, 9, 'person', '人物', 'full_name', 54, '人物', 0, 0, '星小图', 1, '2025-11-05 20:06:56', '星小图', 1, '2025-11-05 20:06:56', NULL);
INSERT INTO `ext_schema_mapping` VALUES (310, 1001, 9, 'strategy', '', 'name', 55, '战略', 0, 0, '星小图', 1, '2025-11-05 20:06:56', '星小图', 1, '2025-11-05 20:06:56', NULL);
INSERT INTO `ext_schema_mapping` VALUES (311, 1001, 9, 'treaty', '', 'name', 56, '条约', 0, 0, '星小图', 1, '2025-11-05 20:06:56', '星小图', 1, '2025-11-05 20:06:56', NULL);
INSERT INTO `ext_schema_mapping` VALUES (312, 1001, 10, 'country', '国家', 'name', 49, '国家', 0, 0, '星小图', 1, '2025-11-17 17:21:00', '星小图', 1, '2025-11-17 17:21:00', NULL);
INSERT INTO `ext_schema_mapping` VALUES (313, 1001, 10, 'event', '事件', 'name', 50, '事件', 0, 0, '星小图', 1, '2025-11-17 17:21:00', '星小图', 1, '2025-11-17 17:21:00', NULL);
INSERT INTO `ext_schema_mapping` VALUES (314, 1001, 10, 'faction', '', 'name', 51, '阵营', 0, 0, '星小图', 1, '2025-11-17 17:21:00', '星小图', 1, '2025-11-17 17:21:00', NULL);
INSERT INTO `ext_schema_mapping` VALUES (315, 1001, 10, 'location', '地点', 'name', 52, '地点', 0, 0, '星小图', 1, '2025-11-17 17:21:00', '星小图', 1, '2025-11-17 17:21:00', NULL);
INSERT INTO `ext_schema_mapping` VALUES (316, 1001, 10, 'military_unit', '', 'name', 53, '单位', 0, 0, '星小图', 1, '2025-11-17 17:21:00', '星小图', 1, '2025-11-17 17:21:00', NULL);
INSERT INTO `ext_schema_mapping` VALUES (317, 1001, 10, 'person', '人物', 'name', 54, '人物', 0, 0, '星小图', 1, '2025-11-17 17:21:00', '星小图', 1, '2025-11-17 17:21:00', NULL);
INSERT INTO `ext_schema_mapping` VALUES (318, 1001, 10, 'treaty', '', 'name', 56, '条约', 0, 0, '星小图', 1, '2025-11-17 17:21:00', '星小图', 1, '2025-11-17 17:21:00', NULL);
INSERT INTO `ext_schema_mapping` VALUES (319, 1001, 17, 'ethnic_group', '民族主表（所有关系均为一对多形式）', 'name', 78, '民族', 0, 1, '星小图', 1, '2025-11-21 19:35:54', '星小图', 1, '2025-11-21 19:35:54', NULL);
INSERT INTO `ext_schema_mapping` VALUES (320, 1001, 17, 'ethnic_group', '民族主表（所有关系均为一对多形式）', 'name', 78, '民族', 0, 1, '星小图', 1, '2025-11-21 19:38:14', '星小图', 1, '2025-11-21 19:38:14', NULL);
INSERT INTO `ext_schema_mapping` VALUES (321, 1001, 17, 'religion', '宗教表', 'religion_name', 86, '宗教', 0, 1, '星小图', 1, '2025-11-21 19:38:14', '星小图', 1, '2025-11-21 19:38:14', NULL);
INSERT INTO `ext_schema_mapping` VALUES (322, 1001, 17, 'region', '国家/邦/区域', 'region_name', 85, '区域', 0, 1, '星小图', 1, '2025-11-21 19:38:14', '星小图', 1, '2025-11-21 19:38:14', NULL);
INSERT INTO `ext_schema_mapping` VALUES (323, 1001, 17, 'ethnic_type', '族群类型表', 'type_name', 82, '种群类型', 0, 1, '星小图', 1, '2025-11-21 19:38:14', '星小图', 1, '2025-11-21 19:38:14', NULL);
INSERT INTO `ext_schema_mapping` VALUES (324, 1001, 17, 'legal_ethnic_category', '印度族群官方分类', 'category_name', 82, '种群类型', 0, 1, '星小图', 1, '2025-11-21 19:38:14', '星小图', 1, '2025-11-21 19:38:14', NULL);
INSERT INTO `ext_schema_mapping` VALUES (325, 1001, 17, 'ethnic_group', '民族主表（所有关系均为一对多形式）', 'name', 78, '民族', 0, 0, '星小图', 1, '2025-11-21 19:39:27', '星小图', 1, '2025-11-21 19:39:27', NULL);
INSERT INTO `ext_schema_mapping` VALUES (326, 1001, 17, 'religion', '宗教表', 'religion_name', 86, '宗教', 0, 0, '星小图', 1, '2025-11-21 19:39:27', '星小图', 1, '2025-11-21 19:39:27', NULL);
INSERT INTO `ext_schema_mapping` VALUES (327, 1001, 17, 'region', '国家/邦/区域', 'region_name', 85, '区域', 0, 0, '星小图', 1, '2025-11-21 19:39:27', '星小图', 1, '2025-11-21 19:39:27', NULL);
INSERT INTO `ext_schema_mapping` VALUES (328, 1001, 17, 'ethnic_type', '族群类型表', 'type_name', 82, '种群类型', 0, 0, '星小图', 1, '2025-11-21 19:39:27', '星小图', 1, '2025-11-21 19:39:27', NULL);
INSERT INTO `ext_schema_mapping` VALUES (329, 1001, 17, 'legal_ethnic_category', '印度族群官方分类', 'category_name', 82, '种群类型', 0, 0, '星小图', 1, '2025-11-21 19:39:27', '星小图', 1, '2025-11-21 19:39:27', NULL);
INSERT INTO `ext_schema_mapping` VALUES (330, 1001, 17, 'language_family', '语言家族（印欧语系、达罗毗荼语系等）', 'family_name', 81, '语言家族', 0, 0, '星小图', 1, '2025-11-21 19:39:27', '星小图', 1, '2025-11-21 19:39:27', NULL);

-- ----------------------------
-- Table structure for ext_schema_relation
-- ----------------------------
DROP TABLE IF EXISTS `ext_schema_relation`;
CREATE TABLE `ext_schema_relation`  (
  `id` bigint NOT NULL AUTO_INCREMENT COMMENT 'ID',
  `workspace_id` bigint NOT NULL COMMENT '工作区id',
  `start_schema_id` bigint NOT NULL COMMENT '起点概念id',
  `relation` varchar(128) CHARACTER SET utf8mb3 COLLATE utf8mb3_general_ci NOT NULL COMMENT '关系',
  `end_schema_id` bigint NOT NULL COMMENT '终点概念id',
  `inverse_flag` tinyint(1) NOT NULL COMMENT '是否可逆',
  `valid_flag` tinyint(1) NOT NULL DEFAULT 1 COMMENT '是否有效;0：无效，1：有效',
  `del_flag` tinyint(1) NOT NULL DEFAULT 0 COMMENT '删除标志;1：已删除，0：未删除',
  `create_by` varchar(32) CHARACTER SET utf8mb3 COLLATE utf8mb3_general_ci NULL DEFAULT NULL COMMENT '创建人',
  `creator_id` bigint NULL DEFAULT NULL COMMENT '创建人id',
  `create_time` datetime NOT NULL DEFAULT CURRENT_TIMESTAMP COMMENT '创建时间',
  `update_by` varchar(32) CHARACTER SET utf8mb3 COLLATE utf8mb3_general_ci NULL DEFAULT NULL COMMENT '更新人',
  `updater_id` bigint NULL DEFAULT NULL COMMENT '更新人id',
  `update_time` datetime NOT NULL DEFAULT CURRENT_TIMESTAMP COMMENT '更新时间',
  `remark` varchar(512) CHARACTER SET utf8mb3 COLLATE utf8mb3_general_ci NULL DEFAULT NULL COMMENT '备注',
  `knowledge_id` bigint NULL DEFAULT NULL COMMENT '知识库id',
  PRIMARY KEY (`id`) USING BTREE
) ENGINE = InnoDB AUTO_INCREMENT = 59 CHARACTER SET = utf8mb3 COLLATE = utf8mb3_general_ci COMMENT = '关系配置' ROW_FORMAT = DYNAMIC;

-- ----------------------------
-- Records of ext_schema_relation
-- ----------------------------
INSERT INTO `ext_schema_relation` VALUES (1, 1001, 1, '创作', 2, 0, 1, 1, '小桐', 1, '2025-09-04 18:14:57', '小桐', 1, '2025-09-04 18:14:57', NULL, 2);
INSERT INTO `ext_schema_relation` VALUES (2, 1001, 1, '所属', 3, 0, 1, 1, '小桐', 1, '2025-09-04 18:14:57', '小桐', 1, '2025-09-04 18:14:57', NULL, 2);
INSERT INTO `ext_schema_relation` VALUES (3, 1001, 4, '所属', 3, 0, 1, 1, '小桐', 1, '2025-09-04 18:14:57', '小桐', 1, '2025-09-04 18:14:57', NULL, 2);
INSERT INTO `ext_schema_relation` VALUES (4, 1001, 5, '所属', 4, 0, 1, 1, '小桐', 1, '2025-09-04 18:14:57', '小桐', 1, '2025-09-04 18:14:57', NULL, 2);
INSERT INTO `ext_schema_relation` VALUES (5, 1001, 9, '拥有', 10, 0, 1, 1, '小桐', 1, '2025-09-04 19:25:25', '小桐', NULL, '2025-09-04 19:25:25', NULL, 2);
INSERT INTO `ext_schema_relation` VALUES (6, 1001, 11, '搭载', 12, 0, 1, 1, '小桐', 1, '2025-09-05 13:55:57', '小桐', NULL, '2025-09-05 13:55:57', NULL, 2);
INSERT INTO `ext_schema_relation` VALUES (7, 1001, 11, '搭载', 13, 0, 1, 1, '小桐', 1, '2025-09-05 13:56:07', '小桐', NULL, '2025-09-05 13:56:07', NULL, 2);
INSERT INTO `ext_schema_relation` VALUES (8, 1001, 11, '装备', 13, 0, 1, 1, '小桐', 1, '2025-09-05 14:17:57', '小桐', NULL, '2025-09-05 14:17:57', NULL, 2);
INSERT INTO `ext_schema_relation` VALUES (9, 1001, 11, '属于', 16, 0, 1, 1, '小桐', 1, '2025-09-05 14:34:25', '小桐', NULL, '2025-09-05 14:34:25', NULL, 2);
INSERT INTO `ext_schema_relation` VALUES (10, 1001, 11, '属于', 17, 0, 1, 0, '小桐', 1, '2025-09-05 14:34:35', '星小图', 1, '2025-09-18 16:58:08', NULL, 2);
INSERT INTO `ext_schema_relation` VALUES (11, 1001, 18, '宗教', 19, 0, 1, 0, '小桐', 1, '2025-09-05 18:16:37', '小桐', NULL, '2025-09-05 18:16:37', NULL, 2);
INSERT INTO `ext_schema_relation` VALUES (12, 1001, 18, '设施', 20, 0, 1, 0, '小桐', 1, '2025-09-05 18:17:14', '小桐', NULL, '2025-09-05 18:17:14', NULL, 2);
INSERT INTO `ext_schema_relation` VALUES (13, 1001, 18, '文化遗产', 21, 0, 1, 0, '小桐', 1, '2025-09-05 18:17:32', '小桐', NULL, '2025-09-05 18:17:32', NULL, 2);
INSERT INTO `ext_schema_relation` VALUES (14, 1001, 18, '人口', 22, 0, 1, 0, '小桐', 1, '2025-09-05 18:17:44', '小桐', NULL, '2025-09-05 18:17:44', NULL, 2);
INSERT INTO `ext_schema_relation` VALUES (15, 1001, 18, '教育', 23, 0, 1, 0, '小桐', 1, '2025-09-05 18:17:56', '小桐', NULL, '2025-09-05 18:17:56', NULL, 2);
INSERT INTO `ext_schema_relation` VALUES (16, 1001, 18, '科研', 24, 0, 1, 0, '小桐', 1, '2025-09-05 18:18:10', '小桐', NULL, '2025-09-05 18:18:10', NULL, 2);
INSERT INTO `ext_schema_relation` VALUES (17, 1001, 18, '基础设施', 25, 0, 1, 0, '小桐', 1, '2025-09-05 18:18:35', '小桐', NULL, '2025-09-05 18:18:35', NULL, 2);
INSERT INTO `ext_schema_relation` VALUES (18, 1001, 20, '设施类型', 27, 0, 1, 0, '小桐', 1, '2025-09-05 18:40:42', '小桐', NULL, '2025-09-05 18:40:42', NULL, 2);
INSERT INTO `ext_schema_relation` VALUES (19, 1001, 21, '遗产设施', 27, 0, 1, 0, '小桐', 1, '2025-09-05 18:41:16', '小桐', 1, '2025-09-05 18:41:28', NULL, 2);
INSERT INTO `ext_schema_relation` VALUES (20, 1001, 18, '区域类型', 26, 0, 1, 0, '小桐', 1, '2025-09-05 18:42:04', '小桐', NULL, '2025-09-05 18:42:04', NULL, 2);
INSERT INTO `ext_schema_relation` VALUES (21, 1001, 11, '数据', 16, 0, 1, 1, '星小图', 1, '2025-09-18 16:54:00', '星小图', NULL, '2025-09-19 08:59:22', NULL, NULL);
INSERT INTO `ext_schema_relation` VALUES (22, 1001, 11, '拥有', 13, 0, 1, 1, '星小图', 1, '2025-09-18 16:58:24', '星小图', NULL, '2025-09-18 16:59:22', NULL, NULL);
INSERT INTO `ext_schema_relation` VALUES (23, 1001, 52, '发生', 50, 0, 1, 1, '星小图', 1, '2025-10-17 09:40:42', '星小图', NULL, '2025-10-17 15:43:05', NULL, 4);
INSERT INTO `ext_schema_relation` VALUES (24, 1001, 52, 'test', 56, 0, 1, 1, '星小图', 1, '2025-10-17 09:43:20', '星小图', NULL, '2025-10-17 09:43:40', NULL, 4);
INSERT INTO `ext_schema_relation` VALUES (25, 1001, 50, '采用战略', 55, 0, 1, 0, '星小图', 1, '2025-10-17 09:48:59', '星小图', NULL, '2025-10-17 09:48:59', NULL, 4);
INSERT INTO `ext_schema_relation` VALUES (26, 1001, 51, '所属', 49, 0, 1, 0, '星小图', 1, '2025-10-17 09:49:35', '星小图', NULL, '2025-10-17 09:49:35', NULL, 4);
INSERT INTO `ext_schema_relation` VALUES (27, 1001, 54, '所属', 51, 0, 1, 0, '星小图', 1, '2025-10-17 09:50:43', '星小图', NULL, '2025-10-17 09:50:43', NULL, 4);
INSERT INTO `ext_schema_relation` VALUES (28, 1001, 52, '所属', 49, 0, 1, 0, '星小图', 1, '2025-10-17 09:51:11', '星小图', NULL, '2025-10-17 09:51:11', NULL, 4);
INSERT INTO `ext_schema_relation` VALUES (29, 1001, 53, '所属国家', 49, 0, 1, 0, '星小图', 1, '2025-10-17 09:51:41', '星小图', NULL, '2025-10-17 09:51:41', NULL, 4);
INSERT INTO `ext_schema_relation` VALUES (30, 1001, 53, '所属阵营', 51, 0, 1, 0, '星小图', 1, '2025-10-17 09:51:52', '星小图', NULL, '2025-10-17 09:51:52', NULL, 4);
INSERT INTO `ext_schema_relation` VALUES (31, 1001, 53, '指挥官', 54, 0, 1, 0, '星小图', 1, '2025-10-17 09:52:11', '星小图', NULL, '2025-10-17 09:52:11', NULL, 4);
INSERT INTO `ext_schema_relation` VALUES (32, 1001, 54, '参与', 50, 0, 1, 0, '星小图', 1, '2025-10-17 09:52:53', '星小图', NULL, '2025-10-17 09:52:53', NULL, 4);
INSERT INTO `ext_schema_relation` VALUES (33, 1001, 55, '执行阵营', 51, 0, 1, 0, '星小图', 1, '2025-10-17 09:54:10', '星小图', NULL, '2025-10-17 09:54:10', NULL, 4);
INSERT INTO `ext_schema_relation` VALUES (34, 1001, 56, '签署地点', 52, 0, 1, 0, '星小图', 1, '2025-10-17 09:54:31', '星小图', NULL, '2025-10-17 09:54:31', NULL, 4);
INSERT INTO `ext_schema_relation` VALUES (35, 1001, 56, '签署国家', 49, 0, 1, 0, '星小图', 1, '2025-10-17 09:54:49', '星小图', NULL, '2025-10-17 09:54:49', NULL, 4);
INSERT INTO `ext_schema_relation` VALUES (36, 1001, 53, '参与', 50, 0, 1, 0, '星小图', 1, '2025-10-17 09:55:29', '星小图', NULL, '2025-10-17 09:55:29', NULL, 4);
INSERT INTO `ext_schema_relation` VALUES (42, 1001, 75, 'XXX', 74, 0, 1, 1, '星小图', 1, '2025-11-07 09:03:01', '星小图', NULL, '2025-11-07 09:16:26', NULL, NULL);
INSERT INTO `ext_schema_relation` VALUES (43, 1001, 73, '掩护', 74, 0, 1, 1, '星小图', 1, '2025-11-07 09:10:36', '星小图', NULL, '2025-11-07 09:12:00', NULL, NULL);
INSERT INTO `ext_schema_relation` VALUES (44, 1001, 73, 'test', 75, 0, 1, 1, '星小图', 1, '2025-11-07 09:11:00', '星小图', NULL, '2025-11-07 09:12:02', NULL, NULL);
INSERT INTO `ext_schema_relation` VALUES (45, 1001, 73, 'test', 75, 0, 1, 1, '星小图', 1, '2025-11-07 09:11:49', '星小图', NULL, '2025-11-07 09:12:04', 'ttt', NULL);
INSERT INTO `ext_schema_relation` VALUES (46, 1001, 73, 'xxxxxxxx', 74, 0, 1, 1, '星小图', 1, '2025-11-07 09:14:56', '星小图', NULL, '2025-11-07 09:16:22', NULL, NULL);
INSERT INTO `ext_schema_relation` VALUES (47, 1001, 73, 'xxxx', 75, 0, 1, 1, '星小图', 1, '2025-11-07 09:16:11', '星小图', NULL, '2025-11-07 09:16:23', NULL, 7);
INSERT INTO `ext_schema_relation` VALUES (48, 1001, 73, '掩护', 74, 1, 1, 1, '星小图', 1, '2025-11-07 09:16:39', '星小图', NULL, '2025-11-07 09:16:53', NULL, 7);
INSERT INTO `ext_schema_relation` VALUES (49, 1001, 73, '掩护', 75, 0, 1, 0, '星小图', 1, '2025-11-11 10:46:55', '星小图', NULL, '2025-11-11 10:46:55', NULL, 7);
INSERT INTO `ext_schema_relation` VALUES (50, 1001, 78, '宗教', 86, 0, 1, 0, '星小图', 1, '2025-11-21 17:55:23', '星小图', NULL, '2025-11-21 17:55:23', NULL, 9);
INSERT INTO `ext_schema_relation` VALUES (51, 1001, 78, '分布区域', 85, 0, 1, 0, '星小图', 1, '2025-11-21 17:55:39', '星小图', NULL, '2025-11-21 17:55:39', NULL, 9);
INSERT INTO `ext_schema_relation` VALUES (52, 1001, 78, '语言', 80, 0, 1, 0, '星小图', 1, '2025-11-21 17:55:53', '星小图', NULL, '2025-11-21 17:55:53', NULL, 9);
INSERT INTO `ext_schema_relation` VALUES (53, 1001, 78, '种群', 82, 0, 1, 0, '星小图', 1, '2025-11-21 17:56:16', '星小图', NULL, '2025-11-21 17:56:16', NULL, 9);
INSERT INTO `ext_schema_relation` VALUES (54, 1001, 78, '类型', 79, 0, 1, 0, '星小图', 1, '2025-11-21 17:56:33', '星小图', NULL, '2025-11-21 17:56:33', NULL, 9);
INSERT INTO `ext_schema_relation` VALUES (55, 1001, 80, '家族', 81, 0, 1, 0, '星小图', 1, '2025-11-21 18:01:43', '星小图', NULL, '2025-11-21 18:01:43', NULL, 9);
INSERT INTO `ext_schema_relation` VALUES (56, 1001, 88, '属于', 78, 0, 1, 0, '星小图', 1, '2025-11-21 19:17:35', '星小图', NULL, '2025-11-21 19:17:35', NULL, 9);
INSERT INTO `ext_schema_relation` VALUES (57, 1001, 89, '属于', 78, 0, 1, 0, '星小图', 1, '2025-11-21 19:18:00', '星小图', NULL, '2025-11-21 19:18:00', NULL, 9);
INSERT INTO `ext_schema_relation` VALUES (58, 1001, 84, '民族', 78, 0, 1, 0, '星小图', 1, '2025-11-22 03:26:28', '星小图', 1, '2025-11-21 19:26:47', NULL, 9);

-- ----------------------------
-- Table structure for ext_struct_task
-- ----------------------------
DROP TABLE IF EXISTS `ext_struct_task`;
CREATE TABLE `ext_struct_task`  (
  `id` bigint NOT NULL AUTO_INCREMENT COMMENT 'ID',
  `workspace_id` bigint NOT NULL COMMENT '工作区id',
  `knowledge_id` bigint NULL DEFAULT NULL COMMENT '知识库id',
  `name` varchar(128) CHARACTER SET utf8mb3 COLLATE utf8mb3_general_ci NOT NULL COMMENT '任务名称',
  `status` tinyint UNSIGNED NOT NULL DEFAULT 0 COMMENT '任务状态;0：未执行，1：进行中：2：已完成',
  `publish_status` tinyint UNSIGNED NOT NULL DEFAULT 0 COMMENT '发布状态;0：未发布，1：已发布',
  `publish_time` datetime NULL DEFAULT NULL COMMENT '发布时间',
  `publisher_id` bigint NULL DEFAULT NULL COMMENT '发布人id',
  `publish_by` varchar(128) CHARACTER SET utf8mb3 COLLATE utf8mb3_general_ci NULL DEFAULT NULL COMMENT '发布人',
  `datasource_id` bigint NOT NULL COMMENT '数据源id',
  `datasource_name` varchar(128) CHARACTER SET utf8mb3 COLLATE utf8mb3_general_ci NOT NULL COMMENT '数据源名称',
  `valid_flag` tinyint(1) NOT NULL DEFAULT 1 COMMENT '是否有效;0：无效，1：有效',
  `del_flag` tinyint(1) NOT NULL DEFAULT 0 COMMENT '删除标志;1：已删除，0：未删除',
  `create_by` varchar(32) CHARACTER SET utf8mb3 COLLATE utf8mb3_general_ci NULL DEFAULT NULL COMMENT '创建人',
  `creator_id` bigint NULL DEFAULT NULL COMMENT '创建人id',
  `create_time` datetime NOT NULL DEFAULT CURRENT_TIMESTAMP COMMENT '创建时间',
  `update_by` varchar(32) CHARACTER SET utf8mb3 COLLATE utf8mb3_general_ci NULL DEFAULT NULL COMMENT '更新人',
  `updater_id` bigint NULL DEFAULT NULL COMMENT '更新人id',
  `update_time` datetime NOT NULL DEFAULT CURRENT_TIMESTAMP COMMENT '更新时间',
  `remark` varchar(512) CHARACTER SET utf8mb3 COLLATE utf8mb3_general_ci NULL DEFAULT NULL COMMENT '备注',
  PRIMARY KEY (`id`) USING BTREE
) ENGINE = InnoDB AUTO_INCREMENT = 18 CHARACTER SET = utf8mb3 COLLATE = utf8mb3_general_ci COMMENT = '结构化抽取任务' ROW_FORMAT = DYNAMIC;

-- ----------------------------
-- Records of ext_struct_task
-- ----------------------------
INSERT INTO `ext_struct_task` VALUES (1, 1001, NULL, '用户信息抽取', 3, 0, '2025-09-04 18:14:57', 1, '星小图', 1, '本地数据库', 0, 1, '小桐', 1, '2025-09-04 18:14:57', '小桐', 1, '2025-09-05 15:44:44', NULL);
INSERT INTO `ext_struct_task` VALUES (2, 1001, NULL, 'JS抽取', 0, 0, NULL, NULL, NULL, 2, '墨子数据库', 0, 1, '小桐', 1, '2025-09-05 13:52:47', '小桐', 1, '2025-09-05 14:35:53', NULL);
INSERT INTO `ext_struct_task` VALUES (3, 1001, NULL, 'JS抽取', 0, 0, NULL, NULL, NULL, 2, '墨子数据库', 0, 1, '小桐', 1, '2025-09-05 14:36:41', '小桐', 1, '2025-09-05 14:38:03', NULL);
INSERT INTO `ext_struct_task` VALUES (4, 1001, NULL, 'JS', 0, 0, NULL, NULL, NULL, 2, '墨子数据库', 0, 1, '小桐', 1, '2025-09-05 14:52:47', '小桐', 1, '2025-09-05 15:30:45', NULL);
INSERT INTO `ext_struct_task` VALUES (5, 1001, NULL, 'test', 2, 1, '2025-09-05 17:08:47', 1, '星小图', 2, '墨子数据库', 0, 0, '小桐', 1, '2025-09-05 15:53:11', '小桐', 1, '2025-09-05 17:08:47', NULL);
INSERT INTO `ext_struct_task` VALUES (6, 1001, NULL, 'zangnan', 0, 0, '2025-10-25 10:16:49', 1, '星小图', 3, 'znangnan', 0, 0, '小桐', 1, '2025-09-05 18:31:45', '星小图', 1, '2025-11-05 09:32:17', NULL);
INSERT INTO `ext_struct_task` VALUES (7, 1001, NULL, 'sf', 0, 0, NULL, NULL, NULL, 1, '本地数据库', 0, 1, '星小图', 1, '2025-09-16 13:24:16', '星小图', NULL, '2025-09-16 13:27:55', NULL);
INSERT INTO `ext_struct_task` VALUES (8, 1001, NULL, 'sdgsg', 3, 0, NULL, NULL, NULL, 1, '本地数据库', 0, 0, '星小图', 1, '2025-09-23 19:12:56', '星小图', 1, '2025-09-24 19:01:46', NULL);
INSERT INTO `ext_struct_task` VALUES (9, 1001, 4, '二战知识抽取', 0, 0, '2025-11-05 14:39:56', 1, '星小图', 4, '二战模型数据库', 0, 0, '星小图', 1, '2025-10-17 10:02:23', '星小图', 1, '2025-11-05 20:06:56', NULL);
INSERT INTO `ext_struct_task` VALUES (10, 1001, 4, '二战知识抽取2', 2, 1, '2025-11-18 18:43:47', 1, '星小图', 4, '二战模型数据库', 0, 0, '星小图', 1, '2025-11-05 15:49:00', '星小图', 1, '2025-11-18 18:43:47', NULL);
INSERT INTO `ext_struct_task` VALUES (11, 1001, NULL, 'test222', 0, 0, NULL, NULL, NULL, 4, '二战模型数据库', 0, 0, '星小图', 1, '2025-11-21 11:33:11', '星小图', 1, '2025-11-21 11:33:11', NULL);
INSERT INTO `ext_struct_task` VALUES (12, 1001, NULL, 'XXXX', 0, 0, NULL, NULL, NULL, 4, '二战模型数据库', 0, 0, '星小图', 1, '2025-11-21 13:33:03', '星小图', 1, '2025-11-21 13:33:03', NULL);
INSERT INTO `ext_struct_task` VALUES (13, 1001, 4, 'xxxxxxxx', 0, 0, NULL, NULL, NULL, 4, '二战模型数据库', 0, 0, '星小图', 1, '2025-11-21 13:34:31', '星小图', 1, '2025-11-21 13:35:51', NULL);
INSERT INTO `ext_struct_task` VALUES (14, 1001, NULL, 'ggggggg', 0, 0, NULL, NULL, NULL, 4, '二战模型数据库', 0, 0, '星小图', 1, '2025-11-21 13:36:34', '星小图', 1, '2025-11-21 13:36:34', NULL);
INSERT INTO `ext_struct_task` VALUES (15, 1001, NULL, 'gdsfsf', 0, 0, NULL, NULL, NULL, 4, '二战模型数据库', 0, 0, '星小图', 1, '2025-11-21 13:38:04', '星小图', 1, '2025-11-21 13:38:04', NULL);
INSERT INTO `ext_struct_task` VALUES (16, 1001, 4, 'sdgsdg', 0, 0, NULL, NULL, NULL, 4, '二战模型数据库', 0, 0, '星小图', 1, '2025-11-21 13:40:03', '星小图', 1, '2025-11-21 13:40:03', NULL);
INSERT INTO `ext_struct_task` VALUES (17, 1001, 9, '民族知识库抽取', 2, 1, '2025-11-21 19:45:27', 1, '星小图', 5, '民族数据库', 0, 0, '星小图', 1, '2025-11-21 19:35:54', '星小图', 1, '2025-11-21 19:45:27', NULL);

-- ----------------------------
-- Table structure for ext_unstruct_task
-- ----------------------------
DROP TABLE IF EXISTS `ext_unstruct_task`;
CREATE TABLE `ext_unstruct_task`  (
  `id` bigint NOT NULL AUTO_INCREMENT COMMENT 'ID',
  `workspace_id` bigint NOT NULL COMMENT '工作区id',
  `knowledge_id` bigint NULL DEFAULT NULL COMMENT '知识库id',
  `name` varchar(128) CHARACTER SET utf8mb3 COLLATE utf8mb3_general_ci NOT NULL COMMENT '任务名称',
  `status` tinyint UNSIGNED NOT NULL DEFAULT 0 COMMENT '任务状态;0：未执行，1：进行中：2：已完成',
  `publish_status` tinyint UNSIGNED NOT NULL DEFAULT 0 COMMENT '发布状态;0：未发布，1：已发布',
  `extract_mode` int NULL DEFAULT 0 COMMENT '抽取方式。【0规则 1deepke 2大模型】',
  `publish_time` datetime NULL DEFAULT NULL COMMENT '发布时间',
  `publisher_id` bigint NULL DEFAULT NULL COMMENT '发布人id',
  `publish_by` varchar(128) CHARACTER SET utf8mb3 COLLATE utf8mb3_general_ci NULL DEFAULT NULL COMMENT '发布人',
  `valid_flag` tinyint(1) NOT NULL DEFAULT 1 COMMENT '是否有效;0：无效，1：有效',
  `del_flag` tinyint(1) NOT NULL DEFAULT 0 COMMENT '删除标志;1：已删除，0：未删除',
  `create_by` varchar(32) CHARACTER SET utf8mb3 COLLATE utf8mb3_general_ci NULL DEFAULT NULL COMMENT '创建人',
  `creator_id` bigint NULL DEFAULT NULL COMMENT '创建人id',
  `create_time` datetime NOT NULL DEFAULT CURRENT_TIMESTAMP COMMENT '创建时间',
  `update_by` varchar(32) CHARACTER SET utf8mb3 COLLATE utf8mb3_general_ci NULL DEFAULT NULL COMMENT '更新人',
  `updater_id` bigint NULL DEFAULT NULL COMMENT '更新人id',
  `update_time` datetime NOT NULL DEFAULT CURRENT_TIMESTAMP COMMENT '更新时间',
  `remark` varchar(512) CHARACTER SET utf8mb3 COLLATE utf8mb3_general_ci NULL DEFAULT NULL COMMENT '备注',
  PRIMARY KEY (`id`) USING BTREE
) ENGINE = InnoDB AUTO_INCREMENT = 23 CHARACTER SET = utf8mb3 COLLATE = utf8mb3_general_ci COMMENT = '非结构化抽取任务' ROW_FORMAT = DYNAMIC;

-- ----------------------------
-- Records of ext_unstruct_task
-- ----------------------------
INSERT INTO `ext_unstruct_task` VALUES (1, 1001, NULL, '流行文化抽取', 1, 0, 0, '2025-09-04 18:14:57', NULL, NULL, 1, 0, '小桐', 1, '2025-09-04 18:14:57', '星小图', NULL, '2025-10-16 16:48:41', NULL);
INSERT INTO `ext_unstruct_task` VALUES (2, 1001, NULL, '科技创新抽取', 2, 1, 0, '2025-09-04 18:14:57', 1, '小桐', 1, 0, '小桐', 1, '2025-09-04 18:14:57', '小桐', NULL, '2025-09-04 18:14:57', NULL);
INSERT INTO `ext_unstruct_task` VALUES (3, 1001, NULL, 'dgdz', 0, 0, 0, NULL, NULL, NULL, 1, 1, '星小图', 1, '2025-09-16 18:30:04', '星小图', NULL, '2025-09-16 18:53:56', NULL);
INSERT INTO `ext_unstruct_task` VALUES (4, 1001, 4, '测试任务', 2, 0, 0, '2025-10-22 22:02:27', 1, '星小图', 1, 0, '星小图', 1, '2025-09-25 02:18:32', '星小图', 1, '2025-11-21 09:41:18', NULL);
INSERT INTO `ext_unstruct_task` VALUES (5, 1001, NULL, '美国攻打伊拉克', 0, 0, 0, NULL, NULL, NULL, 1, 1, '星小图', 1, '2025-10-27 12:43:44', '星小图', NULL, '2025-10-27 14:59:20', NULL);
INSERT INTO `ext_unstruct_task` VALUES (6, 1001, NULL, '特朗普', 2, 0, 0, NULL, NULL, NULL, 1, 1, '星小图', 1, '2025-10-27 13:52:35', '星小图', NULL, '2025-10-27 14:53:34', NULL);
INSERT INTO `ext_unstruct_task` VALUES (7, 1001, NULL, '漂亮国任务', 2, 0, 0, NULL, NULL, NULL, 1, 1, '星小图', 1, '2025-10-27 15:00:03', '星小图', NULL, '2025-10-27 15:31:19', NULL);
INSERT INTO `ext_unstruct_task` VALUES (8, 1001, NULL, '美国', 2, 0, 0, NULL, NULL, NULL, 1, 1, '星小图', 1, '2025-10-27 15:38:21', '星小图', NULL, '2025-10-27 15:38:39', NULL);
INSERT INTO `ext_unstruct_task` VALUES (9, 1001, NULL, '美国', 3, 0, 0, NULL, NULL, NULL, 1, 1, '星小图', 1, '2025-10-27 15:41:16', '星小图', NULL, '2025-10-27 15:41:25', NULL);
INSERT INTO `ext_unstruct_task` VALUES (10, 1001, NULL, 'test', 3, 0, 0, NULL, NULL, NULL, 1, 1, '星小图', 1, '2025-10-27 15:41:45', '星小图', NULL, '2025-10-27 15:42:45', NULL);
INSERT INTO `ext_unstruct_task` VALUES (11, 1001, NULL, 'test', 2, 0, 2, NULL, NULL, NULL, 1, 0, '星小图', 1, '2025-10-27 23:43:00', '星小图', 1, '2025-11-21 09:39:49', NULL);
INSERT INTO `ext_unstruct_task` VALUES (12, 1001, NULL, 'test2', 2, 0, 0, NULL, NULL, NULL, 1, 0, '星小图', 1, '2025-10-27 16:04:37', '星小图', NULL, '2025-10-27 16:11:27', NULL);
INSERT INTO `ext_unstruct_task` VALUES (13, 1001, NULL, '测试三元组抽取', 0, 0, 0, NULL, NULL, NULL, 1, 1, '星小图', 1, '2025-10-27 16:49:13', '星小图', NULL, '2025-10-27 16:49:17', NULL);
INSERT INTO `ext_unstruct_task` VALUES (14, 1001, NULL, 'test', 2, 0, 0, NULL, NULL, NULL, 1, 1, '星小图', 1, '2025-10-27 16:57:56', '星小图', NULL, '2025-10-27 17:03:12', NULL);
INSERT INTO `ext_unstruct_task` VALUES (15, 1001, 4, '测试三元组', 2, 0, 0, NULL, NULL, NULL, 1, 0, '星小图', 1, '2025-10-27 17:03:35', '星小图', NULL, '2025-10-27 17:05:47', NULL);
INSERT INTO `ext_unstruct_task` VALUES (16, 1001, 4, '测试特朗普', 2, 0, 0, NULL, NULL, NULL, 1, 0, '星小图', 1, '2025-10-27 19:19:38', '星小图', NULL, '2025-10-27 19:19:42', NULL);
INSERT INTO `ext_unstruct_task` VALUES (17, 1001, 4, '诺曼底登陆', 2, 0, 2, NULL, NULL, NULL, 1, 0, '星小图', 1, '2025-11-06 14:04:54', '星小图', NULL, '2025-11-06 20:39:26', NULL);
INSERT INTO `ext_unstruct_task` VALUES (18, 1001, 4, '测试特朗普', 2, 0, 0, NULL, NULL, NULL, 1, 1, '星小图', 1, '2025-11-17 10:51:16', '星小图', NULL, '2025-11-17 10:53:54', NULL);
INSERT INTO `ext_unstruct_task` VALUES (19, 1001, 4, 'test', 2, 0, 0, NULL, NULL, NULL, 1, 0, '星小图', 1, '2025-11-17 10:55:33', '星小图', NULL, '2025-11-17 12:45:00', NULL);
INSERT INTO `ext_unstruct_task` VALUES (20, 1001, 4, '特朗普加入远征军', 2, 0, 0, '2025-11-17 17:30:52', 1, '星小图', 1, 0, '星小图', 1, '2025-11-17 12:50:22', '星小图', NULL, '2025-11-18 18:45:09', NULL);
INSERT INTO `ext_unstruct_task` VALUES (21, 1001, NULL, 'test', 0, 0, 2, NULL, NULL, NULL, 1, 0, '星小图', 1, '2025-11-21 11:19:08', '星小图', NULL, '2025-11-21 11:19:08', NULL);
INSERT INTO `ext_unstruct_task` VALUES (22, 1001, 4, 'test', 0, 0, 0, NULL, NULL, NULL, 1, 0, '星小图', 1, '2025-11-21 11:21:27', '星小图', NULL, '2025-11-21 11:21:27', NULL);

-- ----------------------------
-- Table structure for ext_unstruct_task_doc_rel
-- ----------------------------
DROP TABLE IF EXISTS `ext_unstruct_task_doc_rel`;
CREATE TABLE `ext_unstruct_task_doc_rel`  (
  `id` bigint NOT NULL AUTO_INCREMENT COMMENT 'ID',
  `workspace_id` bigint NOT NULL COMMENT '工作区id',
  `task_id` bigint NOT NULL COMMENT '任务id',
  `doc_id` bigint NOT NULL COMMENT '文件id',
  `doc_name` varchar(128) CHARACTER SET utf8mb3 COLLATE utf8mb3_general_ci NOT NULL COMMENT '文件名',
  `valid_flag` tinyint(1) NOT NULL DEFAULT 1 COMMENT '是否有效;0：无效，1：有效',
  `del_flag` tinyint(1) NOT NULL DEFAULT 0 COMMENT '删除标志;1：已删除，0：未删除',
  `create_by` varchar(32) CHARACTER SET utf8mb3 COLLATE utf8mb3_general_ci NULL DEFAULT NULL COMMENT '创建人',
  `creator_id` bigint NULL DEFAULT NULL COMMENT '创建人id',
  `create_time` datetime NOT NULL DEFAULT CURRENT_TIMESTAMP COMMENT '创建时间',
  `update_by` varchar(32) CHARACTER SET utf8mb3 COLLATE utf8mb3_general_ci NULL DEFAULT NULL COMMENT '更新人',
  `updater_id` bigint NULL DEFAULT NULL COMMENT '更新人id',
  `update_time` datetime NOT NULL DEFAULT CURRENT_TIMESTAMP COMMENT '更新时间',
  `remark` varchar(512) CHARACTER SET utf8mb3 COLLATE utf8mb3_general_ci NULL DEFAULT NULL COMMENT '备注',
  PRIMARY KEY (`id`) USING BTREE
) ENGINE = InnoDB AUTO_INCREMENT = 29 CHARACTER SET = utf8mb3 COLLATE = utf8mb3_general_ci COMMENT = '任务文件关联表' ROW_FORMAT = DYNAMIC;

-- ----------------------------
-- Records of ext_unstruct_task_doc_rel
-- ----------------------------
INSERT INTO `ext_unstruct_task_doc_rel` VALUES (1, 1001, 1, 1, '全球流行文化的交汇点.docx', 1, 0, '小桐', 1, '2025-09-04 18:14:57', '小桐', 1, '2025-09-04 18:14:57', NULL);
INSERT INTO `ext_unstruct_task_doc_rel` VALUES (2, 1001, 2, 2, '硅谷的创新者与全球技术变革.docx', 1, 0, '小桐', 1, '2025-09-04 18:14:57', '小桐', 1, '2025-09-04 18:14:57', NULL);
INSERT INTO `ext_unstruct_task_doc_rel` VALUES (3, 1001, 3, 1, '全球流行文化的交汇点.docx', 1, 0, '星小图', 1, '2025-09-16 18:30:04', '星小图', 1, '2025-09-16 18:30:04', NULL);
INSERT INTO `ext_unstruct_task_doc_rel` VALUES (4, 1001, 3, 2, '硅谷的创新者与全球技术变革.docx', 1, 0, '星小图', 1, '2025-09-16 18:30:04', '星小图', 1, '2025-09-16 18:30:04', NULL);
INSERT INTO `ext_unstruct_task_doc_rel` VALUES (5, 1001, 4, 3, '某舰船任职.docx', 1, 1, '星小图', 1, '2025-09-24 18:18:32', '星小图', NULL, '2025-11-21 09:41:18', NULL);
INSERT INTO `ext_unstruct_task_doc_rel` VALUES (6, 1001, 5, 14, '美攻打伊拉克.docx', 1, 0, '星小图', 1, '2025-10-27 12:43:44', '星小图', 1, '2025-10-27 12:43:44', NULL);
INSERT INTO `ext_unstruct_task_doc_rel` VALUES (7, 1001, 6, 15, '特朗普出任美国总统.docx', 1, 0, '星小图', 1, '2025-10-27 13:52:35', '星小图', 1, '2025-10-27 13:52:35', NULL);
INSERT INTO `ext_unstruct_task_doc_rel` VALUES (8, 1001, 7, 16, '特朗普出任美国总统.docx', 1, 0, '星小图', 1, '2025-10-27 15:00:03', '星小图', 1, '2025-10-27 15:00:03', NULL);
INSERT INTO `ext_unstruct_task_doc_rel` VALUES (9, 1001, 8, 17, '特朗普出任美国总统.docx', 1, 0, '星小图', 1, '2025-10-27 15:38:21', '星小图', 1, '2025-10-27 15:38:21', NULL);
INSERT INTO `ext_unstruct_task_doc_rel` VALUES (10, 1001, 9, 17, '特朗普出任美国总统.docx', 1, 0, '星小图', 1, '2025-10-27 15:41:16', '星小图', 1, '2025-10-27 15:41:16', NULL);
INSERT INTO `ext_unstruct_task_doc_rel` VALUES (11, 1001, 10, 17, '特朗普出任美国总统.docx', 1, 0, '星小图', 1, '2025-10-27 15:41:45', '星小图', 1, '2025-10-27 15:41:45', NULL);
INSERT INTO `ext_unstruct_task_doc_rel` VALUES (12, 1001, 11, 19, '特朗普出任美国总统.docx', 1, 1, '星小图', 1, '2025-10-27 15:43:00', '星小图', NULL, '2025-11-21 09:39:49', NULL);
INSERT INTO `ext_unstruct_task_doc_rel` VALUES (13, 1001, 12, 20, '特朗普出任漂亮国.docx', 1, 0, '星小图', 1, '2025-10-27 16:04:37', '星小图', 1, '2025-10-27 16:04:37', NULL);
INSERT INTO `ext_unstruct_task_doc_rel` VALUES (14, 1001, 13, 3, '某舰船任职.docx', 1, 0, '星小图', 1, '2025-10-27 16:49:13', '星小图', 1, '2025-10-27 16:49:13', NULL);
INSERT INTO `ext_unstruct_task_doc_rel` VALUES (15, 1001, 14, 21, '偷袭珍珠港.docx', 1, 0, '星小图', 1, '2025-10-27 16:57:56', '星小图', 1, '2025-10-27 16:57:56', NULL);
INSERT INTO `ext_unstruct_task_doc_rel` VALUES (16, 1001, 15, 21, '偷袭珍珠港.docx', 1, 0, '星小图', 1, '2025-10-27 17:03:35', '星小图', 1, '2025-10-27 17:03:35', NULL);
INSERT INTO `ext_unstruct_task_doc_rel` VALUES (17, 1001, 16, 22, '特靠谱.docx', 1, 0, '星小图', 1, '2025-10-27 19:19:38', '星小图', 1, '2025-10-27 19:19:38', NULL);
INSERT INTO `ext_unstruct_task_doc_rel` VALUES (18, 1001, 17, 23, '诺曼底登陆.docx', 1, 0, '星小图', 1, '2025-11-06 14:04:54', '星小图', 1, '2025-11-06 14:04:54', NULL);
INSERT INTO `ext_unstruct_task_doc_rel` VALUES (19, 1001, 18, 24, '特朗普出任美国总统.docx', 1, 0, '星小图', 1, '2025-11-17 10:51:16', '星小图', 1, '2025-11-17 10:51:16', NULL);
INSERT INTO `ext_unstruct_task_doc_rel` VALUES (20, 1001, 19, 25, '特朗普出任美国总统.docx', 1, 0, '星小图', 1, '2025-11-17 10:55:33', '星小图', 1, '2025-11-17 10:55:33', NULL);
INSERT INTO `ext_unstruct_task_doc_rel` VALUES (21, 1001, 20, 26, '特朗普加入远征军.docx', 1, 0, '星小图', 1, '2025-11-17 12:50:22', '星小图', 1, '2025-11-17 12:50:22', NULL);
INSERT INTO `ext_unstruct_task_doc_rel` VALUES (22, 1001, 11, 19, '特朗普出任美国总统.docx', 1, 0, '星小图', 1, '2025-11-21 09:39:49', '星小图', 1, '2025-11-21 09:39:49', NULL);
INSERT INTO `ext_unstruct_task_doc_rel` VALUES (23, 1001, 4, 3, '某舰船任职.docx', 1, 0, '星小图', 1, '2025-11-21 09:41:18', '星小图', 1, '2025-11-21 09:41:18', NULL);
INSERT INTO `ext_unstruct_task_doc_rel` VALUES (24, 1001, 21, 23, '诺曼底登陆.docx', 1, 0, '星小图', 1, '2025-11-21 11:19:08', '星小图', 1, '2025-11-21 11:19:08', NULL);
INSERT INTO `ext_unstruct_task_doc_rel` VALUES (25, 1001, 21, 25, '特朗普出任美国总统.docx', 1, 0, '星小图', 1, '2025-11-21 11:19:08', '星小图', 1, '2025-11-21 11:19:08', NULL);
INSERT INTO `ext_unstruct_task_doc_rel` VALUES (26, 1001, 22, 23, '诺曼底登陆.docx', 1, 0, '星小图', 1, '2025-11-21 11:21:27', '星小图', 1, '2025-11-21 11:21:27', NULL);
INSERT INTO `ext_unstruct_task_doc_rel` VALUES (27, 1001, 22, 25, '特朗普出任美国总统.docx', 1, 0, '星小图', 1, '2025-11-21 11:21:27', '星小图', 1, '2025-11-21 11:21:27', NULL);
INSERT INTO `ext_unstruct_task_doc_rel` VALUES (28, 1001, 22, 26, '特朗普加入远征军.docx', 1, 0, '星小图', 1, '2025-11-21 11:21:27', '星小图', 1, '2025-11-21 11:21:27', NULL);

-- ----------------------------
-- Table structure for ext_unstruct_task_relation
-- ----------------------------
DROP TABLE IF EXISTS `ext_unstruct_task_relation`;
CREATE TABLE `ext_unstruct_task_relation`  (
  `id` bigint NOT NULL AUTO_INCREMENT COMMENT 'ID',
  `workspace_id` bigint NOT NULL COMMENT '工作区id',
  `task_id` bigint NOT NULL COMMENT '任务id',
  `relation_id` bigint NOT NULL COMMENT '关系id',
  `valid_flag` tinyint(1) NOT NULL DEFAULT 1 COMMENT '是否有效;0：无效，1：有效',
  `del_flag` tinyint(1) NOT NULL DEFAULT 0 COMMENT '删除标志;1：已删除，0：未删除',
  `create_by` varchar(32) CHARACTER SET utf8mb3 COLLATE utf8mb3_general_ci NULL DEFAULT NULL COMMENT '创建人',
  `creator_id` bigint NULL DEFAULT NULL COMMENT '创建人id',
  `create_time` datetime NOT NULL DEFAULT CURRENT_TIMESTAMP COMMENT '创建时间',
  `update_by` varchar(32) CHARACTER SET utf8mb3 COLLATE utf8mb3_general_ci NULL DEFAULT NULL COMMENT '更新人',
  `updater_id` bigint NULL DEFAULT NULL COMMENT '更新人id',
  `update_time` datetime NOT NULL DEFAULT CURRENT_TIMESTAMP COMMENT '更新时间',
  `remark` varchar(512) CHARACTER SET utf8mb3 COLLATE utf8mb3_general_ci NULL DEFAULT NULL COMMENT '备注',
  PRIMARY KEY (`id`) USING BTREE
) ENGINE = InnoDB AUTO_INCREMENT = 149 CHARACTER SET = utf8mb3 COLLATE = utf8mb3_general_ci COMMENT = '任务关系关联表' ROW_FORMAT = DYNAMIC;

-- ----------------------------
-- Records of ext_unstruct_task_relation
-- ----------------------------
INSERT INTO `ext_unstruct_task_relation` VALUES (1, 1001, 1, 1, 1, 0, '小桐', 1, '2025-09-04 18:14:58', '小桐', 1, '2025-09-04 18:14:58', NULL);
INSERT INTO `ext_unstruct_task_relation` VALUES (2, 1001, 1, 2, 1, 0, '小桐', 1, '2025-09-04 18:14:58', '小桐', 1, '2025-09-04 18:14:58', NULL);
INSERT INTO `ext_unstruct_task_relation` VALUES (3, 1001, 1, 3, 1, 0, '小桐', 1, '2025-09-04 18:14:58', '小桐', 1, '2025-09-04 18:14:58', NULL);
INSERT INTO `ext_unstruct_task_relation` VALUES (4, 1001, 1, 4, 1, 0, '小桐', 1, '2025-09-04 18:14:58', '小桐', 1, '2025-09-04 18:14:58', NULL);
INSERT INTO `ext_unstruct_task_relation` VALUES (5, 1001, 2, 1, 1, 0, '小桐', 1, '2025-09-04 18:14:58', '小桐', 1, '2025-09-04 18:14:58', NULL);
INSERT INTO `ext_unstruct_task_relation` VALUES (6, 1001, 2, 2, 1, 0, '小桐', 1, '2025-09-04 18:14:58', '小桐', 1, '2025-09-04 18:14:58', NULL);
INSERT INTO `ext_unstruct_task_relation` VALUES (7, 1001, 2, 3, 1, 0, '小桐', 1, '2025-09-04 18:14:58', '小桐', 1, '2025-09-04 18:14:58', NULL);
INSERT INTO `ext_unstruct_task_relation` VALUES (8, 1001, 2, 4, 1, 0, '小桐', 1, '2025-09-04 18:14:58', '小桐', 1, '2025-09-04 18:14:58', NULL);
INSERT INTO `ext_unstruct_task_relation` VALUES (9, 1001, 3, 10, 1, 0, '星小图', 1, '2025-09-16 18:30:04', '星小图', NULL, '2025-09-16 18:30:04', NULL);
INSERT INTO `ext_unstruct_task_relation` VALUES (10, 1001, 3, 11, 1, 0, '星小图', 1, '2025-09-16 18:30:04', '星小图', NULL, '2025-09-16 18:30:04', NULL);
INSERT INTO `ext_unstruct_task_relation` VALUES (11, 1001, 3, 12, 1, 0, '星小图', 1, '2025-09-16 18:30:04', '星小图', NULL, '2025-09-16 18:30:04', NULL);
INSERT INTO `ext_unstruct_task_relation` VALUES (12, 1001, 3, 13, 1, 0, '星小图', 1, '2025-09-16 18:30:04', '星小图', NULL, '2025-09-16 18:30:04', NULL);
INSERT INTO `ext_unstruct_task_relation` VALUES (13, 1001, 3, 14, 1, 0, '星小图', 1, '2025-09-16 18:30:04', '星小图', NULL, '2025-09-16 18:30:04', NULL);
INSERT INTO `ext_unstruct_task_relation` VALUES (14, 1001, 3, 15, 1, 0, '星小图', 1, '2025-09-16 18:30:04', '星小图', NULL, '2025-09-16 18:30:04', NULL);
INSERT INTO `ext_unstruct_task_relation` VALUES (15, 1001, 3, 16, 1, 0, '星小图', 1, '2025-09-16 18:30:04', '星小图', NULL, '2025-09-16 18:30:04', NULL);
INSERT INTO `ext_unstruct_task_relation` VALUES (16, 1001, 3, 17, 1, 0, '星小图', 1, '2025-09-16 18:30:04', '星小图', NULL, '2025-09-16 18:30:04', NULL);
INSERT INTO `ext_unstruct_task_relation` VALUES (17, 1001, 3, 18, 1, 0, '星小图', 1, '2025-09-16 18:30:04', '星小图', NULL, '2025-09-16 18:30:04', NULL);
INSERT INTO `ext_unstruct_task_relation` VALUES (18, 1001, 3, 19, 1, 0, '星小图', 1, '2025-09-16 18:30:04', '星小图', NULL, '2025-09-16 18:30:04', NULL);
INSERT INTO `ext_unstruct_task_relation` VALUES (19, 1001, 4, 10, 1, 1, '星小图', 1, '2025-09-24 18:18:32', '星小图', NULL, '2025-11-21 09:41:18', NULL);
INSERT INTO `ext_unstruct_task_relation` VALUES (20, 1001, 4, 11, 1, 1, '星小图', 1, '2025-09-24 18:18:32', '星小图', NULL, '2025-11-21 09:41:18', NULL);
INSERT INTO `ext_unstruct_task_relation` VALUES (21, 1001, 4, 12, 1, 1, '星小图', 1, '2025-09-24 18:18:32', '星小图', NULL, '2025-11-21 09:41:18', NULL);
INSERT INTO `ext_unstruct_task_relation` VALUES (22, 1001, 4, 13, 1, 1, '星小图', 1, '2025-09-24 18:18:32', '星小图', NULL, '2025-11-21 09:41:18', NULL);
INSERT INTO `ext_unstruct_task_relation` VALUES (23, 1001, 4, 14, 1, 1, '星小图', 1, '2025-09-24 18:18:32', '星小图', NULL, '2025-11-21 09:41:18', NULL);
INSERT INTO `ext_unstruct_task_relation` VALUES (24, 1001, 4, 15, 1, 1, '星小图', 1, '2025-09-24 18:18:32', '星小图', NULL, '2025-11-21 09:41:18', NULL);
INSERT INTO `ext_unstruct_task_relation` VALUES (25, 1001, 4, 16, 1, 1, '星小图', 1, '2025-09-24 18:18:32', '星小图', NULL, '2025-11-21 09:41:18', NULL);
INSERT INTO `ext_unstruct_task_relation` VALUES (26, 1001, 4, 17, 1, 1, '星小图', 1, '2025-09-24 18:18:32', '星小图', NULL, '2025-11-21 09:41:18', NULL);
INSERT INTO `ext_unstruct_task_relation` VALUES (27, 1001, 4, 18, 1, 1, '星小图', 1, '2025-09-24 18:18:32', '星小图', NULL, '2025-11-21 09:41:18', NULL);
INSERT INTO `ext_unstruct_task_relation` VALUES (28, 1001, 4, 19, 1, 1, '星小图', 1, '2025-09-24 18:18:32', '星小图', NULL, '2025-11-21 09:41:18', NULL);
INSERT INTO `ext_unstruct_task_relation` VALUES (29, 1001, 5, 10, 1, 0, '星小图', 1, '2025-10-27 12:43:44', '星小图', NULL, '2025-10-27 12:43:44', NULL);
INSERT INTO `ext_unstruct_task_relation` VALUES (30, 1001, 5, 11, 1, 0, '星小图', 1, '2025-10-27 12:43:44', '星小图', NULL, '2025-10-27 12:43:44', NULL);
INSERT INTO `ext_unstruct_task_relation` VALUES (31, 1001, 5, 12, 1, 0, '星小图', 1, '2025-10-27 12:43:44', '星小图', NULL, '2025-10-27 12:43:44', NULL);
INSERT INTO `ext_unstruct_task_relation` VALUES (32, 1001, 5, 13, 1, 0, '星小图', 1, '2025-10-27 12:43:44', '星小图', NULL, '2025-10-27 12:43:44', NULL);
INSERT INTO `ext_unstruct_task_relation` VALUES (33, 1001, 5, 14, 1, 0, '星小图', 1, '2025-10-27 12:43:44', '星小图', NULL, '2025-10-27 12:43:44', NULL);
INSERT INTO `ext_unstruct_task_relation` VALUES (34, 1001, 5, 15, 1, 0, '星小图', 1, '2025-10-27 12:43:44', '星小图', NULL, '2025-10-27 12:43:44', NULL);
INSERT INTO `ext_unstruct_task_relation` VALUES (35, 1001, 5, 16, 1, 0, '星小图', 1, '2025-10-27 12:43:44', '星小图', NULL, '2025-10-27 12:43:44', NULL);
INSERT INTO `ext_unstruct_task_relation` VALUES (36, 1001, 5, 17, 1, 0, '星小图', 1, '2025-10-27 12:43:44', '星小图', NULL, '2025-10-27 12:43:44', NULL);
INSERT INTO `ext_unstruct_task_relation` VALUES (37, 1001, 5, 18, 1, 0, '星小图', 1, '2025-10-27 12:43:44', '星小图', NULL, '2025-10-27 12:43:44', NULL);
INSERT INTO `ext_unstruct_task_relation` VALUES (38, 1001, 5, 19, 1, 0, '星小图', 1, '2025-10-27 12:43:44', '星小图', NULL, '2025-10-27 12:43:44', NULL);
INSERT INTO `ext_unstruct_task_relation` VALUES (39, 1001, 6, 10, 1, 0, '星小图', 1, '2025-10-27 13:52:35', '星小图', NULL, '2025-10-27 13:52:35', NULL);
INSERT INTO `ext_unstruct_task_relation` VALUES (40, 1001, 7, 10, 1, 0, '星小图', 1, '2025-10-27 15:00:03', '星小图', NULL, '2025-10-27 15:00:03', NULL);
INSERT INTO `ext_unstruct_task_relation` VALUES (41, 1001, 7, 11, 1, 0, '星小图', 1, '2025-10-27 15:00:03', '星小图', NULL, '2025-10-27 15:00:03', NULL);
INSERT INTO `ext_unstruct_task_relation` VALUES (42, 1001, 8, 10, 1, 0, '星小图', 1, '2025-10-27 15:38:21', '星小图', NULL, '2025-10-27 15:38:21', NULL);
INSERT INTO `ext_unstruct_task_relation` VALUES (43, 1001, 8, 11, 1, 0, '星小图', 1, '2025-10-27 15:38:21', '星小图', NULL, '2025-10-27 15:38:21', NULL);
INSERT INTO `ext_unstruct_task_relation` VALUES (44, 1001, 9, 11, 1, 0, '星小图', 1, '2025-10-27 15:41:16', '星小图', NULL, '2025-10-27 15:41:16', NULL);
INSERT INTO `ext_unstruct_task_relation` VALUES (45, 1001, 9, 10, 1, 0, '星小图', 1, '2025-10-27 15:41:16', '星小图', NULL, '2025-10-27 15:41:16', NULL);
INSERT INTO `ext_unstruct_task_relation` VALUES (46, 1001, 10, 10, 1, 0, '星小图', 1, '2025-10-27 15:41:45', '星小图', NULL, '2025-10-27 15:41:45', NULL);
INSERT INTO `ext_unstruct_task_relation` VALUES (47, 1001, 11, 10, 1, 1, '星小图', 1, '2025-10-27 15:43:00', '星小图', NULL, '2025-11-21 09:39:49', NULL);
INSERT INTO `ext_unstruct_task_relation` VALUES (48, 1001, 11, 11, 1, 1, '星小图', 1, '2025-10-27 15:43:00', '星小图', NULL, '2025-11-21 09:39:49', NULL);
INSERT INTO `ext_unstruct_task_relation` VALUES (49, 1001, 12, 17, 1, 0, '星小图', 1, '2025-10-27 16:04:37', '星小图', NULL, '2025-10-27 16:04:37', NULL);
INSERT INTO `ext_unstruct_task_relation` VALUES (50, 1001, 12, 16, 1, 0, '星小图', 1, '2025-10-27 16:04:37', '星小图', NULL, '2025-10-27 16:04:37', NULL);
INSERT INTO `ext_unstruct_task_relation` VALUES (51, 1001, 13, 27, 1, 0, '星小图', 1, '2025-10-27 16:49:13', '星小图', NULL, '2025-10-27 16:49:13', NULL);
INSERT INTO `ext_unstruct_task_relation` VALUES (52, 1001, 13, 32, 1, 0, '星小图', 1, '2025-10-27 16:49:13', '星小图', NULL, '2025-10-27 16:49:13', NULL);
INSERT INTO `ext_unstruct_task_relation` VALUES (53, 1001, 14, 25, 1, 0, '星小图', 1, '2025-10-27 16:57:56', '星小图', NULL, '2025-10-27 16:57:56', NULL);
INSERT INTO `ext_unstruct_task_relation` VALUES (54, 1001, 14, 26, 1, 0, '星小图', 1, '2025-10-27 16:57:56', '星小图', NULL, '2025-10-27 16:57:56', NULL);
INSERT INTO `ext_unstruct_task_relation` VALUES (55, 1001, 14, 27, 1, 0, '星小图', 1, '2025-10-27 16:57:56', '星小图', NULL, '2025-10-27 16:57:56', NULL);
INSERT INTO `ext_unstruct_task_relation` VALUES (56, 1001, 14, 28, 1, 0, '星小图', 1, '2025-10-27 16:57:56', '星小图', NULL, '2025-10-27 16:57:56', NULL);
INSERT INTO `ext_unstruct_task_relation` VALUES (57, 1001, 14, 29, 1, 0, '星小图', 1, '2025-10-27 16:57:56', '星小图', NULL, '2025-10-27 16:57:56', NULL);
INSERT INTO `ext_unstruct_task_relation` VALUES (58, 1001, 14, 30, 1, 0, '星小图', 1, '2025-10-27 16:57:56', '星小图', NULL, '2025-10-27 16:57:56', NULL);
INSERT INTO `ext_unstruct_task_relation` VALUES (59, 1001, 14, 31, 1, 0, '星小图', 1, '2025-10-27 16:57:56', '星小图', NULL, '2025-10-27 16:57:56', NULL);
INSERT INTO `ext_unstruct_task_relation` VALUES (60, 1001, 14, 32, 1, 0, '星小图', 1, '2025-10-27 16:57:56', '星小图', NULL, '2025-10-27 16:57:56', NULL);
INSERT INTO `ext_unstruct_task_relation` VALUES (61, 1001, 14, 33, 1, 0, '星小图', 1, '2025-10-27 16:57:56', '星小图', NULL, '2025-10-27 16:57:56', NULL);
INSERT INTO `ext_unstruct_task_relation` VALUES (62, 1001, 14, 34, 1, 0, '星小图', 1, '2025-10-27 16:57:56', '星小图', NULL, '2025-10-27 16:57:56', NULL);
INSERT INTO `ext_unstruct_task_relation` VALUES (63, 1001, 15, 27, 1, 0, '星小图', 1, '2025-10-27 17:03:35', '星小图', NULL, '2025-10-27 17:03:35', NULL);
INSERT INTO `ext_unstruct_task_relation` VALUES (64, 1001, 15, 26, 1, 0, '星小图', 1, '2025-10-27 17:03:35', '星小图', NULL, '2025-10-27 17:03:35', NULL);
INSERT INTO `ext_unstruct_task_relation` VALUES (65, 1001, 15, 25, 1, 0, '星小图', 1, '2025-10-27 17:03:35', '星小图', NULL, '2025-10-27 17:03:35', NULL);
INSERT INTO `ext_unstruct_task_relation` VALUES (66, 1001, 15, 28, 1, 0, '星小图', 1, '2025-10-27 17:03:35', '星小图', NULL, '2025-10-27 17:03:35', NULL);
INSERT INTO `ext_unstruct_task_relation` VALUES (67, 1001, 15, 29, 1, 0, '星小图', 1, '2025-10-27 17:03:35', '星小图', NULL, '2025-10-27 17:03:35', NULL);
INSERT INTO `ext_unstruct_task_relation` VALUES (68, 1001, 15, 30, 1, 0, '星小图', 1, '2025-10-27 17:03:35', '星小图', NULL, '2025-10-27 17:03:35', NULL);
INSERT INTO `ext_unstruct_task_relation` VALUES (69, 1001, 15, 31, 1, 0, '星小图', 1, '2025-10-27 17:03:35', '星小图', NULL, '2025-10-27 17:03:35', NULL);
INSERT INTO `ext_unstruct_task_relation` VALUES (70, 1001, 15, 32, 1, 0, '星小图', 1, '2025-10-27 17:03:35', '星小图', NULL, '2025-10-27 17:03:35', NULL);
INSERT INTO `ext_unstruct_task_relation` VALUES (71, 1001, 15, 33, 1, 0, '星小图', 1, '2025-10-27 17:03:35', '星小图', NULL, '2025-10-27 17:03:35', NULL);
INSERT INTO `ext_unstruct_task_relation` VALUES (72, 1001, 15, 34, 1, 0, '星小图', 1, '2025-10-27 17:03:35', '星小图', NULL, '2025-10-27 17:03:35', NULL);
INSERT INTO `ext_unstruct_task_relation` VALUES (73, 1001, 16, 25, 1, 0, '星小图', 1, '2025-10-27 19:19:38', '星小图', NULL, '2025-10-27 19:19:38', NULL);
INSERT INTO `ext_unstruct_task_relation` VALUES (74, 1001, 16, 26, 1, 0, '星小图', 1, '2025-10-27 19:19:38', '星小图', NULL, '2025-10-27 19:19:38', NULL);
INSERT INTO `ext_unstruct_task_relation` VALUES (75, 1001, 16, 27, 1, 0, '星小图', 1, '2025-10-27 19:19:38', '星小图', NULL, '2025-10-27 19:19:38', NULL);
INSERT INTO `ext_unstruct_task_relation` VALUES (76, 1001, 16, 28, 1, 0, '星小图', 1, '2025-10-27 19:19:38', '星小图', NULL, '2025-10-27 19:19:38', NULL);
INSERT INTO `ext_unstruct_task_relation` VALUES (77, 1001, 16, 29, 1, 0, '星小图', 1, '2025-10-27 19:19:38', '星小图', NULL, '2025-10-27 19:19:38', NULL);
INSERT INTO `ext_unstruct_task_relation` VALUES (78, 1001, 16, 30, 1, 0, '星小图', 1, '2025-10-27 19:19:38', '星小图', NULL, '2025-10-27 19:19:38', NULL);
INSERT INTO `ext_unstruct_task_relation` VALUES (79, 1001, 16, 31, 1, 0, '星小图', 1, '2025-10-27 19:19:38', '星小图', NULL, '2025-10-27 19:19:38', NULL);
INSERT INTO `ext_unstruct_task_relation` VALUES (80, 1001, 16, 32, 1, 0, '星小图', 1, '2025-10-27 19:19:38', '星小图', NULL, '2025-10-27 19:19:38', NULL);
INSERT INTO `ext_unstruct_task_relation` VALUES (81, 1001, 16, 33, 1, 0, '星小图', 1, '2025-10-27 19:19:38', '星小图', NULL, '2025-10-27 19:19:38', NULL);
INSERT INTO `ext_unstruct_task_relation` VALUES (82, 1001, 16, 34, 1, 0, '星小图', 1, '2025-10-27 19:19:38', '星小图', NULL, '2025-10-27 19:19:38', NULL);
INSERT INTO `ext_unstruct_task_relation` VALUES (83, 1001, 17, 25, 1, 0, '星小图', 1, '2025-11-06 14:04:54', '星小图', NULL, '2025-11-06 14:04:54', NULL);
INSERT INTO `ext_unstruct_task_relation` VALUES (84, 1001, 17, 26, 1, 0, '星小图', 1, '2025-11-06 14:04:54', '星小图', NULL, '2025-11-06 14:04:54', NULL);
INSERT INTO `ext_unstruct_task_relation` VALUES (85, 1001, 17, 27, 1, 0, '星小图', 1, '2025-11-06 14:04:54', '星小图', NULL, '2025-11-06 14:04:54', NULL);
INSERT INTO `ext_unstruct_task_relation` VALUES (86, 1001, 17, 28, 1, 0, '星小图', 1, '2025-11-06 14:04:54', '星小图', NULL, '2025-11-06 14:04:54', NULL);
INSERT INTO `ext_unstruct_task_relation` VALUES (87, 1001, 17, 29, 1, 0, '星小图', 1, '2025-11-06 14:04:54', '星小图', NULL, '2025-11-06 14:04:54', NULL);
INSERT INTO `ext_unstruct_task_relation` VALUES (88, 1001, 17, 30, 1, 0, '星小图', 1, '2025-11-06 14:04:54', '星小图', NULL, '2025-11-06 14:04:54', NULL);
INSERT INTO `ext_unstruct_task_relation` VALUES (89, 1001, 17, 31, 1, 0, '星小图', 1, '2025-11-06 14:04:54', '星小图', NULL, '2025-11-06 14:04:54', NULL);
INSERT INTO `ext_unstruct_task_relation` VALUES (90, 1001, 17, 32, 1, 0, '星小图', 1, '2025-11-06 14:04:54', '星小图', NULL, '2025-11-06 14:04:54', NULL);
INSERT INTO `ext_unstruct_task_relation` VALUES (91, 1001, 17, 33, 1, 0, '星小图', 1, '2025-11-06 14:04:54', '星小图', NULL, '2025-11-06 14:04:54', NULL);
INSERT INTO `ext_unstruct_task_relation` VALUES (92, 1001, 17, 34, 1, 0, '星小图', 1, '2025-11-06 14:04:54', '星小图', NULL, '2025-11-06 14:04:54', NULL);
INSERT INTO `ext_unstruct_task_relation` VALUES (93, 1001, 17, 35, 1, 0, '星小图', 1, '2025-11-06 14:04:54', '星小图', NULL, '2025-11-06 14:04:54', NULL);
INSERT INTO `ext_unstruct_task_relation` VALUES (94, 1001, 17, 36, 1, 0, '星小图', 1, '2025-11-06 14:04:54', '星小图', NULL, '2025-11-06 14:04:54', NULL);
INSERT INTO `ext_unstruct_task_relation` VALUES (95, 1001, 18, 25, 1, 0, '星小图', 1, '2025-11-17 10:51:16', '星小图', NULL, '2025-11-17 10:51:16', NULL);
INSERT INTO `ext_unstruct_task_relation` VALUES (96, 1001, 18, 26, 1, 0, '星小图', 1, '2025-11-17 10:51:16', '星小图', NULL, '2025-11-17 10:51:16', NULL);
INSERT INTO `ext_unstruct_task_relation` VALUES (97, 1001, 18, 27, 1, 0, '星小图', 1, '2025-11-17 10:51:16', '星小图', NULL, '2025-11-17 10:51:16', NULL);
INSERT INTO `ext_unstruct_task_relation` VALUES (98, 1001, 18, 28, 1, 0, '星小图', 1, '2025-11-17 10:51:16', '星小图', NULL, '2025-11-17 10:51:16', NULL);
INSERT INTO `ext_unstruct_task_relation` VALUES (99, 1001, 18, 29, 1, 0, '星小图', 1, '2025-11-17 10:51:16', '星小图', NULL, '2025-11-17 10:51:16', NULL);
INSERT INTO `ext_unstruct_task_relation` VALUES (100, 1001, 18, 30, 1, 0, '星小图', 1, '2025-11-17 10:51:16', '星小图', NULL, '2025-11-17 10:51:16', NULL);
INSERT INTO `ext_unstruct_task_relation` VALUES (101, 1001, 18, 31, 1, 0, '星小图', 1, '2025-11-17 10:51:16', '星小图', NULL, '2025-11-17 10:51:16', NULL);
INSERT INTO `ext_unstruct_task_relation` VALUES (102, 1001, 18, 32, 1, 0, '星小图', 1, '2025-11-17 10:51:16', '星小图', NULL, '2025-11-17 10:51:16', NULL);
INSERT INTO `ext_unstruct_task_relation` VALUES (103, 1001, 18, 33, 1, 0, '星小图', 1, '2025-11-17 10:51:16', '星小图', NULL, '2025-11-17 10:51:16', NULL);
INSERT INTO `ext_unstruct_task_relation` VALUES (104, 1001, 18, 34, 1, 0, '星小图', 1, '2025-11-17 10:51:16', '星小图', NULL, '2025-11-17 10:51:16', NULL);
INSERT INTO `ext_unstruct_task_relation` VALUES (105, 1001, 19, 25, 1, 0, '星小图', 1, '2025-11-17 10:55:33', '星小图', NULL, '2025-11-17 10:55:33', NULL);
INSERT INTO `ext_unstruct_task_relation` VALUES (106, 1001, 19, 26, 1, 0, '星小图', 1, '2025-11-17 10:55:33', '星小图', NULL, '2025-11-17 10:55:33', NULL);
INSERT INTO `ext_unstruct_task_relation` VALUES (107, 1001, 19, 27, 1, 0, '星小图', 1, '2025-11-17 10:55:33', '星小图', NULL, '2025-11-17 10:55:33', NULL);
INSERT INTO `ext_unstruct_task_relation` VALUES (108, 1001, 19, 28, 1, 0, '星小图', 1, '2025-11-17 10:55:33', '星小图', NULL, '2025-11-17 10:55:33', NULL);
INSERT INTO `ext_unstruct_task_relation` VALUES (109, 1001, 19, 29, 1, 0, '星小图', 1, '2025-11-17 10:55:33', '星小图', NULL, '2025-11-17 10:55:33', NULL);
INSERT INTO `ext_unstruct_task_relation` VALUES (110, 1001, 19, 30, 1, 0, '星小图', 1, '2025-11-17 10:55:33', '星小图', NULL, '2025-11-17 10:55:33', NULL);
INSERT INTO `ext_unstruct_task_relation` VALUES (111, 1001, 19, 31, 1, 0, '星小图', 1, '2025-11-17 10:55:33', '星小图', NULL, '2025-11-17 10:55:33', NULL);
INSERT INTO `ext_unstruct_task_relation` VALUES (112, 1001, 19, 32, 1, 0, '星小图', 1, '2025-11-17 10:55:33', '星小图', NULL, '2025-11-17 10:55:33', NULL);
INSERT INTO `ext_unstruct_task_relation` VALUES (113, 1001, 19, 33, 1, 0, '星小图', 1, '2025-11-17 10:55:33', '星小图', NULL, '2025-11-17 10:55:33', NULL);
INSERT INTO `ext_unstruct_task_relation` VALUES (114, 1001, 19, 34, 1, 0, '星小图', 1, '2025-11-17 10:55:33', '星小图', NULL, '2025-11-17 10:55:33', NULL);
INSERT INTO `ext_unstruct_task_relation` VALUES (115, 1001, 20, 25, 1, 0, '星小图', 1, '2025-11-17 12:50:22', '星小图', NULL, '2025-11-17 12:50:22', NULL);
INSERT INTO `ext_unstruct_task_relation` VALUES (116, 1001, 20, 26, 1, 0, '星小图', 1, '2025-11-17 12:50:22', '星小图', NULL, '2025-11-17 12:50:22', NULL);
INSERT INTO `ext_unstruct_task_relation` VALUES (117, 1001, 20, 27, 1, 0, '星小图', 1, '2025-11-17 12:50:22', '星小图', NULL, '2025-11-17 12:50:22', NULL);
INSERT INTO `ext_unstruct_task_relation` VALUES (118, 1001, 20, 28, 1, 0, '星小图', 1, '2025-11-17 12:50:22', '星小图', NULL, '2025-11-17 12:50:22', NULL);
INSERT INTO `ext_unstruct_task_relation` VALUES (119, 1001, 20, 29, 1, 0, '星小图', 1, '2025-11-17 12:50:22', '星小图', NULL, '2025-11-17 12:50:22', NULL);
INSERT INTO `ext_unstruct_task_relation` VALUES (120, 1001, 20, 30, 1, 0, '星小图', 1, '2025-11-17 12:50:22', '星小图', NULL, '2025-11-17 12:50:22', NULL);
INSERT INTO `ext_unstruct_task_relation` VALUES (121, 1001, 20, 31, 1, 0, '星小图', 1, '2025-11-17 12:50:22', '星小图', NULL, '2025-11-17 12:50:22', NULL);
INSERT INTO `ext_unstruct_task_relation` VALUES (122, 1001, 20, 32, 1, 0, '星小图', 1, '2025-11-17 12:50:22', '星小图', NULL, '2025-11-17 12:50:22', NULL);
INSERT INTO `ext_unstruct_task_relation` VALUES (123, 1001, 20, 33, 1, 0, '星小图', 1, '2025-11-17 12:50:22', '星小图', NULL, '2025-11-17 12:50:22', NULL);
INSERT INTO `ext_unstruct_task_relation` VALUES (124, 1001, 20, 34, 1, 0, '星小图', 1, '2025-11-17 12:50:22', '星小图', NULL, '2025-11-17 12:50:22', NULL);
INSERT INTO `ext_unstruct_task_relation` VALUES (125, 1001, 11, 10, 1, 0, '星小图', 1, '2025-11-21 09:39:49', '星小图', NULL, '2025-11-21 09:39:49', NULL);
INSERT INTO `ext_unstruct_task_relation` VALUES (126, 1001, 11, 11, 1, 0, '星小图', 1, '2025-11-21 09:39:49', '星小图', NULL, '2025-11-21 09:39:49', NULL);
INSERT INTO `ext_unstruct_task_relation` VALUES (127, 1001, 4, 10, 1, 0, '星小图', 1, '2025-11-21 09:41:18', '星小图', NULL, '2025-11-21 09:41:18', NULL);
INSERT INTO `ext_unstruct_task_relation` VALUES (128, 1001, 4, 11, 1, 0, '星小图', 1, '2025-11-21 09:41:18', '星小图', NULL, '2025-11-21 09:41:18', NULL);
INSERT INTO `ext_unstruct_task_relation` VALUES (129, 1001, 4, 12, 1, 0, '星小图', 1, '2025-11-21 09:41:18', '星小图', NULL, '2025-11-21 09:41:18', NULL);
INSERT INTO `ext_unstruct_task_relation` VALUES (130, 1001, 4, 13, 1, 0, '星小图', 1, '2025-11-21 09:41:18', '星小图', NULL, '2025-11-21 09:41:18', NULL);
INSERT INTO `ext_unstruct_task_relation` VALUES (131, 1001, 4, 14, 1, 0, '星小图', 1, '2025-11-21 09:41:18', '星小图', NULL, '2025-11-21 09:41:18', NULL);
INSERT INTO `ext_unstruct_task_relation` VALUES (132, 1001, 4, 15, 1, 0, '星小图', 1, '2025-11-21 09:41:18', '星小图', NULL, '2025-11-21 09:41:18', NULL);
INSERT INTO `ext_unstruct_task_relation` VALUES (133, 1001, 4, 16, 1, 0, '星小图', 1, '2025-11-21 09:41:18', '星小图', NULL, '2025-11-21 09:41:18', NULL);
INSERT INTO `ext_unstruct_task_relation` VALUES (134, 1001, 4, 17, 1, 0, '星小图', 1, '2025-11-21 09:41:18', '星小图', NULL, '2025-11-21 09:41:18', NULL);
INSERT INTO `ext_unstruct_task_relation` VALUES (135, 1001, 4, 18, 1, 0, '星小图', 1, '2025-11-21 09:41:18', '星小图', NULL, '2025-11-21 09:41:18', NULL);
INSERT INTO `ext_unstruct_task_relation` VALUES (136, 1001, 4, 19, 1, 0, '星小图', 1, '2025-11-21 09:41:18', '星小图', NULL, '2025-11-21 09:41:18', NULL);
INSERT INTO `ext_unstruct_task_relation` VALUES (137, 1001, 21, 10, 1, 0, '星小图', 1, '2025-11-21 11:19:08', '星小图', NULL, '2025-11-21 11:19:08', NULL);
INSERT INTO `ext_unstruct_task_relation` VALUES (138, 1001, 21, 11, 1, 0, '星小图', 1, '2025-11-21 11:19:08', '星小图', NULL, '2025-11-21 11:19:08', NULL);
INSERT INTO `ext_unstruct_task_relation` VALUES (139, 1001, 22, 10, 1, 0, '星小图', 1, '2025-11-21 11:21:27', '星小图', NULL, '2025-11-21 11:21:27', NULL);
INSERT INTO `ext_unstruct_task_relation` VALUES (140, 1001, 22, 11, 1, 0, '星小图', 1, '2025-11-21 11:21:27', '星小图', NULL, '2025-11-21 11:21:27', NULL);
INSERT INTO `ext_unstruct_task_relation` VALUES (141, 1001, 22, 12, 1, 0, '星小图', 1, '2025-11-21 11:21:27', '星小图', NULL, '2025-11-21 11:21:27', NULL);
INSERT INTO `ext_unstruct_task_relation` VALUES (142, 1001, 22, 13, 1, 0, '星小图', 1, '2025-11-21 11:21:27', '星小图', NULL, '2025-11-21 11:21:27', NULL);
INSERT INTO `ext_unstruct_task_relation` VALUES (143, 1001, 22, 14, 1, 0, '星小图', 1, '2025-11-21 11:21:27', '星小图', NULL, '2025-11-21 11:21:27', NULL);
INSERT INTO `ext_unstruct_task_relation` VALUES (144, 1001, 22, 15, 1, 0, '星小图', 1, '2025-11-21 11:21:27', '星小图', NULL, '2025-11-21 11:21:27', NULL);
INSERT INTO `ext_unstruct_task_relation` VALUES (145, 1001, 22, 16, 1, 0, '星小图', 1, '2025-11-21 11:21:27', '星小图', NULL, '2025-11-21 11:21:27', NULL);
INSERT INTO `ext_unstruct_task_relation` VALUES (146, 1001, 22, 17, 1, 0, '星小图', 1, '2025-11-21 11:21:27', '星小图', NULL, '2025-11-21 11:21:27', NULL);
INSERT INTO `ext_unstruct_task_relation` VALUES (147, 1001, 22, 18, 1, 0, '星小图', 1, '2025-11-21 11:21:27', '星小图', NULL, '2025-11-21 11:21:27', NULL);
INSERT INTO `ext_unstruct_task_relation` VALUES (148, 1001, 22, 19, 1, 0, '星小图', 1, '2025-11-21 11:21:27', '星小图', NULL, '2025-11-21 11:21:27', NULL);

-- ----------------------------
-- Table structure for ext_unstruct_task_text
-- ----------------------------
DROP TABLE IF EXISTS `ext_unstruct_task_text`;
CREATE TABLE `ext_unstruct_task_text`  (
  `id` bigint NOT NULL AUTO_INCREMENT COMMENT 'ID',
  `workspace_id` bigint NOT NULL COMMENT '工作区id',
  `task_id` bigint NOT NULL COMMENT '任务id',
  `doc_id` bigint NOT NULL COMMENT '文件id',
  `paragraph_index` bigint NULL DEFAULT NULL COMMENT '段落标识',
  `text` text CHARACTER SET utf8mb3 COLLATE utf8mb3_general_ci NOT NULL COMMENT '文字内容',
  `valid_flag` tinyint(1) NOT NULL DEFAULT 1 COMMENT '是否有效;0：无效，1：有效',
  `del_flag` tinyint(1) NOT NULL DEFAULT 0 COMMENT '删除标志;1：已删除，0：未删除',
  `create_by` varchar(32) CHARACTER SET utf8mb3 COLLATE utf8mb3_general_ci NULL DEFAULT NULL COMMENT '创建人',
  `creator_id` bigint NULL DEFAULT NULL COMMENT '创建人id',
  `create_time` datetime NOT NULL DEFAULT CURRENT_TIMESTAMP COMMENT '创建时间',
  `update_by` varchar(32) CHARACTER SET utf8mb3 COLLATE utf8mb3_general_ci NULL DEFAULT NULL COMMENT '更新人',
  `updater_id` bigint NULL DEFAULT NULL COMMENT '更新人id',
  `update_time` datetime NOT NULL DEFAULT CURRENT_TIMESTAMP COMMENT '更新时间',
  `remark` varchar(512) CHARACTER SET utf8mb3 COLLATE utf8mb3_general_ci NULL DEFAULT NULL COMMENT '备注',
  PRIMARY KEY (`id`) USING BTREE
) ENGINE = InnoDB AUTO_INCREMENT = 71 CHARACTER SET = utf8mb3 COLLATE = utf8mb3_general_ci COMMENT = '任务文件段落关联表' ROW_FORMAT = DYNAMIC;

-- ----------------------------
-- Records of ext_unstruct_task_text
-- ----------------------------
INSERT INTO `ext_unstruct_task_text` VALUES (1, 1001, 1, 1, 1, '歌手周杰伦创作了多首经典歌曲，如《稻香》，这首歌深受中国各地听众的喜爱。', 0, 0, '小桐', NULL, '2025-09-04 18:14:58', '小桐', 1, '2025-09-04 18:14:58', NULL);
INSERT INTO `ext_unstruct_task_text` VALUES (2, 1001, 1, 1, 2, '在北京举办的华语乐坛盛事——第30届金曲奖颁奖典礼上，歌手邓紫棋凭借其歌曲《句号》获得了最佳女歌手奖。', 0, 0, '小桐', NULL, '2025-09-04 18:14:58', '小桐', 1, '2025-09-04 18:14:58', NULL);
INSERT INTO `ext_unstruct_task_text` VALUES (3, 1001, 1, 1, 3, '上海是中国电影产业的重要基地之一，这里诞生了许多优秀的作品，比如由导演徐峥执导的电影《我不是药神》。', 0, 0, '小桐', NULL, '2025-09-04 18:14:58', '小桐', 1, '2025-09-04 18:14:58', NULL);
INSERT INTO `ext_unstruct_task_text` VALUES (4, 1001, 2, 2, 1, '斯坦福大学位于美国加利福尼亚州硅谷，是一所世界领先的学府，培养了包括埃隆·马斯克在内的多位科技界领军人物。', 0, 0, '小桐', NULL, '2025-09-04 18:14:58', '小桐', 1, '2025-09-04 18:14:58', NULL);
INSERT INTO `ext_unstruct_task_text` VALUES (5, 1001, 2, 2, 2, '谷歌DeepMind总部设在旧金山湾区，该公司由英国伦敦的研究团队创建，并因开发出击败围棋冠军的AI程序《AlphaGo》而闻名。', 0, 0, '小桐', NULL, '2025-09-04 18:14:58', '小桐', 1, '2025-09-04 18:14:58', NULL);
INSERT INTO `ext_unstruct_task_text` VALUES (6, 1001, 2, 2, 3, '演员兼程序员梅丽莎·劳奇毕业于加州大学洛杉矶分校（UCLA），她曾在电视剧《生活大爆炸》中饰演科学家角色。', 0, 0, '小桐', NULL, '2025-09-04 18:14:58', '小桐', 1, '2025-09-04 18:14:58', NULL);
INSERT INTO `ext_unstruct_task_text` VALUES (7, 1001, 2, 2, 4, '东京属于温带季风气候，同时也孕育了许多面向全球市场的人工智能初创公司，如总部位于该市的Preferred Networks。', 0, 0, '小桐', NULL, '2025-09-04 18:14:58', '小桐', 1, '2025-09-04 18:14:58', NULL);
INSERT INTO `ext_unstruct_task_text` VALUES (8, 1001, 2, 2, 5, '日本歌手椎名林檎创作的歌曲《歌舞伎町女王》流行于东京都，同时她也为一部讲述人工智能伦理问题的日本电视综艺《未来人类》演唱过主题曲。', 0, 0, '小桐', NULL, '2025-09-04 18:14:58', '小桐', 1, '2025-09-04 18:14:58', NULL);
INSERT INTO `ext_unstruct_task_text` VALUES (9, 1001, 2, 2, 6, '中国杭州是互联网企业阿里巴巴集团的所在地，这座城市还以全年温和湿润的亚热带季风气候著称。', 0, 0, '小桐', NULL, '2025-05-27 13:35:02', '小桐', 1, '2025-09-04 18:14:58', NULL);
INSERT INTO `ext_unstruct_task_text` VALUES (10, 1001, 2, 2, 10, '加拿大歌手格莱姆斯曾发布歌曲《We Appreciate Power》，探讨人工智能对社会的影响，并与埃隆·马斯克共同关注脑机接口技术的发展。', 0, 0, '小桐', NULL, '2025-09-04 18:14:58', '小桐', 1, '2025-09-04 18:14:58', NULL);
INSERT INTO `ext_unstruct_task_text` VALUES (24, 1001, 4, 3, 1, '2024年，东海舰队某支队在浙江舟山完成演训。张三出任该支队参谋长。052D驱逐舰济南舰最高航速可达30节。', 0, 0, '星小图', 1, '2025-10-27 08:38:33', '星小图', NULL, '2025-10-27 08:38:33', NULL);
INSERT INTO `ext_unstruct_task_text` VALUES (29, 1001, 11, 19, 1, '特朗普出任美国总统', 0, 0, '星小图', 1, '2025-10-27 16:10:04', '星小图', NULL, '2025-10-27 16:10:04', NULL);
INSERT INTO `ext_unstruct_task_text` VALUES (30, 1001, 12, 20, 1, '特朗普出任漂亮国总统', 0, 0, '星小图', 1, '2025-10-27 16:11:27', '星小图', NULL, '2025-10-27 16:11:27', NULL);
INSERT INTO `ext_unstruct_task_text` VALUES (31, 1001, 15, 21, 1, '日本下属司令官山本五十六参与了偷袭珍珠港，偷袭珍珠港事件使珍珠港内的美国太平洋舰队遭受重创，日本进而掌握了太平洋地区的制海权和制空权，为其“南进”侵略东南亚和大洋洲多国创造了有利条件。1941年12月8日，美、英对日宣战，拉开了第二次世界大战太平洋战争的序幕。这次袭击彻底地将美国和它雄厚的工业和服务经济卷入了第二次世界大战 ，偷袭珍珠港在当时看来是日本的一次成功战略，但后来却被证明是战争史上代价最高的策略之一。 从军事史的角度来看，对珍珠港的袭击标志着航空母舰和潜艇，以及舰载机取代战列舰成为海军主力的转折点。', 0, 0, '星小图', 1, '2025-10-27 17:05:47', '星小图', NULL, '2025-10-27 17:05:47', NULL);
INSERT INTO `ext_unstruct_task_text` VALUES (32, 1001, 16, 22, 1, '2024年，美国下属总统特朗普今天发表了声明。', 0, 0, '星小图', 1, '2025-10-27 19:19:42', '星小图', NULL, '2025-10-27 19:19:42', NULL);
INSERT INTO `ext_unstruct_task_text` VALUES (38, 1001, 17, 23, 1, '诺曼底登陆战役 [49]（英文：Normandy Campaign， [19]代号：Operation Overlord， [20]译文：霸王行动），是第二次世界大战中美英同盟国军队于1944年6~7月在法国北部诺曼底地区对德军实施的战略性登陆作战。 [21]', 0, 0, '星小图', NULL, '2025-11-06 20:36:05', '星小图', NULL, '2025-11-06 20:36:05', NULL);
INSERT INTO `ext_unstruct_task_text` VALUES (39, 1001, 17, 23, 2, '诺曼底登陆战役自1944年6月6日凌晨发动，首先以盟军空降部队1.7万人乘坐1200架运输机分别实施伞降，以夺取战略要点。同时，海上登陆舰队驶抵塞纳湾，6日清晨开始航空和舰炮攻击后，登陆部队先后在代号为“犹他”、“奥马哈”、“哥尔德（黄金）”、“朱诺”、“斯沃德（宝剑）”5个登陆地段突击上岸，至9时基本占领德军海岸阵地。7日起，盟军开始扩大滩头阵地，随后建成登陆场。在扩大登陆场的作战中，除美军右翼于6月底夺取瑟堡外，其他部队进展缓慢。7月初，盟军陆地部队已达100万人。7月18日，美英军分别攻占预定地点，将登陆场扩大到正面150公里、纵深13~35公里。1944年7月24日，盟军完成向法国内地实施突破的准备工作，战役结束。 [21] [22] [43]', 0, 0, '星小图', NULL, '2025-11-06 20:37:32', '星小图', NULL, '2025-11-06 20:37:32', NULL);
INSERT INTO `ext_unstruct_task_text` VALUES (40, 1001, 17, 23, 3, '诺曼底登陆战役，是第二次世界大战乃至世界战争史上规模最大的登陆战役，美英盟军共投入兵力45个师、各型飞机1.3万架、各种舰艇约5000艘，伤亡12.2万人。德军总兵力15个师、各型飞机约500架，各种舰艇500余艘，伤亡和被俘11.4万人。该战役的胜利，为盟军在西欧展开大规模进攻奠定了基础，对于加速纳粹德国的崩溃具有重大意义。 [21]美英军队重返欧洲大陆，使第二次世界大战的战略态势发生了重大变化', 0, 0, '星小图', NULL, '2025-11-06 20:39:26', '星小图', NULL, '2025-11-06 20:39:26', NULL);
INSERT INTO `ext_unstruct_task_text` VALUES (70, 1001, 20, 26, 1, '特朗普今年加入了美国远征军', 0, 0, '星小图', NULL, '2025-11-18 18:45:09', '星小图', NULL, '2025-11-18 18:45:09', NULL);

-- ----------------------------
-- Table structure for gen_table
-- ----------------------------
DROP TABLE IF EXISTS `gen_table`;
CREATE TABLE `gen_table`  (
  `table_id` bigint NOT NULL AUTO_INCREMENT COMMENT '编号',
  `table_name` varchar(200) CHARACTER SET utf8mb4 COLLATE utf8mb4_bin NULL DEFAULT '' COMMENT '表名称',
  `table_comment` varchar(500) CHARACTER SET utf8mb4 COLLATE utf8mb4_bin NULL DEFAULT '' COMMENT '表描述',
  `sub_table_name` varchar(64) CHARACTER SET utf8mb4 COLLATE utf8mb4_bin NULL DEFAULT NULL COMMENT '关联子表的表名',
  `sub_table_fk_name` varchar(64) CHARACTER SET utf8mb4 COLLATE utf8mb4_bin NULL DEFAULT NULL COMMENT '子表关联的外键名',
  `class_name` varchar(100) CHARACTER SET utf8mb4 COLLATE utf8mb4_bin NULL DEFAULT '' COMMENT '实体类名称',
  `tpl_category` varchar(200) CHARACTER SET utf8mb4 COLLATE utf8mb4_bin NULL DEFAULT 'crud' COMMENT '使用的模板（crud单表操作 tree树表操作）',
  `tpl_web_type` varchar(30) CHARACTER SET utf8mb4 COLLATE utf8mb4_bin NULL DEFAULT '' COMMENT '前端模板类型（element-ui模版 element-plus模版）',
  `package_name` varchar(100) CHARACTER SET utf8mb4 COLLATE utf8mb4_bin NULL DEFAULT NULL COMMENT '生成包路径',
  `module_name` varchar(30) CHARACTER SET utf8mb4 COLLATE utf8mb4_bin NULL DEFAULT NULL COMMENT '生成模块名',
  `business_name` varchar(30) CHARACTER SET utf8mb4 COLLATE utf8mb4_bin NULL DEFAULT NULL COMMENT '生成业务名',
  `function_name` varchar(50) CHARACTER SET utf8mb4 COLLATE utf8mb4_bin NULL DEFAULT NULL COMMENT '生成功能名',
  `function_author` varchar(50) CHARACTER SET utf8mb4 COLLATE utf8mb4_bin NULL DEFAULT NULL COMMENT '生成功能作者',
  `gen_type` char(1) CHARACTER SET utf8mb4 COLLATE utf8mb4_bin NULL DEFAULT '0' COMMENT '生成代码方式（0zip压缩包 1自定义路径）',
  `gen_path` varchar(200) CHARACTER SET utf8mb4 COLLATE utf8mb4_bin NULL DEFAULT '/' COMMENT '生成路径（不填默认项目路径）',
  `options` varchar(1000) CHARACTER SET utf8mb4 COLLATE utf8mb4_bin NULL DEFAULT NULL COMMENT '其它生成选项',
  `create_by` varchar(64) CHARACTER SET utf8mb4 COLLATE utf8mb4_bin NULL DEFAULT '' COMMENT '创建者',
  `create_time` datetime NULL DEFAULT NULL COMMENT '创建时间',
  `update_by` varchar(64) CHARACTER SET utf8mb4 COLLATE utf8mb4_bin NULL DEFAULT '' COMMENT '更新者',
  `update_time` datetime NULL DEFAULT NULL COMMENT '更新时间',
  `remark` varchar(500) CHARACTER SET utf8mb4 COLLATE utf8mb4_bin NULL DEFAULT NULL COMMENT '备注',
  PRIMARY KEY (`table_id`) USING BTREE
) ENGINE = InnoDB AUTO_INCREMENT = 17 CHARACTER SET = utf8mb4 COLLATE = utf8mb4_bin COMMENT = '代码生成业务表' ROW_FORMAT = DYNAMIC;

-- ----------------------------
-- Records of gen_table
-- ----------------------------
INSERT INTO `gen_table` VALUES (1, 'ext_knowledge', '知识库', NULL, NULL, 'ExtKnowledge', 'crud', 'element-plus', 'com.insmess.knowledge.module.ext', 'extKnowledge', 'extKnowledge', '知识库', 'xujq', '0', '/', '{\"parentMenuId\":\"2055\"}', 'qKnow', '2025-09-09 09:16:20', '', '2025-10-13 07:01:01', NULL);
INSERT INTO `gen_table` VALUES (2, 'ext_extract_attribute_rules', '抽取的属性规则', NULL, NULL, 'ExtExtractAttributeRules', 'crud', 'element-plus', 'com.insmess.knowledge.module.ext', 'extExtractAttributeRules', 'extExtractAttributeRules', '抽取的属性规则', 'xujq', '0', '/', '{\"parentMenuId\":\"2046\"}', 'insmess', '2025-09-22 09:35:49', '', '2025-09-22 09:50:58', NULL);
INSERT INTO `gen_table` VALUES (3, 'ext_extract_dict_data', '抽取字典表', NULL, NULL, 'ExtExtractDictData', 'crud', 'element-plus', 'com.insmess.knowledge.module.ext', 'extExtractDictData', 'extExtractDictData', '抽取字典', 'xjq', '0', '/', '{\"parentMenuId\":\"2046\"}', 'insmess', '2025-09-22 09:35:49', '', '2025-10-13 07:02:32', NULL);
INSERT INTO `gen_table` VALUES (4, 'ext_extract_dict_type', '抽取字典类型', NULL, NULL, 'ExtExtractDictType', 'crud', 'element-plus', 'com.insmess.knowledge.module.ext', 'extExtractDictType', 'extExtractDictType', '抽取字典类型', 'xjq', '0', '/', '{\"parentMenuId\":2046}', 'insmess', '2025-09-22 09:35:49', '', '2025-09-22 09:49:47', NULL);
INSERT INTO `gen_table` VALUES (5, 'ext_extract_relation_rules', '抽取的关系规则', NULL, NULL, 'ExtExtractRelationRules', 'crud', 'element-plus', 'com.insmess.knowledge.module.ext', 'extExtractRelationRules', 'extExtractRelationRules', '抽取的关系规则', 'xjq', '0', '/', '{\"parentMenuId\":\"2046\"}', 'insmess', '2025-09-22 09:35:49', '', '2025-09-22 09:52:33', NULL);
INSERT INTO `gen_table` VALUES (10, 'app_service_api_log', '接口调用日志', NULL, NULL, 'AppServiceApiLog', 'crud', 'element-plus', 'com.insmess.knowledge.module.app', 'AppServiceApiLog', 'AppServiceApiLog', '服务日志', 'qknow', '0', '/', '{\"parentMenuId\":2092}', 'insmess', '2025-09-28 07:24:21', '', '2025-09-28 07:27:34', NULL);
INSERT INTO `gen_table` VALUES (13, 'app_service_api', '服务接口', NULL, NULL, 'AppServiceApi', 'crud', 'element-plus', 'com.insmess.knowledge.module.app', 'AppServiceApi', 'AppServiceApi', '数据服务', 'qknow', '0', '/', '{\"parentMenuId\":2092}', 'insmess', '2025-09-28 07:43:03', '', '2025-09-28 07:44:40', NULL);
INSERT INTO `gen_table` VALUES (14, 'ext_word', '主词汇表（同义词）', NULL, NULL, 'ExtWord', 'crud', 'element-plus', 'com.insmess.knowledge.module.ext', 'ExtWord', 'ExtWord', '主词汇', 'qknow', '0', '/', '{\"parentMenuId\":\"2089\"}', 'insmess', '2025-10-13 06:59:29', '', '2025-10-13 07:06:37', NULL);
INSERT INTO `gen_table` VALUES (15, 'ext_word_antonym', '同义词', NULL, NULL, 'ExtWordAntonym', 'crud', 'element-plus', 'com.insmess.knowledge.module.ext', 'ExtWordAntonym', 'ExtWordAntonym', '同义词', 'qknow', '0', '/', '{\"parentMenuId\":2089}', 'insmess', '2025-10-13 06:59:30', '', '2025-10-13 07:05:51', NULL);
INSERT INTO `gen_table` VALUES (16, 'ext_extract_dict_data_antonym', '字典数据同义词', NULL, NULL, 'ExtExtractDictDataAntonym', 'crud', 'element-plus', 'com.insmess.knowledge.module.ext', 'extExtractDictDataAntonym', 'extExtractDictDataAntonym', '字典数据同义词', 'qknow', '0', '/', '{\"parentMenuId\":2089}', 'insmess', '2025-11-18 16:23:34', '', '2025-11-18 16:25:31', NULL);

-- ----------------------------
-- Table structure for gen_table_column
-- ----------------------------
DROP TABLE IF EXISTS `gen_table_column`;
CREATE TABLE `gen_table_column`  (
  `column_id` bigint NOT NULL AUTO_INCREMENT COMMENT '编号',
  `table_id` bigint NULL DEFAULT NULL COMMENT '归属表编号',
  `column_name` varchar(200) CHARACTER SET utf8mb4 COLLATE utf8mb4_bin NULL DEFAULT NULL COMMENT '列名称',
  `column_comment` varchar(500) CHARACTER SET utf8mb4 COLLATE utf8mb4_bin NULL DEFAULT NULL COMMENT '列描述',
  `column_type` varchar(100) CHARACTER SET utf8mb4 COLLATE utf8mb4_bin NULL DEFAULT NULL COMMENT '列类型',
  `java_type` varchar(500) CHARACTER SET utf8mb4 COLLATE utf8mb4_bin NULL DEFAULT NULL COMMENT 'JAVA类型',
  `java_field` varchar(200) CHARACTER SET utf8mb4 COLLATE utf8mb4_bin NULL DEFAULT NULL COMMENT 'JAVA字段名',
  `is_pk` char(1) CHARACTER SET utf8mb4 COLLATE utf8mb4_bin NULL DEFAULT NULL COMMENT '是否主键（1是）',
  `is_increment` char(1) CHARACTER SET utf8mb4 COLLATE utf8mb4_bin NULL DEFAULT NULL COMMENT '是否自增（1是）',
  `is_required` char(1) CHARACTER SET utf8mb4 COLLATE utf8mb4_bin NULL DEFAULT NULL COMMENT '是否必填（1是）',
  `is_insert` char(1) CHARACTER SET utf8mb4 COLLATE utf8mb4_bin NULL DEFAULT NULL COMMENT '是否为插入字段（1是）',
  `is_edit` char(1) CHARACTER SET utf8mb4 COLLATE utf8mb4_bin NULL DEFAULT NULL COMMENT '是否编辑字段（1是）',
  `is_list` char(1) CHARACTER SET utf8mb4 COLLATE utf8mb4_bin NULL DEFAULT NULL COMMENT '是否列表字段（1是）',
  `is_query` char(1) CHARACTER SET utf8mb4 COLLATE utf8mb4_bin NULL DEFAULT NULL COMMENT '是否查询字段（1是）',
  `query_type` varchar(200) CHARACTER SET utf8mb4 COLLATE utf8mb4_bin NULL DEFAULT 'EQ' COMMENT '查询方式（等于、不等于、大于、小于、范围）',
  `html_type` varchar(200) CHARACTER SET utf8mb4 COLLATE utf8mb4_bin NULL DEFAULT NULL COMMENT '显示类型（文本框、文本域、下拉框、复选框、单选框、日期控件）',
  `dict_type` varchar(200) CHARACTER SET utf8mb4 COLLATE utf8mb4_bin NULL DEFAULT '' COMMENT '字典类型',
  `sort` int NULL DEFAULT NULL COMMENT '排序',
  `create_by` varchar(64) CHARACTER SET utf8mb4 COLLATE utf8mb4_bin NULL DEFAULT '' COMMENT '创建者',
  `create_time` datetime NULL DEFAULT NULL COMMENT '创建时间',
  `update_by` varchar(64) CHARACTER SET utf8mb4 COLLATE utf8mb4_bin NULL DEFAULT '' COMMENT '更新者',
  `update_time` datetime NULL DEFAULT NULL COMMENT '更新时间',
  PRIMARY KEY (`column_id`) USING BTREE
) ENGINE = InnoDB AUTO_INCREMENT = 202 CHARACTER SET = utf8mb4 COLLATE = utf8mb4_bin COMMENT = '代码生成业务表字段' ROW_FORMAT = DYNAMIC;

-- ----------------------------
-- Records of gen_table_column
-- ----------------------------
INSERT INTO `gen_table_column` VALUES (1, 1, 'id', 'ID', 'bigint(20)', 'Long', 'id', '1', '1', '0', '1', NULL, NULL, NULL, 'EQ', 'input', '', 1, 'qKnow', '2025-09-09 09:16:20', '', '2025-10-13 07:01:01');
INSERT INTO `gen_table_column` VALUES (2, 1, 'vid_type', 'vid类型', 'int(11)', 'Long', 'vidType', '0', '0', '0', '1', '1', '1', '1', 'EQ', 'select', '', 2, 'qKnow', '2025-09-09 09:16:20', '', '2025-10-13 07:01:01');
INSERT INTO `gen_table_column` VALUES (3, 1, 'name', '知识库名称', 'varchar(50)', 'String', 'name', '0', '0', '0', '1', '1', '1', '1', 'LIKE', 'input', '', 3, 'qKnow', '2025-09-09 09:16:20', '', '2025-10-13 07:01:01');
INSERT INTO `gen_table_column` VALUES (4, 1, 'description', '知识库描述', 'text', 'String', 'description', '0', '0', '0', '1', '1', '1', '1', 'EQ', 'textarea', '', 4, 'qKnow', '2025-09-09 09:16:20', '', '2025-10-13 07:01:01');
INSERT INTO `gen_table_column` VALUES (5, 1, 'valid_flag', '是否有效； 0：无效 1：有效', 'tinyint(4)', 'Boolean', 'validFlag', '0', '0', '0', '1', NULL, NULL, NULL, 'EQ', 'input', '', 5, 'qKnow', '2025-09-09 09:16:20', '', '2025-10-13 07:01:01');
INSERT INTO `gen_table_column` VALUES (6, 1, 'del_flag', '删除标志；1 已删除 0未删除', 'tinyint(4)', 'Boolean', 'delFlag', '0', '0', '0', '1', NULL, NULL, NULL, 'EQ', 'input', '', 6, 'qKnow', '2025-09-09 09:16:20', '', '2025-10-13 07:01:01');
INSERT INTO `gen_table_column` VALUES (7, 1, 'create_by', '创建人', 'varchar(32)', 'String', 'createBy', '0', '0', '0', '1', NULL, '1', NULL, 'EQ', 'input', '', 7, 'qKnow', '2025-09-09 09:16:20', '', '2025-10-13 07:01:02');
INSERT INTO `gen_table_column` VALUES (8, 1, 'creator_id', '创建人id', 'bigint(20)', 'Long', 'creatorId', '0', '0', '0', '1', NULL, NULL, NULL, 'EQ', 'input', '', 8, 'qKnow', '2025-09-09 09:16:20', '', '2025-10-13 07:01:02');
INSERT INTO `gen_table_column` VALUES (9, 1, 'create_time', '创建时间', 'datetime', 'Date', 'createTime', '0', '0', '0', '1', NULL, '1', '1', 'EQ', 'datetime', '', 9, 'qKnow', '2025-09-09 09:16:20', '', '2025-10-13 07:01:02');
INSERT INTO `gen_table_column` VALUES (10, 1, 'update_by', '更新人', 'varchar(32)', 'String', 'updateBy', '0', '0', '0', '1', NULL, NULL, NULL, 'EQ', 'input', '', 10, 'qKnow', '2025-09-09 09:16:20', '', '2025-10-13 07:01:02');
INSERT INTO `gen_table_column` VALUES (11, 1, 'updater_id', '更新人id', 'bigint(20)', 'Long', 'updaterId', '0', '0', '0', '1', NULL, NULL, NULL, 'EQ', 'input', '', 11, 'qKnow', '2025-09-09 09:16:20', '', '2025-10-13 07:01:02');
INSERT INTO `gen_table_column` VALUES (12, 1, 'update_time', '更新时间', 'datetime', 'Date', 'updateTime', '0', '0', '0', '1', NULL, NULL, NULL, 'EQ', 'datetime', '', 12, 'qKnow', '2025-09-09 09:16:20', '', '2025-10-13 07:01:02');
INSERT INTO `gen_table_column` VALUES (13, 1, 'remark', '备注', 'varchar(512)', 'String', 'remark', '0', '0', '0', '1', '1', '1', NULL, 'EQ', 'textarea', '', 13, 'qKnow', '2025-09-09 09:16:20', '', '2025-10-13 07:01:02');
INSERT INTO `gen_table_column` VALUES (14, 2, 'id', 'id', 'bigint(20)', 'Long', 'id', '1', '1', '0', '1', NULL, NULL, NULL, 'EQ', 'input', '', 1, 'insmess', '2025-09-22 09:35:49', '', '2025-09-22 09:50:58');
INSERT INTO `gen_table_column` VALUES (15, 2, 'carrier_type', '载体实体类型正则', 'varchar(255)', 'String', 'carrierType', '0', '0', '0', '1', '1', '1', '1', 'EQ', 'select', '', 2, 'insmess', '2025-09-22 09:35:49', '', '2025-09-22 09:50:58');
INSERT INTO `gen_table_column` VALUES (16, 2, 'attr_name_pattern', '属性名正则', 'varchar(255)', 'String', 'attrNamePattern', '0', '0', '0', '1', '1', '1', '1', 'EQ', 'input', '', 3, 'insmess', '2025-09-22 09:35:49', '', '2025-09-22 09:50:58');
INSERT INTO `gen_table_column` VALUES (17, 2, 'value_pattern', '属性值正则', 'varchar(255)', 'String', 'valuePattern', '0', '0', '0', '1', '1', '1', '1', 'EQ', 'input', '', 4, 'insmess', '2025-09-22 09:35:49', '', '2025-09-22 09:50:58');
INSERT INTO `gen_table_column` VALUES (18, 2, 'relation_prefix', '关系名前缀', 'varchar(50)', 'String', 'relationPrefix', '0', '0', '0', '1', '1', '1', '1', 'EQ', 'input', '', 5, 'insmess', '2025-09-22 09:35:49', '', '2025-09-22 09:50:58');
INSERT INTO `gen_table_column` VALUES (19, 2, 'base_score', '基础分', 'float', 'Long', 'baseScore', '0', '0', '0', '1', '1', '1', '1', 'EQ', 'input', '', 6, 'insmess', '2025-09-22 09:35:49', '', '2025-09-22 09:50:58');
INSERT INTO `gen_table_column` VALUES (20, 2, 'valid_flag', '是否有效', 'tinyint(1)', 'Boolean', 'validFlag', '0', '0', '1', '1', NULL, NULL, NULL, 'EQ', 'input', '', 7, 'insmess', '2025-09-22 09:35:49', '', '2025-09-22 09:50:58');
INSERT INTO `gen_table_column` VALUES (21, 2, 'del_flag', '删除标志', 'tinyint(1)', 'Boolean', 'delFlag', '0', '0', '1', '1', NULL, NULL, NULL, 'EQ', 'input', '', 8, 'insmess', '2025-09-22 09:35:49', '', '2025-09-22 09:50:58');
INSERT INTO `gen_table_column` VALUES (22, 2, 'create_by', '创建人', 'varchar(32)', 'String', 'createBy', '0', '0', '0', '1', NULL, '1', NULL, 'EQ', 'input', '', 9, 'insmess', '2025-09-22 09:35:49', '', '2025-09-22 09:50:58');
INSERT INTO `gen_table_column` VALUES (23, 2, 'creator_id', '创建人id', 'bigint(20)', 'Long', 'creatorId', '0', '0', '0', '1', NULL, NULL, NULL, 'EQ', 'input', '', 10, 'insmess', '2025-09-22 09:35:49', '', '2025-09-22 09:50:58');
INSERT INTO `gen_table_column` VALUES (24, 2, 'create_time', '创建时间', 'datetime', 'Date', 'createTime', '0', '0', '1', '1', NULL, '1', '1', 'EQ', 'datetime', '', 11, 'insmess', '2025-09-22 09:35:49', '', '2025-09-22 09:50:58');
INSERT INTO `gen_table_column` VALUES (25, 2, 'update_by', '更新人', 'varchar(32)', 'String', 'updateBy', '0', '0', '0', '1', NULL, NULL, NULL, 'EQ', 'input', '', 12, 'insmess', '2025-09-22 09:35:49', '', '2025-09-22 09:50:58');
INSERT INTO `gen_table_column` VALUES (26, 2, 'updater_id', '更新人id', 'bigint(20)', 'Long', 'updaterId', '0', '0', '0', '1', NULL, NULL, NULL, 'EQ', 'input', '', 13, 'insmess', '2025-09-22 09:35:49', '', '2025-09-22 09:50:58');
INSERT INTO `gen_table_column` VALUES (27, 2, 'update_time', '更新时间', 'datetime', 'Date', 'updateTime', '0', '0', '1', '1', NULL, NULL, NULL, 'EQ', 'datetime', '', 14, 'insmess', '2025-09-22 09:35:49', '', '2025-09-22 09:50:58');
INSERT INTO `gen_table_column` VALUES (28, 2, 'remark', '备注', 'varchar(512)', 'String', 'remark', '0', '0', '0', '1', '1', '1', NULL, 'EQ', 'textarea', '', 15, 'insmess', '2025-09-22 09:35:49', '', '2025-09-22 09:50:58');
INSERT INTO `gen_table_column` VALUES (29, 3, 'id', 'id', 'bigint(20)', 'Long', 'id', '1', '1', '0', '1', NULL, NULL, NULL, 'EQ', 'input', '', 1, 'insmess', '2025-09-22 09:35:49', '', '2025-10-13 07:02:32');
INSERT INTO `gen_table_column` VALUES (30, 3, 'name', '实体名称', 'varchar(55)', 'String', 'name', '0', '0', '0', '1', '1', '1', '1', 'LIKE', 'input', '', 2, 'insmess', '2025-09-22 09:35:49', '', '2025-10-13 07:02:32');
INSERT INTO `gen_table_column` VALUES (31, 3, 'dict_type_id', '实体类型id', 'bigint(20)', 'Long', 'dictTypeId', '0', '0', '0', '1', '1', '1', '1', 'EQ', 'input', '', 3, 'insmess', '2025-09-22 09:35:49', '', '2025-10-13 07:02:32');
INSERT INTO `gen_table_column` VALUES (32, 3, 'valid_flag', '是否有效 0 无效 1有效', 'tinyint(4)', 'Boolean', 'validFlag', '0', '0', '0', '1', NULL, NULL, NULL, 'EQ', 'input', '', 4, 'insmess', '2025-09-22 09:35:49', '', '2025-10-13 07:02:32');
INSERT INTO `gen_table_column` VALUES (33, 3, 'del_flag', '删除标志 1 已删除 0未删除', 'tinyint(4)', 'Boolean', 'delFlag', '0', '0', '0', '1', NULL, NULL, NULL, 'EQ', 'input', '', 5, 'insmess', '2025-09-22 09:35:49', '', '2025-10-13 07:02:32');
INSERT INTO `gen_table_column` VALUES (34, 3, 'create_by', '创建人', 'varchar(32)', 'String', 'createBy', '0', '0', '0', '1', NULL, '1', NULL, 'EQ', 'input', '', 6, 'insmess', '2025-09-22 09:35:49', '', '2025-10-13 07:02:32');
INSERT INTO `gen_table_column` VALUES (35, 3, 'creator_id', '创建人id', 'bigint(20)', 'Long', 'creatorId', '0', '0', '0', '1', NULL, NULL, NULL, 'EQ', 'input', '', 7, 'insmess', '2025-09-22 09:35:49', '', '2025-10-13 07:02:33');
INSERT INTO `gen_table_column` VALUES (36, 3, 'update_by', '更新人', 'varchar(32)', 'String', 'updateBy', '0', '0', '0', '1', NULL, NULL, NULL, 'EQ', 'input', '', 8, 'insmess', '2025-09-22 09:35:49', '', '2025-10-13 07:02:33');
INSERT INTO `gen_table_column` VALUES (37, 3, 'updater_id', '更新人id', 'bigint(20)', 'Long', 'updaterId', '0', '0', '0', '1', NULL, NULL, NULL, 'EQ', 'input', '', 9, 'insmess', '2025-09-22 09:35:49', '', '2025-10-13 07:02:33');
INSERT INTO `gen_table_column` VALUES (38, 3, 'update_time', '更新时间', 'datetime', 'Date', 'updateTime', '0', '0', '0', '1', NULL, NULL, NULL, 'EQ', 'datetime', '', 10, 'insmess', '2025-09-22 09:35:49', '', '2025-10-13 07:02:33');
INSERT INTO `gen_table_column` VALUES (39, 3, 'remark', '备注', 'varchar(512)', 'String', 'remark', '0', '0', '0', '1', '1', '1', NULL, 'EQ', 'textarea', '', 11, 'insmess', '2025-09-22 09:35:49', '', '2025-10-13 07:02:33');
INSERT INTO `gen_table_column` VALUES (40, 4, 'id', 'id', 'bigint(20)', 'Long', 'id', '1', '1', '0', '1', NULL, NULL, NULL, 'EQ', 'input', '', 1, 'insmess', '2025-09-22 09:35:49', '', '2025-09-22 09:49:47');
INSERT INTO `gen_table_column` VALUES (41, 4, 'name', '类型名称', 'varchar(50)', 'String', 'name', '0', '0', '0', '1', '1', '1', '1', 'LIKE', 'input', '', 2, 'insmess', '2025-09-22 09:35:49', '', '2025-09-22 09:49:47');
INSERT INTO `gen_table_column` VALUES (42, 4, 'valid_flag', '是否有效 0：无效  1：有效', 'tinyint(4)', 'Boolean', 'validFlag', '0', '0', '0', '1', NULL, NULL, NULL, 'EQ', 'input', '', 3, 'insmess', '2025-09-22 09:35:49', '', '2025-09-22 09:49:47');
INSERT INTO `gen_table_column` VALUES (43, 4, 'del_flag', '删除标志 1已删除 0未删除', 'tinyint(4)', 'Boolean', 'delFlag', '0', '0', '0', '1', NULL, NULL, NULL, 'EQ', 'input', '', 4, 'insmess', '2025-09-22 09:35:49', '', '2025-09-22 09:49:47');
INSERT INTO `gen_table_column` VALUES (44, 4, 'create_by', '创建人', 'varchar(32)', 'String', 'createBy', '0', '0', '0', '1', NULL, '1', NULL, 'EQ', 'input', '', 5, 'insmess', '2025-09-22 09:35:49', '', '2025-09-22 09:49:47');
INSERT INTO `gen_table_column` VALUES (45, 4, 'create_id', '创建人id', 'bigint(20)', 'Long', 'createId', '0', '0', '0', '1', '1', '1', '1', 'EQ', 'input', '', 6, 'insmess', '2025-09-22 09:35:49', '', '2025-09-22 09:49:47');
INSERT INTO `gen_table_column` VALUES (46, 4, 'create_time', '创建时间', 'datetime', 'Date', 'createTime', '0', '0', '0', '1', NULL, '1', '1', 'EQ', 'datetime', '', 7, 'insmess', '2025-09-22 09:35:49', '', '2025-09-22 09:49:47');
INSERT INTO `gen_table_column` VALUES (47, 4, 'update_by', '更新人', 'varchar(22)', 'String', 'updateBy', '0', '0', '0', '1', NULL, NULL, NULL, 'EQ', 'input', '', 8, 'insmess', '2025-09-22 09:35:49', '', '2025-09-22 09:49:47');
INSERT INTO `gen_table_column` VALUES (48, 4, 'updater_id', '更新人id', 'bigint(20)', 'Long', 'updaterId', '0', '0', '0', '1', NULL, NULL, NULL, 'EQ', 'input', '', 9, 'insmess', '2025-09-22 09:35:49', '', '2025-09-22 09:49:47');
INSERT INTO `gen_table_column` VALUES (49, 4, 'update_time', '更新时间', 'datetime', 'Date', 'updateTime', '0', '0', '0', '1', NULL, NULL, NULL, 'EQ', 'datetime', '', 10, 'insmess', '2025-09-22 09:35:49', '', '2025-09-22 09:49:47');
INSERT INTO `gen_table_column` VALUES (50, 4, 'remark', '备注', 'varchar(512)', 'String', 'remark', '0', '0', '0', '1', '1', '1', NULL, 'EQ', 'textarea', '', 11, 'insmess', '2025-09-22 09:35:49', '', '2025-09-22 09:49:47');
INSERT INTO `gen_table_column` VALUES (51, 5, 'id', 'id', 'bigint(20)', 'Long', 'id', '1', '1', '0', '1', NULL, NULL, NULL, 'EQ', 'input', '', 1, 'insmess', '2025-09-22 09:35:49', '', '2025-09-22 09:52:33');
INSERT INTO `gen_table_column` VALUES (52, 5, 'relation', '关系名', 'varchar(255)', 'String', 'relation', '0', '0', '0', '1', '1', '1', '1', 'EQ', 'input', '', 2, 'insmess', '2025-09-22 09:35:49', '', '2025-09-22 09:52:33');
INSERT INTO `gen_table_column` VALUES (53, 5, 'head_type', '实体类型正则（头）', 'varchar(500)', 'String', 'headType', '0', '0', '0', '1', '1', '1', '1', 'EQ', 'select', '', 3, 'insmess', '2025-09-22 09:35:49', '', '2025-09-22 09:52:33');
INSERT INTO `gen_table_column` VALUES (54, 5, 'tail_type', '实体类型正则（尾）', 'varchar(500)', 'String', 'tailType', '0', '0', '0', '1', '1', '1', '1', 'EQ', 'select', '', 4, 'insmess', '2025-09-22 09:35:49', '', '2025-09-22 09:52:33');
INSERT INTO `gen_table_column` VALUES (55, 5, 'trigger_between', '两实体之间文本需匹配的触发词正则', 'varchar(255)', 'String', 'triggerBetween', '0', '0', '0', '1', '1', '1', '1', 'EQ', 'input', '', 5, 'insmess', '2025-09-22 09:35:49', '', '2025-09-22 09:52:33');
INSERT INTO `gen_table_column` VALUES (56, 5, 'direction', '生成三元组的方向。', 'varchar(255)', 'String', 'direction', '0', '0', '0', '1', '1', '1', '1', 'EQ', 'input', '', 6, 'insmess', '2025-09-22 09:35:49', '', '2025-09-22 09:52:33');
INSERT INTO `gen_table_column` VALUES (57, 5, 'negate_pattern_between', '否定词正则', 'varchar(255)', 'String', 'negatePatternBetween', '0', '0', '0', '1', '1', '1', '1', 'EQ', 'input', '', 7, 'insmess', '2025-09-22 09:35:49', '', '2025-09-22 09:52:33');
INSERT INTO `gen_table_column` VALUES (58, 5, 'reverse_if_contains', '与 AUTO_REVERSE_IF_CONTAINS 联动的关键字列表  例：[\"下辖\", \"下属\"]（“Y 下辖 X” → 生成 X 隶属 Y） 这里是简单包含判断（contains），不是正则。', 'varchar(255)', 'String', 'reverseIfContains', '0', '0', '0', '1', '1', '1', '1', 'EQ', 'input', '', 8, 'insmess', '2025-09-22 09:35:49', '', '2025-09-22 09:52:33');
INSERT INTO `gen_table_column` VALUES (59, 5, 'max_chars_between', '两实体间字符窗口上限', 'int(11)', 'Long', 'maxCharsBetween', '0', '0', '0', '1', '1', '1', '1', 'EQ', 'input', '', 9, 'insmess', '2025-09-22 09:35:49', '', '2025-09-22 09:52:33');
INSERT INTO `gen_table_column` VALUES (60, 5, 'base_score', '规则的基础分（0–1）', 'float', 'Long', 'baseScore', '0', '0', '0', '1', '1', '1', '1', 'EQ', 'input', '', 10, 'insmess', '2025-09-22 09:35:49', '', '2025-09-22 09:52:33');
INSERT INTO `gen_table_column` VALUES (61, 5, 'valid_flag', '是否有效', 'tinyint(1)', 'Boolean', 'validFlag', '0', '0', '1', '1', NULL, NULL, NULL, 'EQ', 'input', '', 11, 'insmess', '2025-09-22 09:35:49', '', '2025-09-22 09:52:33');
INSERT INTO `gen_table_column` VALUES (62, 5, 'del_flag', '删除标志', 'tinyint(1)', 'Boolean', 'delFlag', '0', '0', '1', '1', NULL, NULL, NULL, 'EQ', 'input', '', 12, 'insmess', '2025-09-22 09:35:49', '', '2025-09-22 09:52:33');
INSERT INTO `gen_table_column` VALUES (63, 5, 'create_by', '创建人', 'varchar(32)', 'String', 'createBy', '0', '0', '0', '1', NULL, '1', NULL, 'EQ', 'input', '', 13, 'insmess', '2025-09-22 09:35:49', '', '2025-09-22 09:52:33');
INSERT INTO `gen_table_column` VALUES (64, 5, 'creator_id', '创建人id', 'bigint(20)', 'Long', 'creatorId', '0', '0', '0', '1', NULL, NULL, NULL, 'EQ', 'input', '', 14, 'insmess', '2025-09-22 09:35:49', '', '2025-09-22 09:52:33');
INSERT INTO `gen_table_column` VALUES (65, 5, 'create_time', '创建时间', 'datetime', 'Date', 'createTime', '0', '0', '1', '1', NULL, '1', '1', 'EQ', 'datetime', '', 15, 'insmess', '2025-09-22 09:35:49', '', '2025-09-22 09:52:33');
INSERT INTO `gen_table_column` VALUES (66, 5, 'update_by', '更新人', 'varchar(32)', 'String', 'updateBy', '0', '0', '0', '1', NULL, NULL, NULL, 'EQ', 'input', '', 16, 'insmess', '2025-09-22 09:35:49', '', '2025-09-22 09:52:33');
INSERT INTO `gen_table_column` VALUES (67, 5, 'updater_id', '更新人id', 'bigint(20)', 'Long', 'updaterId', '0', '0', '0', '1', NULL, NULL, NULL, 'EQ', 'input', '', 17, 'insmess', '2025-09-22 09:35:49', '', '2025-09-22 09:52:33');
INSERT INTO `gen_table_column` VALUES (68, 5, 'update_time', '更新时间', 'datetime', 'Date', 'updateTime', '0', '0', '1', '1', NULL, NULL, NULL, 'EQ', 'datetime', '', 18, 'insmess', '2025-09-22 09:35:49', '', '2025-09-22 09:52:33');
INSERT INTO `gen_table_column` VALUES (69, 5, 'remark', '备注', 'varchar(512)', 'String', 'remark', '0', '0', '0', '1', '1', '1', NULL, 'EQ', 'textarea', '', 19, 'insmess', '2025-09-22 09:35:49', '', '2025-09-22 09:52:33');
INSERT INTO `gen_table_column` VALUES (113, 10, 'id', 'id', 'bigint', 'Long', 'id', '1', '1', '0', '1', NULL, NULL, NULL, 'EQ', 'input', '', 1, 'insmess', '2025-09-28 07:24:21', '', '2025-09-28 07:27:34');
INSERT INTO `gen_table_column` VALUES (114, 10, 'service_api_id', '接口id', 'bigint', 'Long', 'serviceApiId', '0', '0', '0', '1', '1', '1', '1', 'EQ', 'input', '', 2, 'insmess', '2025-09-28 07:24:21', '', '2025-09-28 07:27:35');
INSERT INTO `gen_table_column` VALUES (115, 10, 'invoke_time', '接口调用时间', 'datetime', 'Date', 'invokeTime', '0', '0', '0', '1', '1', '1', '1', 'EQ', 'datetime', '', 3, 'insmess', '2025-09-28 07:24:21', '', '2025-09-28 07:27:35');
INSERT INTO `gen_table_column` VALUES (116, 10, 'host_ip', '接口调用的ip地址', 'varchar(255)', 'String', 'hostIp', '0', '0', '0', '1', '1', '1', '1', 'EQ', 'input', '', 4, 'insmess', '2025-09-28 07:24:21', '', '2025-09-28 07:27:35');
INSERT INTO `gen_table_column` VALUES (149, 13, 'id', '主键', 'bigint', 'Long', 'id', '1', '1', '0', '1', NULL, NULL, NULL, 'EQ', 'input', '', 1, 'insmess', '2025-09-28 07:43:03', '', '2025-09-28 07:44:40');
INSERT INTO `gen_table_column` VALUES (150, 13, 'name', '数据服务名称', 'varchar(255)', 'String', 'name', '0', '0', '0', '1', '1', '1', '1', 'LIKE', 'input', '', 2, 'insmess', '2025-09-28 07:43:03', '', '2025-09-28 07:44:40');
INSERT INTO `gen_table_column` VALUES (151, 13, 'knowledge_id', '知识库id', 'bigint', 'Long', 'knowledgeId', '0', '0', '0', '1', '1', '1', '1', 'EQ', 'input', '', 3, 'insmess', '2025-09-28 07:43:03', '', '2025-09-28 07:44:40');
INSERT INTO `gen_table_column` VALUES (152, 13, 'service_type', '0 概念  1 关系 2 概念关系组合 3 实体数据', 'int', 'Long', 'serviceType', '0', '0', '0', '1', '1', '1', '1', 'EQ', 'select', '', 4, 'insmess', '2025-09-28 07:43:03', '', '2025-09-28 07:44:41');
INSERT INTO `gen_table_column` VALUES (153, 13, 'user_id', '所属用户，0表示所有用户', 'bigint', 'Long', 'userId', '0', '0', '0', '1', '1', '1', '1', 'EQ', 'input', '', 5, 'insmess', '2025-09-28 07:43:03', '', '2025-09-28 07:44:41');
INSERT INTO `gen_table_column` VALUES (154, 13, 'service_params', '自定义的接口参数', 'varchar(255)', 'String', 'serviceParams', '0', '0', '0', '1', '1', '1', '1', 'EQ', 'input', '', 6, 'insmess', '2025-09-28 07:43:03', '', '2025-09-28 07:44:41');
INSERT INTO `gen_table_column` VALUES (155, 13, 'sign', '接口标识。用于区分唯一接口，UUID', 'varchar(255)', 'String', 'sign', '0', '0', '0', '1', '1', '1', '1', 'EQ', 'input', '', 7, 'insmess', '2025-09-28 07:43:04', '', '2025-09-28 07:44:41');
INSERT INTO `gen_table_column` VALUES (156, 13, 'valid_flag', '是否有效', 'tinyint(1)', 'Boolean', 'validFlag', '0', '0', '1', '1', NULL, NULL, NULL, 'EQ', 'input', '', 8, 'insmess', '2025-09-28 07:43:04', '', '2025-09-28 07:44:41');
INSERT INTO `gen_table_column` VALUES (157, 13, 'del_flag', '删除标志', 'tinyint(1)', 'Boolean', 'delFlag', '0', '0', '1', '1', NULL, NULL, NULL, 'EQ', 'input', '', 9, 'insmess', '2025-09-28 07:43:04', '', '2025-09-28 07:44:41');
INSERT INTO `gen_table_column` VALUES (158, 13, 'create_by', '创建人', 'varchar(32)', 'String', 'createBy', '0', '0', '0', '1', NULL, '1', NULL, 'EQ', 'input', '', 10, 'insmess', '2025-09-28 07:43:04', '', '2025-09-28 07:44:41');
INSERT INTO `gen_table_column` VALUES (159, 13, 'creator_id', '创建人id', 'bigint', 'Long', 'creatorId', '0', '0', '0', '1', NULL, NULL, NULL, 'EQ', 'input', '', 11, 'insmess', '2025-09-28 07:43:04', '', '2025-09-28 07:44:41');
INSERT INTO `gen_table_column` VALUES (160, 13, 'create_time', '创建时间', 'datetime', 'Date', 'createTime', '0', '0', '0', '1', NULL, '1', '1', 'EQ', 'datetime', '', 12, 'insmess', '2025-09-28 07:43:04', '', '2025-09-28 07:44:41');
INSERT INTO `gen_table_column` VALUES (161, 13, 'update_by', '更新人', 'varchar(32)', 'String', 'updateBy', '0', '0', '0', '1', NULL, NULL, NULL, 'EQ', 'input', '', 13, 'insmess', '2025-09-28 07:43:04', '', '2025-09-28 07:44:41');
INSERT INTO `gen_table_column` VALUES (162, 13, 'updater_id', '更新人id', 'bigint', 'Long', 'updaterId', '0', '0', '0', '1', NULL, NULL, NULL, 'EQ', 'input', '', 14, 'insmess', '2025-09-28 07:43:04', '', '2025-09-28 07:44:41');
INSERT INTO `gen_table_column` VALUES (163, 13, 'update_time', '更新时间', 'datetime', 'Date', 'updateTime', '0', '0', '1', '1', NULL, NULL, NULL, 'EQ', 'datetime', '', 15, 'insmess', '2025-09-28 07:43:04', '', '2025-09-28 07:44:41');
INSERT INTO `gen_table_column` VALUES (164, 13, 'remark', '备注', 'varchar(512)', 'String', 'remark', '0', '0', '0', '1', '1', '1', NULL, 'EQ', 'textarea', '', 16, 'insmess', '2025-09-28 07:43:04', '', '2025-09-28 07:44:42');
INSERT INTO `gen_table_column` VALUES (165, 14, 'id', 'id', 'bigint', 'Long', 'id', '1', '1', '0', '1', NULL, NULL, NULL, 'EQ', 'input', '', 1, 'insmess', '2025-10-13 06:59:29', '', '2025-10-13 07:06:37');
INSERT INTO `gen_table_column` VALUES (166, 14, 'name', '词汇名称', 'varchar(255)', 'String', 'name', '0', '0', '0', '1', '1', '1', '1', 'LIKE', 'input', '', 2, 'insmess', '2025-10-13 06:59:29', '', '2025-10-13 07:06:37');
INSERT INTO `gen_table_column` VALUES (167, 14, 'domain', '所属领域', 'varchar(255)', 'String', 'domain', '0', '0', '0', '1', '1', '1', '1', 'EQ', 'input', '', 3, 'insmess', '2025-10-13 06:59:29', '', '2025-10-13 07:06:37');
INSERT INTO `gen_table_column` VALUES (168, 14, 'description', '词汇描述', 'varchar(1000)', 'String', 'description', '0', '0', '0', '1', '1', '1', '1', 'EQ', 'textarea', '', 4, 'insmess', '2025-10-13 06:59:29', '', '2025-10-13 07:06:37');
INSERT INTO `gen_table_column` VALUES (169, 14, 'valid_flag', '是否有效', 'tinyint(1)', 'Boolean', 'validFlag', '0', '0', '1', '1', NULL, NULL, NULL, 'EQ', 'input', '', 5, 'insmess', '2025-10-13 06:59:30', '', '2025-10-13 07:06:37');
INSERT INTO `gen_table_column` VALUES (170, 14, 'del_flag', '删除标志', 'tinyint(1)', 'Boolean', 'delFlag', '0', '0', '1', '1', NULL, NULL, NULL, 'EQ', 'input', '', 6, 'insmess', '2025-10-13 06:59:30', '', '2025-10-13 07:06:37');
INSERT INTO `gen_table_column` VALUES (171, 14, 'create_by', '创建人', 'varchar(32)', 'String', 'createBy', '0', '0', '0', '1', NULL, '1', NULL, 'EQ', 'input', '', 7, 'insmess', '2025-10-13 06:59:30', '', '2025-10-13 07:06:37');
INSERT INTO `gen_table_column` VALUES (172, 14, 'creator_id', '创建人id', 'bigint', 'Long', 'creatorId', '0', '0', '0', '1', NULL, NULL, NULL, 'EQ', 'input', '', 8, 'insmess', '2025-10-13 06:59:30', '', '2025-10-13 07:06:38');
INSERT INTO `gen_table_column` VALUES (173, 14, 'create_time', '创建时间', 'datetime', 'Date', 'createTime', '0', '0', '1', '1', NULL, '1', '1', 'EQ', 'datetime', '', 9, 'insmess', '2025-10-13 06:59:30', '', '2025-10-13 07:06:38');
INSERT INTO `gen_table_column` VALUES (174, 14, 'update_by', '更新人', 'varchar(32)', 'String', 'updateBy', '0', '0', '0', '1', NULL, NULL, NULL, 'EQ', 'input', '', 10, 'insmess', '2025-10-13 06:59:30', '', '2025-10-13 07:06:38');
INSERT INTO `gen_table_column` VALUES (175, 14, 'updater_id', '更新人id', 'bigint', 'Long', 'updaterId', '0', '0', '0', '1', NULL, NULL, NULL, 'EQ', 'input', '', 11, 'insmess', '2025-10-13 06:59:30', '', '2025-10-13 07:06:38');
INSERT INTO `gen_table_column` VALUES (176, 14, 'update_time', '更新时间', 'datetime', 'Date', 'updateTime', '0', '0', '1', '1', NULL, NULL, NULL, 'EQ', 'datetime', '', 12, 'insmess', '2025-10-13 06:59:30', '', '2025-10-13 07:06:38');
INSERT INTO `gen_table_column` VALUES (177, 14, 'remark', '备注', 'varchar(512)', 'String', 'remark', '0', '0', '0', '1', '1', '1', NULL, 'EQ', 'textarea', '', 13, 'insmess', '2025-10-13 06:59:30', '', '2025-10-13 07:06:38');
INSERT INTO `gen_table_column` VALUES (178, 15, 'id', 'id', 'bigint', 'Long', 'id', '1', '1', '0', '1', NULL, NULL, NULL, 'EQ', 'input', '', 1, 'insmess', '2025-10-13 06:59:30', '', '2025-10-13 07:05:51');
INSERT INTO `gen_table_column` VALUES (179, 15, 'name', '同义词名称', 'varchar(255)', 'String', 'name', '0', '0', '0', '1', '1', '1', '1', 'LIKE', 'input', '', 2, 'insmess', '2025-10-13 06:59:30', '', '2025-10-13 07:05:51');
INSERT INTO `gen_table_column` VALUES (180, 15, 'word_id', '主词id', 'bigint', 'Long', 'wordId', '0', '0', '0', '1', '1', '1', '1', 'EQ', 'input', '', 3, 'insmess', '2025-10-13 06:59:30', '', '2025-10-13 07:05:51');
INSERT INTO `gen_table_column` VALUES (181, 15, 'valid_flag', '是否有效', 'tinyint(1)', 'Boolean', 'validFlag', '0', '0', '1', '1', NULL, NULL, NULL, 'EQ', 'input', '', 4, 'insmess', '2025-10-13 06:59:31', '', '2025-10-13 07:05:51');
INSERT INTO `gen_table_column` VALUES (182, 15, 'del_flag', '删除标志', 'tinyint(1)', 'Boolean', 'delFlag', '0', '0', '1', '1', NULL, NULL, NULL, 'EQ', 'input', '', 5, 'insmess', '2025-10-13 06:59:31', '', '2025-10-13 07:05:51');
INSERT INTO `gen_table_column` VALUES (183, 15, 'create_by', '创建人', 'varchar(32)', 'String', 'createBy', '0', '0', '0', '1', NULL, '1', NULL, 'EQ', 'input', '', 6, 'insmess', '2025-10-13 06:59:31', '', '2025-10-13 07:05:51');
INSERT INTO `gen_table_column` VALUES (184, 15, 'creator_id', '创建人id', 'bigint', 'Long', 'creatorId', '0', '0', '0', '1', NULL, NULL, NULL, 'EQ', 'input', '', 7, 'insmess', '2025-10-13 06:59:31', '', '2025-10-13 07:05:51');
INSERT INTO `gen_table_column` VALUES (185, 15, 'create_time', '创建时间', 'datetime', 'Date', 'createTime', '0', '0', '1', '1', NULL, '1', '1', 'EQ', 'datetime', '', 8, 'insmess', '2025-10-13 06:59:31', '', '2025-10-13 07:05:51');
INSERT INTO `gen_table_column` VALUES (186, 15, 'update_by', '更新人', 'varchar(32)', 'String', 'updateBy', '0', '0', '0', '1', NULL, NULL, NULL, 'EQ', 'input', '', 9, 'insmess', '2025-10-13 06:59:31', '', '2025-10-13 07:05:52');
INSERT INTO `gen_table_column` VALUES (187, 15, 'updater_id', '更新人id', 'bigint', 'Long', 'updaterId', '0', '0', '0', '1', NULL, NULL, NULL, 'EQ', 'input', '', 10, 'insmess', '2025-10-13 06:59:31', '', '2025-10-13 07:05:52');
INSERT INTO `gen_table_column` VALUES (188, 15, 'update_time', '更新时间', 'datetime', 'Date', 'updateTime', '0', '0', '1', '1', NULL, NULL, NULL, 'EQ', 'datetime', '', 11, 'insmess', '2025-10-13 06:59:31', '', '2025-10-13 07:05:52');
INSERT INTO `gen_table_column` VALUES (189, 15, 'remark', '备注', 'varchar(512)', 'String', 'remark', '0', '0', '0', '1', '1', '1', NULL, 'EQ', 'textarea', '', 12, 'insmess', '2025-10-13 06:59:31', '', '2025-10-13 07:05:52');
INSERT INTO `gen_table_column` VALUES (190, 16, 'id', 'id', 'bigint', 'Long', 'id', '1', '1', '0', '1', NULL, NULL, NULL, 'EQ', 'input', '', 1, 'insmess', '2025-11-18 16:23:34', '', '2025-11-18 16:25:31');
INSERT INTO `gen_table_column` VALUES (191, 16, 'name', '同义词名称', 'varchar(255)', 'String', 'name', '0', '0', '0', '1', '1', '1', '1', 'LIKE', 'input', '', 2, 'insmess', '2025-11-18 16:23:34', '', '2025-11-18 16:25:31');
INSERT INTO `gen_table_column` VALUES (192, 16, 'word_id', '主词id', 'bigint', 'Long', 'wordId', '0', '0', '0', '1', '1', '1', '1', 'EQ', 'input', '', 3, 'insmess', '2025-11-18 16:23:34', '', '2025-11-18 16:25:31');
INSERT INTO `gen_table_column` VALUES (193, 16, 'valid_flag', '是否有效', 'tinyint(1)', 'Boolean', 'validFlag', '0', '0', '1', '1', NULL, NULL, NULL, 'EQ', 'input', '', 4, 'insmess', '2025-11-18 16:23:34', '', '2025-11-18 16:25:31');
INSERT INTO `gen_table_column` VALUES (194, 16, 'del_flag', '删除标志', 'tinyint(1)', 'Boolean', 'delFlag', '0', '0', '1', '1', NULL, NULL, NULL, 'EQ', 'input', '', 5, 'insmess', '2025-11-18 16:23:34', '', '2025-11-18 16:25:31');
INSERT INTO `gen_table_column` VALUES (195, 16, 'create_by', '创建人', 'varchar(32)', 'String', 'createBy', '0', '0', '0', '1', NULL, '1', NULL, 'EQ', 'input', '', 6, 'insmess', '2025-11-18 16:23:34', '', '2025-11-18 16:25:31');
INSERT INTO `gen_table_column` VALUES (196, 16, 'creator_id', '创建人id', 'bigint', 'Long', 'creatorId', '0', '0', '0', '1', NULL, NULL, NULL, 'EQ', 'input', '', 7, 'insmess', '2025-11-18 16:23:34', '', '2025-11-18 16:25:31');
INSERT INTO `gen_table_column` VALUES (197, 16, 'create_time', '创建时间', 'datetime', 'Date', 'createTime', '0', '0', '1', '1', NULL, '1', '1', 'EQ', 'datetime', '', 8, 'insmess', '2025-11-18 16:23:34', '', '2025-11-18 16:25:31');
INSERT INTO `gen_table_column` VALUES (198, 16, 'update_by', '更新人', 'varchar(32)', 'String', 'updateBy', '0', '0', '0', '1', NULL, NULL, NULL, 'EQ', 'input', '', 9, 'insmess', '2025-11-18 16:23:34', '', '2025-11-18 16:25:31');
INSERT INTO `gen_table_column` VALUES (199, 16, 'updater_id', '更新人id', 'bigint', 'Long', 'updaterId', '0', '0', '0', '1', NULL, NULL, NULL, 'EQ', 'input', '', 10, 'insmess', '2025-11-18 16:23:34', '', '2025-11-18 16:25:31');
INSERT INTO `gen_table_column` VALUES (200, 16, 'update_time', '更新时间', 'datetime', 'Date', 'updateTime', '0', '0', '1', '1', NULL, NULL, NULL, 'EQ', 'datetime', '', 11, 'insmess', '2025-11-18 16:23:34', '', '2025-11-18 16:25:31');
INSERT INTO `gen_table_column` VALUES (201, 16, 'remark', '备注', 'varchar(512)', 'String', 'remark', '0', '0', '0', '1', '1', '1', NULL, 'EQ', 'textarea', '', 12, 'insmess', '2025-11-18 16:23:34', '', '2025-11-18 16:25:31');

-- ----------------------------
-- Table structure for kmc_category
-- ----------------------------
DROP TABLE IF EXISTS `kmc_category`;
CREATE TABLE `kmc_category`  (
  `id` bigint NOT NULL AUTO_INCREMENT COMMENT 'ID',
  `workspace_id` bigint NOT NULL COMMENT '工作区id',
  `parent_id` bigint NOT NULL COMMENT '父级id',
  `name` varchar(128) CHARACTER SET utf8mb3 COLLATE utf8mb3_general_ci NOT NULL COMMENT '分类名称',
  `order_num` int NULL DEFAULT NULL COMMENT '显示顺序',
  `ancestors` varchar(128) CHARACTER SET utf8mb3 COLLATE utf8mb3_general_ci NULL DEFAULT NULL COMMENT '祖级列表',
  `valid_flag` tinyint(1) NOT NULL DEFAULT 1 COMMENT '是否有效;0：无效，1：有效',
  `del_flag` tinyint(1) NOT NULL DEFAULT 0 COMMENT '删除标志;1：已删除，0：未删除',
  `create_by` varchar(32) CHARACTER SET utf8mb3 COLLATE utf8mb3_general_ci NULL DEFAULT NULL COMMENT '创建人',
  `creator_id` bigint NULL DEFAULT NULL COMMENT '创建人id',
  `create_time` datetime NOT NULL DEFAULT CURRENT_TIMESTAMP COMMENT '创建时间',
  `update_by` varchar(32) CHARACTER SET utf8mb3 COLLATE utf8mb3_general_ci NULL DEFAULT NULL COMMENT '更新人',
  `updater_id` bigint NULL DEFAULT NULL COMMENT '更新人id',
  `update_time` datetime NOT NULL DEFAULT CURRENT_TIMESTAMP COMMENT '更新时间',
  `remark` varchar(512) CHARACTER SET utf8mb3 COLLATE utf8mb3_general_ci NULL DEFAULT NULL COMMENT '备注',
  PRIMARY KEY (`id`) USING BTREE
) ENGINE = InnoDB AUTO_INCREMENT = 28 CHARACTER SET = utf8mb3 COLLATE = utf8mb3_general_ci COMMENT = '知识分类' ROW_FORMAT = DYNAMIC;

-- ----------------------------
-- Records of kmc_category
-- ----------------------------
INSERT INTO `kmc_category` VALUES (1, 1001, 0, '开源情报', 1, '0', 1, 0, '小桐', 1, '2025-09-05 10:14:58', '星小图', 1, '2025-11-05 19:24:55', NULL);
INSERT INTO `kmc_category` VALUES (2, 1001, 0, '人力情报', 2, '0', 1, 0, '小桐', 1, '2025-09-05 02:14:58', '星小图', 1, '2025-11-05 19:25:13', NULL);
INSERT INTO `kmc_category` VALUES (3, 1001, 0, '信号情报', 3, '0', 1, 0, '小桐', 1, '2025-09-05 02:14:58', '星小图', 1, '2025-11-05 19:25:26', NULL);
INSERT INTO `kmc_category` VALUES (4, 1001, 0, '影像', 4, '0', 1, 0, '小桐', 1, '2025-09-05 02:14:58', '星小图', 1, '2025-11-05 19:25:45', NULL);
INSERT INTO `kmc_category` VALUES (5, 1001, 0, '法律', 5, '0', 1, 0, '小桐', 1, '2025-09-05 02:14:58', '星小图', 1, '2025-11-05 19:26:06', NULL);
INSERT INTO `kmc_category` VALUES (6, 1001, 0, '共享与外部交互', 6, '0', 1, 0, '小桐', 1, '2025-09-05 02:14:58', '星小图', 1, '2025-11-05 19:26:24', NULL);
INSERT INTO `kmc_category` VALUES (7, 1001, 0, '预警', 7, '0', 1, 0, '小桐', 1, '2025-09-05 02:14:58', '星小图', 1, '2025-11-05 19:26:35', NULL);
INSERT INTO `kmc_category` VALUES (8, 1001, 1, '文学', 1, '0,1', 1, 1, '小桐', 1, '2025-09-04 18:14:58', '小桐', 1, '2025-09-04 18:14:58', NULL);
INSERT INTO `kmc_category` VALUES (9, 1001, 1, '音乐与影视作品', 2, '0,1', 1, 1, '小桐', 1, '2025-09-04 18:14:58', '小桐', 1, '2025-09-04 18:14:58', NULL);
INSERT INTO `kmc_category` VALUES (10, 1001, 1, '视觉艺术', 3, '0,1', 1, 1, '小桐', 1, '2025-09-04 18:14:58', '小桐', 1, '2025-09-04 18:14:58', NULL);
INSERT INTO `kmc_category` VALUES (11, 1001, 1, '表演艺术', 4, '0,1', 1, 1, '小桐', 1, '2025-09-04 18:14:58', '小桐', 1, '2025-09-04 18:14:58', NULL);
INSERT INTO `kmc_category` VALUES (12, 1001, 2, '古代文明', 1, '0,2', 1, 1, '小桐', 1, '2025-09-04 18:14:58', '小桐', 1, '2025-09-04 18:14:58', NULL);
INSERT INTO `kmc_category` VALUES (13, 1001, 2, '近代历史', 2, '0,2', 1, 1, '小桐', 1, '2025-09-04 18:14:58', '小桐', 1, '2025-09-04 18:14:58', NULL);
INSERT INTO `kmc_category` VALUES (14, 1001, 2, '现代史', 3, '0,2', 1, 1, '小桐', 1, '2025-09-04 18:14:58', '小桐', 1, '2025-09-04 18:14:58', NULL);
INSERT INTO `kmc_category` VALUES (15, 1001, 3, '体育赛事', 1, '0,3', 1, 1, '小桐', 1, '2025-09-04 18:14:58', '小桐', 1, '2025-09-04 18:14:58', NULL);
INSERT INTO `kmc_category` VALUES (16, 1001, 3, '影视娱乐', 2, '0,3', 1, 1, '小桐', 1, '2025-09-04 18:14:58', '小桐', 1, '2025-09-04 18:14:58', NULL);
INSERT INTO `kmc_category` VALUES (17, 1001, 3, '游戏产业', 3, '0,3', 1, 1, '小桐', 1, '2025-09-04 18:14:58', '小桐', 1, '2025-09-04 18:14:58', NULL);
INSERT INTO `kmc_category` VALUES (18, 1001, 1, '媒体报道', 0, '0,1', 1, 0, '星小图', 1, '2025-11-05 19:27:02', NULL, NULL, '2025-11-05 19:27:02', NULL);
INSERT INTO `kmc_category` VALUES (19, 1001, 1, '学术与公开报道', 10, '0,1', 1, 0, '星小图', 1, '2025-11-05 19:27:13', NULL, NULL, '2025-11-05 19:27:13', NULL);
INSERT INTO `kmc_category` VALUES (20, 1001, 1, '社交媒体摘录', 30, '0,1', 1, 0, '星小图', 1, '2025-11-05 19:27:27', NULL, NULL, '2025-11-05 19:27:26', NULL);
INSERT INTO `kmc_category` VALUES (21, 1001, 2, '线人报告', 0, '0,2', 1, 0, '星小图', 1, '2025-11-05 19:27:44', NULL, NULL, '2025-11-05 19:27:43', NULL);
INSERT INTO `kmc_category` VALUES (22, 1001, 2, '口头记录', 30, '0,2', 1, 0, '星小图', 1, '2025-11-05 19:27:52', NULL, NULL, '2025-11-05 19:27:52', NULL);
INSERT INTO `kmc_category` VALUES (23, 1001, 3, '通信摘录', 0, '0,3', 1, 0, '星小图', 1, '2025-11-05 19:28:06', NULL, NULL, '2025-11-05 19:28:06', NULL);
INSERT INTO `kmc_category` VALUES (24, 1001, 3, '解析记录', 30, '0,3', 1, 0, '星小图', 1, '2025-11-05 19:28:12', NULL, NULL, '2025-11-05 19:28:12', NULL);
INSERT INTO `kmc_category` VALUES (25, 1001, 4, '无人机影像', 0, '0,4', 1, 0, '星小图', 1, '2025-11-05 19:28:23', NULL, NULL, '2025-11-05 19:28:23', NULL);
INSERT INTO `kmc_category` VALUES (26, 1001, 4, '卫星影像', 20, '0,4', 1, 0, '星小图', 1, '2025-11-05 19:28:31', NULL, NULL, '2025-11-05 19:28:30', NULL);
INSERT INTO `kmc_category` VALUES (27, 1001, 4, '红外数据', 40, '0,4', 1, 0, '星小图', 1, '2025-11-05 19:28:42', NULL, NULL, '2025-11-05 19:28:42', NULL);

-- ----------------------------
-- Table structure for kmc_document
-- ----------------------------
DROP TABLE IF EXISTS `kmc_document`;
CREATE TABLE `kmc_document`  (
  `id` bigint NOT NULL AUTO_INCREMENT COMMENT 'ID',
  `workspace_id` bigint NOT NULL COMMENT '工作区id',
  `category_id` bigint NOT NULL COMMENT '知识分类id',
  `category_name` varchar(128) CHARACTER SET utf8mb3 COLLATE utf8mb3_general_ci NULL DEFAULT NULL COMMENT '知识分类名称',
  `name` varchar(256) CHARACTER SET utf8mb3 COLLATE utf8mb3_general_ci NOT NULL COMMENT '文件名称',
  `url` varchar(1024) CHARACTER SET utf8mb3 COLLATE utf8mb3_general_ci NOT NULL COMMENT '文件url',
  `description` varchar(1024) CHARACTER SET utf8mb3 COLLATE utf8mb3_general_ci NULL DEFAULT NULL COMMENT '文件描述',
  `valid_flag` tinyint(1) NOT NULL DEFAULT 1 COMMENT '是否有效;0：无效，1：有效',
  `del_flag` tinyint(1) NOT NULL DEFAULT 0 COMMENT '删除标志;1：已删除，0：未删除',
  `create_by` varchar(32) CHARACTER SET utf8mb3 COLLATE utf8mb3_general_ci NULL DEFAULT NULL COMMENT '创建人',
  `creator_id` bigint NULL DEFAULT NULL COMMENT '创建人id',
  `create_time` datetime NULL DEFAULT CURRENT_TIMESTAMP COMMENT '创建时间',
  `update_by` varchar(32) CHARACTER SET utf8mb3 COLLATE utf8mb3_general_ci NULL DEFAULT NULL COMMENT '更新人',
  `updater_id` bigint NULL DEFAULT NULL COMMENT '更新人id',
  `update_time` datetime NOT NULL DEFAULT CURRENT_TIMESTAMP COMMENT '更新时间',
  `remark` varchar(512) CHARACTER SET utf8mb3 COLLATE utf8mb3_general_ci NULL DEFAULT NULL COMMENT '备注',
  PRIMARY KEY (`id`) USING BTREE
) ENGINE = InnoDB AUTO_INCREMENT = 27 CHARACTER SET = utf8mb3 COLLATE = utf8mb3_general_ci COMMENT = '知识文件表' ROW_FORMAT = DYNAMIC;

-- ----------------------------
-- Records of kmc_document
-- ----------------------------
INSERT INTO `kmc_document` VALUES (1, 1001, 9, '音乐与影视作品', '全球流行文化的交汇点.docx', '/2025/05/27/683517a88fceebcb4928de44.docx', '用于测试非结构化抽取文件', 1, 1, '小桐', 1, '2025-09-04 18:14:58', '星小图', NULL, '2025-11-05 19:21:19', NULL);
INSERT INTO `kmc_document` VALUES (2, 1001, 7, '科技创新与应用', '硅谷的创新者与全球技术变革.docx', '/2025/05/27/683540a58fce4f307dbf6f0a.docx', '用于测试非结构化抽取文件', 1, 1, '小桐', 1, '2025-09-04 18:14:58', '星小图', NULL, '2025-11-05 19:21:21', NULL);
INSERT INTO `kmc_document` VALUES (3, 1001, 14, '现代史', '某舰船任职.docx', '/2025/09/24/68d3c54fb1ce2aae8a58ae78.docx', NULL, 1, 1, '星小图', 1, '2025-09-24 18:17:55', '星小图', NULL, '2025-11-05 19:21:23', NULL);
INSERT INTO `kmc_document` VALUES (4, 1001, 6, '健康与医疗', '美攻打伊拉克.docx', 'http://localhost:8090/upload/20251022/file_60038.', NULL, 1, 1, '星小图', 1, '2025-10-22 16:40:45', '星小图', NULL, '2025-10-22 16:43:04', NULL);
INSERT INTO `kmc_document` VALUES (5, 1001, 6, '健康与医疗', '美攻打伊拉克.docx', 'http://localhost:8090/upload/20251022/美攻打伊拉克_60265.docx', NULL, 1, 1, '星小图', 1, '2025-10-22 16:44:30', '星小图', NULL, '2025-10-22 16:46:17', NULL);
INSERT INTO `kmc_document` VALUES (6, 1001, 5, '经济与发展', '美攻打伊拉克.docx', 'http://localhost:8090/upload/20251022/美攻打伊拉克_60383_60383.docx', NULL, 1, 1, '星小图', 1, '2025-10-22 16:46:29', '星小图', NULL, '2025-10-22 16:47:01', NULL);
INSERT INTO `kmc_document` VALUES (7, 1001, 6, '健康与医疗', '美攻打伊拉克.docx', 'http://localhost:8090/upload/20251022/abf4485b98c24a31bdf8543d54e2de6e.docx', NULL, 1, 1, '星小图', 1, '2025-10-22 16:49:22', '星小图', NULL, '2025-10-22 16:53:34', NULL);
INSERT INTO `kmc_document` VALUES (8, 1001, 7, '科技创新与应用', '美攻打伊拉克.docx', 'http://localhost:8090/file/20251022/9adeb9355fe7480cab886faad6ea802d.docx', NULL, 1, 1, '星小图', 1, '2025-10-22 17:24:45', '星小图', NULL, '2025-10-22 17:27:42', NULL);
INSERT INTO `kmc_document` VALUES (9, 1001, 6, '健康与医疗', '美攻打伊拉克.docx', 'http://localhost:8090/file/20251022/bb824d5007084feb82435761971557ed.docx', NULL, 1, 1, '星小图', 1, '2025-10-22 17:27:56', '星小图', NULL, '2025-10-22 17:35:04', NULL);
INSERT INTO `kmc_document` VALUES (10, 1001, 5, '经济与发展', '美攻打伊拉克.docx', 'http://localhost:8090/file/68228dd69bed4f6396297bedfdf223c4.docx', 'test', 1, 1, '星小图', 1, '2025-10-22 17:35:20', '星小图', NULL, '2025-10-22 17:38:10', NULL);
INSERT INTO `kmc_document` VALUES (11, 1001, 5, '经济与发展', '美攻打伊拉克.docx', 'http://localhost:8090/file/76862ab591b24cf58acbc49c7f384848.docx', NULL, 1, 1, '星小图', 1, '2025-10-22 17:38:23', '星小图', NULL, '2025-10-22 17:48:23', NULL);
INSERT INTO `kmc_document` VALUES (12, 1001, 3, '体育与娱乐', '美攻打伊拉克.docx', 'http://localhost:8090/file/6c96d16de7214e8bbac73adeb8e17ad4.docx', NULL, 1, 1, '星小图', 1, '2025-10-22 17:39:54', '星小图', NULL, '2025-10-22 17:48:20', NULL);
INSERT INTO `kmc_document` VALUES (13, 1001, 5, '经济与发展', '美攻打伊拉克.docx', 'http://localhost:8090/file/5c60001d3f974c01a18065b3947941e1.docx', NULL, 1, 1, '星小图', 1, '2025-10-22 17:56:03', '星小图', NULL, '2025-10-22 17:56:19', NULL);
INSERT INTO `kmc_document` VALUES (14, 1001, 5, '经济与发展', '美攻打伊拉克.docx', 'http://localhost:8090/file/193984ed8fb943fc9da44b70c378d0ad.docx', NULL, 1, 1, '星小图', 1, '2025-10-27 12:42:49', '星小图', NULL, '2025-10-27 15:08:12', NULL);
INSERT INTO `kmc_document` VALUES (15, 1001, 14, '现代史', '特朗普出任美国总统.docx', 'http://localhost:8090/file/09ca92b2dfdc4eb995ea07fab5cd72f4.docx', NULL, 1, 1, '星小图', 1, '2025-10-27 13:51:49', '星小图', NULL, '2025-10-27 14:59:31', NULL);
INSERT INTO `kmc_document` VALUES (16, 1001, 14, '现代史', '特朗普出任美国总统.docx', 'http://localhost:8090/file/371b8ecafeb54112a5c9ad22a1078b72.docx', NULL, 1, 1, '星小图', 1, '2025-10-27 14:59:44', '星小图', NULL, '2025-10-27 15:08:14', NULL);
INSERT INTO `kmc_document` VALUES (17, 1001, 14, '现代史', '特朗普出任美国总统.docx', 'http://localhost:8090/file/b84cfbef72394e8082dd1da2524fd471.docx', NULL, 1, 1, '星小图', 1, '2025-10-27 15:08:48', '星小图', NULL, '2025-10-27 15:39:02', NULL);
INSERT INTO `kmc_document` VALUES (18, 1001, 14, '现代史', '特朗普出任漂亮国.docx', 'http://localhost:8090/file/75245a30026143d3968ca6573d1cae88.docx', NULL, 1, 1, '星小图', 1, '2025-10-27 15:09:04', '星小图', NULL, '2025-10-27 15:39:05', NULL);
INSERT INTO `kmc_document` VALUES (19, 1001, 14, '现代史', '特朗普出任美国总统.docx', 'http://localhost:8090/file/d6e53c86fa344998aab064cd8647dfdf.docx', NULL, 1, 1, '星小图', 1, '2025-10-27 15:40:19', '星小图', NULL, '2025-11-05 19:21:24', NULL);
INSERT INTO `kmc_document` VALUES (20, 1001, 14, '现代史', '特朗普出任漂亮国.docx', 'http://localhost:8090/file/75691da1597d48f48b24bfa6342d669f.docx', NULL, 1, 1, '星小图', 1, '2025-10-27 15:40:30', '星小图', NULL, '2025-11-05 19:21:26', NULL);
INSERT INTO `kmc_document` VALUES (21, 1001, 14, '现代史', '偷袭珍珠港.docx', 'http://localhost:8090/file/1f1ebc37c98d4f32947d3d9cd5c30f01.docx', NULL, 1, 1, '星小图', 1, '2025-10-27 16:57:06', '星小图', NULL, '2025-11-05 19:21:27', NULL);
INSERT INTO `kmc_document` VALUES (22, 1001, 12, '古代文明', '特靠谱.docx', 'http://localhost:8090/file/ad47677edbd04ddd8561a34f5fe6a6cc.docx', NULL, 1, 1, '星小图', 1, '2025-10-27 19:18:52', '星小图', NULL, '2025-11-05 19:21:29', NULL);
INSERT INTO `kmc_document` VALUES (23, 1001, 18, '媒体报道', '诺曼底登陆.docx', 'http://localhost:8090/file/4892ebb7eb2b44b395f652f12570d5f5.docx', '诺曼底登陆', 1, 0, '星小图', 1, '2025-11-06 13:52:55', '星小图', NULL, '2025-11-06 13:52:55', NULL);
INSERT INTO `kmc_document` VALUES (24, 1001, 25, '无人机影像', '特朗普出任美国总统.docx', 'http://localhost:8090/file/54e4b0fbb12d41f3826e58ac013a4f5f.docx', NULL, 1, 1, '星小图', 1, '2025-11-17 10:47:23', '星小图', NULL, '2025-11-17 10:54:01', NULL);
INSERT INTO `kmc_document` VALUES (25, 1001, 6, '共享与外部交互', '特朗普出任美国总统.docx', 'http://localhost:8090/file/b1730417e15e4bdda5c0462817852248.docx', NULL, 1, 0, '星小图', 1, '2025-11-17 10:54:32', '星小图', NULL, '2025-11-17 10:54:32', NULL);
INSERT INTO `kmc_document` VALUES (26, 1001, 18, '媒体报道', '特朗普加入远征军.docx', 'http://localhost:8090/file/0a19302cda984e0a84b4e3d473abb1c8.docx', NULL, 1, 0, '星小图', 1, '2025-11-17 12:49:54', '星小图', NULL, '2025-11-17 12:49:54', NULL);

-- ----------------------------
-- Table structure for language
-- ----------------------------
DROP TABLE IF EXISTS `language`;
CREATE TABLE `language`  (
  `id` bigint NOT NULL AUTO_INCREMENT COMMENT '语言ID',
  `language_name` varchar(255) CHARACTER SET utf8mb4 COLLATE utf8mb4_0900_ai_ci NOT NULL COMMENT '语言名称',
  `iso_code` varchar(50) CHARACTER SET utf8mb4 COLLATE utf8mb4_0900_ai_ci NULL DEFAULT NULL COMMENT 'ISO 639 代码',
  PRIMARY KEY (`id`) USING BTREE
) ENGINE = InnoDB AUTO_INCREMENT = 16 CHARACTER SET = utf8mb4 COLLATE = utf8mb4_0900_ai_ci COMMENT = '语言表' ROW_FORMAT = Dynamic;

-- ----------------------------
-- Records of language
-- ----------------------------
INSERT INTO `language` VALUES (1, '旁遮普语', 'pa');
INSERT INTO `language` VALUES (2, '孟加拉语', 'bn');
INSERT INTO `language` VALUES (3, '泰米尔语', 'ta');
INSERT INTO `language` VALUES (4, '阿萨姆语', 'as');
INSERT INTO `language` VALUES (5, '那加语族', NULL);
INSERT INTO `language` VALUES (6, '比尔语', NULL);
INSERT INTO `language` VALUES (7, '马拉地语', 'mr');
INSERT INTO `language` VALUES (8, '古吉拉特语', 'gu');
INSERT INTO `language` VALUES (9, '卡纳达语', 'kn');
INSERT INTO `language` VALUES (10, '马拉雅拉姆语', 'ml');
INSERT INTO `language` VALUES (11, '克什米尔语', 'ks');
INSERT INTO `language` VALUES (12, '信德语', 'sd');
INSERT INTO `language` VALUES (13, '尼泊尔语', 'ne');
INSERT INTO `language` VALUES (14, '僧伽罗语', 'si');
INSERT INTO `language` VALUES (15, '普什图语', 'ps');

-- ----------------------------
-- Table structure for legal_ethnic_category
-- ----------------------------
DROP TABLE IF EXISTS `legal_ethnic_category`;
CREATE TABLE `legal_ethnic_category`  (
  `id` bigint NOT NULL AUTO_INCREMENT COMMENT '分类ID',
  `category_name` varchar(255) CHARACTER SET utf8mb4 COLLATE utf8mb4_0900_ai_ci NOT NULL COMMENT '印度官方族群分类',
  PRIMARY KEY (`id`) USING BTREE
) ENGINE = InnoDB AUTO_INCREMENT = 6 CHARACTER SET = utf8mb4 COLLATE = utf8mb4_0900_ai_ci COMMENT = '印度族群官方分类' ROW_FORMAT = Dynamic;

-- ----------------------------
-- Records of legal_ethnic_category
-- ----------------------------
INSERT INTO `legal_ethnic_category` VALUES (1, '表列部族（ST）');
INSERT INTO `legal_ethnic_category` VALUES (2, '表列种姓（SC）');
INSERT INTO `legal_ethnic_category` VALUES (3, '其他落后阶层（OBC）');
INSERT INTO `legal_ethnic_category` VALUES (4, '少数民族（Minority）');
INSERT INTO `legal_ethnic_category` VALUES (5, '无官方分类');

-- ----------------------------
-- Table structure for message
-- ----------------------------
DROP TABLE IF EXISTS `message`;
CREATE TABLE `message`  (
  `id` int NOT NULL AUTO_INCREMENT COMMENT 'ID',
  `sender_id` bigint NULL DEFAULT NULL COMMENT '发送人',
  `receiver_id` bigint NULL DEFAULT NULL COMMENT '接收人',
  `title` varchar(128) CHARACTER SET utf8mb4 COLLATE utf8mb4_unicode_ci NOT NULL COMMENT '消息标题',
  `content` varchar(3072) CHARACTER SET utf8mb4 COLLATE utf8mb4_unicode_ci NOT NULL COMMENT '消息模板内容',
  `category` tinyint UNSIGNED NOT NULL COMMENT '消息类别',
  `msg_level` tinyint UNSIGNED NOT NULL DEFAULT 0 COMMENT '消息等级',
  `module` tinyint UNSIGNED NOT NULL DEFAULT 0 COMMENT '消息模块',
  `entity_type` tinyint UNSIGNED NULL DEFAULT NULL COMMENT '实体类型',
  `entity_id` bigint NULL DEFAULT NULL COMMENT '实体id',
  `entity_url` varchar(256) CHARACTER SET utf8mb4 COLLATE utf8mb4_unicode_ci NULL DEFAULT NULL COMMENT '消息链接',
  `has_read` tinyint(1) NULL DEFAULT 0 COMMENT '是否已读',
  `has_retraction` tinyint(1) NULL DEFAULT 0 COMMENT '是否撤回',
  `valid_flag` tinyint(1) NOT NULL DEFAULT 1 COMMENT '是否有效;0：无效，1：有效',
  `del_flag` tinyint(1) NOT NULL DEFAULT 0 COMMENT '删除标志;1：已删除，0：未删除',
  `create_by` varchar(32) CHARACTER SET utf8mb4 COLLATE utf8mb4_unicode_ci NULL DEFAULT NULL COMMENT '创建人',
  `creator_id` bigint NULL DEFAULT NULL COMMENT '创建人id',
  `create_time` datetime NOT NULL DEFAULT CURRENT_TIMESTAMP COMMENT '创建时间',
  `update_by` varchar(32) CHARACTER SET utf8mb4 COLLATE utf8mb4_unicode_ci NULL DEFAULT NULL COMMENT '更新人',
  `update_time` datetime NOT NULL DEFAULT CURRENT_TIMESTAMP COMMENT '更新时间',
  `updater_id` bigint NULL DEFAULT NULL COMMENT '更新人id',
  `remark` varchar(512) CHARACTER SET utf8mb4 COLLATE utf8mb4_unicode_ci NULL DEFAULT NULL COMMENT '备注',
  PRIMARY KEY (`id`) USING BTREE
) ENGINE = InnoDB AUTO_INCREMENT = 1 CHARACTER SET = utf8mb4 COLLATE = utf8mb4_unicode_ci COMMENT = '消息' ROW_FORMAT = DYNAMIC;

-- ----------------------------
-- Records of message
-- ----------------------------

-- ----------------------------
-- Table structure for qrtz_blob_triggers
-- ----------------------------
DROP TABLE IF EXISTS `qrtz_blob_triggers`;
CREATE TABLE `qrtz_blob_triggers`  (
  `sched_name` varchar(120) CHARACTER SET utf8mb4 COLLATE utf8mb4_bin NOT NULL COMMENT '调度名称',
  `trigger_name` varchar(200) CHARACTER SET utf8mb4 COLLATE utf8mb4_bin NOT NULL COMMENT 'qrtz_triggers表trigger_name的外键',
  `trigger_group` varchar(200) CHARACTER SET utf8mb4 COLLATE utf8mb4_bin NOT NULL COMMENT 'qrtz_triggers表trigger_group的外键',
  `blob_data` blob NULL COMMENT '存放持久化Trigger对象',
  PRIMARY KEY (`sched_name`, `trigger_name`, `trigger_group`) USING BTREE,
  CONSTRAINT `qrtz_blob_triggers_ibfk_1` FOREIGN KEY (`sched_name`, `trigger_name`, `trigger_group`) REFERENCES `qrtz_triggers` (`sched_name`, `trigger_name`, `trigger_group`) ON DELETE RESTRICT ON UPDATE RESTRICT
) ENGINE = InnoDB CHARACTER SET = utf8mb4 COLLATE = utf8mb4_bin COMMENT = 'Blob类型的触发器表' ROW_FORMAT = DYNAMIC;

-- ----------------------------
-- Records of qrtz_blob_triggers
-- ----------------------------

-- ----------------------------
-- Table structure for qrtz_calendars
-- ----------------------------
DROP TABLE IF EXISTS `qrtz_calendars`;
CREATE TABLE `qrtz_calendars`  (
  `sched_name` varchar(120) CHARACTER SET utf8mb4 COLLATE utf8mb4_bin NOT NULL COMMENT '调度名称',
  `calendar_name` varchar(200) CHARACTER SET utf8mb4 COLLATE utf8mb4_bin NOT NULL COMMENT '日历名称',
  `calendar` blob NOT NULL COMMENT '存放持久化calendar对象',
  PRIMARY KEY (`sched_name`, `calendar_name`) USING BTREE
) ENGINE = InnoDB CHARACTER SET = utf8mb4 COLLATE = utf8mb4_bin COMMENT = '日历信息表' ROW_FORMAT = DYNAMIC;

-- ----------------------------
-- Records of qrtz_calendars
-- ----------------------------

-- ----------------------------
-- Table structure for qrtz_cron_triggers
-- ----------------------------
DROP TABLE IF EXISTS `qrtz_cron_triggers`;
CREATE TABLE `qrtz_cron_triggers`  (
  `sched_name` varchar(120) CHARACTER SET utf8mb4 COLLATE utf8mb4_bin NOT NULL COMMENT '调度名称',
  `trigger_name` varchar(200) CHARACTER SET utf8mb4 COLLATE utf8mb4_bin NOT NULL COMMENT 'qrtz_triggers表trigger_name的外键',
  `trigger_group` varchar(200) CHARACTER SET utf8mb4 COLLATE utf8mb4_bin NOT NULL COMMENT 'qrtz_triggers表trigger_group的外键',
  `cron_expression` varchar(200) CHARACTER SET utf8mb4 COLLATE utf8mb4_bin NOT NULL COMMENT 'cron表达式',
  `time_zone_id` varchar(80) CHARACTER SET utf8mb4 COLLATE utf8mb4_bin NULL DEFAULT NULL COMMENT '时区',
  PRIMARY KEY (`sched_name`, `trigger_name`, `trigger_group`) USING BTREE,
  CONSTRAINT `qrtz_cron_triggers_ibfk_1` FOREIGN KEY (`sched_name`, `trigger_name`, `trigger_group`) REFERENCES `qrtz_triggers` (`sched_name`, `trigger_name`, `trigger_group`) ON DELETE RESTRICT ON UPDATE RESTRICT
) ENGINE = InnoDB CHARACTER SET = utf8mb4 COLLATE = utf8mb4_bin COMMENT = 'Cron类型的触发器表' ROW_FORMAT = DYNAMIC;

-- ----------------------------
-- Records of qrtz_cron_triggers
-- ----------------------------

-- ----------------------------
-- Table structure for qrtz_fired_triggers
-- ----------------------------
DROP TABLE IF EXISTS `qrtz_fired_triggers`;
CREATE TABLE `qrtz_fired_triggers`  (
  `sched_name` varchar(120) CHARACTER SET utf8mb4 COLLATE utf8mb4_bin NOT NULL COMMENT '调度名称',
  `entry_id` varchar(95) CHARACTER SET utf8mb4 COLLATE utf8mb4_bin NOT NULL COMMENT '调度器实例id',
  `trigger_name` varchar(200) CHARACTER SET utf8mb4 COLLATE utf8mb4_bin NOT NULL COMMENT 'qrtz_triggers表trigger_name的外键',
  `trigger_group` varchar(200) CHARACTER SET utf8mb4 COLLATE utf8mb4_bin NOT NULL COMMENT 'qrtz_triggers表trigger_group的外键',
  `instance_name` varchar(200) CHARACTER SET utf8mb4 COLLATE utf8mb4_bin NOT NULL COMMENT '调度器实例名',
  `fired_time` bigint NOT NULL COMMENT '触发的时间',
  `sched_time` bigint NOT NULL COMMENT '定时器制定的时间',
  `priority` int NOT NULL COMMENT '优先级',
  `state` varchar(16) CHARACTER SET utf8mb4 COLLATE utf8mb4_bin NOT NULL COMMENT '状态',
  `job_name` varchar(200) CHARACTER SET utf8mb4 COLLATE utf8mb4_bin NULL DEFAULT NULL COMMENT '任务名称',
  `job_group` varchar(200) CHARACTER SET utf8mb4 COLLATE utf8mb4_bin NULL DEFAULT NULL COMMENT '任务组名',
  `is_nonconcurrent` varchar(1) CHARACTER SET utf8mb4 COLLATE utf8mb4_bin NULL DEFAULT NULL COMMENT '是否并发',
  `requests_recovery` varchar(1) CHARACTER SET utf8mb4 COLLATE utf8mb4_bin NULL DEFAULT NULL COMMENT '是否接受恢复执行',
  PRIMARY KEY (`sched_name`, `entry_id`) USING BTREE
) ENGINE = InnoDB CHARACTER SET = utf8mb4 COLLATE = utf8mb4_bin COMMENT = '已触发的触发器表' ROW_FORMAT = DYNAMIC;

-- ----------------------------
-- Records of qrtz_fired_triggers
-- ----------------------------

-- ----------------------------
-- Table structure for qrtz_job_details
-- ----------------------------
DROP TABLE IF EXISTS `qrtz_job_details`;
CREATE TABLE `qrtz_job_details`  (
  `sched_name` varchar(120) CHARACTER SET utf8mb4 COLLATE utf8mb4_bin NOT NULL COMMENT '调度名称',
  `job_name` varchar(200) CHARACTER SET utf8mb4 COLLATE utf8mb4_bin NOT NULL COMMENT '任务名称',
  `job_group` varchar(200) CHARACTER SET utf8mb4 COLLATE utf8mb4_bin NOT NULL COMMENT '任务组名',
  `description` varchar(250) CHARACTER SET utf8mb4 COLLATE utf8mb4_bin NULL DEFAULT NULL COMMENT '相关介绍',
  `job_class_name` varchar(250) CHARACTER SET utf8mb4 COLLATE utf8mb4_bin NOT NULL COMMENT '执行任务类名称',
  `is_durable` varchar(1) CHARACTER SET utf8mb4 COLLATE utf8mb4_bin NOT NULL COMMENT '是否持久化',
  `is_nonconcurrent` varchar(1) CHARACTER SET utf8mb4 COLLATE utf8mb4_bin NOT NULL COMMENT '是否并发',
  `is_update_data` varchar(1) CHARACTER SET utf8mb4 COLLATE utf8mb4_bin NOT NULL COMMENT '是否更新数据',
  `requests_recovery` varchar(1) CHARACTER SET utf8mb4 COLLATE utf8mb4_bin NOT NULL COMMENT '是否接受恢复执行',
  `job_data` blob NULL COMMENT '存放持久化job对象',
  PRIMARY KEY (`sched_name`, `job_name`, `job_group`) USING BTREE
) ENGINE = InnoDB CHARACTER SET = utf8mb4 COLLATE = utf8mb4_bin COMMENT = '任务详细信息表' ROW_FORMAT = DYNAMIC;

-- ----------------------------
-- Records of qrtz_job_details
-- ----------------------------

-- ----------------------------
-- Table structure for qrtz_locks
-- ----------------------------
DROP TABLE IF EXISTS `qrtz_locks`;
CREATE TABLE `qrtz_locks`  (
  `sched_name` varchar(120) CHARACTER SET utf8mb4 COLLATE utf8mb4_bin NOT NULL COMMENT '调度名称',
  `lock_name` varchar(40) CHARACTER SET utf8mb4 COLLATE utf8mb4_bin NOT NULL COMMENT '悲观锁名称',
  PRIMARY KEY (`sched_name`, `lock_name`) USING BTREE
) ENGINE = InnoDB CHARACTER SET = utf8mb4 COLLATE = utf8mb4_bin COMMENT = '存储的悲观锁信息表' ROW_FORMAT = DYNAMIC;

-- ----------------------------
-- Records of qrtz_locks
-- ----------------------------

-- ----------------------------
-- Table structure for qrtz_paused_trigger_grps
-- ----------------------------
DROP TABLE IF EXISTS `qrtz_paused_trigger_grps`;
CREATE TABLE `qrtz_paused_trigger_grps`  (
  `sched_name` varchar(120) CHARACTER SET utf8mb4 COLLATE utf8mb4_bin NOT NULL COMMENT '调度名称',
  `trigger_group` varchar(200) CHARACTER SET utf8mb4 COLLATE utf8mb4_bin NOT NULL COMMENT 'qrtz_triggers表trigger_group的外键',
  PRIMARY KEY (`sched_name`, `trigger_group`) USING BTREE
) ENGINE = InnoDB CHARACTER SET = utf8mb4 COLLATE = utf8mb4_bin COMMENT = '暂停的触发器表' ROW_FORMAT = DYNAMIC;

-- ----------------------------
-- Records of qrtz_paused_trigger_grps
-- ----------------------------

-- ----------------------------
-- Table structure for qrtz_scheduler_state
-- ----------------------------
DROP TABLE IF EXISTS `qrtz_scheduler_state`;
CREATE TABLE `qrtz_scheduler_state`  (
  `sched_name` varchar(120) CHARACTER SET utf8mb4 COLLATE utf8mb4_bin NOT NULL COMMENT '调度名称',
  `instance_name` varchar(200) CHARACTER SET utf8mb4 COLLATE utf8mb4_bin NOT NULL COMMENT '实例名称',
  `last_checkin_time` bigint NOT NULL COMMENT '上次检查时间',
  `checkin_interval` bigint NOT NULL COMMENT '检查间隔时间',
  PRIMARY KEY (`sched_name`, `instance_name`) USING BTREE
) ENGINE = InnoDB CHARACTER SET = utf8mb4 COLLATE = utf8mb4_bin COMMENT = '调度器状态表' ROW_FORMAT = DYNAMIC;

-- ----------------------------
-- Records of qrtz_scheduler_state
-- ----------------------------

-- ----------------------------
-- Table structure for qrtz_simple_triggers
-- ----------------------------
DROP TABLE IF EXISTS `qrtz_simple_triggers`;
CREATE TABLE `qrtz_simple_triggers`  (
  `sched_name` varchar(120) CHARACTER SET utf8mb4 COLLATE utf8mb4_bin NOT NULL COMMENT '调度名称',
  `trigger_name` varchar(200) CHARACTER SET utf8mb4 COLLATE utf8mb4_bin NOT NULL COMMENT 'qrtz_triggers表trigger_name的外键',
  `trigger_group` varchar(200) CHARACTER SET utf8mb4 COLLATE utf8mb4_bin NOT NULL COMMENT 'qrtz_triggers表trigger_group的外键',
  `repeat_count` bigint NOT NULL COMMENT '重复的次数统计',
  `repeat_interval` bigint NOT NULL COMMENT '重复的间隔时间',
  `times_triggered` bigint NOT NULL COMMENT '已经触发的次数',
  PRIMARY KEY (`sched_name`, `trigger_name`, `trigger_group`) USING BTREE,
  CONSTRAINT `qrtz_simple_triggers_ibfk_1` FOREIGN KEY (`sched_name`, `trigger_name`, `trigger_group`) REFERENCES `qrtz_triggers` (`sched_name`, `trigger_name`, `trigger_group`) ON DELETE RESTRICT ON UPDATE RESTRICT
) ENGINE = InnoDB CHARACTER SET = utf8mb4 COLLATE = utf8mb4_bin COMMENT = '简单触发器的信息表' ROW_FORMAT = DYNAMIC;

-- ----------------------------
-- Records of qrtz_simple_triggers
-- ----------------------------

-- ----------------------------
-- Table structure for qrtz_simprop_triggers
-- ----------------------------
DROP TABLE IF EXISTS `qrtz_simprop_triggers`;
CREATE TABLE `qrtz_simprop_triggers`  (
  `sched_name` varchar(120) CHARACTER SET utf8mb4 COLLATE utf8mb4_bin NOT NULL COMMENT '调度名称',
  `trigger_name` varchar(200) CHARACTER SET utf8mb4 COLLATE utf8mb4_bin NOT NULL COMMENT 'qrtz_triggers表trigger_name的外键',
  `trigger_group` varchar(200) CHARACTER SET utf8mb4 COLLATE utf8mb4_bin NOT NULL COMMENT 'qrtz_triggers表trigger_group的外键',
  `str_prop_1` varchar(512) CHARACTER SET utf8mb4 COLLATE utf8mb4_bin NULL DEFAULT NULL COMMENT 'String类型的trigger的第一个参数',
  `str_prop_2` varchar(512) CHARACTER SET utf8mb4 COLLATE utf8mb4_bin NULL DEFAULT NULL COMMENT 'String类型的trigger的第二个参数',
  `str_prop_3` varchar(512) CHARACTER SET utf8mb4 COLLATE utf8mb4_bin NULL DEFAULT NULL COMMENT 'String类型的trigger的第三个参数',
  `int_prop_1` int NULL DEFAULT NULL COMMENT 'int类型的trigger的第一个参数',
  `int_prop_2` int NULL DEFAULT NULL COMMENT 'int类型的trigger的第二个参数',
  `long_prop_1` bigint NULL DEFAULT NULL COMMENT 'long类型的trigger的第一个参数',
  `long_prop_2` bigint NULL DEFAULT NULL COMMENT 'long类型的trigger的第二个参数',
  `dec_prop_1` decimal(13, 4) NULL DEFAULT NULL COMMENT 'decimal类型的trigger的第一个参数',
  `dec_prop_2` decimal(13, 4) NULL DEFAULT NULL COMMENT 'decimal类型的trigger的第二个参数',
  `bool_prop_1` varchar(1) CHARACTER SET utf8mb4 COLLATE utf8mb4_bin NULL DEFAULT NULL COMMENT 'Boolean类型的trigger的第一个参数',
  `bool_prop_2` varchar(1) CHARACTER SET utf8mb4 COLLATE utf8mb4_bin NULL DEFAULT NULL COMMENT 'Boolean类型的trigger的第二个参数',
  PRIMARY KEY (`sched_name`, `trigger_name`, `trigger_group`) USING BTREE,
  CONSTRAINT `qrtz_simprop_triggers_ibfk_1` FOREIGN KEY (`sched_name`, `trigger_name`, `trigger_group`) REFERENCES `qrtz_triggers` (`sched_name`, `trigger_name`, `trigger_group`) ON DELETE RESTRICT ON UPDATE RESTRICT
) ENGINE = InnoDB CHARACTER SET = utf8mb4 COLLATE = utf8mb4_bin COMMENT = '同步机制的行锁表' ROW_FORMAT = DYNAMIC;

-- ----------------------------
-- Records of qrtz_simprop_triggers
-- ----------------------------

-- ----------------------------
-- Table structure for qrtz_triggers
-- ----------------------------
DROP TABLE IF EXISTS `qrtz_triggers`;
CREATE TABLE `qrtz_triggers`  (
  `sched_name` varchar(120) CHARACTER SET utf8mb4 COLLATE utf8mb4_bin NOT NULL COMMENT '调度名称',
  `trigger_name` varchar(200) CHARACTER SET utf8mb4 COLLATE utf8mb4_bin NOT NULL COMMENT '触发器的名字',
  `trigger_group` varchar(200) CHARACTER SET utf8mb4 COLLATE utf8mb4_bin NOT NULL COMMENT '触发器所属组的名字',
  `job_name` varchar(200) CHARACTER SET utf8mb4 COLLATE utf8mb4_bin NOT NULL COMMENT 'qrtz_job_details表job_name的外键',
  `job_group` varchar(200) CHARACTER SET utf8mb4 COLLATE utf8mb4_bin NOT NULL COMMENT 'qrtz_job_details表job_group的外键',
  `description` varchar(250) CHARACTER SET utf8mb4 COLLATE utf8mb4_bin NULL DEFAULT NULL COMMENT '相关介绍',
  `next_fire_time` bigint NULL DEFAULT NULL COMMENT '上一次触发时间（毫秒）',
  `prev_fire_time` bigint NULL DEFAULT NULL COMMENT '下一次触发时间（默认为-1表示不触发）',
  `priority` int NULL DEFAULT NULL COMMENT '优先级',
  `trigger_state` varchar(16) CHARACTER SET utf8mb4 COLLATE utf8mb4_bin NOT NULL COMMENT '触发器状态',
  `trigger_type` varchar(8) CHARACTER SET utf8mb4 COLLATE utf8mb4_bin NOT NULL COMMENT '触发器的类型',
  `start_time` bigint NOT NULL COMMENT '开始时间',
  `end_time` bigint NULL DEFAULT NULL COMMENT '结束时间',
  `calendar_name` varchar(200) CHARACTER SET utf8mb4 COLLATE utf8mb4_bin NULL DEFAULT NULL COMMENT '日程表名称',
  `misfire_instr` smallint NULL DEFAULT NULL COMMENT '补偿执行的策略',
  `job_data` blob NULL COMMENT '存放持久化job对象',
  PRIMARY KEY (`sched_name`, `trigger_name`, `trigger_group`) USING BTREE,
  INDEX `sched_name`(`sched_name` ASC, `job_name` ASC, `job_group` ASC) USING BTREE,
  CONSTRAINT `qrtz_triggers_ibfk_1` FOREIGN KEY (`sched_name`, `job_name`, `job_group`) REFERENCES `qrtz_job_details` (`sched_name`, `job_name`, `job_group`) ON DELETE RESTRICT ON UPDATE RESTRICT
) ENGINE = InnoDB CHARACTER SET = utf8mb4 COLLATE = utf8mb4_bin COMMENT = '触发器详细信息表' ROW_FORMAT = DYNAMIC;

-- ----------------------------
-- Records of qrtz_triggers
-- ----------------------------

-- ----------------------------
-- Table structure for region
-- ----------------------------
DROP TABLE IF EXISTS `region`;
CREATE TABLE `region`  (
  `id` bigint NOT NULL AUTO_INCREMENT COMMENT '区域ID',
  `region_name` varchar(255) CHARACTER SET utf8mb4 COLLATE utf8mb4_0900_ai_ci NOT NULL COMMENT '区域名称',
  `region_type` enum('country','admin1','admin2','cultural','territory') CHARACTER SET utf8mb4 COLLATE utf8mb4_0900_ai_ci NOT NULL COMMENT '区域类型',
  `parent_region_id` bigint NULL DEFAULT NULL COMMENT '父级区域ID',
  `iso_code` varchar(50) CHARACTER SET utf8mb4 COLLATE utf8mb4_0900_ai_ci NULL DEFAULT NULL,
  PRIMARY KEY (`id`) USING BTREE,
  INDEX `parent_region_id`(`parent_region_id` ASC) USING BTREE,
  CONSTRAINT `region_ibfk_1` FOREIGN KEY (`parent_region_id`) REFERENCES `region` (`id`) ON DELETE RESTRICT ON UPDATE RESTRICT
) ENGINE = InnoDB AUTO_INCREMENT = 18 CHARACTER SET = utf8mb4 COLLATE = utf8mb4_0900_ai_ci COMMENT = '国家/邦/区域' ROW_FORMAT = Dynamic;

-- ----------------------------
-- Records of region
-- ----------------------------
INSERT INTO `region` VALUES (1, '印度', 'country', NULL, 'IN');
INSERT INTO `region` VALUES (2, '孟加拉国', 'country', NULL, 'BD');
INSERT INTO `region` VALUES (3, '斯里兰卡', 'country', NULL, 'LK');
INSERT INTO `region` VALUES (4, '旁遮普邦', 'admin1', 1, NULL);
INSERT INTO `region` VALUES (5, '西孟加拉邦', 'admin1', 1, NULL);
INSERT INTO `region` VALUES (6, '泰米尔纳德邦', 'admin1', 1, NULL);
INSERT INTO `region` VALUES (7, '阿萨姆邦', 'admin1', 1, NULL);
INSERT INTO `region` VALUES (8, '那加兰邦', 'admin1', 1, NULL);
INSERT INTO `region` VALUES (9, '拉贾斯坦邦', 'admin1', 1, NULL);
INSERT INTO `region` VALUES (10, '马哈拉施特拉邦', 'admin1', 1, NULL);
INSERT INTO `region` VALUES (11, '古吉拉特邦', 'admin1', 1, NULL);
INSERT INTO `region` VALUES (12, '卡纳塔克邦', 'admin1', 1, NULL);
INSERT INTO `region` VALUES (13, '喀拉拉邦', 'admin1', 1, NULL);
INSERT INTO `region` VALUES (14, '查谟和克什米尔', 'admin1', 1, NULL);
INSERT INTO `region` VALUES (15, '特伦甘纳邦', 'admin1', 1, NULL);
INSERT INTO `region` VALUES (16, '锡金邦', 'admin1', 1, NULL);
INSERT INTO `region` VALUES (17, '开伯尔-普什图省', 'admin1', 2, NULL);

-- ----------------------------
-- Table structure for religion
-- ----------------------------
DROP TABLE IF EXISTS `religion`;
CREATE TABLE `religion`  (
  `id` bigint NOT NULL AUTO_INCREMENT COMMENT '宗教ID',
  `religion_name` varchar(255) CHARACTER SET utf8mb4 COLLATE utf8mb4_0900_ai_ci NULL DEFAULT NULL COMMENT '宗教名称',
  PRIMARY KEY (`id`) USING BTREE
) ENGINE = InnoDB AUTO_INCREMENT = 7 CHARACTER SET = utf8mb4 COLLATE = utf8mb4_0900_ai_ci COMMENT = '宗教表' ROW_FORMAT = Dynamic;

-- ----------------------------
-- Records of religion
-- ----------------------------
INSERT INTO `religion` VALUES (1, '印度教');
INSERT INTO `religion` VALUES (2, '伊斯兰教');
INSERT INTO `religion` VALUES (3, '锡克教');
INSERT INTO `religion` VALUES (4, '佛教');
INSERT INTO `religion` VALUES (5, '基督教');
INSERT INTO `religion` VALUES (6, '部族传统宗教');

-- ----------------------------
-- Table structure for system_config
-- ----------------------------
DROP TABLE IF EXISTS `system_config`;
CREATE TABLE `system_config`  (
  `config_id` int NOT NULL AUTO_INCREMENT COMMENT '参数主键',
  `config_name` varchar(100) CHARACTER SET utf8mb4 COLLATE utf8mb4_bin NULL DEFAULT '' COMMENT '参数名称',
  `config_key` varchar(100) CHARACTER SET utf8mb4 COLLATE utf8mb4_bin NULL DEFAULT '' COMMENT '参数键名',
  `config_value` varchar(500) CHARACTER SET utf8mb4 COLLATE utf8mb4_bin NULL DEFAULT '' COMMENT '参数键值',
  `config_type` char(1) CHARACTER SET utf8mb4 COLLATE utf8mb4_bin NULL DEFAULT 'N' COMMENT '系统内置（Y是 N否）',
  `create_by` varchar(64) CHARACTER SET utf8mb4 COLLATE utf8mb4_bin NULL DEFAULT '' COMMENT '创建者',
  `create_time` datetime NULL DEFAULT NULL COMMENT '创建时间',
  `update_by` varchar(64) CHARACTER SET utf8mb4 COLLATE utf8mb4_bin NULL DEFAULT '' COMMENT '更新者',
  `update_time` datetime NULL DEFAULT NULL COMMENT '更新时间',
  `remark` varchar(500) CHARACTER SET utf8mb4 COLLATE utf8mb4_bin NULL DEFAULT NULL COMMENT '备注',
  PRIMARY KEY (`config_id`) USING BTREE
) ENGINE = InnoDB AUTO_INCREMENT = 7 CHARACTER SET = utf8mb4 COLLATE = utf8mb4_bin COMMENT = '参数配置表' ROW_FORMAT = DYNAMIC;

-- ----------------------------
-- Records of system_config
-- ----------------------------
INSERT INTO `system_config` VALUES (1, '主框架页-默认皮肤样式名称', 'sys.index.skinName', 'skin-blue', 'Y', '小桐', '2025-09-04 18:14:57', '', NULL, '蓝色 skin-blue、绿色 skin-green、紫色 skin-purple、红色 skin-red、黄色 skin-yellow');
INSERT INTO `system_config` VALUES (2, '用户管理-账号初始密码', 'sys.user.initPassword', '123456', 'Y', '小桐', '2025-09-04 18:14:57', '', NULL, '初始化密码 123456');
INSERT INTO `system_config` VALUES (3, '主框架页-侧边栏主题', 'sys.index.sideTheme', 'theme-dark', 'Y', '小桐', '2025-09-04 18:14:57', '', NULL, '深色主题theme-dark，浅色主题theme-light');
INSERT INTO `system_config` VALUES (4, '账号自助-验证码开关', 'sys.account.captchaEnabled', 'true', 'Y', '小桐', '2025-09-04 18:14:57', '', NULL, '是否开启验证码功能（true开启，false关闭）');
INSERT INTO `system_config` VALUES (5, '账号自助-是否开启用户注册功能', 'sys.account.registerUser', 'false', 'Y', '小桐', '2025-09-04 18:14:57', '', NULL, '是否开启注册用户功能（true开启，false关闭）');
INSERT INTO `system_config` VALUES (6, '用户登录-黑名单列表', 'sys.login.blackIPList', '', 'Y', '小桐', '2025-09-04 18:14:57', '', NULL, '设置登录IP黑名单限制，多个匹配项以;分隔，支持匹配（*通配、网段）');

-- ----------------------------
-- Table structure for system_content
-- ----------------------------
DROP TABLE IF EXISTS `system_content`;
CREATE TABLE `system_content`  (
  `id` int NOT NULL AUTO_INCREMENT COMMENT 'ID',
  `sys_name` varchar(255) CHARACTER SET utf8mb4 COLLATE utf8mb4_unicode_ci NULL DEFAULT NULL COMMENT '系统名称',
  `logo` varchar(255) CHARACTER SET utf8mb4 COLLATE utf8mb4_unicode_ci NULL DEFAULT NULL COMMENT '系统logo',
  `login_logo` varchar(255) CHARACTER SET utf8mb4 COLLATE utf8mb4_unicode_ci NULL DEFAULT NULL COMMENT '登录页面logo',
  `carousel_image` varchar(512) CHARACTER SET utf8mb4 COLLATE utf8mb4_unicode_ci NULL DEFAULT NULL COMMENT '轮播图',
  `contact_number` varchar(255) CHARACTER SET utf8mb4 COLLATE utf8mb4_unicode_ci NULL DEFAULT NULL COMMENT '联系电话',
  `email` varchar(255) CHARACTER SET utf8mb4 COLLATE utf8mb4_unicode_ci NULL DEFAULT NULL COMMENT '电子邮箱',
  `copyright` varchar(255) CHARACTER SET utf8mb4 COLLATE utf8mb4_unicode_ci NULL DEFAULT NULL COMMENT '版权方',
  `record_number` varchar(255) CHARACTER SET utf8mb4 COLLATE utf8mb4_unicode_ci NULL DEFAULT NULL COMMENT '备案号',
  `del_flag` int NULL DEFAULT NULL COMMENT '删除标记',
  `status` int NULL DEFAULT NULL COMMENT '状态',
  `create_by` varchar(255) CHARACTER SET utf8mb4 COLLATE utf8mb4_unicode_ci NULL DEFAULT NULL COMMENT '创建人',
  `creator_id` int NULL DEFAULT NULL COMMENT '创建人id',
  `create_time` datetime NULL DEFAULT NULL COMMENT '创建时间',
  `update_by` varchar(255) CHARACTER SET utf8mb4 COLLATE utf8mb4_unicode_ci NULL DEFAULT NULL COMMENT '修改人',
  `updater_id` int NULL DEFAULT NULL COMMENT '修改人id',
  `update_time` datetime NULL DEFAULT NULL COMMENT '修改时间',
  `remark` varchar(255) CHARACTER SET utf8mb4 COLLATE utf8mb4_unicode_ci NULL DEFAULT NULL COMMENT '备注',
  PRIMARY KEY (`id`) USING BTREE
) ENGINE = InnoDB AUTO_INCREMENT = 2 CHARACTER SET = utf8mb4 COLLATE = utf8mb4_unicode_ci ROW_FORMAT = DYNAMIC;

-- ----------------------------
-- Records of system_content
-- ----------------------------
INSERT INTO `system_content` VALUES (1, NULL, '', '', '', '400-660-8208', 'support@qiantong.tech', 'Copyright© 2025 江苏千桐科技有限公司 版权所有', '苏ICP备2022008519号-3', 0, NULL, NULL, NULL, NULL, '小桐', 1, '2025-01-13 13:18:06', NULL);

-- ----------------------------
-- Table structure for system_dept
-- ----------------------------
DROP TABLE IF EXISTS `system_dept`;
CREATE TABLE `system_dept`  (
  `dept_id` bigint NOT NULL AUTO_INCREMENT COMMENT '部门id',
  `parent_id` bigint NULL DEFAULT 0 COMMENT '父部门id',
  `ancestors` varchar(50) CHARACTER SET utf8mb4 COLLATE utf8mb4_bin NULL DEFAULT '' COMMENT '祖级列表',
  `dept_name` varchar(30) CHARACTER SET utf8mb4 COLLATE utf8mb4_bin NULL DEFAULT '' COMMENT '部门名称',
  `order_num` int NULL DEFAULT 0 COMMENT '显示顺序',
  `leader` varchar(20) CHARACTER SET utf8mb4 COLLATE utf8mb4_bin NULL DEFAULT NULL COMMENT '负责人',
  `phone` varchar(11) CHARACTER SET utf8mb4 COLLATE utf8mb4_bin NULL DEFAULT NULL COMMENT '联系电话',
  `email` varchar(50) CHARACTER SET utf8mb4 COLLATE utf8mb4_bin NULL DEFAULT NULL COMMENT '邮箱',
  `status` char(1) CHARACTER SET utf8mb4 COLLATE utf8mb4_bin NULL DEFAULT '0' COMMENT '部门状态（0正常 1停用）',
  `del_flag` char(1) CHARACTER SET utf8mb4 COLLATE utf8mb4_bin NULL DEFAULT '0' COMMENT '删除标志（0代表存在 2代表删除）',
  `create_by` varchar(64) CHARACTER SET utf8mb4 COLLATE utf8mb4_bin NULL DEFAULT '' COMMENT '创建者',
  `create_time` datetime NULL DEFAULT NULL COMMENT '创建时间',
  `update_by` varchar(64) CHARACTER SET utf8mb4 COLLATE utf8mb4_bin NULL DEFAULT '' COMMENT '更新者',
  `update_time` datetime NULL DEFAULT NULL COMMENT '更新时间',
  PRIMARY KEY (`dept_id`) USING BTREE
) ENGINE = InnoDB AUTO_INCREMENT = 110 CHARACTER SET = utf8mb4 COLLATE = utf8mb4_bin COMMENT = '部门表' ROW_FORMAT = DYNAMIC;

-- ----------------------------
-- Records of system_dept
-- ----------------------------
INSERT INTO `system_dept` VALUES (100, 0, '0', '中科星图', 0, '中科星图', '15888888888', 'insmess@insmess.com', '0', '0', '小桐', '2025-09-04 18:14:56', '星小图', '2025-10-10 06:53:09');
INSERT INTO `system_dept` VALUES (101, 100, '0,100', '北京总公司', 1, '唐朝辉', '15888888888', 'support@qiantong.tech', '0', '0', '小桐', '2025-09-04 18:14:56', '星小图', '2025-10-10 06:53:19');
INSERT INTO `system_dept` VALUES (102, 100, '0,100', '郑州分公司', 2, '唐朝辉', '15888888888', 'support@qiantong.tech', '0', '0', '小桐', '2025-09-04 18:14:56', '', NULL);
INSERT INTO `system_dept` VALUES (103, 101, '0,100,101', '研发部门', 1, '唐朝辉', '15888888888', 'support@qiantong.tech', '0', '0', '小桐', '2025-09-04 18:14:56', '', NULL);
INSERT INTO `system_dept` VALUES (104, 101, '0,100,101', '市场部门', 2, '唐朝辉', '15888888888', 'support@qiantong.tech', '0', '0', '小桐', '2025-09-04 18:14:56', '', NULL);
INSERT INTO `system_dept` VALUES (105, 101, '0,100,101', '测试部门', 3, '唐朝辉', '15888888888', 'support@qiantong.tech', '0', '0', '小桐', '2025-09-04 18:14:56', '', NULL);
INSERT INTO `system_dept` VALUES (106, 101, '0,100,101', '财务部门', 4, '唐朝辉', '15888888888', 'support@qiantong.tech', '0', '0', '小桐', '2025-09-04 18:14:56', '', NULL);
INSERT INTO `system_dept` VALUES (107, 101, '0,100,101', '运维部门', 5, '唐朝辉', '15888888888', 'support@qiantong.tech', '0', '0', '小桐', '2025-09-04 18:14:56', '', NULL);
INSERT INTO `system_dept` VALUES (108, 102, '0,100,102', '市场部门', 1, '唐朝辉', '15888888888', 'support@qiantong.tech', '0', '0', '小桐', '2025-09-04 18:14:56', '', NULL);
INSERT INTO `system_dept` VALUES (109, 102, '0,100,102', '财务部门', 2, '唐朝辉', '15888888888', 'support@qiantong.tech', '0', '0', '小桐', '2025-09-04 18:14:56', '', NULL);

-- ----------------------------
-- Table structure for system_dict_data
-- ----------------------------
DROP TABLE IF EXISTS `system_dict_data`;
CREATE TABLE `system_dict_data`  (
  `dict_code` bigint NOT NULL AUTO_INCREMENT COMMENT '字典编码',
  `dict_sort` int NULL DEFAULT 0 COMMENT '字典排序',
  `dict_label` varchar(100) CHARACTER SET utf8mb4 COLLATE utf8mb4_bin NULL DEFAULT '' COMMENT '字典标签',
  `dict_value` varchar(100) CHARACTER SET utf8mb4 COLLATE utf8mb4_bin NULL DEFAULT '' COMMENT '字典键值',
  `dict_type` varchar(100) CHARACTER SET utf8mb4 COLLATE utf8mb4_bin NULL DEFAULT '' COMMENT '字典类型',
  `css_class` varchar(100) CHARACTER SET utf8mb4 COLLATE utf8mb4_bin NULL DEFAULT NULL COMMENT '样式属性（其他样式扩展）',
  `list_class` varchar(100) CHARACTER SET utf8mb4 COLLATE utf8mb4_bin NULL DEFAULT NULL COMMENT '表格回显样式',
  `is_default` char(1) CHARACTER SET utf8mb4 COLLATE utf8mb4_bin NULL DEFAULT 'N' COMMENT '是否默认（Y是 N否）',
  `status` char(1) CHARACTER SET utf8mb4 COLLATE utf8mb4_bin NULL DEFAULT '0' COMMENT '状态（0正常 1停用）',
  `create_by` varchar(64) CHARACTER SET utf8mb4 COLLATE utf8mb4_bin NULL DEFAULT '' COMMENT '创建者',
  `create_time` datetime NULL DEFAULT NULL COMMENT '创建时间',
  `update_by` varchar(64) CHARACTER SET utf8mb4 COLLATE utf8mb4_bin NULL DEFAULT '' COMMENT '更新者',
  `update_time` datetime NULL DEFAULT NULL COMMENT '更新时间',
  `remark` varchar(500) CHARACTER SET utf8mb4 COLLATE utf8mb4_bin NULL DEFAULT NULL COMMENT '备注',
  PRIMARY KEY (`dict_code`) USING BTREE
) ENGINE = InnoDB AUTO_INCREMENT = 58 CHARACTER SET = utf8mb4 COLLATE = utf8mb4_bin COMMENT = '字典数据表' ROW_FORMAT = DYNAMIC;

-- ----------------------------
-- Records of system_dict_data
-- ----------------------------
INSERT INTO `system_dict_data` VALUES (1, 1, '男', '0', 'sys_user_sex', '', '', 'Y', '0', '小桐', '2025-09-04 18:14:57', '', NULL, '性别男');
INSERT INTO `system_dict_data` VALUES (2, 2, '女', '1', 'sys_user_sex', '', '', 'N', '0', '小桐', '2025-09-04 18:14:57', '', NULL, '性别女');
INSERT INTO `system_dict_data` VALUES (3, 3, '未知', '2', 'sys_user_sex', '', '', 'N', '0', '小桐', '2025-09-04 18:14:57', '', NULL, '性别未知');
INSERT INTO `system_dict_data` VALUES (4, 1, '显示', '0', 'sys_show_hide', '', 'primary', 'Y', '0', '小桐', '2025-09-04 18:14:57', '', NULL, '显示菜单');
INSERT INTO `system_dict_data` VALUES (5, 2, '隐藏', '1', 'sys_show_hide', '', 'danger', 'N', '0', '小桐', '2025-09-04 18:14:57', '', NULL, '隐藏菜单');
INSERT INTO `system_dict_data` VALUES (6, 1, '正常', '0', 'sys_normal_disable', '', 'primary', 'Y', '0', '小桐', '2025-09-04 18:14:57', '', NULL, '正常状态');
INSERT INTO `system_dict_data` VALUES (7, 2, '停用', '1', 'sys_normal_disable', '', 'danger', 'N', '0', '小桐', '2025-09-04 18:14:57', '', NULL, '停用状态');
INSERT INTO `system_dict_data` VALUES (8, 1, '正常', '0', 'sys_job_status', '', 'primary', 'Y', '0', '小桐', '2025-09-04 18:14:57', '', NULL, '正常状态');
INSERT INTO `system_dict_data` VALUES (9, 2, '暂停', '1', 'sys_job_status', '', 'danger', 'N', '0', '小桐', '2025-09-04 18:14:57', '', NULL, '停用状态');
INSERT INTO `system_dict_data` VALUES (10, 1, '默认', 'DEFAULT', 'sys_job_group', '', '', 'Y', '0', '小桐', '2025-09-04 18:14:57', '', NULL, '默认分组');
INSERT INTO `system_dict_data` VALUES (11, 2, '系统', 'SYSTEM', 'sys_job_group', '', '', 'N', '0', '小桐', '2025-09-04 18:14:57', '', NULL, '系统分组');
INSERT INTO `system_dict_data` VALUES (12, 1, '是', 'Y', 'sys_yes_no', '', 'primary', 'Y', '0', '小桐', '2025-09-04 18:14:57', '', NULL, '系统默认是');
INSERT INTO `system_dict_data` VALUES (13, 2, '否', 'N', 'sys_yes_no', '', 'danger', 'N', '0', '小桐', '2025-09-04 18:14:57', '', NULL, '系统默认否');
INSERT INTO `system_dict_data` VALUES (14, 1, '通知', '1', 'sys_notice_type', '', 'warning', 'Y', '0', '小桐', '2025-09-04 18:14:57', '', NULL, '通知');
INSERT INTO `system_dict_data` VALUES (15, 2, '公告', '2', 'sys_notice_type', '', 'success', 'N', '0', '小桐', '2025-09-04 18:14:57', '', NULL, '公告');
INSERT INTO `system_dict_data` VALUES (16, 1, '正常', '0', 'sys_notice_status', '', 'primary', 'Y', '0', '小桐', '2025-09-04 18:14:57', '', NULL, '正常状态');
INSERT INTO `system_dict_data` VALUES (17, 2, '关闭', '1', 'sys_notice_status', '', 'danger', 'N', '0', '小桐', '2025-09-04 18:14:57', '', NULL, '关闭状态');
INSERT INTO `system_dict_data` VALUES (18, 99, '其他', '0', 'sys_oper_type', '', 'info', 'N', '0', '小桐', '2025-09-04 18:14:57', '', NULL, '其他操作');
INSERT INTO `system_dict_data` VALUES (19, 1, '新增', '1', 'sys_oper_type', '', 'info', 'N', '0', '小桐', '2025-09-04 18:14:57', '', NULL, '新增操作');
INSERT INTO `system_dict_data` VALUES (20, 2, '修改', '2', 'sys_oper_type', '', 'info', 'N', '0', '小桐', '2025-09-04 18:14:57', '', NULL, '修改操作');
INSERT INTO `system_dict_data` VALUES (21, 3, '删除', '3', 'sys_oper_type', '', 'danger', 'N', '0', '小桐', '2025-09-04 18:14:57', '', NULL, '删除操作');
INSERT INTO `system_dict_data` VALUES (22, 4, '授权', '4', 'sys_oper_type', '', 'primary', 'N', '0', '小桐', '2025-09-04 18:14:57', '', NULL, '授权操作');
INSERT INTO `system_dict_data` VALUES (23, 5, '导出', '5', 'sys_oper_type', '', 'warning', 'N', '0', '小桐', '2025-09-04 18:14:57', '', NULL, '导出操作');
INSERT INTO `system_dict_data` VALUES (24, 6, '导入', '6', 'sys_oper_type', '', 'warning', 'N', '0', '小桐', '2025-09-04 18:14:57', '', NULL, '导入操作');
INSERT INTO `system_dict_data` VALUES (25, 7, '强退', '7', 'sys_oper_type', '', 'danger', 'N', '0', '小桐', '2025-09-04 18:14:57', '', NULL, '强退操作');
INSERT INTO `system_dict_data` VALUES (26, 8, '生成代码', '8', 'sys_oper_type', '', 'warning', 'N', '0', '小桐', '2025-09-04 18:14:57', '', NULL, '生成操作');
INSERT INTO `system_dict_data` VALUES (27, 9, '清空数据', '9', 'sys_oper_type', '', 'danger', 'N', '0', '小桐', '2025-09-04 18:14:57', '', NULL, '清空操作');
INSERT INTO `system_dict_data` VALUES (28, 1, '成功', '0', 'sys_common_status', '', 'primary', 'N', '0', '小桐', '2025-09-04 18:14:57', '', NULL, '正常状态');
INSERT INTO `system_dict_data` VALUES (29, 2, '失败', '1', 'sys_common_status', '', 'danger', 'N', '0', '小桐', '2025-09-04 18:14:57', '', NULL, '停用状态');
INSERT INTO `system_dict_data` VALUES (30, 0, '文本', '0', 'ext_data_type', '', 'default', 'N', '0', '小桐', '2025-09-04 18:14:57', '', NULL, '文本类型');
INSERT INTO `system_dict_data` VALUES (31, 1, '整数', '1', 'ext_data_type', '', 'default', 'N', '0', '小桐', '2025-09-04 18:14:57', '', NULL, '整数类型');
INSERT INTO `system_dict_data` VALUES (32, 2, '小数', '2', 'ext_data_type', '', 'default', 'N', '0', '小桐', '2025-09-04 18:14:57', '', NULL, '小数类型');
INSERT INTO `system_dict_data` VALUES (33, 3, '时间', '3', 'ext_data_type', '', 'default', 'N', '0', '小桐', '2025-09-04 18:14:57', '', NULL, '时间类型');
INSERT INTO `system_dict_data` VALUES (34, 4, '字节类型', '4', 'ext_data_type', '', 'default', 'N', '0', '小桐', '2025-09-04 18:14:57', '', NULL, '字节类型');
INSERT INTO `system_dict_data` VALUES (35, 5, '布尔值', '5', 'ext_data_type', '', 'default', 'N', '0', '小桐', '2025-09-04 18:14:57', '', NULL, '布尔值类型');
INSERT INTO `system_dict_data` VALUES (36, 0, '唯一性校验', '0', 'ext_data_check', '', 'default', 'N', '0', '小桐', '2025-09-04 18:14:57', '', NULL, '唯一性校验');
INSERT INTO `system_dict_data` VALUES (37, 1, '长度校验', '1', 'ext_data_check', '', 'default', 'N', '0', '小桐', '2025-09-04 18:14:57', '', NULL, '长度校验');
INSERT INTO `system_dict_data` VALUES (38, 2, '区间校验', '2', 'ext_data_check', '', 'default', 'N', '0', '小桐', '2025-09-04 18:14:57', '', NULL, '区间校验');
INSERT INTO `system_dict_data` VALUES (39, 0, '未发布', '0', 'publish_status', '', 'warning', 'N', '0', '小桐', '2025-09-04 18:14:57', '', NULL, '未发布状态');
INSERT INTO `system_dict_data` VALUES (40, 1, '已发布', '1', 'publish_status', '', 'success', 'N', '0', '小桐', '2025-09-04 18:14:57', '', NULL, '已发布状态');
INSERT INTO `system_dict_data` VALUES (41, 0, '未执行', '0', 'ext_task_status', '', 'primary', 'N', '0', '小桐', '2025-09-04 18:14:57', '', NULL, '未执行状态');
INSERT INTO `system_dict_data` VALUES (42, 1, '进行中', '1', 'ext_task_status', '', 'warning', 'N', '0', '小桐', '2025-09-04 18:14:57', '', NULL, '进行中状态');
INSERT INTO `system_dict_data` VALUES (43, 2, '已完成', '2', 'ext_task_status', '', 'success', 'N', '0', '小桐', '2025-09-04 18:14:57', '', NULL, '已完成状态');
INSERT INTO `system_dict_data` VALUES (44, 3, '执行失败', '3', 'ext_task_status', '', 'danger', 'N', '0', '小桐', '2025-09-04 18:14:57', '', NULL, '执行失败状态');
INSERT INTO `system_dict_data` VALUES (45, 1, 'MySql', 'MySql', 'datasource_type', '', 'primary', 'N', '0', '小桐', '2025-09-04 18:14:57', '', NULL, 'MySql数据库');
INSERT INTO `system_dict_data` VALUES (46, 2, 'DM8', 'DM8', 'datasource_type', '', 'primary', 'N', '0', '小桐', '2025-09-04 18:14:57', '星小图', '2025-09-19 07:27:32', '达梦8数据库');
INSERT INTO `system_dict_data` VALUES (47, 3, 'Oracle', 'Oracle', 'datasource_type', '', 'primary', 'N', '0', '小桐', '2025-09-04 18:14:57', '星小图', '2025-09-19 07:27:36', 'Oracle数据库');
INSERT INTO `system_dict_data` VALUES (48, 4, 'Oracle11', 'Oracle11', 'datasource_type', '', 'primary', 'N', '0', '小桐', '2025-09-04 18:14:57', '星小图', '2025-10-16 10:46:14', 'Oracle11数据库');
INSERT INTO `system_dict_data` VALUES (49, 5, 'Kingbase8', 'Kingbase8', 'datasource_type', '', 'primary', 'N', '0', '小桐', '2025-09-04 18:14:57', '星小图', '2025-10-16 10:46:18', '人大金仓8数据库');
INSERT INTO `system_dict_data` VALUES (50, 20, 'Postgresql', 'Postgresql', 'datasource_type', NULL, 'primary', 'N', '0', '星小图', '2025-09-19 07:27:52', '星小图', '2025-10-16 10:22:34', 'PostgreSql数据库');
INSERT INTO `system_dict_data` VALUES (54, 90, 'GBase', 'GBase', 'datasource_type', NULL, 'primary', 'N', '0', '星小图', '2025-10-16 10:45:11', '星小图', '2025-10-16 10:45:34', NULL);
INSERT INTO `system_dict_data` VALUES (55, 0, '规则抽取', '0', 'extract_mode_type', NULL, 'default', 'N', '0', '星小图', '2025-11-15 15:04:35', '', NULL, NULL);
INSERT INTO `system_dict_data` VALUES (56, 0, 'DeepKE抽取', '1', 'extract_mode_type', NULL, 'default', 'N', '0', '星小图', '2025-11-15 15:05:48', '', NULL, NULL);
INSERT INTO `system_dict_data` VALUES (57, 0, '大模型抽取', '2', 'extract_mode_type', NULL, 'default', 'N', '0', '星小图', '2025-11-15 15:06:01', '', NULL, NULL);

-- ----------------------------
-- Table structure for system_dict_type
-- ----------------------------
DROP TABLE IF EXISTS `system_dict_type`;
CREATE TABLE `system_dict_type`  (
  `dict_id` bigint NOT NULL AUTO_INCREMENT COMMENT '字典主键',
  `dict_name` varchar(100) CHARACTER SET utf8mb4 COLLATE utf8mb4_bin NULL DEFAULT '' COMMENT '字典名称',
  `dict_type` varchar(100) CHARACTER SET utf8mb4 COLLATE utf8mb4_bin NULL DEFAULT '' COMMENT '字典类型',
  `status` char(1) CHARACTER SET utf8mb4 COLLATE utf8mb4_bin NULL DEFAULT '0' COMMENT '状态（0正常 1停用）',
  `create_by` varchar(64) CHARACTER SET utf8mb4 COLLATE utf8mb4_bin NULL DEFAULT '' COMMENT '创建者',
  `create_time` datetime NULL DEFAULT NULL COMMENT '创建时间',
  `update_by` varchar(64) CHARACTER SET utf8mb4 COLLATE utf8mb4_bin NULL DEFAULT '' COMMENT '更新者',
  `update_time` datetime NULL DEFAULT NULL COMMENT '更新时间',
  `remark` varchar(500) CHARACTER SET utf8mb4 COLLATE utf8mb4_bin NULL DEFAULT NULL COMMENT '备注',
  PRIMARY KEY (`dict_id`) USING BTREE,
  UNIQUE INDEX `dict_type`(`dict_type` ASC) USING BTREE
) ENGINE = InnoDB AUTO_INCREMENT = 17 CHARACTER SET = utf8mb4 COLLATE = utf8mb4_bin COMMENT = '字典类型表' ROW_FORMAT = DYNAMIC;

-- ----------------------------
-- Records of system_dict_type
-- ----------------------------
INSERT INTO `system_dict_type` VALUES (1, '用户性别', 'sys_user_sex', '0', '小桐', '2025-09-04 18:14:57', '', NULL, '用户性别列表');
INSERT INTO `system_dict_type` VALUES (2, '菜单状态', 'sys_show_hide', '0', '小桐', '2025-09-04 18:14:57', '', NULL, '菜单状态列表');
INSERT INTO `system_dict_type` VALUES (3, '系统开关', 'sys_normal_disable', '0', '小桐', '2025-09-04 18:14:57', '', NULL, '系统开关列表');
INSERT INTO `system_dict_type` VALUES (4, '任务状态', 'sys_job_status', '0', '小桐', '2025-09-04 18:14:57', '', NULL, '任务状态列表');
INSERT INTO `system_dict_type` VALUES (5, '任务分组', 'sys_job_group', '0', '小桐', '2025-09-04 18:14:57', '', NULL, '任务分组列表');
INSERT INTO `system_dict_type` VALUES (6, '系统是否', 'sys_yes_no', '0', '小桐', '2025-09-04 18:14:57', '', NULL, '系统是否列表');
INSERT INTO `system_dict_type` VALUES (7, '通知类型', 'sys_notice_type', '0', '小桐', '2025-09-04 18:14:57', '', NULL, '通知类型列表');
INSERT INTO `system_dict_type` VALUES (8, '通知状态', 'sys_notice_status', '0', '小桐', '2025-09-04 18:14:57', '', NULL, '通知状态列表');
INSERT INTO `system_dict_type` VALUES (9, '操作类型', 'sys_oper_type', '0', '小桐', '2025-09-04 18:14:57', '', NULL, '操作类型列表');
INSERT INTO `system_dict_type` VALUES (10, '系统状态', 'sys_common_status', '0', '小桐', '2025-09-04 18:14:57', '', NULL, '登录状态列表');
INSERT INTO `system_dict_type` VALUES (11, '数据类型', 'ext_data_type', '0', '小桐', '2025-09-04 18:14:57', '', NULL, '数据类型列表');
INSERT INTO `system_dict_type` VALUES (12, '数据校验', 'ext_data_check', '0', '小桐', '2025-09-04 18:14:57', '', NULL, '数据校验列表');
INSERT INTO `system_dict_type` VALUES (13, '发布状态', 'publish_status', '0', '小桐', '2025-09-04 18:14:57', '', NULL, '发布状态列表');
INSERT INTO `system_dict_type` VALUES (14, '任务执行状态', 'ext_task_status', '0', '小桐', '2025-09-04 18:14:57', '', NULL, '任务执行状态列表');
INSERT INTO `system_dict_type` VALUES (15, '数据源类型', 'datasource_type', '0', '小桐', '2025-09-04 18:14:57', '', NULL, '数据源类型列表');
INSERT INTO `system_dict_type` VALUES (16, '非结构化抽取方式', 'extract_mode_type', '0', '星小图', '2025-11-15 15:00:52', '', NULL, '非结构化抽取方式列表');

-- ----------------------------
-- Table structure for system_job
-- ----------------------------
DROP TABLE IF EXISTS `system_job`;
CREATE TABLE `system_job`  (
  `job_id` bigint NOT NULL AUTO_INCREMENT COMMENT '任务ID',
  `job_name` varchar(64) CHARACTER SET utf8mb4 COLLATE utf8mb4_bin NOT NULL DEFAULT '' COMMENT '任务名称',
  `job_group` varchar(64) CHARACTER SET utf8mb4 COLLATE utf8mb4_bin NOT NULL DEFAULT 'DEFAULT' COMMENT '任务组名',
  `invoke_target` varchar(500) CHARACTER SET utf8mb4 COLLATE utf8mb4_bin NOT NULL COMMENT '调用目标字符串',
  `cron_expression` varchar(255) CHARACTER SET utf8mb4 COLLATE utf8mb4_bin NULL DEFAULT '' COMMENT 'cron执行表达式',
  `misfire_policy` varchar(20) CHARACTER SET utf8mb4 COLLATE utf8mb4_bin NULL DEFAULT '3' COMMENT '计划执行错误策略（1立即执行 2执行一次 3放弃执行）',
  `concurrent` char(1) CHARACTER SET utf8mb4 COLLATE utf8mb4_bin NULL DEFAULT '1' COMMENT '是否并发执行（0允许 1禁止）',
  `status` char(1) CHARACTER SET utf8mb4 COLLATE utf8mb4_bin NULL DEFAULT '0' COMMENT '状态（0正常 1暂停）',
  `create_by` varchar(64) CHARACTER SET utf8mb4 COLLATE utf8mb4_bin NULL DEFAULT '' COMMENT '创建者',
  `create_time` datetime NULL DEFAULT NULL COMMENT '创建时间',
  `update_by` varchar(64) CHARACTER SET utf8mb4 COLLATE utf8mb4_bin NULL DEFAULT '' COMMENT '更新者',
  `update_time` datetime NULL DEFAULT NULL COMMENT '更新时间',
  `remark` varchar(500) CHARACTER SET utf8mb4 COLLATE utf8mb4_bin NULL DEFAULT '' COMMENT '备注信息',
  PRIMARY KEY (`job_id`, `job_name`, `job_group`) USING BTREE
) ENGINE = InnoDB AUTO_INCREMENT = 102 CHARACTER SET = utf8mb4 COLLATE = utf8mb4_bin COMMENT = '定时任务调度表' ROW_FORMAT = DYNAMIC;

-- ----------------------------
-- Records of system_job
-- ----------------------------
INSERT INTO `system_job` VALUES (1, '系统默认（无参）', 'DEFAULT', 'ryTask.ryNoParams', '0/10 * * * * ?', '3', '1', '1', '小桐', '2025-09-04 18:14:57', '', NULL, '');
INSERT INTO `system_job` VALUES (2, '系统默认（有参）', 'DEFAULT', 'ryTask.ryParams(\'ry\')', '0/15 * * * * ?', '3', '1', '1', '小桐', '2025-09-04 18:14:57', '', NULL, '');
INSERT INTO `system_job` VALUES (3, '系统默认（多参）', 'DEFAULT', 'ryTask.ryMultipleParams(\'ry\', true, 2000L, 316.50D, 100)', '0/20 * * * * ?', '3', '1', '1', '小桐', '2025-09-04 18:14:57', '', NULL, '');
INSERT INTO `system_job` VALUES (100, '结构化任务抽取', 'DEFAULT', 'extStructTaskServiceImpl.consumeQueue()', '0 0/1 * * * ?', '1', '1', '1', '小桐', '2025-09-04 18:14:57', '', NULL, '');
INSERT INTO `system_job` VALUES (101, '非结构化任务抽取', 'DEFAULT', 'extUnstructTaskServiceImpl.consumeQueue()', '0 0/5 * * * ?', '1', '1', '1', '小桐', '2025-09-04 18:14:57', '', NULL, '');

-- ----------------------------
-- Table structure for system_job_log
-- ----------------------------
DROP TABLE IF EXISTS `system_job_log`;
CREATE TABLE `system_job_log`  (
  `job_log_id` bigint NOT NULL AUTO_INCREMENT COMMENT '任务日志ID',
  `job_name` varchar(64) CHARACTER SET utf8mb4 COLLATE utf8mb4_bin NOT NULL COMMENT '任务名称',
  `job_group` varchar(64) CHARACTER SET utf8mb4 COLLATE utf8mb4_bin NOT NULL COMMENT '任务组名',
  `invoke_target` varchar(500) CHARACTER SET utf8mb4 COLLATE utf8mb4_bin NOT NULL COMMENT '调用目标字符串',
  `job_message` varchar(500) CHARACTER SET utf8mb4 COLLATE utf8mb4_bin NULL DEFAULT NULL COMMENT '日志信息',
  `status` char(1) CHARACTER SET utf8mb4 COLLATE utf8mb4_bin NULL DEFAULT '0' COMMENT '执行状态（0正常 1失败）',
  `exception_info` varchar(2000) CHARACTER SET utf8mb4 COLLATE utf8mb4_bin NULL DEFAULT '' COMMENT '异常信息',
  `create_time` datetime NULL DEFAULT NULL COMMENT '创建时间',
  PRIMARY KEY (`job_log_id`) USING BTREE
) ENGINE = InnoDB AUTO_INCREMENT = 118 CHARACTER SET = utf8mb4 COLLATE = utf8mb4_bin COMMENT = '定时任务调度日志表' ROW_FORMAT = DYNAMIC;

-- ----------------------------
-- Records of system_job_log
-- ----------------------------
INSERT INTO `system_job_log` VALUES (1, '结构化任务抽取', 'DEFAULT', 'extStructTaskServiceImpl.consumeQueue()', '结构化任务抽取 总共耗时：987毫秒', '0', '', '2025-09-05 15:18:03');
INSERT INTO `system_job_log` VALUES (2, '结构化任务抽取', 'DEFAULT', 'extStructTaskServiceImpl.consumeQueue()', '结构化任务抽取 总共耗时：701毫秒', '0', '', '2025-09-05 15:19:13');
INSERT INTO `system_job_log` VALUES (3, '结构化任务抽取', 'DEFAULT', 'extStructTaskServiceImpl.consumeQueue()', '结构化任务抽取 总共耗时：33576毫秒', '0', '', '2025-09-05 15:20:28');
INSERT INTO `system_job_log` VALUES (4, '结构化任务抽取', 'DEFAULT', 'extStructTaskServiceImpl.consumeQueue()', '结构化任务抽取 总共耗时：351毫秒', '0', '', '2025-09-05 15:23:04');
INSERT INTO `system_job_log` VALUES (5, '结构化任务抽取', 'DEFAULT', 'extStructTaskServiceImpl.consumeQueue()', '结构化任务抽取 总共耗时：0毫秒', '0', '', '2025-09-05 15:23:29');
INSERT INTO `system_job_log` VALUES (6, '结构化任务抽取', 'DEFAULT', 'extStructTaskServiceImpl.consumeQueue()', '结构化任务抽取 总共耗时：36239毫秒', '0', '', '2025-09-05 15:24:14');
INSERT INTO `system_job_log` VALUES (7, '结构化任务抽取', 'DEFAULT', 'extStructTaskServiceImpl.consumeQueue()', '结构化任务抽取 总共耗时：29684毫秒', '0', '', '2025-09-05 15:25:49');
INSERT INTO `system_job_log` VALUES (8, '结构化任务抽取', 'DEFAULT', 'extStructTaskServiceImpl.consumeQueue()', '结构化任务抽取 总共耗时：25019毫秒', '0', '', '2025-09-05 15:29:51');
INSERT INTO `system_job_log` VALUES (9, '结构化任务抽取', 'DEFAULT', 'extStructTaskServiceImpl.consumeQueue()', '结构化任务抽取 总共耗时：222772毫秒', '0', '', '2025-09-05 15:34:39');
INSERT INTO `system_job_log` VALUES (10, '结构化任务抽取', 'DEFAULT', 'extStructTaskServiceImpl.consumeQueue()', '结构化任务抽取 总共耗时：2692毫秒', '0', '', '2025-09-05 15:43:54');
INSERT INTO `system_job_log` VALUES (11, '结构化任务抽取', 'DEFAULT', 'extStructTaskServiceImpl.consumeQueue()', '结构化任务抽取 总共耗时：82毫秒', '0', '', '2025-09-05 15:44:44');
INSERT INTO `system_job_log` VALUES (12, '结构化任务抽取', 'DEFAULT', 'extStructTaskServiceImpl.consumeQueue()', '结构化任务抽取 总共耗时：19724毫秒', '0', '', '2025-09-05 15:54:05');
INSERT INTO `system_job_log` VALUES (13, '结构化任务抽取', 'DEFAULT', 'extStructTaskServiceImpl.consumeQueue()', '结构化任务抽取 总共耗时：19918毫秒', '0', '', '2025-09-05 16:06:54');
INSERT INTO `system_job_log` VALUES (14, '结构化任务抽取', 'DEFAULT', 'extStructTaskServiceImpl.consumeQueue()', '结构化任务抽取 总共耗时：21643毫秒', '0', '', '2025-09-05 16:12:24');
INSERT INTO `system_job_log` VALUES (15, '结构化任务抽取', 'DEFAULT', 'extStructTaskServiceImpl.consumeQueue()', '结构化任务抽取 总共耗时：92218毫秒', '0', '', '2025-09-05 16:14:30');
INSERT INTO `system_job_log` VALUES (16, '结构化任务抽取', 'DEFAULT', 'extStructTaskServiceImpl.consumeQueue()', '结构化任务抽取 总共耗时：88871毫秒', '0', '', '2025-09-05 16:19:43');
INSERT INTO `system_job_log` VALUES (17, '结构化任务抽取', 'DEFAULT', 'extStructTaskServiceImpl.consumeQueue()', '结构化任务抽取 总共耗时：92729毫秒', '0', '', '2025-09-05 16:33:00');
INSERT INTO `system_job_log` VALUES (18, '结构化任务抽取', 'DEFAULT', 'extStructTaskServiceImpl.consumeQueue()', '结构化任务抽取 总共耗时：18431毫秒', '0', '', '2025-09-05 16:37:01');
INSERT INTO `system_job_log` VALUES (19, '结构化任务抽取', 'DEFAULT', 'extStructTaskServiceImpl.consumeQueue()', '结构化任务抽取 总共耗时：30533毫秒', '0', '', '2025-09-05 16:38:20');
INSERT INTO `system_job_log` VALUES (20, '结构化任务抽取', 'DEFAULT', 'extStructTaskServiceImpl.consumeQueue()', '结构化任务抽取 总共耗时：40082毫秒', '0', '', '2025-09-05 16:41:22');
INSERT INTO `system_job_log` VALUES (21, '结构化任务抽取', 'DEFAULT', 'extStructTaskServiceImpl.consumeQueue()', '结构化任务抽取 总共耗时：47756毫秒', '0', '', '2025-09-05 16:42:19');
INSERT INTO `system_job_log` VALUES (22, '结构化任务抽取', 'DEFAULT', 'extStructTaskServiceImpl.consumeQueue()', '结构化任务抽取 总共耗时：30634毫秒', '0', '', '2025-09-05 16:43:00');
INSERT INTO `system_job_log` VALUES (23, '结构化任务抽取', 'DEFAULT', 'extStructTaskServiceImpl.consumeQueue()', '结构化任务抽取 总共耗时：85738毫秒', '0', '', '2025-09-05 16:45:53');
INSERT INTO `system_job_log` VALUES (24, '结构化任务抽取', 'DEFAULT', 'extStructTaskServiceImpl.consumeQueue()', '结构化任务抽取 总共耗时：151毫秒', '0', '', '2025-09-05 18:35:05');
INSERT INTO `system_job_log` VALUES (25, '结构化任务抽取', 'DEFAULT', 'extStructTaskServiceImpl.consumeQueue()', '结构化任务抽取 总共耗时：56157毫秒', '0', '', '2025-09-05 18:36:50');
INSERT INTO `system_job_log` VALUES (26, '结构化任务抽取', 'DEFAULT', 'extStructTaskServiceImpl.consumeQueue()', '结构化任务抽取 总共耗时：1461毫秒', '0', '', '2025-09-05 18:44:31');
INSERT INTO `system_job_log` VALUES (27, '结构化任务抽取', 'DEFAULT', 'extStructTaskServiceImpl.consumeQueue()', '结构化任务抽取 总共耗时：1095毫秒', '0', '', '2025-09-05 19:02:05');
INSERT INTO `system_job_log` VALUES (28, '结构化任务抽取', 'DEFAULT', 'extStructTaskServiceImpl.consumeQueue()', '结构化任务抽取 总共耗时：28毫秒', '0', '', '2025-09-16 05:29:37');
INSERT INTO `system_job_log` VALUES (29, '结构化任务抽取', 'DEFAULT', 'extStructTaskServiceImpl.consumeQueue()', '结构化任务抽取 总共耗时：7毫秒', '0', '', '2025-09-16 05:33:33');
INSERT INTO `system_job_log` VALUES (30, '结构化任务抽取', 'DEFAULT', 'extStructTaskServiceImpl.consumeQueue()', '结构化任务抽取 总共耗时：697毫秒', '0', '', '2025-09-16 05:34:47');
INSERT INTO `system_job_log` VALUES (31, '结构化任务抽取', 'DEFAULT', 'extStructTaskServiceImpl.consumeQueue()', '结构化任务抽取 总共耗时：3781毫秒', '0', '', '2025-09-16 05:48:42');
INSERT INTO `system_job_log` VALUES (32, '结构化任务抽取', 'DEFAULT', 'extStructTaskServiceImpl.consumeQueue()', '结构化任务抽取 总共耗时：33毫秒', '0', '', '2025-09-23 11:22:10');
INSERT INTO `system_job_log` VALUES (33, '结构化任务抽取', 'DEFAULT', 'extStructTaskServiceImpl.consumeQueue()', '结构化任务抽取 总共耗时：11毫秒', '0', '', '2025-09-23 11:22:33');
INSERT INTO `system_job_log` VALUES (34, '结构化任务抽取', 'DEFAULT', 'extStructTaskServiceImpl.consumeQueue()', '结构化任务抽取 总共耗时：8160毫秒', '0', '', '2025-09-23 11:23:08');
INSERT INTO `system_job_log` VALUES (35, '结构化任务抽取', 'DEFAULT', 'extStructTaskServiceImpl.consumeQueue()', '结构化任务抽取 总共耗时：64887毫秒', '0', '', '2025-09-23 11:24:36');
INSERT INTO `system_job_log` VALUES (36, '结构化任务抽取', 'DEFAULT', 'extStructTaskServiceImpl.consumeQueue()', '结构化任务抽取 总共耗时：231903毫秒', '0', '', '2025-09-23 11:37:34');
INSERT INTO `system_job_log` VALUES (37, '结构化任务抽取', 'DEFAULT', 'extStructTaskServiceImpl.consumeQueue()', '结构化任务抽取 总共耗时：2744毫秒', '0', '', '2025-09-23 11:43:24');
INSERT INTO `system_job_log` VALUES (38, '结构化任务抽取', 'DEFAULT', 'extStructTaskServiceImpl.consumeQueue()', '结构化任务抽取 总共耗时：991毫秒', '0', '', '2025-09-23 11:46:27');
INSERT INTO `system_job_log` VALUES (39, '非结构化任务抽取', 'DEFAULT', 'extUnstructTaskServiceImpl.consumeQueue()', '非结构化任务抽取 总共耗时：58毫秒', '0', '', '2025-09-24 10:19:13');
INSERT INTO `system_job_log` VALUES (40, '非结构化任务抽取', 'DEFAULT', 'extUnstructTaskServiceImpl.consumeQueue()', '非结构化任务抽取 总共耗时：22145毫秒', '0', '', '2025-09-24 10:19:53');
INSERT INTO `system_job_log` VALUES (41, '非结构化任务抽取', 'DEFAULT', 'extUnstructTaskServiceImpl.consumeQueue()', '非结构化任务抽取 总共耗时：20毫秒', '0', '', '2025-09-24 10:21:26');
INSERT INTO `system_job_log` VALUES (42, '非结构化任务抽取', 'DEFAULT', 'extUnstructTaskServiceImpl.consumeQueue()', '非结构化任务抽取 总共耗时：13978毫秒', '0', '', '2025-09-24 10:22:42');
INSERT INTO `system_job_log` VALUES (43, '非结构化任务抽取', 'DEFAULT', 'extUnstructTaskServiceImpl.consumeQueue()', '非结构化任务抽取 总共耗时：107毫秒', '0', '', '2025-09-24 10:25:18');
INSERT INTO `system_job_log` VALUES (44, '非结构化任务抽取', 'DEFAULT', 'extUnstructTaskServiceImpl.consumeQueue()', '非结构化任务抽取 总共耗时：23143毫秒', '0', '', '2025-09-24 10:26:55');
INSERT INTO `system_job_log` VALUES (45, '非结构化任务抽取', 'DEFAULT', 'extUnstructTaskServiceImpl.consumeQueue()', '非结构化任务抽取 总共耗时：11986毫秒', '0', '', '2025-09-24 10:28:35');
INSERT INTO `system_job_log` VALUES (46, '非结构化任务抽取', 'DEFAULT', 'extUnstructTaskServiceImpl.consumeQueue()', '非结构化任务抽取 总共耗时：28905毫秒', '0', '', '2025-09-24 10:30:53');
INSERT INTO `system_job_log` VALUES (47, '非结构化任务抽取', 'DEFAULT', 'extUnstructTaskServiceImpl.consumeQueue()', '非结构化任务抽取 总共耗时：107361毫秒', '0', '', '2025-09-24 10:34:09');
INSERT INTO `system_job_log` VALUES (48, '结构化任务抽取', 'DEFAULT', 'extStructTaskServiceImpl.consumeQueue()', '结构化任务抽取 总共耗时：9毫秒', '0', '', '2025-09-24 10:39:38');
INSERT INTO `system_job_log` VALUES (49, '非结构化任务抽取', 'DEFAULT', 'extUnstructTaskServiceImpl.consumeQueue()', '非结构化任务抽取 总共耗时：3603毫秒', '0', '', '2025-09-24 10:39:52');
INSERT INTO `system_job_log` VALUES (50, '非结构化任务抽取', 'DEFAULT', 'extUnstructTaskServiceImpl.consumeQueue()', '非结构化任务抽取 总共耗时：1049毫秒', '0', '', '2025-09-24 10:42:32');
INSERT INTO `system_job_log` VALUES (51, '非结构化任务抽取', 'DEFAULT', 'extUnstructTaskServiceImpl.consumeQueue()', '非结构化任务抽取 总共耗时：87151毫秒', '0', '', '2025-09-24 10:47:02');
INSERT INTO `system_job_log` VALUES (52, '非结构化任务抽取', 'DEFAULT', 'extUnstructTaskServiceImpl.consumeQueue()', '非结构化任务抽取 总共耗时：49410毫秒', '0', '', '2025-09-24 10:49:32');
INSERT INTO `system_job_log` VALUES (53, '非结构化任务抽取', 'DEFAULT', 'extUnstructTaskServiceImpl.consumeQueue()', '非结构化任务抽取 总共耗时：3840毫秒', '0', '', '2025-09-24 10:52:13');
INSERT INTO `system_job_log` VALUES (54, '非结构化任务抽取', 'DEFAULT', 'extUnstructTaskServiceImpl.consumeQueue()', '非结构化任务抽取 总共耗时：68652毫秒', '0', '', '2025-09-24 10:54:08');
INSERT INTO `system_job_log` VALUES (55, '非结构化任务抽取', 'DEFAULT', 'extUnstructTaskServiceImpl.consumeQueue()', '非结构化任务抽取 总共耗时：5毫秒', '0', '', '2025-09-24 11:01:30');
INSERT INTO `system_job_log` VALUES (56, '非结构化任务抽取', 'DEFAULT', 'extUnstructTaskServiceImpl.consumeQueue()', '非结构化任务抽取 总共耗时：1毫秒', '0', '', '2025-09-24 11:01:40');
INSERT INTO `system_job_log` VALUES (57, '结构化任务抽取', 'DEFAULT', 'extStructTaskServiceImpl.consumeQueue()', '结构化任务抽取 总共耗时：605毫秒', '1', 'java.lang.reflect.InvocationTargetException\r\n	at java.base/jdk.internal.reflect.DirectMethodHandleAccessor.invoke(DirectMethodHandleAccessor.java:118)\r\n	at java.base/java.lang.reflect.Method.invoke(Method.java:580)\r\n	at util.com.insmess.knowledge.quartz.JobInvokeUtil.invokeMethod(JobInvokeUtil.java:62)\r\n	at util.com.insmess.knowledge.quartz.JobInvokeUtil.invokeMethod(JobInvokeUtil.java:34)\r\n	at util.com.insmess.knowledge.quartz.QuartzDisallowConcurrentExecution.doExecute(QuartzDisallowConcurrentExecution.java:19)\r\n	at util.com.insmess.knowledge.quartz.AbstractQuartzJob.execute(AbstractQuartzJob.java:44)\r\n	at org.quartz.core.JobRunShell.run(JobRunShell.java:202)\r\n	at org.quartz.simpl.SimpleThreadPool$WorkerThread.run(SimpleThreadPool.java:573)\r\nCaused by: org.springframework.transaction.UnexpectedRollbackException: Transaction rolled back because it has been marked as rollback-only\r\n	at org.springframework.transaction.support.AbstractPlatformTransactionManager.processRollback(AbstractPlatformTransactionManager.java:938)\r\n	at org.springframework.transaction.support.AbstractPlatformTransactionManager.commit(AbstractPlatformTransactionManager.java:754)\r\n	at org.springframework.transaction.interceptor.TransactionAspectSupport.commitTransactionAfterReturning(TransactionAspectSupport.java:698)\r\n	at org.springframework.transaction.interceptor.TransactionAspectSupport.invokeWithinTransaction(TransactionAspectSupport.java:416)\r\n	at org.springframework.transaction.interceptor.TransactionInterceptor.invoke(TransactionInterceptor.java:119)\r\n	at org.springframework.aop.framework.ReflectiveMethodInvocation.proceed(ReflectiveMethodInvocation.java:184)\r\n	at org.springframework.aop.framework.CglibAopProxy$DynamicAdvisedInterceptor.intercept(CglibAopProxy.java:728)\r\n	at com.insmess.knowledge.module.ext.service.extStructTask.impl.ExtStructTaskServiceImpl$$SpringCGLIB$$0.consumeQueue(<generated>)\r\n	at java.base/jdk.internal.reflect.DirectMethodHandleAccessor.invoke(DirectMethodHandleAccessor', '2025-09-24 11:01:47');
INSERT INTO `system_job_log` VALUES (58, '非结构化任务抽取', 'DEFAULT', 'extUnstructTaskServiceImpl.consumeQueue()', '非结构化任务抽取 总共耗时：10365毫秒', '0', '', '2025-09-24 23:48:15');
INSERT INTO `system_job_log` VALUES (59, '非结构化任务抽取', 'DEFAULT', 'extUnstructTaskServiceImpl.consumeQueue()', '非结构化任务抽取 总共耗时：1244毫秒', '0', '', '2025-09-24 23:50:50');
INSERT INTO `system_job_log` VALUES (60, '结构化任务抽取', 'DEFAULT', 'extStructTaskServiceImpl.consumeQueue()', '结构化任务抽取 总共耗时：20995毫秒', '1', 'java.lang.reflect.InvocationTargetException\r\n	at java.base/jdk.internal.reflect.DirectMethodHandleAccessor.invoke(DirectMethodHandleAccessor.java:118)\r\n	at java.base/java.lang.reflect.Method.invoke(Method.java:580)\r\n	at util.com.insmess.knowledge.quartz.JobInvokeUtil.invokeMethod(JobInvokeUtil.java:62)\r\n	at util.com.insmess.knowledge.quartz.JobInvokeUtil.invokeMethod(JobInvokeUtil.java:34)\r\n	at util.com.insmess.knowledge.quartz.QuartzDisallowConcurrentExecution.doExecute(QuartzDisallowConcurrentExecution.java:19)\r\n	at util.com.insmess.knowledge.quartz.AbstractQuartzJob.execute(AbstractQuartzJob.java:44)\r\n	at org.quartz.core.JobRunShell.run(JobRunShell.java:202)\r\n	at org.quartz.simpl.SimpleThreadPool$WorkerThread.run(SimpleThreadPool.java:573)\r\nCaused by: org.springframework.transaction.UnexpectedRollbackException: Transaction rolled back because it has been marked as rollback-only\r\n	at org.springframework.transaction.support.AbstractPlatformTransactionManager.processRollback(AbstractPlatformTransactionManager.java:938)\r\n	at org.springframework.transaction.support.AbstractPlatformTransactionManager.commit(AbstractPlatformTransactionManager.java:754)\r\n	at org.springframework.transaction.interceptor.TransactionAspectSupport.commitTransactionAfterReturning(TransactionAspectSupport.java:698)\r\n	at org.springframework.transaction.interceptor.TransactionAspectSupport.invokeWithinTransaction(TransactionAspectSupport.java:416)\r\n	at org.springframework.transaction.interceptor.TransactionInterceptor.invoke(TransactionInterceptor.java:119)\r\n	at org.springframework.aop.framework.ReflectiveMethodInvocation.proceed(ReflectiveMethodInvocation.java:184)\r\n	at org.springframework.aop.framework.CglibAopProxy$DynamicAdvisedInterceptor.intercept(CglibAopProxy.java:728)\r\n	at com.insmess.knowledge.module.ext.service.extStructTask.impl.ExtStructTaskServiceImpl$$SpringCGLIB$$0.consumeQueue(<generated>)\r\n	at java.base/jdk.internal.reflect.DirectMethodHandleAccessor.invoke(DirectMethodHandleAccessor', '2025-10-16 07:38:14');
INSERT INTO `system_job_log` VALUES (61, '结构化任务抽取', 'DEFAULT', 'extStructTaskServiceImpl.consumeQueue()', '结构化任务抽取 总共耗时：88976毫秒', '1', 'java.lang.reflect.InvocationTargetException\r\n	at java.base/jdk.internal.reflect.DirectMethodHandleAccessor.invoke(DirectMethodHandleAccessor.java:118)\r\n	at java.base/java.lang.reflect.Method.invoke(Method.java:580)\r\n	at util.com.insmess.knowledge.quartz.JobInvokeUtil.invokeMethod(JobInvokeUtil.java:62)\r\n	at util.com.insmess.knowledge.quartz.JobInvokeUtil.invokeMethod(JobInvokeUtil.java:34)\r\n	at util.com.insmess.knowledge.quartz.QuartzDisallowConcurrentExecution.doExecute(QuartzDisallowConcurrentExecution.java:19)\r\n	at util.com.insmess.knowledge.quartz.AbstractQuartzJob.execute(AbstractQuartzJob.java:44)\r\n	at org.quartz.core.JobRunShell.run(JobRunShell.java:202)\r\n	at org.quartz.simpl.SimpleThreadPool$WorkerThread.run(SimpleThreadPool.java:573)\r\nCaused by: org.springframework.transaction.UnexpectedRollbackException: Transaction rolled back because it has been marked as rollback-only\r\n	at org.springframework.transaction.support.AbstractPlatformTransactionManager.processRollback(AbstractPlatformTransactionManager.java:938)\r\n	at org.springframework.transaction.support.AbstractPlatformTransactionManager.commit(AbstractPlatformTransactionManager.java:754)\r\n	at org.springframework.transaction.interceptor.TransactionAspectSupport.commitTransactionAfterReturning(TransactionAspectSupport.java:698)\r\n	at org.springframework.transaction.interceptor.TransactionAspectSupport.invokeWithinTransaction(TransactionAspectSupport.java:416)\r\n	at org.springframework.transaction.interceptor.TransactionInterceptor.invoke(TransactionInterceptor.java:119)\r\n	at org.springframework.aop.framework.ReflectiveMethodInvocation.proceed(ReflectiveMethodInvocation.java:184)\r\n	at org.springframework.aop.framework.CglibAopProxy$DynamicAdvisedInterceptor.intercept(CglibAopProxy.java:728)\r\n	at com.insmess.knowledge.module.ext.service.extStructTask.impl.ExtStructTaskServiceImpl$$SpringCGLIB$$0.consumeQueue(<generated>)\r\n	at java.base/jdk.internal.reflect.DirectMethodHandleAccessor.invoke(DirectMethodHandleAccessor', '2025-10-16 07:41:54');
INSERT INTO `system_job_log` VALUES (62, '结构化任务抽取', 'DEFAULT', 'extStructTaskServiceImpl.consumeQueue()', '结构化任务抽取 总共耗时：141218毫秒', '1', 'java.lang.reflect.InvocationTargetException\r\n	at java.base/jdk.internal.reflect.DirectMethodHandleAccessor.invoke(DirectMethodHandleAccessor.java:118)\r\n	at java.base/java.lang.reflect.Method.invoke(Method.java:580)\r\n	at util.com.insmess.knowledge.quartz.JobInvokeUtil.invokeMethod(JobInvokeUtil.java:62)\r\n	at util.com.insmess.knowledge.quartz.JobInvokeUtil.invokeMethod(JobInvokeUtil.java:34)\r\n	at util.com.insmess.knowledge.quartz.QuartzDisallowConcurrentExecution.doExecute(QuartzDisallowConcurrentExecution.java:19)\r\n	at util.com.insmess.knowledge.quartz.AbstractQuartzJob.execute(AbstractQuartzJob.java:44)\r\n	at org.quartz.core.JobRunShell.run(JobRunShell.java:202)\r\n	at org.quartz.simpl.SimpleThreadPool$WorkerThread.run(SimpleThreadPool.java:573)\r\nCaused by: org.springframework.transaction.UnexpectedRollbackException: Transaction rolled back because it has been marked as rollback-only\r\n	at org.springframework.transaction.support.AbstractPlatformTransactionManager.processRollback(AbstractPlatformTransactionManager.java:938)\r\n	at org.springframework.transaction.support.AbstractPlatformTransactionManager.commit(AbstractPlatformTransactionManager.java:754)\r\n	at org.springframework.transaction.interceptor.TransactionAspectSupport.commitTransactionAfterReturning(TransactionAspectSupport.java:698)\r\n	at org.springframework.transaction.interceptor.TransactionAspectSupport.invokeWithinTransaction(TransactionAspectSupport.java:416)\r\n	at org.springframework.transaction.interceptor.TransactionInterceptor.invoke(TransactionInterceptor.java:119)\r\n	at org.springframework.aop.framework.ReflectiveMethodInvocation.proceed(ReflectiveMethodInvocation.java:184)\r\n	at org.springframework.aop.framework.CglibAopProxy$DynamicAdvisedInterceptor.intercept(CglibAopProxy.java:728)\r\n	at com.insmess.knowledge.module.ext.service.extStructTask.impl.ExtStructTaskServiceImpl$$SpringCGLIB$$0.consumeQueue(<generated>)\r\n	at java.base/jdk.internal.reflect.DirectMethodHandleAccessor.invoke(DirectMethodHandleAccessor', '2025-10-16 07:46:40');
INSERT INTO `system_job_log` VALUES (63, '结构化任务抽取', 'DEFAULT', 'extStructTaskServiceImpl.consumeQueue()', '结构化任务抽取 总共耗时：66734毫秒', '0', '', '2025-10-16 08:09:00');
INSERT INTO `system_job_log` VALUES (64, '结构化任务抽取', 'DEFAULT', 'extStructTaskServiceImpl.consumeQueue()', '结构化任务抽取 总共耗时：5571毫秒', '0', '', '2025-10-16 08:12:23');
INSERT INTO `system_job_log` VALUES (65, '结构化任务抽取', 'DEFAULT', 'extStructTaskServiceImpl.consumeQueue()', '结构化任务抽取 总共耗时：1758毫秒', '0', '', '2025-10-16 08:13:50');
INSERT INTO `system_job_log` VALUES (66, '结构化任务抽取', 'DEFAULT', 'extStructTaskServiceImpl.consumeQueue()', '结构化任务抽取 总共耗时：5791毫秒', '0', '', '2025-10-16 08:19:30');
INSERT INTO `system_job_log` VALUES (67, '结构化任务抽取', 'DEFAULT', 'extStructTaskServiceImpl.consumeQueue()', '结构化任务抽取 总共耗时：5373毫秒', '0', '', '2025-10-16 08:22:36');
INSERT INTO `system_job_log` VALUES (68, '结构化任务抽取', 'DEFAULT', 'extStructTaskServiceImpl.consumeQueue()', '结构化任务抽取 总共耗时：244毫秒', '0', '', '2025-10-16 08:22:45');
INSERT INTO `system_job_log` VALUES (69, '结构化任务抽取', 'DEFAULT', 'extStructTaskServiceImpl.consumeQueue()', '结构化任务抽取 总共耗时：5085毫秒', '0', '', '2025-10-16 08:23:28');
INSERT INTO `system_job_log` VALUES (70, '结构化任务抽取', 'DEFAULT', 'extStructTaskServiceImpl.consumeQueue()', '结构化任务抽取 总共耗时：149753毫秒', '0', '', '2025-10-16 08:26:30');
INSERT INTO `system_job_log` VALUES (71, '结构化任务抽取', 'DEFAULT', 'extStructTaskServiceImpl.consumeQueue()', '结构化任务抽取 总共耗时：112287毫秒', '0', '', '2025-10-16 08:34:34');
INSERT INTO `system_job_log` VALUES (72, '结构化任务抽取', 'DEFAULT', 'extStructTaskServiceImpl.consumeQueue()', '结构化任务抽取 总共耗时：272毫秒', '0', '', '2025-10-16 08:48:52');
INSERT INTO `system_job_log` VALUES (73, '结构化任务抽取', 'DEFAULT', 'extStructTaskServiceImpl.consumeQueue()', '结构化任务抽取 总共耗时：2688毫秒', '1', 'java.lang.reflect.InvocationTargetException\r\n	at java.base/jdk.internal.reflect.DirectMethodHandleAccessor.invoke(DirectMethodHandleAccessor.java:118)\r\n	at java.base/java.lang.reflect.Method.invoke(Method.java:580)\r\n	at util.com.insmess.knowledge.quartz.JobInvokeUtil.invokeMethod(JobInvokeUtil.java:62)\r\n	at util.com.insmess.knowledge.quartz.JobInvokeUtil.invokeMethod(JobInvokeUtil.java:34)\r\n	at util.com.insmess.knowledge.quartz.QuartzDisallowConcurrentExecution.doExecute(QuartzDisallowConcurrentExecution.java:19)\r\n	at util.com.insmess.knowledge.quartz.AbstractQuartzJob.execute(AbstractQuartzJob.java:44)\r\n	at org.quartz.core.JobRunShell.run(JobRunShell.java:202)\r\n	at org.quartz.simpl.SimpleThreadPool$WorkerThread.run(SimpleThreadPool.java:573)\r\nCaused by: org.springframework.transaction.UnexpectedRollbackException: Transaction rolled back because it has been marked as rollback-only\r\n	at org.springframework.transaction.support.AbstractPlatformTransactionManager.processRollback(AbstractPlatformTransactionManager.java:938)\r\n	at org.springframework.transaction.support.AbstractPlatformTransactionManager.commit(AbstractPlatformTransactionManager.java:754)\r\n	at org.springframework.transaction.interceptor.TransactionAspectSupport.commitTransactionAfterReturning(TransactionAspectSupport.java:698)\r\n	at org.springframework.transaction.interceptor.TransactionAspectSupport.invokeWithinTransaction(TransactionAspectSupport.java:416)\r\n	at org.springframework.transaction.interceptor.TransactionInterceptor.invoke(TransactionInterceptor.java:119)\r\n	at org.springframework.aop.framework.ReflectiveMethodInvocation.proceed(ReflectiveMethodInvocation.java:184)\r\n	at org.springframework.aop.framework.CglibAopProxy$DynamicAdvisedInterceptor.intercept(CglibAopProxy.java:728)\r\n	at com.insmess.knowledge.module.ext.service.extStructTask.impl.ExtStructTaskServiceImpl$$SpringCGLIB$$0.consumeQueue(<generated>)\r\n	at java.base/jdk.internal.reflect.DirectMethodHandleAccessor.invoke(DirectMethodHandleAccessor', '2025-10-16 08:49:17');
INSERT INTO `system_job_log` VALUES (74, '结构化任务抽取', 'DEFAULT', 'extStructTaskServiceImpl.consumeQueue()', '结构化任务抽取 总共耗时：7045毫秒', '1', 'java.lang.reflect.InvocationTargetException\r\n	at java.base/jdk.internal.reflect.DirectMethodHandleAccessor.invoke(DirectMethodHandleAccessor.java:118)\r\n	at java.base/java.lang.reflect.Method.invoke(Method.java:580)\r\n	at util.com.insmess.knowledge.quartz.JobInvokeUtil.invokeMethod(JobInvokeUtil.java:62)\r\n	at util.com.insmess.knowledge.quartz.JobInvokeUtil.invokeMethod(JobInvokeUtil.java:34)\r\n	at util.com.insmess.knowledge.quartz.QuartzDisallowConcurrentExecution.doExecute(QuartzDisallowConcurrentExecution.java:19)\r\n	at util.com.insmess.knowledge.quartz.AbstractQuartzJob.execute(AbstractQuartzJob.java:44)\r\n	at org.quartz.core.JobRunShell.run(JobRunShell.java:202)\r\n	at org.quartz.simpl.SimpleThreadPool$WorkerThread.run(SimpleThreadPool.java:573)\r\nCaused by: org.springframework.transaction.UnexpectedRollbackException: Transaction rolled back because it has been marked as rollback-only\r\n	at org.springframework.transaction.support.AbstractPlatformTransactionManager.processRollback(AbstractPlatformTransactionManager.java:938)\r\n	at org.springframework.transaction.support.AbstractPlatformTransactionManager.commit(AbstractPlatformTransactionManager.java:754)\r\n	at org.springframework.transaction.interceptor.TransactionAspectSupport.commitTransactionAfterReturning(TransactionAspectSupport.java:698)\r\n	at org.springframework.transaction.interceptor.TransactionAspectSupport.invokeWithinTransaction(TransactionAspectSupport.java:416)\r\n	at org.springframework.transaction.interceptor.TransactionInterceptor.invoke(TransactionInterceptor.java:119)\r\n	at org.springframework.aop.framework.ReflectiveMethodInvocation.proceed(ReflectiveMethodInvocation.java:184)\r\n	at org.springframework.aop.framework.CglibAopProxy$DynamicAdvisedInterceptor.intercept(CglibAopProxy.java:728)\r\n	at com.insmess.knowledge.module.ext.service.extStructTask.impl.ExtStructTaskServiceImpl$$SpringCGLIB$$0.consumeQueue(<generated>)\r\n	at java.base/jdk.internal.reflect.DirectMethodHandleAccessor.invoke(DirectMethodHandleAccessor', '2025-10-16 08:52:00');
INSERT INTO `system_job_log` VALUES (75, '结构化任务抽取', 'DEFAULT', 'extStructTaskServiceImpl.consumeQueue()', '结构化任务抽取 总共耗时：48539毫秒', '1', 'java.lang.reflect.InvocationTargetException\r\n	at java.base/jdk.internal.reflect.DirectMethodHandleAccessor.invoke(DirectMethodHandleAccessor.java:118)\r\n	at java.base/java.lang.reflect.Method.invoke(Method.java:580)\r\n	at util.com.insmess.knowledge.quartz.JobInvokeUtil.invokeMethod(JobInvokeUtil.java:62)\r\n	at util.com.insmess.knowledge.quartz.JobInvokeUtil.invokeMethod(JobInvokeUtil.java:34)\r\n	at util.com.insmess.knowledge.quartz.QuartzDisallowConcurrentExecution.doExecute(QuartzDisallowConcurrentExecution.java:19)\r\n	at util.com.insmess.knowledge.quartz.AbstractQuartzJob.execute(AbstractQuartzJob.java:44)\r\n	at org.quartz.core.JobRunShell.run(JobRunShell.java:202)\r\n	at org.quartz.simpl.SimpleThreadPool$WorkerThread.run(SimpleThreadPool.java:573)\r\nCaused by: org.springframework.transaction.UnexpectedRollbackException: Transaction rolled back because it has been marked as rollback-only\r\n	at org.springframework.transaction.support.AbstractPlatformTransactionManager.processRollback(AbstractPlatformTransactionManager.java:938)\r\n	at org.springframework.transaction.support.AbstractPlatformTransactionManager.commit(AbstractPlatformTransactionManager.java:754)\r\n	at org.springframework.transaction.interceptor.TransactionAspectSupport.commitTransactionAfterReturning(TransactionAspectSupport.java:698)\r\n	at org.springframework.transaction.interceptor.TransactionAspectSupport.invokeWithinTransaction(TransactionAspectSupport.java:416)\r\n	at org.springframework.transaction.interceptor.TransactionInterceptor.invoke(TransactionInterceptor.java:119)\r\n	at org.springframework.aop.framework.ReflectiveMethodInvocation.proceed(ReflectiveMethodInvocation.java:184)\r\n	at org.springframework.aop.framework.CglibAopProxy$DynamicAdvisedInterceptor.intercept(CglibAopProxy.java:728)\r\n	at com.insmess.knowledge.module.ext.service.extStructTask.impl.ExtStructTaskServiceImpl$$SpringCGLIB$$0.consumeQueue(<generated>)\r\n	at java.base/jdk.internal.reflect.DirectMethodHandleAccessor.invoke(DirectMethodHandleAccessor', '2025-10-16 08:54:31');
INSERT INTO `system_job_log` VALUES (76, '结构化任务抽取', 'DEFAULT', 'extStructTaskServiceImpl.consumeQueue()', '结构化任务抽取 总共耗时：213438毫秒', '1', 'java.lang.reflect.InvocationTargetException\r\n	at java.base/jdk.internal.reflect.DirectMethodHandleAccessor.invoke(DirectMethodHandleAccessor.java:118)\r\n	at java.base/java.lang.reflect.Method.invoke(Method.java:580)\r\n	at util.com.insmess.knowledge.quartz.JobInvokeUtil.invokeMethod(JobInvokeUtil.java:62)\r\n	at util.com.insmess.knowledge.quartz.JobInvokeUtil.invokeMethod(JobInvokeUtil.java:34)\r\n	at util.com.insmess.knowledge.quartz.QuartzDisallowConcurrentExecution.doExecute(QuartzDisallowConcurrentExecution.java:19)\r\n	at util.com.insmess.knowledge.quartz.AbstractQuartzJob.execute(AbstractQuartzJob.java:44)\r\n	at org.quartz.core.JobRunShell.run(JobRunShell.java:202)\r\n	at org.quartz.simpl.SimpleThreadPool$WorkerThread.run(SimpleThreadPool.java:573)\r\nCaused by: org.neo4j.driver.exceptions.ServiceUnavailableException: Connection is closed\r\n	at org.neo4j.driver.internal.util.Futures.blockingGet(Futures.java:64)\r\n	at org.neo4j.driver.internal.InternalTransaction.rollback(InternalTransaction.java:41)\r\n	at org.springframework.data.neo4j.core.transaction.Neo4jTransactionHolder.rollback(Neo4jTransactionHolder.java:85)\r\n	at org.springframework.data.neo4j.core.transaction.Neo4jTransactionManager.doRollback(Neo4jTransactionManager.java:360)\r\n	at org.springframework.transaction.support.AbstractPlatformTransactionManager.processRollback(AbstractPlatformTransactionManager.java:897)\r\n	at org.springframework.transaction.support.AbstractPlatformTransactionManager.commit(AbstractPlatformTransactionManager.java:754)\r\n	at org.springframework.transaction.interceptor.TransactionAspectSupport.commitTransactionAfterReturning(TransactionAspectSupport.java:698)\r\n	at org.springframework.transaction.interceptor.TransactionAspectSupport.invokeWithinTransaction(TransactionAspectSupport.java:416)\r\n	at org.springframework.transaction.interceptor.TransactionInterceptor.invoke(TransactionInterceptor.java:119)\r\n	at org.springframework.aop.framework.ReflectiveMethodInvocation.proceed(ReflectiveMethodInvocation.', '2025-10-16 08:59:10');
INSERT INTO `system_job_log` VALUES (77, '结构化任务抽取', 'DEFAULT', 'extStructTaskServiceImpl.consumeQueue()', '结构化任务抽取 总共耗时：10511毫秒', '1', 'java.lang.reflect.InvocationTargetException\r\n	at java.base/jdk.internal.reflect.DirectMethodHandleAccessor.invoke(DirectMethodHandleAccessor.java:118)\r\n	at java.base/java.lang.reflect.Method.invoke(Method.java:580)\r\n	at util.com.insmess.knowledge.quartz.JobInvokeUtil.invokeMethod(JobInvokeUtil.java:62)\r\n	at util.com.insmess.knowledge.quartz.JobInvokeUtil.invokeMethod(JobInvokeUtil.java:34)\r\n	at util.com.insmess.knowledge.quartz.QuartzDisallowConcurrentExecution.doExecute(QuartzDisallowConcurrentExecution.java:19)\r\n	at util.com.insmess.knowledge.quartz.AbstractQuartzJob.execute(AbstractQuartzJob.java:44)\r\n	at org.quartz.core.JobRunShell.run(JobRunShell.java:202)\r\n	at org.quartz.simpl.SimpleThreadPool$WorkerThread.run(SimpleThreadPool.java:573)\r\nCaused by: org.springframework.transaction.UnexpectedRollbackException: Transaction rolled back because it has been marked as rollback-only\r\n	at org.springframework.transaction.support.AbstractPlatformTransactionManager.processRollback(AbstractPlatformTransactionManager.java:938)\r\n	at org.springframework.transaction.support.AbstractPlatformTransactionManager.commit(AbstractPlatformTransactionManager.java:754)\r\n	at org.springframework.transaction.interceptor.TransactionAspectSupport.commitTransactionAfterReturning(TransactionAspectSupport.java:698)\r\n	at org.springframework.transaction.interceptor.TransactionAspectSupport.invokeWithinTransaction(TransactionAspectSupport.java:416)\r\n	at org.springframework.transaction.interceptor.TransactionInterceptor.invoke(TransactionInterceptor.java:119)\r\n	at org.springframework.aop.framework.ReflectiveMethodInvocation.proceed(ReflectiveMethodInvocation.java:184)\r\n	at org.springframework.aop.framework.CglibAopProxy$DynamicAdvisedInterceptor.intercept(CglibAopProxy.java:728)\r\n	at com.insmess.knowledge.module.ext.service.extStructTask.impl.ExtStructTaskServiceImpl$$SpringCGLIB$$0.consumeQueue(<generated>)\r\n	at java.base/jdk.internal.reflect.DirectMethodHandleAccessor.invoke(DirectMethodHandleAccessor', '2025-10-16 09:01:03');
INSERT INTO `system_job_log` VALUES (78, '结构化任务抽取', 'DEFAULT', 'extStructTaskServiceImpl.consumeQueue()', '结构化任务抽取 总共耗时：7663毫秒', '1', 'java.lang.reflect.InvocationTargetException\r\n	at java.base/jdk.internal.reflect.DirectMethodHandleAccessor.invoke(DirectMethodHandleAccessor.java:118)\r\n	at java.base/java.lang.reflect.Method.invoke(Method.java:580)\r\n	at util.com.insmess.knowledge.quartz.JobInvokeUtil.invokeMethod(JobInvokeUtil.java:62)\r\n	at util.com.insmess.knowledge.quartz.JobInvokeUtil.invokeMethod(JobInvokeUtil.java:34)\r\n	at util.com.insmess.knowledge.quartz.QuartzDisallowConcurrentExecution.doExecute(QuartzDisallowConcurrentExecution.java:19)\r\n	at util.com.insmess.knowledge.quartz.AbstractQuartzJob.execute(AbstractQuartzJob.java:44)\r\n	at org.quartz.core.JobRunShell.run(JobRunShell.java:202)\r\n	at org.quartz.simpl.SimpleThreadPool$WorkerThread.run(SimpleThreadPool.java:573)\r\nCaused by: org.springframework.transaction.UnexpectedRollbackException: Transaction rolled back because it has been marked as rollback-only\r\n	at org.springframework.transaction.support.AbstractPlatformTransactionManager.processRollback(AbstractPlatformTransactionManager.java:938)\r\n	at org.springframework.transaction.support.AbstractPlatformTransactionManager.commit(AbstractPlatformTransactionManager.java:754)\r\n	at org.springframework.transaction.interceptor.TransactionAspectSupport.commitTransactionAfterReturning(TransactionAspectSupport.java:698)\r\n	at org.springframework.transaction.interceptor.TransactionAspectSupport.invokeWithinTransaction(TransactionAspectSupport.java:416)\r\n	at org.springframework.transaction.interceptor.TransactionInterceptor.invoke(TransactionInterceptor.java:119)\r\n	at org.springframework.aop.framework.ReflectiveMethodInvocation.proceed(ReflectiveMethodInvocation.java:184)\r\n	at org.springframework.aop.framework.CglibAopProxy$DynamicAdvisedInterceptor.intercept(CglibAopProxy.java:728)\r\n	at com.insmess.knowledge.module.ext.service.extStructTask.impl.ExtStructTaskServiceImpl$$SpringCGLIB$$0.consumeQueue(<generated>)\r\n	at java.base/jdk.internal.reflect.DirectMethodHandleAccessor.invoke(DirectMethodHandleAccessor', '2025-10-16 09:06:45');
INSERT INTO `system_job_log` VALUES (79, '结构化任务抽取', 'DEFAULT', 'extStructTaskServiceImpl.consumeQueue()', '结构化任务抽取 总共耗时：8150毫秒', '1', 'java.lang.reflect.InvocationTargetException\r\n	at java.base/jdk.internal.reflect.DirectMethodHandleAccessor.invoke(DirectMethodHandleAccessor.java:118)\r\n	at java.base/java.lang.reflect.Method.invoke(Method.java:580)\r\n	at util.com.insmess.knowledge.quartz.JobInvokeUtil.invokeMethod(JobInvokeUtil.java:62)\r\n	at util.com.insmess.knowledge.quartz.JobInvokeUtil.invokeMethod(JobInvokeUtil.java:34)\r\n	at util.com.insmess.knowledge.quartz.QuartzDisallowConcurrentExecution.doExecute(QuartzDisallowConcurrentExecution.java:19)\r\n	at util.com.insmess.knowledge.quartz.AbstractQuartzJob.execute(AbstractQuartzJob.java:44)\r\n	at org.quartz.core.JobRunShell.run(JobRunShell.java:202)\r\n	at org.quartz.simpl.SimpleThreadPool$WorkerThread.run(SimpleThreadPool.java:573)\r\nCaused by: org.springframework.transaction.UnexpectedRollbackException: Transaction rolled back because it has been marked as rollback-only\r\n	at org.springframework.transaction.support.AbstractPlatformTransactionManager.processRollback(AbstractPlatformTransactionManager.java:938)\r\n	at org.springframework.transaction.support.AbstractPlatformTransactionManager.commit(AbstractPlatformTransactionManager.java:754)\r\n	at org.springframework.transaction.interceptor.TransactionAspectSupport.commitTransactionAfterReturning(TransactionAspectSupport.java:698)\r\n	at org.springframework.transaction.interceptor.TransactionAspectSupport.invokeWithinTransaction(TransactionAspectSupport.java:416)\r\n	at org.springframework.transaction.interceptor.TransactionInterceptor.invoke(TransactionInterceptor.java:119)\r\n	at org.springframework.aop.framework.ReflectiveMethodInvocation.proceed(ReflectiveMethodInvocation.java:184)\r\n	at org.springframework.aop.framework.CglibAopProxy$DynamicAdvisedInterceptor.intercept(CglibAopProxy.java:728)\r\n	at com.insmess.knowledge.module.ext.service.extStructTask.impl.ExtStructTaskServiceImpl$$SpringCGLIB$$0.consumeQueue(<generated>)\r\n	at java.base/jdk.internal.reflect.DirectMethodHandleAccessor.invoke(DirectMethodHandleAccessor', '2025-10-16 09:11:42');
INSERT INTO `system_job_log` VALUES (80, '结构化任务抽取', 'DEFAULT', 'extStructTaskServiceImpl.consumeQueue()', '结构化任务抽取 总共耗时：7232毫秒', '1', 'java.lang.reflect.InvocationTargetException\r\n	at java.base/jdk.internal.reflect.DirectMethodHandleAccessor.invoke(DirectMethodHandleAccessor.java:118)\r\n	at java.base/java.lang.reflect.Method.invoke(Method.java:580)\r\n	at util.com.insmess.knowledge.quartz.JobInvokeUtil.invokeMethod(JobInvokeUtil.java:62)\r\n	at util.com.insmess.knowledge.quartz.JobInvokeUtil.invokeMethod(JobInvokeUtil.java:34)\r\n	at util.com.insmess.knowledge.quartz.QuartzDisallowConcurrentExecution.doExecute(QuartzDisallowConcurrentExecution.java:19)\r\n	at util.com.insmess.knowledge.quartz.AbstractQuartzJob.execute(AbstractQuartzJob.java:44)\r\n	at org.quartz.core.JobRunShell.run(JobRunShell.java:202)\r\n	at org.quartz.simpl.SimpleThreadPool$WorkerThread.run(SimpleThreadPool.java:573)\r\nCaused by: org.springframework.transaction.UnexpectedRollbackException: Transaction rolled back because it has been marked as rollback-only\r\n	at org.springframework.transaction.support.AbstractPlatformTransactionManager.processRollback(AbstractPlatformTransactionManager.java:938)\r\n	at org.springframework.transaction.support.AbstractPlatformTransactionManager.commit(AbstractPlatformTransactionManager.java:754)\r\n	at org.springframework.transaction.interceptor.TransactionAspectSupport.commitTransactionAfterReturning(TransactionAspectSupport.java:698)\r\n	at org.springframework.transaction.interceptor.TransactionAspectSupport.invokeWithinTransaction(TransactionAspectSupport.java:416)\r\n	at org.springframework.transaction.interceptor.TransactionInterceptor.invoke(TransactionInterceptor.java:119)\r\n	at org.springframework.aop.framework.ReflectiveMethodInvocation.proceed(ReflectiveMethodInvocation.java:184)\r\n	at org.springframework.aop.framework.CglibAopProxy$DynamicAdvisedInterceptor.intercept(CglibAopProxy.java:728)\r\n	at com.insmess.knowledge.module.ext.service.extStructTask.impl.ExtStructTaskServiceImpl$$SpringCGLIB$$0.consumeQueue(<generated>)\r\n	at java.base/jdk.internal.reflect.DirectMethodHandleAccessor.invoke(DirectMethodHandleAccessor', '2025-10-16 09:12:24');
INSERT INTO `system_job_log` VALUES (81, '结构化任务抽取', 'DEFAULT', 'extStructTaskServiceImpl.consumeQueue()', '结构化任务抽取 总共耗时：11912毫秒', '0', '', '2025-10-16 09:16:46');
INSERT INTO `system_job_log` VALUES (82, '结构化任务抽取', 'DEFAULT', 'extStructTaskServiceImpl.consumeQueue()', '结构化任务抽取 总共耗时：5335毫秒', '0', '', '2025-10-16 09:20:49');
INSERT INTO `system_job_log` VALUES (83, '结构化任务抽取', 'DEFAULT', 'extStructTaskServiceImpl.consumeQueue()', '结构化任务抽取 总共耗时：50774毫秒', '0', '', '2025-10-16 09:22:34');
INSERT INTO `system_job_log` VALUES (84, '结构化任务抽取', 'DEFAULT', 'extStructTaskServiceImpl.consumeQueue()', '结构化任务抽取 总共耗时：92077毫秒', '0', '', '2025-10-16 09:24:49');
INSERT INTO `system_job_log` VALUES (85, '结构化任务抽取', 'DEFAULT', 'extStructTaskServiceImpl.consumeQueue()', '结构化任务抽取 总共耗时：270毫秒', '0', '', '2025-10-16 09:27:38');
INSERT INTO `system_job_log` VALUES (86, '结构化任务抽取', 'DEFAULT', 'extStructTaskServiceImpl.consumeQueue()', '结构化任务抽取 总共耗时：5505毫秒', '0', '', '2025-10-16 09:28:07');
INSERT INTO `system_job_log` VALUES (87, '结构化任务抽取', 'DEFAULT', 'extStructTaskServiceImpl.consumeQueue()', '结构化任务抽取 总共耗时：25349毫秒', '1', 'java.lang.reflect.InvocationTargetException\r\n	at java.base/jdk.internal.reflect.DirectMethodHandleAccessor.invoke(DirectMethodHandleAccessor.java:118)\r\n	at java.base/java.lang.reflect.Method.invoke(Method.java:580)\r\n	at util.com.insmess.knowledge.quartz.JobInvokeUtil.invokeMethod(JobInvokeUtil.java:62)\r\n	at util.com.insmess.knowledge.quartz.JobInvokeUtil.invokeMethod(JobInvokeUtil.java:34)\r\n	at util.com.insmess.knowledge.quartz.QuartzDisallowConcurrentExecution.doExecute(QuartzDisallowConcurrentExecution.java:19)\r\n	at util.com.insmess.knowledge.quartz.AbstractQuartzJob.execute(AbstractQuartzJob.java:44)\r\n	at org.quartz.core.JobRunShell.run(JobRunShell.java:202)\r\n	at org.quartz.simpl.SimpleThreadPool$WorkerThread.run(SimpleThreadPool.java:573)\r\nCaused by: org.springframework.transaction.UnexpectedRollbackException: Transaction rolled back because it has been marked as rollback-only\r\n	at org.springframework.transaction.support.AbstractPlatformTransactionManager.processRollback(AbstractPlatformTransactionManager.java:938)\r\n	at org.springframework.transaction.support.AbstractPlatformTransactionManager.commit(AbstractPlatformTransactionManager.java:754)\r\n	at org.springframework.transaction.interceptor.TransactionAspectSupport.commitTransactionAfterReturning(TransactionAspectSupport.java:698)\r\n	at org.springframework.transaction.interceptor.TransactionAspectSupport.invokeWithinTransaction(TransactionAspectSupport.java:416)\r\n	at org.springframework.transaction.interceptor.TransactionInterceptor.invoke(TransactionInterceptor.java:119)\r\n	at org.springframework.aop.framework.ReflectiveMethodInvocation.proceed(ReflectiveMethodInvocation.java:184)\r\n	at org.springframework.aop.framework.CglibAopProxy$DynamicAdvisedInterceptor.intercept(CglibAopProxy.java:728)\r\n	at com.insmess.knowledge.module.ext.service.extStructTask.impl.ExtStructTaskServiceImpl$$SpringCGLIB$$0.consumeQueue(<generated>)\r\n	at java.base/jdk.internal.reflect.DirectMethodHandleAccessor.invoke(DirectMethodHandleAccessor', '2025-10-16 09:30:48');
INSERT INTO `system_job_log` VALUES (88, '结构化任务抽取', 'DEFAULT', 'extStructTaskServiceImpl.consumeQueue()', '结构化任务抽取 总共耗时：21200毫秒', '0', '', '2025-10-16 09:32:58');
INSERT INTO `system_job_log` VALUES (89, '结构化任务抽取', 'DEFAULT', 'extStructTaskServiceImpl.consumeQueue()', '结构化任务抽取 总共耗时：172292毫秒', '1', 'java.lang.reflect.InvocationTargetException\r\n	at java.base/jdk.internal.reflect.DirectMethodHandleAccessor.invoke(DirectMethodHandleAccessor.java:118)\r\n	at java.base/java.lang.reflect.Method.invoke(Method.java:580)\r\n	at util.com.insmess.knowledge.quartz.JobInvokeUtil.invokeMethod(JobInvokeUtil.java:62)\r\n	at util.com.insmess.knowledge.quartz.JobInvokeUtil.invokeMethod(JobInvokeUtil.java:34)\r\n	at util.com.insmess.knowledge.quartz.QuartzDisallowConcurrentExecution.doExecute(QuartzDisallowConcurrentExecution.java:19)\r\n	at util.com.insmess.knowledge.quartz.AbstractQuartzJob.execute(AbstractQuartzJob.java:44)\r\n	at org.quartz.core.JobRunShell.run(JobRunShell.java:202)\r\n	at org.quartz.simpl.SimpleThreadPool$WorkerThread.run(SimpleThreadPool.java:573)\r\nCaused by: org.springframework.transaction.UnexpectedRollbackException: Transaction rolled back because it has been marked as rollback-only\r\n	at org.springframework.transaction.support.AbstractPlatformTransactionManager.processRollback(AbstractPlatformTransactionManager.java:938)\r\n	at org.springframework.transaction.support.AbstractPlatformTransactionManager.commit(AbstractPlatformTransactionManager.java:754)\r\n	at org.springframework.transaction.interceptor.TransactionAspectSupport.commitTransactionAfterReturning(TransactionAspectSupport.java:698)\r\n	at org.springframework.transaction.interceptor.TransactionAspectSupport.invokeWithinTransaction(TransactionAspectSupport.java:416)\r\n	at org.springframework.transaction.interceptor.TransactionInterceptor.invoke(TransactionInterceptor.java:119)\r\n	at org.springframework.aop.framework.ReflectiveMethodInvocation.proceed(ReflectiveMethodInvocation.java:184)\r\n	at org.springframework.aop.framework.CglibAopProxy$DynamicAdvisedInterceptor.intercept(CglibAopProxy.java:728)\r\n	at com.insmess.knowledge.module.ext.service.extStructTask.impl.ExtStructTaskServiceImpl$$SpringCGLIB$$0.consumeQueue(<generated>)\r\n	at java.base/jdk.internal.reflect.DirectMethodHandleAccessor.invoke(DirectMethodHandleAccessor', '2025-10-16 09:43:34');
INSERT INTO `system_job_log` VALUES (90, '结构化任务抽取', 'DEFAULT', 'extStructTaskServiceImpl.consumeQueue()', '结构化任务抽取 总共耗时：171925毫秒', '1', 'java.lang.reflect.InvocationTargetException\r\n	at java.base/jdk.internal.reflect.DirectMethodHandleAccessor.invoke(DirectMethodHandleAccessor.java:118)\r\n	at java.base/java.lang.reflect.Method.invoke(Method.java:580)\r\n	at util.com.insmess.knowledge.quartz.JobInvokeUtil.invokeMethod(JobInvokeUtil.java:62)\r\n	at util.com.insmess.knowledge.quartz.JobInvokeUtil.invokeMethod(JobInvokeUtil.java:34)\r\n	at util.com.insmess.knowledge.quartz.QuartzDisallowConcurrentExecution.doExecute(QuartzDisallowConcurrentExecution.java:19)\r\n	at util.com.insmess.knowledge.quartz.AbstractQuartzJob.execute(AbstractQuartzJob.java:44)\r\n	at org.quartz.core.JobRunShell.run(JobRunShell.java:202)\r\n	at org.quartz.simpl.SimpleThreadPool$WorkerThread.run(SimpleThreadPool.java:573)\r\nCaused by: org.springframework.transaction.UnexpectedRollbackException: Transaction rolled back because it has been marked as rollback-only\r\n	at org.springframework.transaction.support.AbstractPlatformTransactionManager.processRollback(AbstractPlatformTransactionManager.java:938)\r\n	at org.springframework.transaction.support.AbstractPlatformTransactionManager.commit(AbstractPlatformTransactionManager.java:754)\r\n	at org.springframework.transaction.interceptor.TransactionAspectSupport.commitTransactionAfterReturning(TransactionAspectSupport.java:698)\r\n	at org.springframework.transaction.interceptor.TransactionAspectSupport.invokeWithinTransaction(TransactionAspectSupport.java:416)\r\n	at org.springframework.transaction.interceptor.TransactionInterceptor.invoke(TransactionInterceptor.java:119)\r\n	at org.springframework.aop.framework.ReflectiveMethodInvocation.proceed(ReflectiveMethodInvocation.java:184)\r\n	at org.springframework.aop.framework.CglibAopProxy$DynamicAdvisedInterceptor.intercept(CglibAopProxy.java:728)\r\n	at com.insmess.knowledge.module.ext.service.extStructTask.impl.ExtStructTaskServiceImpl$$SpringCGLIB$$0.consumeQueue(<generated>)\r\n	at java.base/jdk.internal.reflect.DirectMethodHandleAccessor.invoke(DirectMethodHandleAccessor', '2025-10-16 09:59:06');
INSERT INTO `system_job_log` VALUES (91, '结构化任务抽取', 'DEFAULT', 'extStructTaskServiceImpl.consumeQueue()', '结构化任务抽取 总共耗时：38974毫秒', '1', 'java.lang.reflect.InvocationTargetException\r\n	at java.base/jdk.internal.reflect.DirectMethodHandleAccessor.invoke(DirectMethodHandleAccessor.java:118)\r\n	at java.base/java.lang.reflect.Method.invoke(Method.java:580)\r\n	at util.com.insmess.knowledge.quartz.JobInvokeUtil.invokeMethod(JobInvokeUtil.java:62)\r\n	at util.com.insmess.knowledge.quartz.JobInvokeUtil.invokeMethod(JobInvokeUtil.java:34)\r\n	at util.com.insmess.knowledge.quartz.QuartzDisallowConcurrentExecution.doExecute(QuartzDisallowConcurrentExecution.java:19)\r\n	at util.com.insmess.knowledge.quartz.AbstractQuartzJob.execute(AbstractQuartzJob.java:44)\r\n	at org.quartz.core.JobRunShell.run(JobRunShell.java:202)\r\n	at org.quartz.simpl.SimpleThreadPool$WorkerThread.run(SimpleThreadPool.java:573)\r\nCaused by: org.springframework.transaction.UnexpectedRollbackException: Transaction rolled back because it has been marked as rollback-only\r\n	at org.springframework.transaction.support.AbstractPlatformTransactionManager.processRollback(AbstractPlatformTransactionManager.java:938)\r\n	at org.springframework.transaction.support.AbstractPlatformTransactionManager.commit(AbstractPlatformTransactionManager.java:754)\r\n	at org.springframework.transaction.interceptor.TransactionAspectSupport.commitTransactionAfterReturning(TransactionAspectSupport.java:698)\r\n	at org.springframework.transaction.interceptor.TransactionAspectSupport.invokeWithinTransaction(TransactionAspectSupport.java:416)\r\n	at org.springframework.transaction.interceptor.TransactionInterceptor.invoke(TransactionInterceptor.java:119)\r\n	at org.springframework.aop.framework.ReflectiveMethodInvocation.proceed(ReflectiveMethodInvocation.java:184)\r\n	at org.springframework.aop.framework.CglibAopProxy$DynamicAdvisedInterceptor.intercept(CglibAopProxy.java:728)\r\n	at com.insmess.knowledge.module.ext.service.extStructTask.impl.ExtStructTaskServiceImpl$$SpringCGLIB$$0.consumeQueue(<generated>)\r\n	at java.base/jdk.internal.reflect.DirectMethodHandleAccessor.invoke(DirectMethodHandleAccessor', '2025-10-16 10:05:39');
INSERT INTO `system_job_log` VALUES (92, '结构化任务抽取', 'DEFAULT', 'extStructTaskServiceImpl.consumeQueue()', '结构化任务抽取 总共耗时：3290毫秒', '0', '', '2025-10-16 10:12:41');
INSERT INTO `system_job_log` VALUES (93, '结构化任务抽取', 'DEFAULT', 'extStructTaskServiceImpl.consumeQueue()', '结构化任务抽取 总共耗时：51046毫秒', '0', '', '2025-10-16 10:13:59');
INSERT INTO `system_job_log` VALUES (94, '结构化任务抽取', 'DEFAULT', 'extStructTaskServiceImpl.consumeQueue()', '结构化任务抽取 总共耗时：47172毫秒', '1', 'java.lang.reflect.InvocationTargetException\r\n	at java.base/jdk.internal.reflect.DirectMethodHandleAccessor.invoke(DirectMethodHandleAccessor.java:118)\r\n	at java.base/java.lang.reflect.Method.invoke(Method.java:580)\r\n	at util.com.insmess.knowledge.quartz.JobInvokeUtil.invokeMethod(JobInvokeUtil.java:62)\r\n	at util.com.insmess.knowledge.quartz.JobInvokeUtil.invokeMethod(JobInvokeUtil.java:34)\r\n	at util.com.insmess.knowledge.quartz.QuartzDisallowConcurrentExecution.doExecute(QuartzDisallowConcurrentExecution.java:19)\r\n	at util.com.insmess.knowledge.quartz.AbstractQuartzJob.execute(AbstractQuartzJob.java:44)\r\n	at org.quartz.core.JobRunShell.run(JobRunShell.java:202)\r\n	at org.quartz.simpl.SimpleThreadPool$WorkerThread.run(SimpleThreadPool.java:573)\r\nCaused by: org.springframework.transaction.TransactionSystemException: Connection is closed\r\n	at org.springframework.data.neo4j.core.transaction.Neo4jTransactionManager.doCommit(Neo4jTransactionManager.java:350)\r\n	at org.springframework.transaction.support.AbstractPlatformTransactionManager.processCommit(AbstractPlatformTransactionManager.java:795)\r\n	at org.springframework.transaction.support.AbstractPlatformTransactionManager.commit(AbstractPlatformTransactionManager.java:758)\r\n	at org.springframework.transaction.interceptor.TransactionAspectSupport.commitTransactionAfterReturning(TransactionAspectSupport.java:698)\r\n	at org.springframework.transaction.interceptor.TransactionAspectSupport.invokeWithinTransaction(TransactionAspectSupport.java:416)\r\n	at org.springframework.transaction.interceptor.TransactionInterceptor.invoke(TransactionInterceptor.java:119)\r\n	at org.springframework.aop.framework.ReflectiveMethodInvocation.proceed(ReflectiveMethodInvocation.java:184)\r\n	at org.springframework.aop.framework.CglibAopProxy$DynamicAdvisedInterceptor.intercept(CglibAopProxy.java:728)\r\n	at com.insmess.knowledge.module.ext.service.extStructTask.impl.ExtStructTaskServiceImpl$$SpringCGLIB$$0.consumeQueue(<generated>)\r\n	at java.base/jdk.interna', '2025-10-16 10:15:17');
INSERT INTO `system_job_log` VALUES (95, '结构化任务抽取', 'DEFAULT', 'extStructTaskServiceImpl.consumeQueue()', '结构化任务抽取 总共耗时：28877毫秒', '0', '', '2025-10-16 10:18:29');
INSERT INTO `system_job_log` VALUES (96, '结构化任务抽取', 'DEFAULT', 'extStructTaskServiceImpl.consumeQueue()', '结构化任务抽取 总共耗时：2075毫秒', '1', 'java.lang.reflect.InvocationTargetException\r\n	at java.base/jdk.internal.reflect.DirectMethodHandleAccessor.invoke(DirectMethodHandleAccessor.java:118)\r\n	at java.base/java.lang.reflect.Method.invoke(Method.java:580)\r\n	at util.com.insmess.knowledge.quartz.JobInvokeUtil.invokeMethod(JobInvokeUtil.java:62)\r\n	at util.com.insmess.knowledge.quartz.JobInvokeUtil.invokeMethod(JobInvokeUtil.java:34)\r\n	at util.com.insmess.knowledge.quartz.QuartzDisallowConcurrentExecution.doExecute(QuartzDisallowConcurrentExecution.java:19)\r\n	at util.com.insmess.knowledge.quartz.AbstractQuartzJob.execute(AbstractQuartzJob.java:44)\r\n	at org.quartz.core.JobRunShell.run(JobRunShell.java:202)\r\n	at org.quartz.simpl.SimpleThreadPool$WorkerThread.run(SimpleThreadPool.java:573)\r\nCaused by: org.springframework.transaction.UnexpectedRollbackException: Transaction rolled back because it has been marked as rollback-only\r\n	at org.springframework.transaction.support.AbstractPlatformTransactionManager.processRollback(AbstractPlatformTransactionManager.java:938)\r\n	at org.springframework.transaction.support.AbstractPlatformTransactionManager.commit(AbstractPlatformTransactionManager.java:754)\r\n	at org.springframework.transaction.interceptor.TransactionAspectSupport.commitTransactionAfterReturning(TransactionAspectSupport.java:698)\r\n	at org.springframework.transaction.interceptor.TransactionAspectSupport.invokeWithinTransaction(TransactionAspectSupport.java:416)\r\n	at org.springframework.transaction.interceptor.TransactionInterceptor.invoke(TransactionInterceptor.java:119)\r\n	at org.springframework.aop.framework.ReflectiveMethodInvocation.proceed(ReflectiveMethodInvocation.java:184)\r\n	at org.springframework.aop.framework.CglibAopProxy$DynamicAdvisedInterceptor.intercept(CglibAopProxy.java:728)\r\n	at com.insmess.knowledge.module.ext.service.extStructTask.impl.ExtStructTaskServiceImpl$$SpringCGLIB$$0.consumeQueue(<generated>)\r\n	at java.base/jdk.internal.reflect.DirectMethodHandleAccessor.invoke(DirectMethodHandleAccessor', '2025-10-17 07:55:32');
INSERT INTO `system_job_log` VALUES (97, '结构化任务抽取', 'DEFAULT', 'extStructTaskServiceImpl.consumeQueue()', '结构化任务抽取 总共耗时：139937毫秒', '0', '', '2025-10-17 07:59:29');
INSERT INTO `system_job_log` VALUES (98, '结构化任务抽取', 'DEFAULT', 'extStructTaskServiceImpl.consumeQueue()', '结构化任务抽取 总共耗时：142933毫秒', '0', '', '2025-10-17 08:05:25');
INSERT INTO `system_job_log` VALUES (99, '结构化任务抽取', 'DEFAULT', 'extStructTaskServiceImpl.consumeQueue()', '结构化任务抽取 总共耗时：131896毫秒', '0', '', '2025-10-17 08:20:55');
INSERT INTO `system_job_log` VALUES (100, '结构化任务抽取', 'DEFAULT', 'extStructTaskServiceImpl.consumeQueue()', '结构化任务抽取 总共耗时：132901毫秒', '0', '', '2025-10-17 08:33:13');
INSERT INTO `system_job_log` VALUES (101, '结构化任务抽取', 'DEFAULT', 'extStructTaskServiceImpl.consumeQueue()', '结构化任务抽取 总共耗时：490278毫秒', '1', 'java.lang.reflect.InvocationTargetException\r\n	at java.base/jdk.internal.reflect.DirectMethodHandleAccessor.invoke(DirectMethodHandleAccessor.java:118)\r\n	at java.base/java.lang.reflect.Method.invoke(Method.java:580)\r\n	at util.com.insmess.knowledge.quartz.JobInvokeUtil.invokeMethod(JobInvokeUtil.java:62)\r\n	at util.com.insmess.knowledge.quartz.JobInvokeUtil.invokeMethod(JobInvokeUtil.java:34)\r\n	at util.com.insmess.knowledge.quartz.QuartzDisallowConcurrentExecution.doExecute(QuartzDisallowConcurrentExecution.java:19)\r\n	at util.com.insmess.knowledge.quartz.AbstractQuartzJob.execute(AbstractQuartzJob.java:44)\r\n	at org.quartz.core.JobRunShell.run(JobRunShell.java:202)\r\n	at org.quartz.simpl.SimpleThreadPool$WorkerThread.run(SimpleThreadPool.java:573)\r\nCaused by: org.springframework.transaction.UnexpectedRollbackException: Transaction rolled back because it has been marked as rollback-only\r\n	at org.springframework.transaction.support.AbstractPlatformTransactionManager.processRollback(AbstractPlatformTransactionManager.java:938)\r\n	at org.springframework.transaction.support.AbstractPlatformTransactionManager.commit(AbstractPlatformTransactionManager.java:754)\r\n	at org.springframework.transaction.interceptor.TransactionAspectSupport.commitTransactionAfterReturning(TransactionAspectSupport.java:698)\r\n	at org.springframework.transaction.interceptor.TransactionAspectSupport.invokeWithinTransaction(TransactionAspectSupport.java:416)\r\n	at org.springframework.transaction.interceptor.TransactionInterceptor.invoke(TransactionInterceptor.java:119)\r\n	at org.springframework.aop.framework.ReflectiveMethodInvocation.proceed(ReflectiveMethodInvocation.java:184)\r\n	at org.springframework.aop.framework.CglibAopProxy$DynamicAdvisedInterceptor.intercept(CglibAopProxy.java:728)\r\n	at com.insmess.knowledge.module.ext.service.extStructTask.impl.ExtStructTaskServiceImpl$$SpringCGLIB$$0.consumeQueue(<generated>)\r\n	at java.base/jdk.internal.reflect.DirectMethodHandleAccessor.invoke(DirectMethodHandleAccessor', '2025-10-17 08:48:04');
INSERT INTO `system_job_log` VALUES (102, '结构化任务抽取', 'DEFAULT', 'extStructTaskServiceImpl.consumeQueue()', '结构化任务抽取 总共耗时：133241毫秒', '0', '', '2025-10-17 08:51:42');
INSERT INTO `system_job_log` VALUES (103, '结构化任务抽取', 'DEFAULT', 'extStructTaskServiceImpl.consumeQueue()', '结构化任务抽取 总共耗时：148523毫秒', '0', '', '2025-10-17 09:43:42');
INSERT INTO `system_job_log` VALUES (104, '结构化任务抽取', 'DEFAULT', 'extStructTaskServiceImpl.consumeQueue()', '结构化任务抽取 总共耗时：11223毫秒', '0', '', '2025-10-17 10:07:56');
INSERT INTO `system_job_log` VALUES (105, '结构化任务抽取', 'DEFAULT', 'extStructTaskServiceImpl.consumeQueue()', '结构化任务抽取 总共耗时：21670毫秒', '0', '', '2025-10-21 06:26:26');
INSERT INTO `system_job_log` VALUES (106, '结构化任务抽取', 'DEFAULT', 'extStructTaskServiceImpl.consumeQueue()', '结构化任务抽取 总共耗时：4959毫秒', '0', '', '2025-10-21 08:30:07');
INSERT INTO `system_job_log` VALUES (107, '结构化任务抽取', 'DEFAULT', 'extStructTaskServiceImpl.consumeQueue()', '结构化任务抽取 总共耗时：4225毫秒', '0', '', '2025-10-21 09:33:47');
INSERT INTO `system_job_log` VALUES (108, '结构化任务抽取', 'DEFAULT', 'extStructTaskServiceImpl.consumeQueue()', '结构化任务抽取 总共耗时：3860毫秒', '0', '', '2025-10-21 09:43:02');
INSERT INTO `system_job_log` VALUES (109, '结构化任务抽取', 'DEFAULT', 'extStructTaskServiceImpl.consumeQueue()', '结构化任务抽取 总共耗时：22818毫秒', '0', '', '2025-10-21 09:46:52');
INSERT INTO `system_job_log` VALUES (110, '结构化任务抽取', 'DEFAULT', 'extStructTaskServiceImpl.consumeQueue()', '结构化任务抽取 总共耗时：1984毫秒', '0', '', '2025-10-21 14:20:52');
INSERT INTO `system_job_log` VALUES (111, '结构化任务抽取', 'DEFAULT', 'extStructTaskServiceImpl.consumeQueue()', '结构化任务抽取 总共耗时：10574毫秒', '0', '', '2025-10-21 14:22:13');
INSERT INTO `system_job_log` VALUES (112, '结构化任务抽取', 'DEFAULT', 'extStructTaskServiceImpl.consumeQueue()', '结构化任务抽取 总共耗时：2153毫秒', '0', '', '2025-10-21 14:25:42');
INSERT INTO `system_job_log` VALUES (113, '结构化任务抽取', 'DEFAULT', 'extStructTaskServiceImpl.consumeQueue()', '结构化任务抽取 总共耗时：2051毫秒', '0', '', '2025-10-21 14:28:07');
INSERT INTO `system_job_log` VALUES (114, '结构化任务抽取', 'DEFAULT', 'extStructTaskServiceImpl.consumeQueue()', '结构化任务抽取 总共耗时：7008毫秒', '0', '', '2025-10-22 02:42:00');
INSERT INTO `system_job_log` VALUES (115, '结构化任务抽取', 'DEFAULT', 'extStructTaskServiceImpl.consumeQueue()', '结构化任务抽取 总共耗时：6毫秒', '0', '', '2025-10-22 05:56:25');
INSERT INTO `system_job_log` VALUES (116, '非结构化任务抽取', 'DEFAULT', 'extUnstructTaskServiceImpl.consumeQueue()', '非结构化任务抽取 总共耗时：1849毫秒', '0', '', '2025-10-22 05:56:31');
INSERT INTO `system_job_log` VALUES (117, '非结构化任务抽取', 'DEFAULT', 'extUnstructTaskServiceImpl.consumeQueue()', '非结构化任务抽取 总共耗时：1150毫秒', '0', '', '2025-10-22 06:01:46');

-- ----------------------------
-- Table structure for system_logininfor
-- ----------------------------
DROP TABLE IF EXISTS `system_logininfor`;
CREATE TABLE `system_logininfor`  (
  `info_id` bigint NOT NULL AUTO_INCREMENT COMMENT '访问ID',
  `user_name` varchar(50) CHARACTER SET utf8mb4 COLLATE utf8mb4_bin NULL DEFAULT '' COMMENT '用户账号',
  `ipaddr` varchar(128) CHARACTER SET utf8mb4 COLLATE utf8mb4_bin NULL DEFAULT '' COMMENT '登录IP地址',
  `login_location` varchar(255) CHARACTER SET utf8mb4 COLLATE utf8mb4_bin NULL DEFAULT '' COMMENT '登录地点',
  `browser` varchar(50) CHARACTER SET utf8mb4 COLLATE utf8mb4_bin NULL DEFAULT '' COMMENT '浏览器类型',
  `os` varchar(50) CHARACTER SET utf8mb4 COLLATE utf8mb4_bin NULL DEFAULT '' COMMENT '操作系统',
  `status` char(1) CHARACTER SET utf8mb4 COLLATE utf8mb4_bin NULL DEFAULT '0' COMMENT '登录状态（0成功 1失败）',
  `msg` varchar(255) CHARACTER SET utf8mb4 COLLATE utf8mb4_bin NULL DEFAULT '' COMMENT '提示消息',
  `login_time` datetime NULL DEFAULT NULL COMMENT '访问时间',
  PRIMARY KEY (`info_id`) USING BTREE,
  INDEX `idx_system_logininfor_s`(`status` ASC) USING BTREE,
  INDEX `idx_system_logininfor_lt`(`login_time` ASC) USING BTREE
) ENGINE = InnoDB AUTO_INCREMENT = 442 CHARACTER SET = utf8mb4 COLLATE = utf8mb4_bin COMMENT = '系统访问记录' ROW_FORMAT = DYNAMIC;

-- ----------------------------
-- Records of system_logininfor
-- ----------------------------
INSERT INTO `system_logininfor` VALUES (100, 'qKnow', '127.0.0.1', '内网IP', 'Chrome 13', 'Windows 10', '0', '登录成功', '2025-09-04 18:33:46');
INSERT INTO `system_logininfor` VALUES (101, 'qKnow', '127.0.0.1', '内网IP', 'Chrome 13', 'Windows 10', '0', '登录成功', '2025-09-05 08:45:52');
INSERT INTO `system_logininfor` VALUES (102, 'qKnow', '127.0.0.1', '内网IP', 'Chrome 13', 'Windows 10', '0', '退出成功', '2025-09-05 09:47:03');
INSERT INTO `system_logininfor` VALUES (103, 'qKnow', '127.0.0.1', '内网IP', 'Chrome 13', 'Windows 10', '1', '验证码错误', '2025-09-05 09:47:28');
INSERT INTO `system_logininfor` VALUES (104, 'qKnow', '127.0.0.1', '内网IP', 'Chrome 13', 'Windows 10', '0', '登录成功', '2025-09-05 09:47:37');
INSERT INTO `system_logininfor` VALUES (105, 'qKnow', '127.0.0.1', '内网IP', 'Chrome 13', 'Windows 10', '0', '退出成功', '2025-09-05 09:49:27');
INSERT INTO `system_logininfor` VALUES (106, 'admin', '127.0.0.1', '内网IP', 'Chrome 13', 'Windows 10', '0', '登录成功', '2025-09-05 09:49:37');
INSERT INTO `system_logininfor` VALUES (107, 'admin', '127.0.0.1', '内网IP', 'Chrome 13', 'Windows 10', '0', '退出成功', '2025-09-05 09:49:55');
INSERT INTO `system_logininfor` VALUES (108, 'qKnow', '127.0.0.1', '内网IP', 'Chrome 13', 'Windows 10', '1', '验证码已失效', '2025-09-05 10:47:32');
INSERT INTO `system_logininfor` VALUES (109, 'qKnow', '127.0.0.1', '内网IP', 'Chrome 13', 'Windows 10', '1', '用户不存在/密码错误', '2025-09-05 10:47:35');
INSERT INTO `system_logininfor` VALUES (110, 'qKnow', '127.0.0.1', '内网IP', 'Chrome 13', 'Windows 10', '0', '登录成功', '2025-09-05 10:47:43');
INSERT INTO `system_logininfor` VALUES (111, 'qKnow', '127.0.0.1', '内网IP', 'Chrome 13', 'Windows 10', '0', '退出成功', '2025-09-05 10:58:59');
INSERT INTO `system_logininfor` VALUES (112, 'qKnow', '127.0.0.1', '内网IP', 'Chrome 13', 'Windows 10', '1', '验证码已失效', '2025-09-05 11:09:25');
INSERT INTO `system_logininfor` VALUES (113, 'qKnow', '127.0.0.1', '内网IP', 'Chrome 13', 'Windows 10', '0', '登录成功', '2025-09-05 11:09:29');
INSERT INTO `system_logininfor` VALUES (114, 'qKnow', '127.0.0.1', '内网IP', 'Chrome 13', 'Windows 10', '0', '退出成功', '2025-09-05 11:11:36');
INSERT INTO `system_logininfor` VALUES (115, 'qKnow', '127.0.0.1', '内网IP', 'Chrome 13', 'Windows 10', '1', '验证码错误', '2025-09-05 11:12:04');
INSERT INTO `system_logininfor` VALUES (116, 'qKnow', '127.0.0.1', '内网IP', 'Chrome 13', 'Windows 10', '0', '登录成功', '2025-09-05 11:12:08');
INSERT INTO `system_logininfor` VALUES (117, 'qKnow', '127.0.0.1', '内网IP', 'Chrome 14', 'Windows 10', '0', '登录成功', '2025-09-05 14:40:29');
INSERT INTO `system_logininfor` VALUES (118, 'qKnow', '127.0.0.1', '内网IP', 'Chrome 14', 'Windows 10', '0', '登录成功', '2025-09-06 11:00:06');
INSERT INTO `system_logininfor` VALUES (119, 'qKnow', '127.0.0.1', '内网IP', 'Chrome 14', 'Windows 10', '0', '退出成功', '2025-09-06 11:14:18');
INSERT INTO `system_logininfor` VALUES (120, 'insmess', '127.0.0.1', '内网IP', 'Chrome 14', 'Windows 10', '1', '用户不存在/密码错误', '2025-09-06 11:14:24');
INSERT INTO `system_logininfor` VALUES (121, 'insmess', '127.0.0.1', '内网IP', 'Chrome 14', 'Windows 10', '1', '验证码错误', '2025-09-06 11:14:28');
INSERT INTO `system_logininfor` VALUES (122, 'insmess', '127.0.0.1', '内网IP', 'Chrome 14', 'Windows 10', '1', '用户不存在/密码错误', '2025-09-06 11:14:33');
INSERT INTO `system_logininfor` VALUES (123, 'insmess', '127.0.0.1', '内网IP', 'Chrome 14', 'Windows 10', '1', '验证码错误', '2025-09-06 11:14:37');
INSERT INTO `system_logininfor` VALUES (124, 'insmess', '127.0.0.1', '内网IP', 'Chrome 14', 'Windows 10', '0', '登录成功', '2025-09-06 11:14:45');
INSERT INTO `system_logininfor` VALUES (125, 'insmess', '127.0.0.1', '内网IP', 'Chrome 14', 'Windows 10', '0', '退出成功', '2025-09-06 11:15:08');
INSERT INTO `system_logininfor` VALUES (126, 'qKnow', '127.0.0.1', '内网IP', 'Chrome 14', 'Windows 10', '1', '用户不存在/密码错误', '2025-09-06 11:15:27');
INSERT INTO `system_logininfor` VALUES (127, 'qKnow', '127.0.0.1', '内网IP', 'Chrome 14', 'Windows 10', '1', '用户不存在/密码错误', '2025-09-06 11:20:43');
INSERT INTO `system_logininfor` VALUES (128, 'qKnow', '127.0.0.1', '内网IP', 'Chrome 14', 'Windows 10', '1', '验证码错误', '2025-09-06 11:20:52');
INSERT INTO `system_logininfor` VALUES (129, 'qKnow', '127.0.0.1', '内网IP', 'Chrome 14', 'Windows 10', '0', '登录成功', '2025-09-06 11:20:56');
INSERT INTO `system_logininfor` VALUES (130, 'qKnow', '127.0.0.1', '内网IP', 'Chrome 14', 'Windows 10', '0', '退出成功', '2025-09-06 11:21:10');
INSERT INTO `system_logininfor` VALUES (131, 'insmess', '127.0.0.1', '内网IP', 'Chrome 14', 'Windows 10', '0', '登录成功', '2025-09-06 11:22:08');
INSERT INTO `system_logininfor` VALUES (132, 'insmess', '127.0.0.1', '内网IP', 'Chrome 13', 'Windows 10', '1', '用户不存在/密码错误', '2025-09-09 08:03:59');
INSERT INTO `system_logininfor` VALUES (133, 'qKnow', '127.0.0.1', '内网IP', 'Chrome 13', 'Windows 10', '0', '登录成功', '2025-09-09 08:04:43');
INSERT INTO `system_logininfor` VALUES (134, 'qKnow', '127.0.0.1', '内网IP', 'Chrome 13', 'Windows 10', '0', '登录成功', '2025-09-09 11:09:57');
INSERT INTO `system_logininfor` VALUES (135, 'qKnow', '127.0.0.1', '内网IP', 'Chrome 13', 'Windows 10', '1', '用户不存在/密码错误', '2025-09-10 02:15:15');
INSERT INTO `system_logininfor` VALUES (136, 'qKnow', '127.0.0.1', '内网IP', 'Chrome 13', 'Windows 10', '1', '验证码错误', '2025-09-10 02:15:26');
INSERT INTO `system_logininfor` VALUES (137, 'qKnow', '127.0.0.1', '内网IP', 'Chrome 13', 'Windows 10', '0', '登录成功', '2025-09-10 02:15:30');
INSERT INTO `system_logininfor` VALUES (138, 'qKnow', '127.0.0.1', '内网IP', 'Chrome 14', 'Windows 10', '0', '登录成功', '2025-09-11 08:20:40');
INSERT INTO `system_logininfor` VALUES (139, 'insmess', '127.0.0.1', '内网IP', 'Chrome 14', 'Windows 10', '0', '登录成功', '2025-09-12 08:21:27');
INSERT INTO `system_logininfor` VALUES (140, 'insmess', '127.0.0.1', '内网IP', 'Chrome 14', 'Windows 10', '0', '登录成功', '2025-09-13 02:24:12');
INSERT INTO `system_logininfor` VALUES (141, 'insmess', '127.0.0.1', '内网IP', 'Chrome 14', 'Windows 10', '0', '登录成功', '2025-09-13 11:52:36');
INSERT INTO `system_logininfor` VALUES (142, 'insmess', '127.0.0.1', '内网IP', 'Chrome 14', 'Windows 10', '0', '登录成功', '2025-09-14 00:50:32');
INSERT INTO `system_logininfor` VALUES (143, 'insmess', '127.0.0.1', '内网IP', 'Chrome 14', 'Windows 10', '1', '验证码已失效', '2025-09-14 00:53:21');
INSERT INTO `system_logininfor` VALUES (144, 'insmess', '127.0.0.1', '内网IP', 'Chrome 14', 'Windows 10', '0', '登录成功', '2025-09-14 00:53:28');
INSERT INTO `system_logininfor` VALUES (145, 'insmess', '127.0.0.1', '内网IP', 'Chrome 14', 'Windows 10', '1', '验证码错误', '2025-09-15 01:09:17');
INSERT INTO `system_logininfor` VALUES (146, 'insmess', '127.0.0.1', '内网IP', 'Chrome 14', 'Windows 10', '0', '登录成功', '2025-09-15 01:09:20');
INSERT INTO `system_logininfor` VALUES (147, 'insmess', '127.0.0.1', '内网IP', 'Chrome 14', 'Windows 10', '0', '登录成功', '2025-09-16 01:03:02');
INSERT INTO `system_logininfor` VALUES (148, 'insmess', '221.216.116.105', 'XX XX', 'Chrome 13', 'Windows 10', '0', '登录成功', '2025-09-16 02:35:43');
INSERT INTO `system_logininfor` VALUES (149, 'insmess', '221.216.116.105', 'XX XX', 'Chrome 13', 'Windows 10', '0', '退出成功', '2025-09-16 03:11:08');
INSERT INTO `system_logininfor` VALUES (150, 'insmess', '221.216.116.105', 'XX XX', 'Chrome 13', 'Windows 10', '0', '退出成功', '2025-09-16 03:11:08');
INSERT INTO `system_logininfor` VALUES (151, 'insmess', '114.254.1.12', 'XX XX', 'Chrome 13', 'Windows 10', '0', '登录成功', '2025-09-16 03:11:44');
INSERT INTO `system_logininfor` VALUES (152, 'insmess', '114.254.1.12', 'XX XX', 'Chrome 13', 'Windows 10', '0', '退出成功', '2025-09-16 03:15:35');
INSERT INTO `system_logininfor` VALUES (153, 'insmess', '114.254.1.12', 'XX XX', 'Chrome 13', 'Windows 10', '0', '退出成功', '2025-09-16 03:15:35');
INSERT INTO `system_logininfor` VALUES (154, 'insmess', '114.254.1.12', 'XX XX', 'Chrome 13', 'Windows 10', '0', '退出成功', '2025-09-16 03:15:35');
INSERT INTO `system_logininfor` VALUES (155, 'insmess', '114.254.1.12', 'XX XX', 'Chrome 13', 'Windows 10', '0', '登录成功', '2025-09-16 03:15:51');
INSERT INTO `system_logininfor` VALUES (156, 'insmess', '124.64.22.72', 'XX XX', 'Chrome 13', 'Windows 10', '0', '退出成功', '2025-09-16 07:13:58');
INSERT INTO `system_logininfor` VALUES (157, 'insmess', '124.64.22.72', 'XX XX', 'Chrome 13', 'Windows 10', '0', '退出成功', '2025-09-16 07:13:58');
INSERT INTO `system_logininfor` VALUES (158, 'insmess', '124.64.22.72', 'XX XX', 'Chrome 13', 'Windows 10', '1', '验证码错误', '2025-09-16 07:14:09');
INSERT INTO `system_logininfor` VALUES (159, 'insmess', '124.64.22.72', 'XX XX', 'Chrome 13', 'Windows 10', '0', '登录成功', '2025-09-16 07:14:18');
INSERT INTO `system_logininfor` VALUES (160, 'insmess', '114.254.2.186', 'XX XX', 'Chrome 13', 'Windows 10', '1', '验证码错误', '2025-09-17 00:49:55');
INSERT INTO `system_logininfor` VALUES (161, 'insmess', '114.254.2.186', 'XX XX', 'Chrome 13', 'Windows 10', '0', '登录成功', '2025-09-17 00:50:01');
INSERT INTO `system_logininfor` VALUES (162, 'root', '223.104.43.30', 'XX XX', 'Chrome 14', 'Windows 10', '1', '用户不存在/密码错误', '2025-09-17 01:22:32');
INSERT INTO `system_logininfor` VALUES (163, 'insmess', '223.104.43.30', 'XX XX', 'Chrome 14', 'Windows 10', '1', '验证码错误', '2025-09-17 01:22:37');
INSERT INTO `system_logininfor` VALUES (164, 'insmess', '223.104.43.30', 'XX XX', 'Chrome 14', 'Windows 10', '0', '登录成功', '2025-09-17 01:22:41');
INSERT INTO `system_logininfor` VALUES (165, 'admin', '223.104.43.30', 'XX XX', 'Chrome 14', 'Windows 10', '1', '用户不存在/密码错误', '2025-09-18 05:49:07');
INSERT INTO `system_logininfor` VALUES (166, 'admin', '223.104.43.30', 'XX XX', 'Chrome 14', 'Windows 10', '1', '用户不存在/密码错误', '2025-09-18 05:49:11');
INSERT INTO `system_logininfor` VALUES (167, 'insmess', '223.104.43.30', 'XX XX', 'Chrome 14', 'Windows 10', '1', '验证码错误', '2025-09-18 05:49:24');
INSERT INTO `system_logininfor` VALUES (168, 'insmess', '223.104.43.30', 'XX XX', 'Chrome 14', 'Windows 10', '0', '登录成功', '2025-09-18 05:49:28');
INSERT INTO `system_logininfor` VALUES (169, 'insmess', '114.244.129.121', 'XX XX', 'Chrome 13', 'Windows 10', '0', '登录成功', '2025-09-18 05:56:22');
INSERT INTO `system_logininfor` VALUES (170, 'insmess', '39.144.78.165', 'XX XX', 'Chrome 14', 'Windows 10', '0', '登录成功', '2025-09-19 00:57:50');
INSERT INTO `system_logininfor` VALUES (171, 'insmess', '114.254.1.186', 'XX XX', 'Chrome 13', 'Windows 10', '0', '登录成功', '2025-09-19 01:13:40');
INSERT INTO `system_logininfor` VALUES (172, 'root', '39.144.78.165', 'XX XX', 'Chrome 14', 'Windows 10', '1', '用户不存在/密码错误', '2025-09-19 07:22:43');
INSERT INTO `system_logininfor` VALUES (173, 'insmess', '39.144.78.165', 'XX XX', 'Chrome 14', 'Windows 10', '0', '登录成功', '2025-09-19 07:22:55');
INSERT INTO `system_logininfor` VALUES (174, 'insmess', '39.144.78.165', 'XX XX', 'Chrome 14', 'Windows 10', '0', '登录成功', '2025-09-19 09:05:59');
INSERT INTO `system_logininfor` VALUES (175, 'insmess', '39.144.78.197', 'XX XX', 'Chrome 14', 'Windows 10', '0', '登录成功', '2025-09-22 01:08:46');
INSERT INTO `system_logininfor` VALUES (176, 'insmess', '114.244.128.11', 'XX XX', 'Chrome 13', 'Windows 10', '0', '登录成功', '2025-09-22 01:42:59');
INSERT INTO `system_logininfor` VALUES (177, 'insmess', '39.144.78.197', 'XX XX', 'Chrome 14', 'Windows 10', '0', '登录成功', '2025-09-23 00:19:50');
INSERT INTO `system_logininfor` VALUES (178, 'insmess', '39.144.78.197', 'XX XX', 'Chrome 14', 'Windows 10', '0', '退出成功', '2025-09-23 00:33:19');
INSERT INTO `system_logininfor` VALUES (179, 'insmess', '39.144.78.197', 'XX XX', 'Chrome 14', 'Windows 10', '0', '登录成功', '2025-09-23 00:33:30');
INSERT INTO `system_logininfor` VALUES (180, 'insmess', '114.244.129.109', 'XX XX', 'Chrome 13', 'Windows 10', '0', '登录成功', '2025-09-23 01:09:33');
INSERT INTO `system_logininfor` VALUES (181, 'insmess', '223.104.40.183', 'XX XX', 'Chrome 14', 'Windows 10', '1', '用户不存在/密码错误', '2025-09-23 02:29:42');
INSERT INTO `system_logininfor` VALUES (182, 'insmess', '223.104.40.183', 'XX XX', 'Chrome 14', 'Windows 10', '0', '登录成功', '2025-09-23 02:29:58');
INSERT INTO `system_logininfor` VALUES (183, 'insmess', '114.244.129.109', 'XX XX', 'Chrome 13', 'Windows 10', '0', '退出成功', '2025-09-23 05:59:30');
INSERT INTO `system_logininfor` VALUES (184, 'insmess', '114.244.129.109', 'XX XX', 'Chrome 13', 'Windows 10', '0', '登录成功', '2025-09-23 05:59:39');
INSERT INTO `system_logininfor` VALUES (185, 'insmess', '114.246.237.119', 'XX XX', 'Chrome 13', 'Windows 10', '0', '退出成功', '2025-09-23 08:21:52');
INSERT INTO `system_logininfor` VALUES (186, 'insmess', '114.246.237.119', 'XX XX', 'Chrome 13', 'Windows 10', '0', '登录成功', '2025-09-23 08:22:04');
INSERT INTO `system_logininfor` VALUES (187, 'insmess', '114.246.237.119', 'XX XX', 'Chrome 13', 'Windows 10', '0', '退出成功', '2025-09-23 08:23:39');
INSERT INTO `system_logininfor` VALUES (188, 'insmess', '114.246.237.119', 'XX XX', 'Chrome 13', 'Windows 10', '0', '登录成功', '2025-09-23 08:24:35');
INSERT INTO `system_logininfor` VALUES (189, 'insmess', '114.246.237.119', 'XX XX', 'Chrome 13', 'Windows 10', '0', '退出成功', '2025-09-23 08:47:48');
INSERT INTO `system_logininfor` VALUES (190, 'insmess', '114.246.237.119', 'XX XX', 'Chrome 13', 'Windows 10', '0', '退出成功', '2025-09-23 08:47:48');
INSERT INTO `system_logininfor` VALUES (191, 'insmess', '114.246.237.119', 'XX XX', 'Chrome 13', 'Windows 10', '0', '退出成功', '2025-09-23 08:47:48');
INSERT INTO `system_logininfor` VALUES (192, 'insmess', '114.246.237.119', 'XX XX', 'Chrome 13', 'Windows 10', '0', '退出成功', '2025-09-23 08:47:48');
INSERT INTO `system_logininfor` VALUES (193, 'insmess', '114.246.237.119', 'XX XX', 'Chrome 13', 'Windows 10', '0', '退出成功', '2025-09-23 08:47:48');
INSERT INTO `system_logininfor` VALUES (194, 'insmess', '114.246.237.119', 'XX XX', 'Chrome 13', 'Windows 10', '0', '登录成功', '2025-09-23 08:48:28');
INSERT INTO `system_logininfor` VALUES (195, 'insmess', '39.144.78.197', 'XX XX', 'Chrome 14', 'Windows 10', '0', '登录成功', '2025-09-24 00:26:55');
INSERT INTO `system_logininfor` VALUES (196, 'insmess', '114.244.129.89', 'XX XX', 'Chrome 13', 'Windows 10', '1', '验证码已失效', '2025-09-24 00:50:55');
INSERT INTO `system_logininfor` VALUES (197, 'insmess', '114.244.129.89', 'XX XX', 'Chrome 13', 'Windows 10', '0', '登录成功', '2025-09-24 00:51:01');
INSERT INTO `system_logininfor` VALUES (198, 'insmess', '223.104.41.18', 'XX XX', 'Chrome 14', 'Windows 10', '0', '登录成功', '2025-09-24 01:38:16');
INSERT INTO `system_logininfor` VALUES (199, 'insmess', '39.144.78.197', 'XX XX', 'Chrome 14', 'Windows 10', '1', '用户不存在/密码错误', '2025-09-24 23:46:54');
INSERT INTO `system_logininfor` VALUES (200, 'insmess', '39.144.78.197', 'XX XX', 'Chrome 14', 'Windows 10', '1', '验证码错误', '2025-09-24 23:47:02');
INSERT INTO `system_logininfor` VALUES (201, 'insmess', '39.144.78.197', 'XX XX', 'Chrome 14', 'Windows 10', '1', '验证码错误', '2025-09-24 23:47:07');
INSERT INTO `system_logininfor` VALUES (202, 'insmess', '39.144.78.197', 'XX XX', 'Chrome 14', 'Windows 10', '0', '登录成功', '2025-09-24 23:47:11');
INSERT INTO `system_logininfor` VALUES (203, 'insmess', '114.246.239.130', 'XX XX', 'Chrome 13', 'Windows 10', '0', '登录成功', '2025-09-25 00:51:31');
INSERT INTO `system_logininfor` VALUES (204, 'insmess', '39.144.78.197', 'XX XX', 'Chrome 14', 'Windows 10', '1', '验证码错误', '2025-09-25 10:22:32');
INSERT INTO `system_logininfor` VALUES (205, 'insmess', '39.144.78.197', 'XX XX', 'Chrome 14', 'Windows 10', '0', '登录成功', '2025-09-25 10:22:37');
INSERT INTO `system_logininfor` VALUES (206, 'insmess', '39.144.78.212', 'XX XX', 'Chrome 14', 'Windows 10', '1', '验证码错误', '2025-09-28 02:29:53');
INSERT INTO `system_logininfor` VALUES (207, 'insmess', '39.144.78.212', 'XX XX', 'Chrome 14', 'Windows 10', '0', '登录成功', '2025-09-28 02:29:56');
INSERT INTO `system_logininfor` VALUES (208, 'insmess', '114.246.236.248', 'XX XX', 'Chrome 13', 'Windows 10', '0', '登录成功', '2025-09-28 02:32:34');
INSERT INTO `system_logininfor` VALUES (209, 'insmess', '114.246.236.248', 'XX XX', 'Chrome 13', 'Windows 10', '0', '登录成功', '2025-09-28 02:56:05');
INSERT INTO `system_logininfor` VALUES (210, 'insmess', '124.64.22.231', 'XX XX', 'Chrome 13', 'Windows 10', '0', '登录成功', '2025-09-28 03:47:51');
INSERT INTO `system_logininfor` VALUES (211, 'insmess', '39.144.78.212', 'XX XX', 'Chrome 14', 'Windows 10', '0', '登录成功', '2025-09-28 05:24:48');
INSERT INTO `system_logininfor` VALUES (212, 'insmess', '39.144.78.212', 'XX XX', 'Chrome 14', 'Windows 10', '1', '验证码错误', '2025-09-28 05:24:55');
INSERT INTO `system_logininfor` VALUES (213, 'insmess', '39.144.78.212', 'XX XX', 'Chrome 14', 'Windows 10', '0', '登录成功', '2025-09-28 05:24:59');
INSERT INTO `system_logininfor` VALUES (214, 'insmess', '39.144.78.212', 'XX XX', 'Chrome 14', 'Windows 10', '1', '验证码错误', '2025-09-28 05:25:03');
INSERT INTO `system_logininfor` VALUES (215, 'insmess', '127.0.0.1', '内网IP', 'Chrome 14', 'Windows 10', '1', '验证码错误', '2025-10-01 00:25:02');
INSERT INTO `system_logininfor` VALUES (216, 'insmess', '127.0.0.1', '内网IP', 'Chrome 14', 'Windows 10', '0', '登录成功', '2025-10-01 00:25:05');
INSERT INTO `system_logininfor` VALUES (217, 'insmess', '124.64.22.138', 'XX XX', 'Chrome 13', 'Windows 10', '0', '登录成功', '2025-10-09 00:55:20');
INSERT INTO `system_logininfor` VALUES (218, 'insmess', '39.144.78.113', 'XX XX', 'Chrome 14', 'Windows 10', '0', '登录成功', '2025-10-09 01:50:53');
INSERT INTO `system_logininfor` VALUES (219, 'insmess', '39.144.78.113', 'XX XX', 'Chrome 14', 'Windows 10', '0', '退出成功', '2025-10-09 02:15:36');
INSERT INTO `system_logininfor` VALUES (220, 'insmess', '39.144.78.113', 'XX XX', 'Chrome 14', 'Windows 10', '0', '登录成功', '2025-10-09 02:15:51');
INSERT INTO `system_logininfor` VALUES (221, 'insmess', '127.0.0.1', '内网IP', 'Chrome 14', 'Windows 10', '0', '登录成功', '2025-10-10 06:52:23');
INSERT INTO `system_logininfor` VALUES (222, 'insmess', '127.0.0.1', '内网IP', 'Chrome 14', 'Windows 10', '0', '登录成功', '2025-10-11 01:30:48');
INSERT INTO `system_logininfor` VALUES (223, 'insmess', '127.0.0.1', '内网IP', 'Chrome 14', 'Windows 10', '0', '登录成功', '2025-10-11 07:53:28');
INSERT INTO `system_logininfor` VALUES (224, 'insmess', '127.0.0.1', '内网IP', 'Chrome 14', 'Windows 10', '0', '退出成功', '2025-10-11 11:19:51');
INSERT INTO `system_logininfor` VALUES (225, 'insmess', '127.0.0.1', '内网IP', 'Chrome 14', 'Windows 10', '1', '验证码错误', '2025-10-11 11:19:51');
INSERT INTO `system_logininfor` VALUES (226, 'insmess', '127.0.0.1', '内网IP', 'Chrome 14', 'Windows 10', '0', '登录成功', '2025-10-11 11:19:59');
INSERT INTO `system_logininfor` VALUES (227, 'insmess', '127.0.0.1', '内网IP', 'Chrome 14', 'Windows 10', '1', '验证码错误', '2025-10-11 11:20:29');
INSERT INTO `system_logininfor` VALUES (228, 'insmess', '127.0.0.1', '内网IP', 'Chrome 14', 'Windows 10', '1', '验证码错误', '2025-10-11 11:20:33');
INSERT INTO `system_logininfor` VALUES (229, 'insmess', '127.0.0.1', '内网IP', 'Chrome 10', 'Windows 10', '1', '验证码已失效', '2025-10-11 11:20:38');
INSERT INTO `system_logininfor` VALUES (230, 'insmess', '127.0.0.1', '内网IP', 'Chrome 14', 'Windows 10', '0', '登录成功', '2025-10-11 11:20:40');
INSERT INTO `system_logininfor` VALUES (231, 'insmess', '127.0.0.1', '内网IP', 'Chrome 10', 'Windows 10', '1', '验证码错误', '2025-10-11 11:20:43');
INSERT INTO `system_logininfor` VALUES (232, 'insmess', '127.0.0.1', '内网IP', 'Chrome 10', 'Windows 10', '0', '登录成功', '2025-10-11 11:20:48');
INSERT INTO `system_logininfor` VALUES (233, 'insmess', '127.0.0.1', '内网IP', 'Chrome 13', 'Windows 10', '0', '登录成功', '2025-10-11 12:16:32');
INSERT INTO `system_logininfor` VALUES (234, 'insmess', '127.0.0.1', '内网IP', 'Chrome 10', 'Windows 10', '0', '登录成功', '2025-10-13 06:07:20');
INSERT INTO `system_logininfor` VALUES (235, 'insmess', '127.0.0.1', '内网IP', 'Chrome 14', 'Windows 10', '1', '用户不存在/密码错误', '2025-10-13 06:47:04');
INSERT INTO `system_logininfor` VALUES (236, 'insmess', '127.0.0.1', '内网IP', 'Chrome 14', 'Windows 10', '0', '登录成功', '2025-10-13 06:47:12');
INSERT INTO `system_logininfor` VALUES (237, 'insmess', '127.0.0.1', '内网IP', 'Chrome 10', 'Windows 10', '0', '登录成功', '2025-10-14 02:35:01');
INSERT INTO `system_logininfor` VALUES (238, 'insmess', '127.0.0.1', '内网IP', 'Chrome 10', 'Windows 10', '0', '登录成功', '2025-10-14 03:20:53');
INSERT INTO `system_logininfor` VALUES (239, 'insmess', '127.0.0.1', '内网IP', 'Chrome 10', 'Windows 10', '0', '登录成功', '2025-10-15 01:38:08');
INSERT INTO `system_logininfor` VALUES (240, 'insmess', '127.0.0.1', '内网IP', 'Chrome 14', 'Windows 10', '0', '登录成功', '2025-10-16 07:20:36');
INSERT INTO `system_logininfor` VALUES (241, 'insmess', '127.0.0.1', '内网IP', 'Chrome 14', 'Windows 10', '1', '用户不存在/密码错误', '2025-10-16 08:48:03');
INSERT INTO `system_logininfor` VALUES (242, 'insmess', '127.0.0.1', '内网IP', 'Chrome 14', 'Windows 10', '0', '登录成功', '2025-10-16 08:48:14');
INSERT INTO `system_logininfor` VALUES (243, 'insmess', '127.0.0.1', '内网IP', 'Chrome 14', 'Windows 10', '1', '验证码错误', '2025-10-17 00:44:32');
INSERT INTO `system_logininfor` VALUES (244, 'insmess', '127.0.0.1', '内网IP', 'Chrome 14', 'Windows 10', '0', '登录成功', '2025-10-17 00:44:37');
INSERT INTO `system_logininfor` VALUES (245, 'insmess', '127.0.0.1', '内网IP', 'Chrome 14', 'Windows 10', '1', '验证码错误', '2025-10-17 07:54:27');
INSERT INTO `system_logininfor` VALUES (246, 'insmess', '127.0.0.1', '内网IP', 'Chrome 14', 'Windows 10', '0', '登录成功', '2025-10-17 07:54:31');
INSERT INTO `system_logininfor` VALUES (247, 'insmess', '127.0.0.1', '内网IP', 'Chrome 14', 'Windows 10', '1', '验证码错误', '2025-10-20 06:55:44');
INSERT INTO `system_logininfor` VALUES (248, 'insmess', '127.0.0.1', '内网IP', 'Chrome 14', 'Windows 10', '1', '验证码错误', '2025-10-20 06:55:50');
INSERT INTO `system_logininfor` VALUES (249, 'insmess', '127.0.0.1', '内网IP', 'Chrome 14', 'Windows 10', '0', '登录成功', '2025-10-20 06:56:19');
INSERT INTO `system_logininfor` VALUES (250, 'insmess', '127.0.0.1', '内网IP', 'Chrome 14', 'Windows 10', '0', '登录成功', '2025-10-21 01:10:25');
INSERT INTO `system_logininfor` VALUES (251, 'insmess', '127.0.0.1', '内网IP', 'Chrome 14', 'Windows 10', '1', '验证码错误', '2025-10-21 11:14:46');
INSERT INTO `system_logininfor` VALUES (252, 'insmess', '127.0.0.1', '内网IP', 'Chrome 14', 'Windows 10', '0', '登录成功', '2025-10-21 11:14:49');
INSERT INTO `system_logininfor` VALUES (253, 'insmess', '127.0.0.1', '内网IP', 'Chrome 14', 'Windows 10', '0', '登录成功', '2025-10-22 02:16:50');
INSERT INTO `system_logininfor` VALUES (254, 'insmess', '127.0.0.1', '内网IP', 'Chrome 14', 'Windows 10', '0', '登录成功', '2025-10-22 05:00:59');
INSERT INTO `system_logininfor` VALUES (255, 'insmess', '114.246.238.220', 'XX XX', 'Chrome 13', 'Windows 10', '1', '用户不存在/密码错误', '2025-10-23 00:59:10');
INSERT INTO `system_logininfor` VALUES (256, 'insmess', '114.246.238.220', 'XX XX', 'Chrome 13', 'Windows 10', '1', '用户不存在/密码错误', '2025-10-23 00:59:18');
INSERT INTO `system_logininfor` VALUES (257, 'insmess', '114.246.238.220', 'XX XX', 'Chrome 13', 'Windows 10', '1', '用户不存在/密码错误', '2025-10-23 00:59:32');
INSERT INTO `system_logininfor` VALUES (258, 'insmess', '114.246.238.220', 'XX XX', 'Chrome 13', 'Windows 10', '1', '用户不存在/密码错误', '2025-10-23 00:59:40');
INSERT INTO `system_logininfor` VALUES (259, 'insmess', '114.246.238.220', 'XX XX', 'Chrome 13', 'Windows 10', '1', '用户不存在/密码错误', '2025-10-23 01:16:28');
INSERT INTO `system_logininfor` VALUES (260, 'insmess', '114.246.238.220', 'XX XX', 'Chrome 13', 'Windows 10', '1', '用户不存在/密码错误', '2025-10-23 01:17:16');
INSERT INTO `system_logininfor` VALUES (261, 'insmess', '114.246.238.220', 'XX XX', 'Chrome 13', 'Windows 10', '1', '验证码已失效', '2025-10-23 01:32:47');
INSERT INTO `system_logininfor` VALUES (262, 'insmess', '114.246.238.220', 'XX XX', 'Chrome 13', 'Windows 10', '1', '用户不存在/密码错误', '2025-10-23 01:38:00');
INSERT INTO `system_logininfor` VALUES (263, 'insmess', '114.246.238.220', 'XX XX', 'Chrome 13', 'Windows 10', '1', '用户不存在/密码错误', '2025-10-23 01:38:40');
INSERT INTO `system_logininfor` VALUES (264, 'insmess', '114.246.238.220', 'XX XX', 'Chrome 13', 'Windows 10', '1', '验证码已失效', '2025-10-23 01:47:52');
INSERT INTO `system_logininfor` VALUES (265, 'insmess', '114.246.238.220', 'XX XX', 'Chrome 13', 'Windows 10', '1', '验证码错误', '2025-10-23 01:47:56');
INSERT INTO `system_logininfor` VALUES (266, 'insmess', '114.246.238.220', 'XX XX', 'Chrome 13', 'Windows 10', '1', '用户不存在/密码错误', '2025-10-23 01:48:01');
INSERT INTO `system_logininfor` VALUES (267, 'insmess', '114.246.238.220', 'XX XX', 'Chrome 13', 'Windows 10', '1', '用户不存在/密码错误', '2025-10-23 01:49:50');
INSERT INTO `system_logininfor` VALUES (268, 'insmess', '114.246.238.220', 'XX XX', 'Chrome 13', 'Windows 10', '1', '验证码已失效', '2025-10-23 01:49:51');
INSERT INTO `system_logininfor` VALUES (269, 'insmess', '114.246.238.220', 'XX XX', 'Chrome 13', 'Windows 10', '1', '验证码已失效', '2025-10-23 01:59:35');
INSERT INTO `system_logininfor` VALUES (270, 'insmess', '114.246.238.220', 'XX XX', 'Chrome 13', 'Windows 10', '1', '用户不存在/密码错误', '2025-10-23 01:59:38');
INSERT INTO `system_logininfor` VALUES (271, 'insmess', '114.246.238.221', 'XX XX', 'Chrome 13', 'Windows 10', '1', '验证码已失效', '2025-10-23 04:25:12');
INSERT INTO `system_logininfor` VALUES (272, 'insmess', '114.246.238.221', 'XX XX', 'Chrome 13', 'Windows 10', '0', '登录成功', '2025-10-23 04:25:15');
INSERT INTO `system_logininfor` VALUES (273, 'insmess', '114.246.239.46', 'XX XX', 'Chrome 13', 'Windows 10', '0', '登录成功', '2025-10-24 01:02:58');
INSERT INTO `system_logininfor` VALUES (274, 'insmess', '114.246.239.46', 'XX XX', 'Chrome 13', 'Windows 10', '0', '登录成功', '2025-10-24 01:45:06');
INSERT INTO `system_logininfor` VALUES (275, 'insmess', '127.0.0.1', '内网IP', 'Chrome 14', 'Windows 10', '0', '登录成功', '2025-10-24 01:52:23');
INSERT INTO `system_logininfor` VALUES (276, 'insmess', '127.0.0.1', '内网IP', 'Chrome 14', 'Windows 10', '1', '验证码已失效', '2025-10-25 08:52:15');
INSERT INTO `system_logininfor` VALUES (277, 'insmess', '127.0.0.1', '内网IP', 'Chrome 14', 'Windows 10', '0', '登录成功', '2025-10-25 08:52:21');
INSERT INTO `system_logininfor` VALUES (278, 'insmess', '127.0.0.1', '内网IP', 'Chrome 14', 'Windows 10', '1', '用户不存在/密码错误', '2025-10-27 08:35:01');
INSERT INTO `system_logininfor` VALUES (279, 'insmess', '127.0.0.1', '内网IP', 'Chrome 14', 'Windows 10', '1', '验证码错误', '2025-10-27 08:35:04');
INSERT INTO `system_logininfor` VALUES (280, 'insmess', '127.0.0.1', '内网IP', 'Chrome 14', 'Windows 10', '1', '用户不存在/密码错误', '2025-10-27 08:35:09');
INSERT INTO `system_logininfor` VALUES (281, 'insmess', '127.0.0.1', '内网IP', 'Chrome 14', 'Windows 10', '1', '验证码错误', '2025-10-27 08:35:15');
INSERT INTO `system_logininfor` VALUES (282, 'insmess', '127.0.0.1', '内网IP', 'Chrome 14', 'Windows 10', '0', '登录成功', '2025-10-27 08:35:17');
INSERT INTO `system_logininfor` VALUES (283, 'insmess', '127.0.0.1', '内网IP', 'Chrome 14', 'Windows 10', '0', '退出成功', '2025-10-27 09:07:41');
INSERT INTO `system_logininfor` VALUES (284, 'insmess', '127.0.0.1', '内网IP', 'Chrome 14', 'Windows 10', '0', '登录成功', '2025-10-27 09:08:54');
INSERT INTO `system_logininfor` VALUES (285, 'insmess', '124.64.22.152', 'XX XX', 'Chrome 13', 'Windows 10', '0', '登录成功', '2025-10-27 09:20:07');
INSERT INTO `system_logininfor` VALUES (286, 'insmess', '127.0.0.1', '内网IP', 'Chrome 14', 'Windows 10', '0', '退出成功', '2025-10-27 09:20:21');
INSERT INTO `system_logininfor` VALUES (287, 'insmess', '127.0.0.1', '内网IP', 'Chrome 14', 'Windows 10', '0', '登录成功', '2025-10-27 09:21:19');
INSERT INTO `system_logininfor` VALUES (288, 'insmess', '114.246.238.178', 'XX XX', 'Chrome 13', 'Windows 10', '0', '退出成功', '2025-10-27 13:56:50');
INSERT INTO `system_logininfor` VALUES (289, 'insmess', '114.246.238.178', 'XX XX', 'Chrome 13', 'Windows 10', '0', '登录成功', '2025-10-27 14:00:14');
INSERT INTO `system_logininfor` VALUES (290, 'insmess', '114.246.238.178', 'XX XX', 'Chrome 13', 'Windows 10', '0', '退出成功', '2025-10-27 14:12:17');
INSERT INTO `system_logininfor` VALUES (291, 'insmess', '114.246.238.178', 'XX XX', 'Chrome 13', 'Windows 10', '0', '登录成功', '2025-10-27 14:12:29');
INSERT INTO `system_logininfor` VALUES (292, 'insmess', '114.246.238.178', 'XX XX', 'Chrome 13', 'Windows 10', '0', '退出成功', '2025-10-27 14:32:42');
INSERT INTO `system_logininfor` VALUES (293, 'insmess', '114.246.238.178', 'XX XX', 'Chrome 13', 'Windows 10', '0', '登录成功', '2025-10-27 14:32:58');
INSERT INTO `system_logininfor` VALUES (294, 'insmess', '223.104.3.216', 'XX XX', 'Chrome 14', 'Windows 10', '0', '登录成功', '2025-10-27 15:06:57');
INSERT INTO `system_logininfor` VALUES (295, 'insmess', '114.246.238.178', 'XX XX', 'Chrome 13', 'Windows 10', '0', '退出成功', '2025-10-27 15:53:49');
INSERT INTO `system_logininfor` VALUES (296, 'insmess', '223.104.3.216', 'XX XX', 'Chrome 14', 'Windows 10', '0', '退出成功', '2025-10-27 15:53:49');
INSERT INTO `system_logininfor` VALUES (297, 'insmess', '114.246.238.178', 'XX XX', 'Chrome 13', 'Windows 10', '0', '退出成功', '2025-10-27 15:53:49');
INSERT INTO `system_logininfor` VALUES (298, 'insmess', '223.104.3.216', 'XX XX', 'Chrome 14', 'Windows 10', '0', '登录成功', '2025-10-27 15:54:27');
INSERT INTO `system_logininfor` VALUES (299, 'insmess', '223.104.41.60', 'XX XX', 'Chrome 13', 'Windows 10', '0', '登录成功', '2025-10-27 15:57:09');
INSERT INTO `system_logininfor` VALUES (300, 'insmess', '114.254.2.178', 'XX XX', 'Chrome 13', 'Windows 10', '0', '退出成功', '2025-10-27 16:01:30');
INSERT INTO `system_logininfor` VALUES (301, 'insmess', '114.254.2.178', 'XX XX', 'Chrome 13', 'Windows 10', '0', '退出成功', '2025-10-27 16:01:30');
INSERT INTO `system_logininfor` VALUES (302, 'insmess', '223.104.41.193', 'XX XX', 'Chrome 13', 'Windows 10', '0', '登录成功', '2025-10-27 16:01:36');
INSERT INTO `system_logininfor` VALUES (303, 'insmess', '114.246.238.93', 'XX XX', 'Chrome 13', 'Windows 10', '0', '退出成功', '2025-10-27 16:06:20');
INSERT INTO `system_logininfor` VALUES (304, 'insmess', '223.104.3.216', 'XX XX', 'Chrome 14', 'Windows 10', '0', '退出成功', '2025-10-27 16:06:20');
INSERT INTO `system_logininfor` VALUES (305, 'insmess', '223.104.3.217', 'XX XX', 'Chrome 13', 'Windows 10', '0', '登录成功', '2025-10-27 16:06:27');
INSERT INTO `system_logininfor` VALUES (306, 'insmess', '223.104.3.216', 'XX XX', 'Chrome 14', 'Windows 10', '0', '登录成功', '2025-10-27 16:06:49');
INSERT INTO `system_logininfor` VALUES (307, 'insmess', '223.104.3.216', 'XX XX', 'Chrome 14', 'Windows 10', '1', '验证码错误', '2025-10-27 16:06:57');
INSERT INTO `system_logininfor` VALUES (308, 'insmess', '223.104.3.216', 'XX XX', 'Chrome 14', 'Windows 10', '1', '验证码已失效', '2025-10-27 16:07:21');
INSERT INTO `system_logininfor` VALUES (309, 'insmess', '114.246.237.58', 'XX XX', 'Chrome 13', 'Windows 10', '0', '退出成功', '2025-10-27 16:07:37');
INSERT INTO `system_logininfor` VALUES (310, 'insmess', '223.104.3.216', 'XX XX', 'Chrome 14', 'Windows 10', '1', '验证码已失效', '2025-10-27 16:07:40');
INSERT INTO `system_logininfor` VALUES (311, 'insmess', '114.246.237.58', 'XX XX', 'Chrome 13', 'Windows 10', '0', '登录成功', '2025-10-27 16:07:42');
INSERT INTO `system_logininfor` VALUES (312, 'insmess', '223.104.3.216', 'XX XX', 'Chrome 14', 'Windows 10', '1', '验证码错误', '2025-10-27 16:07:45');
INSERT INTO `system_logininfor` VALUES (313, 'insmess', '223.104.3.216', 'XX XX', 'Chrome 14', 'Windows 10', '1', '验证码错误', '2025-10-27 16:07:51');
INSERT INTO `system_logininfor` VALUES (314, 'insmess', '223.104.3.216', 'XX XX', 'Chrome 14', 'Windows 10', '0', '登录成功', '2025-10-27 16:07:59');
INSERT INTO `system_logininfor` VALUES (315, 'insmess', '127.0.0.1', '内网IP', 'Chrome 14', 'Windows 10', '0', '退出成功', '2025-10-27 18:22:08');
INSERT INTO `system_logininfor` VALUES (316, 'insmess', '223.104.43.51', 'XX XX', 'Chrome 14', 'Windows 10', '1', '用户不存在/密码错误', '2025-10-27 18:29:21');
INSERT INTO `system_logininfor` VALUES (317, 'insmess', '223.104.43.51', 'XX XX', 'Chrome 14', 'Windows 10', '0', '登录成功', '2025-10-27 18:29:34');
INSERT INTO `system_logininfor` VALUES (318, 'insmess', '223.104.40.233', 'XX XX', 'Chrome 14', 'Windows 10', '0', '登录成功', '2025-10-27 18:50:41');
INSERT INTO `system_logininfor` VALUES (319, 'insmess', '223.104.43.51', 'XX XX', 'Chrome 14', 'Windows 10', '0', '登录成功', '2025-10-27 20:42:07');
INSERT INTO `system_logininfor` VALUES (320, 'insmess', '223.104.40.66', 'XX XX', 'Chrome 14', 'Windows 10', '0', '登录成功', '2025-10-28 09:23:55');
INSERT INTO `system_logininfor` VALUES (321, 'insmess', '114.254.1.131', 'XX XX', 'Chrome 14', 'Windows 10', '0', '登录成功', '2025-10-28 09:42:27');
INSERT INTO `system_logininfor` VALUES (322, 'insmess', '117.136.0.39', 'XX XX', 'Chrome 9', 'Windows 7', '0', '登录成功', '2025-10-28 09:52:11');
INSERT INTO `system_logininfor` VALUES (323, 'insmess', '223.104.43.51', 'XX XX', 'Chrome 14', 'Windows 10', '1', '验证码错误', '2025-10-28 10:13:51');
INSERT INTO `system_logininfor` VALUES (324, 'insmess', '223.104.43.51', 'XX XX', 'Chrome 14', 'Windows 10', '0', '登录成功', '2025-10-28 10:13:55');
INSERT INTO `system_logininfor` VALUES (325, 'insmess', '223.104.42.240', 'XX XX', 'Chrome 10', 'Windows 10', '0', '登录成功', '2025-10-28 11:25:14');
INSERT INTO `system_logininfor` VALUES (326, 'insmess', '127.0.0.1', '内网IP', 'Chrome 14', 'Windows 10', '0', '登录成功', '2025-10-28 20:02:32');
INSERT INTO `system_logininfor` VALUES (327, 'insmess', '127.0.0.1', '内网IP', 'Chrome 14', 'Windows 10', '0', '登录成功', '2025-10-29 09:29:23');
INSERT INTO `system_logininfor` VALUES (328, 'insmess', '127.0.0.1', '内网IP', 'Chrome 14', 'Windows 10', '0', '登录成功', '2025-10-29 19:53:53');
INSERT INTO `system_logininfor` VALUES (329, 'insmess', '221.216.116.176', 'XX XX', 'Chrome 14', 'Windows 10', '1', '验证码错误', '2025-10-30 09:32:16');
INSERT INTO `system_logininfor` VALUES (330, 'insmess', '221.216.116.176', 'XX XX', 'Chrome 14', 'Windows 10', '0', '登录成功', '2025-10-30 09:32:20');
INSERT INTO `system_logininfor` VALUES (331, 'insmess', '223.104.42.154', 'XX XX', 'Chrome 14', 'Windows 10', '0', '登录成功', '2025-10-30 09:33:30');
INSERT INTO `system_logininfor` VALUES (332, 'insmess', '127.0.0.1', '内网IP', 'Chrome 14', 'Windows 10', '0', '登录成功', '2025-10-30 09:36:06');
INSERT INTO `system_logininfor` VALUES (333, 'insmess', '221.216.116.176', 'XX XX', 'Chrome 14', 'Windows 10', '0', '登录成功', '2025-10-30 10:27:10');
INSERT INTO `system_logininfor` VALUES (334, 'insmess', '127.0.0.1', '内网IP', 'Chrome 14', 'Windows 10', '0', '登录成功', '2025-10-30 13:08:29');
INSERT INTO `system_logininfor` VALUES (335, 'insmess', '127.0.0.1', '内网IP', 'Chrome 14', 'Windows 10', '0', '登录成功', '2025-10-30 13:22:20');
INSERT INTO `system_logininfor` VALUES (336, 'insmess', '223.104.42.154', 'XX XX', 'Chrome 14', 'Windows 10', '0', '登录成功', '2025-10-30 13:52:32');
INSERT INTO `system_logininfor` VALUES (337, 'insmess', '114.254.3.188', 'XX XX', 'Chrome 14', 'Windows 10', '0', '登录成功', '2025-10-30 14:45:56');
INSERT INTO `system_logininfor` VALUES (338, 'insmess', '223.104.42.154', 'XX XX', 'Chrome 14', 'Windows 10', '0', '登录成功', '2025-10-30 16:31:20');
INSERT INTO `system_logininfor` VALUES (339, 'insmess', '223.104.42.154', 'XX XX', 'Chrome 14', 'Windows 10', '0', '登录成功', '2025-10-30 17:11:49');
INSERT INTO `system_logininfor` VALUES (340, 'insmess', '127.0.0.1', '内网IP', 'Chrome 14', 'Windows 10', '0', '登录成功', '2025-10-31 09:18:36');
INSERT INTO `system_logininfor` VALUES (341, 'insmess', '114.244.128.70', 'XX XX', 'Chrome 14', 'Windows 10', '0', '登录成功', '2025-10-31 09:20:08');
INSERT INTO `system_logininfor` VALUES (342, 'insmess', '39.144.79.196', 'XX XX', 'Chrome 14', 'Windows 10', '0', '登录成功', '2025-10-31 09:22:34');
INSERT INTO `system_logininfor` VALUES (343, 'insmess', '114.244.128.70', 'XX XX', 'Chrome 14', 'Windows 10', '0', '退出成功', '2025-10-31 09:37:52');
INSERT INTO `system_logininfor` VALUES (344, 'insmess', '114.244.128.70', 'XX XX', 'Chrome 14', 'Windows 10', '0', '登录成功', '2025-10-31 09:37:56');
INSERT INTO `system_logininfor` VALUES (345, 'insmess', '114.244.128.70', 'XX XX', 'Chrome 14', 'Windows 10', '0', '退出成功', '2025-10-31 10:45:20');
INSERT INTO `system_logininfor` VALUES (346, 'dubheknow', '39.144.78.132', 'XX XX', 'Chrome 14', 'Windows 10', '1', '用户不存在/密码错误', '2025-10-31 11:16:19');
INSERT INTO `system_logininfor` VALUES (347, 'insmess', '39.144.78.132', 'XX XX', 'Chrome 14', 'Windows 10', '0', '登录成功', '2025-10-31 11:16:31');
INSERT INTO `system_logininfor` VALUES (348, 'insmess', '114.246.238.80', 'XX XX', 'Chrome 14', 'Windows 10', '1', '验证码已失效', '2025-10-31 12:06:50');
INSERT INTO `system_logininfor` VALUES (349, 'insmess', '114.246.238.80', 'XX XX', 'Chrome 14', 'Windows 10', '1', '验证码已失效', '2025-10-31 12:07:22');
INSERT INTO `system_logininfor` VALUES (350, 'insmess', '114.246.238.80', 'XX XX', 'Chrome 14', 'Windows 10', '1', '验证码已失效', '2025-10-31 12:07:28');
INSERT INTO `system_logininfor` VALUES (351, 'insmess', '114.246.238.80', 'XX XX', 'Chrome 14', 'Windows 10', '0', '登录成功', '2025-10-31 12:35:52');
INSERT INTO `system_logininfor` VALUES (352, 'insmess', '114.246.238.80', 'XX XX', 'Chrome 14', 'Windows 10', '0', '退出成功', '2025-10-31 12:35:58');
INSERT INTO `system_logininfor` VALUES (353, 'insmess', '114.246.238.80', 'XX XX', 'Chrome 14', 'Windows 10', '0', '登录成功', '2025-10-31 12:36:59');
INSERT INTO `system_logininfor` VALUES (354, 'insmess', '114.246.238.80', 'XX XX', 'Chrome 14', 'Windows 10', '0', '退出成功', '2025-10-31 12:37:39');
INSERT INTO `system_logininfor` VALUES (355, 'insmess', '114.246.238.80', 'XX XX', 'Chrome 14', 'Windows 10', '0', '登录成功', '2025-10-31 12:39:57');
INSERT INTO `system_logininfor` VALUES (356, 'insmess', '39.144.78.218', 'XX XX', 'Chrome 14', 'Windows 10', '1', '用户不存在/密码错误', '2025-10-31 13:47:23');
INSERT INTO `system_logininfor` VALUES (357, 'insmess', '39.144.78.218', 'XX XX', 'Chrome 14', 'Windows 10', '1', '用户不存在/密码错误', '2025-10-31 13:47:33');
INSERT INTO `system_logininfor` VALUES (358, 'insmess', '39.144.78.218', 'XX XX', 'Chrome 14', 'Windows 10', '0', '登录成功', '2025-10-31 13:48:03');
INSERT INTO `system_logininfor` VALUES (359, 'insmess', '114.246.238.80', 'XX XX', 'Chrome 14', 'Windows 10', '0', '退出成功', '2025-10-31 15:08:24');
INSERT INTO `system_logininfor` VALUES (360, 'insmess', '39.144.78.218', 'XX XX', 'Chrome 14', 'Windows 10', '0', '退出成功', '2025-10-31 15:08:24');
INSERT INTO `system_logininfor` VALUES (361, 'insmess', '114.246.238.80', 'XX XX', 'Chrome 14', 'Windows 10', '0', '退出成功', '2025-10-31 15:08:24');
INSERT INTO `system_logininfor` VALUES (362, 'insmess', '39.144.78.218', 'XX XX', 'Chrome 14', 'Windows 10', '0', '退出成功', '2025-10-31 15:08:24');
INSERT INTO `system_logininfor` VALUES (363, 'insmess', '114.246.238.80', 'XX XX', 'Chrome 14', 'Windows 10', '0', '登录成功', '2025-10-31 15:09:59');
INSERT INTO `system_logininfor` VALUES (364, 'insmess', '39.144.79.196', 'XX XX', 'Chrome 14', 'Windows 10', '0', '退出成功', '2025-10-31 15:12:04');
INSERT INTO `system_logininfor` VALUES (365, 'insmess', '39.144.79.196', 'XX XX', 'Chrome 14', 'Windows 10', '1', '验证码错误', '2025-10-31 15:12:10');
INSERT INTO `system_logininfor` VALUES (366, 'insmess', '39.144.79.196', 'XX XX', 'Chrome 14', 'Windows 10', '0', '登录成功', '2025-10-31 15:12:18');
INSERT INTO `system_logininfor` VALUES (367, 'insmess', '39.144.78.218', 'XX XX', 'Chrome 14', 'Windows 10', '0', '登录成功', '2025-10-31 15:15:49');
INSERT INTO `system_logininfor` VALUES (368, 'insmess', '39.144.78.218', 'XX XX', 'Chrome 14', 'Windows 10', '0', '退出成功', '2025-10-31 15:18:29');
INSERT INTO `system_logininfor` VALUES (369, 'insmess', '114.246.238.80', 'XX XX', 'Chrome 14', 'Windows 10', '0', '登录成功', '2025-10-31 15:33:23');
INSERT INTO `system_logininfor` VALUES (370, 'insmess', '39.144.79.196', 'XX XX', 'Chrome 14', 'Windows 10', '0', '退出成功', '2025-10-31 15:53:49');
INSERT INTO `system_logininfor` VALUES (371, 'insmess', '39.144.79.196', 'XX XX', 'Chrome 14', 'Windows 10', '0', '退出成功', '2025-10-31 15:53:49');
INSERT INTO `system_logininfor` VALUES (372, 'insmess', '114.246.238.80', 'XX XX', 'Chrome 14', 'Windows 10', '0', '退出成功', '2025-10-31 15:53:49');
INSERT INTO `system_logininfor` VALUES (373, 'insmess', '114.246.238.80', 'XX XX', 'Chrome 14', 'Windows 10', '0', '退出成功', '2025-10-31 15:53:49');
INSERT INTO `system_logininfor` VALUES (374, 'insmess', '39.144.79.196', 'XX XX', 'Chrome 14', 'Windows 10', '0', '登录成功', '2025-10-31 15:56:57');
INSERT INTO `system_logininfor` VALUES (375, 'insmess', '39.144.79.196', 'XX XX', 'Chrome 14', 'Windows 10', '0', '登录成功', '2025-10-31 15:56:57');
INSERT INTO `system_logininfor` VALUES (376, 'insmess', '114.246.238.80', 'XX XX', 'Chrome 14', 'Windows 10', '0', '登录成功', '2025-10-31 15:57:34');
INSERT INTO `system_logininfor` VALUES (377, 'insmess', '39.144.79.196', 'XX XX', 'Chrome 14', 'Windows 10', '0', '登录成功', '2025-10-31 15:58:20');
INSERT INTO `system_logininfor` VALUES (378, 'insmess', '114.244.128.137', 'XX XX', 'Chrome 14', 'Windows 10', '0', '退出成功', '2025-10-31 16:49:47');
INSERT INTO `system_logininfor` VALUES (379, 'insmess', '114.244.128.137', 'XX XX', 'Chrome 14', 'Windows 10', '0', '登录成功', '2025-10-31 16:51:20');
INSERT INTO `system_logininfor` VALUES (380, 'insmess', '114.244.128.137', 'XX XX', 'Chrome 14', 'Windows 10', '0', '退出成功', '2025-10-31 16:56:33');
INSERT INTO `system_logininfor` VALUES (381, 'insmess', '114.244.128.137', 'XX XX', 'Chrome 14', 'Windows 10', '0', '登录成功', '2025-10-31 17:01:02');
INSERT INTO `system_logininfor` VALUES (382, 'insmess', '114.254.2.164', 'XX XX', 'Chrome 14', 'Windows 10', '0', '退出成功', '2025-10-31 18:15:46');
INSERT INTO `system_logininfor` VALUES (383, 'insmess', '114.254.2.164', 'XX XX', 'Chrome 14', 'Windows 10', '0', '登录成功', '2025-10-31 18:15:54');
INSERT INTO `system_logininfor` VALUES (384, 'insmess', '223.104.40.217', 'XX XX', 'Chrome 14', 'Windows 10', '0', '登录成功', '2025-11-01 10:46:55');
INSERT INTO `system_logininfor` VALUES (385, 'insmess', '223.104.39.30', 'XX XX', 'Chrome 14', 'Windows 10', '0', '登录成功', '2025-11-01 10:51:24');
INSERT INTO `system_logininfor` VALUES (386, 'insmess', '117.136.0.44', 'XX XX', 'Chrome 14', 'Windows 10', '0', '登录成功', '2025-11-03 09:27:48');
INSERT INTO `system_logininfor` VALUES (387, 'insmess', '223.104.44.64', 'XX XX', 'Chrome 14', 'Windows 10', '0', '登录成功', '2025-11-03 09:28:20');
INSERT INTO `system_logininfor` VALUES (388, 'insmess', '223.104.44.64', 'XX XX', 'Chrome 14', 'Windows 10', '0', '登录成功', '2025-11-03 09:30:36');
INSERT INTO `system_logininfor` VALUES (389, 'insmess', '223.104.44.64', 'XX XX', 'Chrome 14', 'Windows 10', '0', '退出成功', '2025-11-03 09:31:05');
INSERT INTO `system_logininfor` VALUES (390, 'insmess', '223.104.44.64', 'XX XX', 'Chrome 14', 'Windows 10', '0', '登录成功', '2025-11-03 09:31:10');
INSERT INTO `system_logininfor` VALUES (391, 'insmess', '223.104.44.64', 'XX XX', 'Chrome 14', 'Windows 10', '0', '退出成功', '2025-11-03 14:00:16');
INSERT INTO `system_logininfor` VALUES (392, 'insmess', '223.104.44.64', 'XX XX', 'Chrome 14', 'Windows 10', '0', '登录成功', '2025-11-03 15:01:18');
INSERT INTO `system_logininfor` VALUES (393, 'insmess', '223.104.44.64', 'XX XX', 'Chrome 14', 'Windows 10', '0', '退出成功', '2025-11-03 15:01:30');
INSERT INTO `system_logininfor` VALUES (394, 'insmess', '223.104.44.64', 'XX XX', 'Chrome 14', 'Windows 10', '0', '登录成功', '2025-11-03 15:01:41');
INSERT INTO `system_logininfor` VALUES (395, 'insmess', '223.104.44.64', 'XX XX', 'Chrome 14', 'Windows 10', '0', '退出成功', '2025-11-03 15:02:01');
INSERT INTO `system_logininfor` VALUES (396, 'insmess', '223.104.44.64', 'XX XX', 'Chrome 14', 'Windows 10', '0', '登录成功', '2025-11-03 15:02:10');
INSERT INTO `system_logininfor` VALUES (397, 'insmess', '223.104.44.64', 'XX XX', 'Chrome 14', 'Windows 10', '0', '退出成功', '2025-11-03 15:02:17');
INSERT INTO `system_logininfor` VALUES (398, 'insmess', '223.104.44.64', 'XX XX', 'Chrome 14', 'Windows 10', '0', '登录成功', '2025-11-03 15:02:32');
INSERT INTO `system_logininfor` VALUES (399, 'insmess', '223.104.44.64', 'XX XX', 'Chrome 14', 'Windows 10', '0', '退出成功', '2025-11-03 15:02:50');
INSERT INTO `system_logininfor` VALUES (400, 'insmess', '223.104.44.64', 'XX XX', 'Chrome 14', 'Windows 10', '0', '退出成功', '2025-11-03 15:03:12');
INSERT INTO `system_logininfor` VALUES (401, 'insmess', '223.104.44.64', 'XX XX', 'Chrome 14', 'Windows 10', '0', '登录成功', '2025-11-03 15:03:56');
INSERT INTO `system_logininfor` VALUES (402, 'insmess', '223.104.44.64', 'XX XX', 'Chrome 14', 'Windows 10', '1', '验证码已失效', '2025-11-03 15:07:27');
INSERT INTO `system_logininfor` VALUES (403, 'insmess', '223.104.44.64', 'XX XX', 'Chrome 14', 'Windows 10', '0', '登录成功', '2025-11-03 15:07:31');
INSERT INTO `system_logininfor` VALUES (404, 'insmess', '127.0.0.1', '内网IP', 'Chrome 14', 'Windows 10', '0', '登录成功', '2025-11-03 17:43:54');
INSERT INTO `system_logininfor` VALUES (405, 'insmess', '127.0.0.1', '内网IP', 'Chrome 14', 'Windows 10', '0', '登录成功', '2025-11-04 13:09:04');
INSERT INTO `system_logininfor` VALUES (406, 'insmess', '127.0.0.1', '内网IP', 'Chrome 14', 'Windows 10', '0', '登录成功', '2025-11-04 17:10:45');
INSERT INTO `system_logininfor` VALUES (407, 'insmess', '127.0.0.1', '内网IP', 'Chrome 14', 'Windows 10', '0', '退出成功', '2025-11-04 19:18:06');
INSERT INTO `system_logininfor` VALUES (408, 'insmess', '127.0.0.1', '内网IP', 'Chrome 14', 'Windows 10', '0', '登录成功', '2025-11-04 19:20:32');
INSERT INTO `system_logininfor` VALUES (409, 'insmess', '127.0.0.1', '内网IP', 'Chrome 14', 'Windows 10', '0', '登录成功', '2025-11-05 08:19:21');
INSERT INTO `system_logininfor` VALUES (410, 'insmess', '127.0.0.1', '内网IP', 'Chrome 14', 'Windows 10', '0', '退出成功', '2025-11-05 20:46:15');
INSERT INTO `system_logininfor` VALUES (411, 'insmess', '127.0.0.1', '内网IP', 'Chrome 14', 'Windows 10', '0', '登录成功', '2025-11-06 11:27:57');
INSERT INTO `system_logininfor` VALUES (412, 'insmess', '127.0.0.1', '内网IP', 'Chrome 14', 'Windows 10', '0', '登录成功', '2025-11-07 08:52:39');
INSERT INTO `system_logininfor` VALUES (413, 'insmess', '127.0.0.1', '内网IP', 'Chrome 14', 'Windows 10', '0', '登录成功', '2025-11-07 09:28:49');
INSERT INTO `system_logininfor` VALUES (414, 'insmess', '127.0.0.1', '内网IP', 'Chrome 14', 'Windows 10', '0', '登录成功', '2025-11-07 16:48:26');
INSERT INTO `system_logininfor` VALUES (415, 'insmess', '127.0.0.1', '内网IP', 'Chrome 14', 'Windows 10', '0', '登录成功', '2025-11-08 11:27:29');
INSERT INTO `system_logininfor` VALUES (416, 'insmess', '127.0.0.1', '内网IP', 'Chrome 14', 'Windows 10', '0', '登录成功', '2025-11-10 09:19:49');
INSERT INTO `system_logininfor` VALUES (417, 'insmess', '127.0.0.1', '内网IP', 'Chrome 14', 'Windows 10', '1', '验证码错误', '2025-11-11 08:46:18');
INSERT INTO `system_logininfor` VALUES (418, 'insmess', '127.0.0.1', '内网IP', 'Chrome 14', 'Windows 10', '0', '登录成功', '2025-11-11 08:46:25');
INSERT INTO `system_logininfor` VALUES (419, 'insmess', '127.0.0.1', '内网IP', 'Chrome 14', 'Windows 10', '0', '登录成功', '2025-11-11 10:46:10');
INSERT INTO `system_logininfor` VALUES (420, 'insmess', '127.0.0.1', '内网IP', 'Chrome 14', 'Windows 10', '0', '登录成功', '2025-11-11 10:54:16');
INSERT INTO `system_logininfor` VALUES (421, 'insmess', '127.0.0.1', '内网IP', 'Chrome 14', 'Windows 10', '0', '登录成功', '2025-11-11 21:07:59');
INSERT INTO `system_logininfor` VALUES (422, 'insmess', '127.0.0.1', '内网IP', 'Chrome 14', 'Windows 10', '0', '登录成功', '2025-11-12 18:38:27');
INSERT INTO `system_logininfor` VALUES (423, 'insmess', '127.0.0.1', '内网IP', 'Chrome 14', 'Windows 10', '1', '验证码错误', '2025-11-14 13:37:44');
INSERT INTO `system_logininfor` VALUES (424, 'insmess', '127.0.0.1', '内网IP', 'Chrome 14', 'Windows 10', '0', '登录成功', '2025-11-14 13:37:46');
INSERT INTO `system_logininfor` VALUES (425, 'insmess', '127.0.0.1', '内网IP', 'Chrome 14', 'Windows 10', '0', '登录成功', '2025-11-14 17:19:46');
INSERT INTO `system_logininfor` VALUES (426, 'insmess', '127.0.0.1', '内网IP', 'Chrome 14', 'Windows 10', '0', '登录成功', '2025-11-15 09:34:22');
INSERT INTO `system_logininfor` VALUES (427, 'insmess', '127.0.0.1', '内网IP', 'Chrome 14', 'Windows 10', '0', '登录成功', '2025-11-15 10:19:40');
INSERT INTO `system_logininfor` VALUES (428, 'insmess', '127.0.0.1', '内网IP', 'Chrome 14', 'Windows 10', '0', '登录成功', '2025-11-17 09:31:32');
INSERT INTO `system_logininfor` VALUES (429, 'insmess', '127.0.0.1', '内网IP', 'Chrome 14', 'Windows 10', '0', '登录成功', '2025-11-18 08:17:53');
INSERT INTO `system_logininfor` VALUES (430, 'insmess', '127.0.0.1', '内网IP', 'Chrome 14', 'Windows 10', '0', '登录成功', '2025-11-18 08:20:41');
INSERT INTO `system_logininfor` VALUES (431, 'insmess', '127.0.0.1', '内网IP', 'Chrome 14', 'Windows 10', '0', '登录成功', '2025-11-18 18:32:39');
INSERT INTO `system_logininfor` VALUES (432, 'insmess', '127.0.0.1', '内网IP', 'Chrome 14', 'Windows 10', '0', '登录成功', '2025-11-20 15:41:44');
INSERT INTO `system_logininfor` VALUES (433, 'insmess', '127.0.0.1', '内网IP', 'Chrome 14', 'Windows 10', '0', '退出成功', '2025-11-20 17:54:24');
INSERT INTO `system_logininfor` VALUES (434, 'insmess', '127.0.0.1', '内网IP', 'Chrome 14', 'Windows 10', '1', '验证码已失效', '2025-11-20 18:21:51');
INSERT INTO `system_logininfor` VALUES (435, 'insmess', '127.0.0.1', '内网IP', 'Chrome 14', 'Windows 10', '0', '登录成功', '2025-11-20 18:21:55');
INSERT INTO `system_logininfor` VALUES (436, 'insmess', '127.0.0.1', '内网IP', 'Chrome 14', 'Windows 10', '0', '登录成功', '2025-11-21 08:44:04');
INSERT INTO `system_logininfor` VALUES (437, 'insmess', '127.0.0.1', '内网IP', 'Chrome 14', 'Windows 10', '0', '退出成功', '2025-11-21 14:12:09');
INSERT INTO `system_logininfor` VALUES (438, 'insmess', '127.0.0.1', '内网IP', 'Chrome 14', 'Windows 10', '0', '登录成功', '2025-11-21 14:12:12');
INSERT INTO `system_logininfor` VALUES (439, 'insmess', '127.0.0.1', '内网IP', 'Chrome 14', 'Windows 10', '0', '登录成功', '2025-11-21 16:28:29');
INSERT INTO `system_logininfor` VALUES (440, 'insmess', '127.0.0.1', '内网IP', 'Chrome 14', 'Windows 10', '0', '退出成功', '2025-11-21 16:56:55');
INSERT INTO `system_logininfor` VALUES (441, 'insmess', '127.0.0.1', '内网IP', 'Chrome 14', 'Windows 10', '0', '登录成功', '2025-11-21 16:58:46');

-- ----------------------------
-- Table structure for system_menu
-- ----------------------------
DROP TABLE IF EXISTS `system_menu`;
CREATE TABLE `system_menu`  (
  `menu_id` bigint NOT NULL AUTO_INCREMENT COMMENT '菜单ID',
  `menu_name` varchar(50) CHARACTER SET utf8mb4 COLLATE utf8mb4_bin NOT NULL COMMENT '菜单名称',
  `parent_id` bigint NULL DEFAULT 0 COMMENT '父菜单ID',
  `order_num` int NULL DEFAULT 0 COMMENT '显示顺序',
  `path` varchar(200) CHARACTER SET utf8mb4 COLLATE utf8mb4_bin NULL DEFAULT '' COMMENT '路由地址',
  `component` varchar(255) CHARACTER SET utf8mb4 COLLATE utf8mb4_bin NULL DEFAULT NULL COMMENT '组件路径',
  `query` varchar(255) CHARACTER SET utf8mb4 COLLATE utf8mb4_bin NULL DEFAULT NULL COMMENT '路由参数',
  `route_name` varchar(50) CHARACTER SET utf8mb4 COLLATE utf8mb4_bin NULL DEFAULT '' COMMENT '路由名称',
  `is_frame` int NULL DEFAULT 1 COMMENT '是否为外链（0是 1否）',
  `is_cache` int NULL DEFAULT 0 COMMENT '是否缓存（0缓存 1不缓存）',
  `menu_type` char(1) CHARACTER SET utf8mb4 COLLATE utf8mb4_bin NULL DEFAULT '' COMMENT '菜单类型（M目录 C菜单 F按钮）',
  `visible` char(1) CHARACTER SET utf8mb4 COLLATE utf8mb4_bin NULL DEFAULT '0' COMMENT '菜单状态（0显示 1隐藏）',
  `status` char(1) CHARACTER SET utf8mb4 COLLATE utf8mb4_bin NULL DEFAULT '0' COMMENT '菜单状态（0正常 1停用）',
  `perms` varchar(100) CHARACTER SET utf8mb4 COLLATE utf8mb4_bin NULL DEFAULT NULL COMMENT '权限标识',
  `icon` varchar(100) CHARACTER SET utf8mb4 COLLATE utf8mb4_bin NULL DEFAULT '#' COMMENT '菜单图标',
  `create_by` varchar(64) CHARACTER SET utf8mb4 COLLATE utf8mb4_bin NULL DEFAULT '' COMMENT '创建者',
  `create_time` datetime NULL DEFAULT NULL COMMENT '创建时间',
  `update_by` varchar(64) CHARACTER SET utf8mb4 COLLATE utf8mb4_bin NULL DEFAULT '' COMMENT '更新者',
  `update_time` datetime NULL DEFAULT NULL COMMENT '更新时间',
  `remark` varchar(500) CHARACTER SET utf8mb4 COLLATE utf8mb4_bin NULL DEFAULT '' COMMENT '备注',
  PRIMARY KEY (`menu_id`) USING BTREE
) ENGINE = InnoDB AUTO_INCREMENT = 2131 CHARACTER SET = utf8mb4 COLLATE = utf8mb4_bin COMMENT = '菜单权限表' ROW_FORMAT = DYNAMIC;

-- ----------------------------
-- Records of system_menu
-- ----------------------------
INSERT INTO `system_menu` VALUES (1, '系统管理', 0, 115, 'system', NULL, '', '', 1, 0, 'M', '0', '0', '', '系统设置', '小桐', '2025-09-04 18:14:56', '星小图', '2025-09-23 11:55:59', '系统管理目录');
INSERT INTO `system_menu` VALUES (2, '系统监控', 1, 116, 'monitor', NULL, '', '', 1, 0, 'M', '0', '0', '', '系统监控', '小桐', '2025-09-04 18:14:56', '星小图', '2025-11-20 16:37:51', '系统监控目录');
INSERT INTO `system_menu` VALUES (3, '系统工具', 1, 117, 'tool', NULL, '', '', 1, 0, 'M', '0', '0', '', '系统工具', '小桐', '2025-09-04 18:14:56', '星小图', '2025-11-20 16:37:58', '系统工具目录');
INSERT INTO `system_menu` VALUES (100, '用户管理', 1, 1, 'user', 'system/system/user/index', '', '', 1, 0, 'C', '0', '0', 'system:user:list', 'user', '小桐', '2025-09-04 18:14:56', '', NULL, '用户管理菜单');
INSERT INTO `system_menu` VALUES (101, '角色管理', 1, 2, 'role', 'system/system/role/index', '', '', 1, 0, 'C', '0', '0', 'system:role:list', 'peoples', '小桐', '2025-09-04 18:14:56', '', NULL, '角色管理菜单');
INSERT INTO `system_menu` VALUES (102, '菜单管理', 1, 3, 'menu', 'system/system/menu/index', '', '', 1, 0, 'C', '0', '0', 'system:menu:list', 'tree-table', '小桐', '2025-09-04 18:14:56', '', NULL, '菜单管理菜单');
INSERT INTO `system_menu` VALUES (103, '部门管理', 1, 4, 'dept', 'system/system/dept/index', '', '', 1, 0, 'C', '0', '0', 'system:dept:list', 'tree', '小桐', '2025-09-04 18:14:56', '', NULL, '部门管理菜单');
INSERT INTO `system_menu` VALUES (104, '岗位管理', 1, 5, 'post', 'system/system/post/index', '', '', 1, 0, 'C', '0', '0', 'system:post:list', 'post', '小桐', '2025-09-04 18:14:56', '', NULL, '岗位管理菜单');
INSERT INTO `system_menu` VALUES (105, '字典管理', 1, 6, 'dict', 'system/system/dict/index', '', '', 1, 0, 'C', '0', '0', 'system:dict:list', 'dict', '小桐', '2025-09-04 18:14:56', '', NULL, '字典管理菜单');
INSERT INTO `system_menu` VALUES (106, '参数设置', 1, 7, 'config', 'system/system/config/index', '', '', 1, 0, 'C', '0', '0', 'system:config:list', 'edit', '小桐', '2025-09-04 18:14:56', '', NULL, '参数设置菜单');
INSERT INTO `system_menu` VALUES (107, '通知公告', 1, 8, 'notice', 'system/system/notice/index', '', '', 1, 0, 'C', '0', '0', 'system:notice:list', 'message', '小桐', '2025-09-04 18:14:56', '', NULL, '通知公告菜单');
INSERT INTO `system_menu` VALUES (108, '日志管理', 1, 9, 'log', '', '', '', 1, 0, 'M', '0', '0', '', 'log', '小桐', '2025-09-04 18:14:56', '', NULL, '日志管理菜单');
INSERT INTO `system_menu` VALUES (109, '在线用户', 2, 1, 'online', 'system/monitor/online/index', '', '', 1, 0, 'C', '0', '0', 'monitor:online:list', 'online', '小桐', '2025-09-04 18:14:56', '', NULL, '在线用户菜单');
INSERT INTO `system_menu` VALUES (110, '定时任务', 2, 2, 'job', 'system/monitor/job/index', '', '', 1, 0, 'C', '0', '0', 'monitor:job:list', 'job', '小桐', '2025-09-04 18:14:56', '', NULL, '定时任务菜单');
INSERT INTO `system_menu` VALUES (111, '服务监控', 2, 4, 'server', 'system/monitor/server/index', '', '', 1, 0, 'C', '0', '0', 'monitor:server:list', 'server', '小桐', '2025-09-04 18:14:56', '', NULL, '服务监控菜单');
INSERT INTO `system_menu` VALUES (112, '缓存监控', 2, 5, 'cache', 'system/monitor/cache/index', '', '', 1, 0, 'C', '0', '0', 'monitor:cache:list', 'redis', '小桐', '2025-09-04 18:14:56', '', NULL, '缓存监控菜单');
INSERT INTO `system_menu` VALUES (113, '缓存列表', 2, 6, 'cacheList', 'system/monitor/cache/list', '', '', 1, 0, 'C', '0', '0', 'monitor:cache:list', 'redis-list', '小桐', '2025-09-04 18:14:56', '', NULL, '缓存列表菜单');
INSERT INTO `system_menu` VALUES (114, '代码生成', 3, 2, 'gen', 'system/tool/gen/index', '', '', 1, 0, 'C', '0', '0', 'tool:gen:list', 'code', '小桐', '2025-09-04 18:14:56', '', NULL, '代码生成菜单');
INSERT INTO `system_menu` VALUES (115, '系统接口', 3, 3, 'swagger', 'system/tool/swagger/index', '', '', 1, 0, 'C', '0', '0', 'tool:swagger:list', 'swagger', '小桐', '2025-09-04 18:14:56', '', NULL, '系统接口菜单');
INSERT INTO `system_menu` VALUES (500, '操作日志', 108, 1, 'operlog', 'system/monitor/operlog/index', '', '', 1, 0, 'C', '0', '0', 'monitor:operlog:list', 'form', '小桐', '2025-09-04 18:14:56', '', NULL, '操作日志菜单');
INSERT INTO `system_menu` VALUES (501, '登录日志', 108, 2, 'logininfor', 'system/monitor/logininfor/index', '', '', 1, 0, 'C', '0', '0', 'monitor:logininfor:list', 'logininfor', '小桐', '2025-09-04 18:14:56', '', NULL, '登录日志菜单');
INSERT INTO `system_menu` VALUES (1000, '用户查询', 100, 1, '', '', '', '', 1, 0, 'F', '0', '0', 'system:user:query', '#', '小桐', '2025-09-04 18:14:56', '', NULL, '');
INSERT INTO `system_menu` VALUES (1001, '用户新增', 100, 2, '', '', '', '', 1, 0, 'F', '0', '0', 'system:user:add', '#', '小桐', '2025-09-04 18:14:56', '', NULL, '');
INSERT INTO `system_menu` VALUES (1002, '用户修改', 100, 3, '', '', '', '', 1, 0, 'F', '0', '0', 'system:user:edit', '#', '小桐', '2025-09-04 18:14:56', '', NULL, '');
INSERT INTO `system_menu` VALUES (1003, '用户删除', 100, 4, '', '', '', '', 1, 0, 'F', '0', '0', 'system:user:remove', '#', '小桐', '2025-09-04 18:14:56', '', NULL, '');
INSERT INTO `system_menu` VALUES (1004, '用户导出', 100, 5, '', '', '', '', 1, 0, 'F', '0', '0', 'system:user:export', '#', '小桐', '2025-09-04 18:14:56', '', NULL, '');
INSERT INTO `system_menu` VALUES (1005, '用户导入', 100, 6, '', '', '', '', 1, 0, 'F', '0', '0', 'system:user:import', '#', '小桐', '2025-09-04 18:14:56', '', NULL, '');
INSERT INTO `system_menu` VALUES (1006, '重置密码', 100, 7, '', '', '', '', 1, 0, 'F', '0', '0', 'system:user:resetPwd', '#', '小桐', '2025-09-04 18:14:56', '', NULL, '');
INSERT INTO `system_menu` VALUES (1007, '角色查询', 101, 1, '', '', '', '', 1, 0, 'F', '0', '0', 'system:role:query', '#', '小桐', '2025-09-04 18:14:56', '', NULL, '');
INSERT INTO `system_menu` VALUES (1008, '角色新增', 101, 2, '', '', '', '', 1, 0, 'F', '0', '0', 'system:role:add', '#', '小桐', '2025-09-04 18:14:56', '', NULL, '');
INSERT INTO `system_menu` VALUES (1009, '角色修改', 101, 3, '', '', '', '', 1, 0, 'F', '0', '0', 'system:role:edit', '#', '小桐', '2025-09-04 18:14:56', '', NULL, '');
INSERT INTO `system_menu` VALUES (1010, '角色删除', 101, 4, '', '', '', '', 1, 0, 'F', '0', '0', 'system:role:remove', '#', '小桐', '2025-09-04 18:14:56', '', NULL, '');
INSERT INTO `system_menu` VALUES (1011, '角色导出', 101, 5, '', '', '', '', 1, 0, 'F', '0', '0', 'system:role:export', '#', '小桐', '2025-09-04 18:14:56', '', NULL, '');
INSERT INTO `system_menu` VALUES (1012, '菜单查询', 102, 1, '', '', '', '', 1, 0, 'F', '0', '0', 'system:menu:query', '#', '小桐', '2025-09-04 18:14:56', '', NULL, '');
INSERT INTO `system_menu` VALUES (1013, '菜单新增', 102, 2, '', '', '', '', 1, 0, 'F', '0', '0', 'system:menu:add', '#', '小桐', '2025-09-04 18:14:56', '', NULL, '');
INSERT INTO `system_menu` VALUES (1014, '菜单修改', 102, 3, '', '', '', '', 1, 0, 'F', '0', '0', 'system:menu:edit', '#', '小桐', '2025-09-04 18:14:56', '', NULL, '');
INSERT INTO `system_menu` VALUES (1015, '菜单删除', 102, 4, '', '', '', '', 1, 0, 'F', '0', '0', 'system:menu:remove', '#', '小桐', '2025-09-04 18:14:56', '', NULL, '');
INSERT INTO `system_menu` VALUES (1016, '部门查询', 103, 1, '', '', '', '', 1, 0, 'F', '0', '0', 'system:dept:query', '#', '小桐', '2025-09-04 18:14:56', '', NULL, '');
INSERT INTO `system_menu` VALUES (1017, '部门新增', 103, 2, '', '', '', '', 1, 0, 'F', '0', '0', 'system:dept:add', '#', '小桐', '2025-09-04 18:14:56', '', NULL, '');
INSERT INTO `system_menu` VALUES (1018, '部门修改', 103, 3, '', '', '', '', 1, 0, 'F', '0', '0', 'system:dept:edit', '#', '小桐', '2025-09-04 18:14:56', '', NULL, '');
INSERT INTO `system_menu` VALUES (1019, '部门删除', 103, 4, '', '', '', '', 1, 0, 'F', '0', '0', 'system:dept:remove', '#', '小桐', '2025-09-04 18:14:56', '', NULL, '');
INSERT INTO `system_menu` VALUES (1020, '岗位查询', 104, 1, '', '', '', '', 1, 0, 'F', '0', '0', 'system:post:query', '#', '小桐', '2025-09-04 18:14:56', '', NULL, '');
INSERT INTO `system_menu` VALUES (1021, '岗位新增', 104, 2, '', '', '', '', 1, 0, 'F', '0', '0', 'system:post:add', '#', '小桐', '2025-09-04 18:14:56', '', NULL, '');
INSERT INTO `system_menu` VALUES (1022, '岗位修改', 104, 3, '', '', '', '', 1, 0, 'F', '0', '0', 'system:post:edit', '#', '小桐', '2025-09-04 18:14:56', '', NULL, '');
INSERT INTO `system_menu` VALUES (1023, '岗位删除', 104, 4, '', '', '', '', 1, 0, 'F', '0', '0', 'system:post:remove', '#', '小桐', '2025-09-04 18:14:56', '', NULL, '');
INSERT INTO `system_menu` VALUES (1024, '岗位导出', 104, 5, '', '', '', '', 1, 0, 'F', '0', '0', 'system:post:export', '#', '小桐', '2025-09-04 18:14:56', '', NULL, '');
INSERT INTO `system_menu` VALUES (1025, '字典查询', 105, 1, '#', '', '', '', 1, 0, 'F', '0', '0', 'system:dict:query', '#', '小桐', '2025-09-04 18:14:56', '', NULL, '');
INSERT INTO `system_menu` VALUES (1026, '字典新增', 105, 2, '#', '', '', '', 1, 0, 'F', '0', '0', 'system:dict:add', '#', '小桐', '2025-09-04 18:14:56', '', NULL, '');
INSERT INTO `system_menu` VALUES (1027, '字典修改', 105, 3, '#', '', '', '', 1, 0, 'F', '0', '0', 'system:dict:edit', '#', '小桐', '2025-09-04 18:14:56', '', NULL, '');
INSERT INTO `system_menu` VALUES (1028, '字典删除', 105, 4, '#', '', '', '', 1, 0, 'F', '0', '0', 'system:dict:remove', '#', '小桐', '2025-09-04 18:14:56', '', NULL, '');
INSERT INTO `system_menu` VALUES (1029, '字典导出', 105, 5, '#', '', '', '', 1, 0, 'F', '0', '0', 'system:dict:export', '#', '小桐', '2025-09-04 18:14:56', '', NULL, '');
INSERT INTO `system_menu` VALUES (1030, '参数查询', 106, 1, '#', '', '', '', 1, 0, 'F', '0', '0', 'system:config:query', '#', '小桐', '2025-09-04 18:14:56', '', NULL, '');
INSERT INTO `system_menu` VALUES (1031, '参数新增', 106, 2, '#', '', '', '', 1, 0, 'F', '0', '0', 'system:config:add', '#', '小桐', '2025-09-04 18:14:56', '', NULL, '');
INSERT INTO `system_menu` VALUES (1032, '参数修改', 106, 3, '#', '', '', '', 1, 0, 'F', '0', '0', 'system:config:edit', '#', '小桐', '2025-09-04 18:14:56', '', NULL, '');
INSERT INTO `system_menu` VALUES (1033, '参数删除', 106, 4, '#', '', '', '', 1, 0, 'F', '0', '0', 'system:config:remove', '#', '小桐', '2025-09-04 18:14:56', '', NULL, '');
INSERT INTO `system_menu` VALUES (1034, '参数导出', 106, 5, '#', '', '', '', 1, 0, 'F', '0', '0', 'system:config:export', '#', '小桐', '2025-09-04 18:14:56', '', NULL, '');
INSERT INTO `system_menu` VALUES (1035, '公告查询', 107, 1, '#', '', '', '', 1, 0, 'F', '0', '0', 'system:notice:query', '#', '小桐', '2025-09-04 18:14:56', '', NULL, '');
INSERT INTO `system_menu` VALUES (1036, '公告新增', 107, 2, '#', '', '', '', 1, 0, 'F', '0', '0', 'system:notice:add', '#', '小桐', '2025-09-04 18:14:56', '', NULL, '');
INSERT INTO `system_menu` VALUES (1037, '公告修改', 107, 3, '#', '', '', '', 1, 0, 'F', '0', '0', 'system:notice:edit', '#', '小桐', '2025-09-04 18:14:56', '', NULL, '');
INSERT INTO `system_menu` VALUES (1038, '公告删除', 107, 4, '#', '', '', '', 1, 0, 'F', '0', '0', 'system:notice:remove', '#', '小桐', '2025-09-04 18:14:56', '', NULL, '');
INSERT INTO `system_menu` VALUES (1039, '操作查询', 500, 1, '#', '', '', '', 1, 0, 'F', '0', '0', 'monitor:operlog:query', '#', '小桐', '2025-09-04 18:14:56', '', NULL, '');
INSERT INTO `system_menu` VALUES (1040, '操作删除', 500, 2, '#', '', '', '', 1, 0, 'F', '0', '0', 'monitor:operlog:remove', '#', '小桐', '2025-09-04 18:14:56', '', NULL, '');
INSERT INTO `system_menu` VALUES (1041, '日志导出', 500, 3, '#', '', '', '', 1, 0, 'F', '0', '0', 'monitor:operlog:export', '#', '小桐', '2025-09-04 18:14:56', '', NULL, '');
INSERT INTO `system_menu` VALUES (1042, '登录查询', 501, 1, '#', '', '', '', 1, 0, 'F', '0', '0', 'monitor:logininfor:query', '#', '小桐', '2025-09-04 18:14:56', '', NULL, '');
INSERT INTO `system_menu` VALUES (1043, '登录删除', 501, 2, '#', '', '', '', 1, 0, 'F', '0', '0', 'monitor:logininfor:remove', '#', '小桐', '2025-09-04 18:14:56', '', NULL, '');
INSERT INTO `system_menu` VALUES (1044, '日志导出', 501, 3, '#', '', '', '', 1, 0, 'F', '0', '0', 'monitor:logininfor:export', '#', '小桐', '2025-09-04 18:14:56', '', NULL, '');
INSERT INTO `system_menu` VALUES (1045, '账户解锁', 501, 4, '#', '', '', '', 1, 0, 'F', '0', '0', 'monitor:logininfor:unlock', '#', '小桐', '2025-09-04 18:14:56', '', NULL, '');
INSERT INTO `system_menu` VALUES (1046, '在线查询', 109, 1, '#', '', '', '', 1, 0, 'F', '0', '0', 'monitor:online:query', '#', '小桐', '2025-09-04 18:14:56', '', NULL, '');
INSERT INTO `system_menu` VALUES (1047, '批量强退', 109, 2, '#', '', '', '', 1, 0, 'F', '0', '0', 'monitor:online:batchLogout', '#', '小桐', '2025-09-04 18:14:56', '', NULL, '');
INSERT INTO `system_menu` VALUES (1048, '单条强退', 109, 3, '#', '', '', '', 1, 0, 'F', '0', '0', 'monitor:online:forceLogout', '#', '小桐', '2025-09-04 18:14:56', '', NULL, '');
INSERT INTO `system_menu` VALUES (1049, '任务查询', 110, 1, '#', '', '', '', 1, 0, 'F', '0', '0', 'monitor:job:query', '#', '小桐', '2025-09-04 18:14:56', '', NULL, '');
INSERT INTO `system_menu` VALUES (1050, '任务新增', 110, 2, '#', '', '', '', 1, 0, 'F', '0', '0', 'monitor:job:add', '#', '小桐', '2025-09-04 18:14:56', '', NULL, '');
INSERT INTO `system_menu` VALUES (1051, '任务修改', 110, 3, '#', '', '', '', 1, 0, 'F', '0', '0', 'monitor:job:edit', '#', '小桐', '2025-09-04 18:14:56', '', NULL, '');
INSERT INTO `system_menu` VALUES (1052, '任务删除', 110, 4, '#', '', '', '', 1, 0, 'F', '0', '0', 'monitor:job:remove', '#', '小桐', '2025-09-04 18:14:56', '', NULL, '');
INSERT INTO `system_menu` VALUES (1053, '状态修改', 110, 5, '#', '', '', '', 1, 0, 'F', '0', '0', 'monitor:job:changeStatus', '#', '小桐', '2025-09-04 18:14:56', '', NULL, '');
INSERT INTO `system_menu` VALUES (1054, '任务导出', 110, 6, '#', '', '', '', 1, 0, 'F', '0', '0', 'monitor:job:export', '#', '小桐', '2025-09-04 18:14:56', '', NULL, '');
INSERT INTO `system_menu` VALUES (1055, '生成查询', 114, 1, '#', '', '', '', 1, 0, 'F', '0', '0', 'tool:gen:query', '#', '小桐', '2025-09-04 18:14:56', '', NULL, '');
INSERT INTO `system_menu` VALUES (1056, '生成修改', 114, 2, '#', '', '', '', 1, 0, 'F', '0', '0', 'tool:gen:edit', '#', '小桐', '2025-09-04 18:14:56', '', NULL, '');
INSERT INTO `system_menu` VALUES (1057, '生成删除', 114, 3, '#', '', '', '', 1, 0, 'F', '0', '0', 'tool:gen:remove', '#', '小桐', '2025-09-04 18:14:56', '', NULL, '');
INSERT INTO `system_menu` VALUES (1058, '导入代码', 114, 4, '#', '', '', '', 1, 0, 'F', '0', '0', 'tool:gen:import', '#', '小桐', '2025-09-04 18:14:56', '', NULL, '');
INSERT INTO `system_menu` VALUES (1059, '预览代码', 114, 5, '#', '', '', '', 1, 0, 'F', '0', '0', 'tool:gen:preview', '#', '小桐', '2025-09-04 18:14:56', '', NULL, '');
INSERT INTO `system_menu` VALUES (1060, '生成代码', 114, 6, '#', '', '', '', 1, 0, 'F', '0', '0', 'tool:gen:code', '#', '小桐', '2025-09-04 18:14:56', '', NULL, '');
INSERT INTO `system_menu` VALUES (2000, '知识中心', 0, 1, 'kmc', NULL, NULL, NULL, 1, 0, 'M', '0', '0', '', '知识中心', '小桐', '2025-09-04 18:14:56', '', NULL, '');
INSERT INTO `system_menu` VALUES (2001, '知识分类', 2000, 0, 'kmcCategory', 'kmc/kmcCategory/index', '', NULL, 1, 0, 'C', '0', '0', 'kmc:kmcCategory:kmcCategory:list', 'nested', '小桐', '2025-09-04 18:14:56', '星小图', '2025-11-21 16:32:39', '');
INSERT INTO `system_menu` VALUES (2002, '知识分类导出', 2001, 1, '', NULL, NULL, NULL, 1, 0, 'F', '0', '0', 'kmc:kmcCategory:kmcCategory:export', '#', '小桐', '2025-09-04 18:14:56', '', NULL, '');
INSERT INTO `system_menu` VALUES (2003, '知识分类导入', 2001, 2, '', NULL, NULL, NULL, 1, 0, 'F', '0', '0', 'kmc:kmcCategory:kmcCategory:import', '#', '小桐', '2025-09-04 18:14:56', '', NULL, '');
INSERT INTO `system_menu` VALUES (2004, '知识分类详情', 2001, 3, '', NULL, NULL, NULL, 1, 0, 'F', '0', '0', 'kmc:kmcCategory:kmcCategory:query', '#', '小桐', '2025-09-04 18:14:56', '', NULL, '');
INSERT INTO `system_menu` VALUES (2005, '知识分类新增', 2001, 4, '', NULL, NULL, NULL, 1, 0, 'F', '0', '0', 'kmc:kmcCategory:kmcCategory:add', '#', '小桐', '2025-09-04 18:14:56', '', NULL, '');
INSERT INTO `system_menu` VALUES (2006, '知识分类修改', 2001, 5, '', NULL, NULL, NULL, 1, 0, 'F', '0', '0', 'kmc:kmcCategory:kmcCategory:edit', '#', '小桐', '2025-09-04 18:14:56', '', NULL, '');
INSERT INTO `system_menu` VALUES (2007, '知识分类删除', 2001, 6, '', NULL, NULL, NULL, 1, 0, 'F', '0', '0', 'kmc:kmcCategory:kmcCategory:remove', '#', '小桐', '2025-09-04 18:14:56', '', NULL, '');
INSERT INTO `system_menu` VALUES (2008, '文件管理', 2000, 1, 'kmcDocument', 'kmc/kmcDocument/index', '', NULL, 1, 0, 'C', '0', '0', 'kmcDocument:kmcDocument:document:list', 'zip', '小桐', '2025-09-04 18:14:56', '星小图', '2025-11-21 16:32:55', '');
INSERT INTO `system_menu` VALUES (2009, '知识文件导出', 2008, 1, '', NULL, NULL, NULL, 1, 0, 'F', '0', '0', 'kmcDocument:kmcDocument:document:export', '#', '小桐', '2025-09-04 18:14:56', '', NULL, '');
INSERT INTO `system_menu` VALUES (2010, '知识文件导入', 2008, 2, '', NULL, NULL, NULL, 1, 0, 'F', '0', '0', 'kmcDocument:kmcDocument:document:import', '#', '小桐', '2025-09-04 18:14:56', '', NULL, '');
INSERT INTO `system_menu` VALUES (2011, '知识文件详情', 2008, 3, '', NULL, NULL, NULL, 1, 0, 'F', '0', '0', 'kmcDocument:kmcDocument:document:query', '#', '小桐', '2025-09-04 18:14:56', '', NULL, '');
INSERT INTO `system_menu` VALUES (2012, '知识文件新增', 2008, 4, '', NULL, NULL, NULL, 1, 0, 'F', '0', '0', 'kmcDocument:kmcDocument:document:add', '#', '小桐', '2025-09-04 18:14:56', '', NULL, '');
INSERT INTO `system_menu` VALUES (2013, '知识文件修改', 2008, 5, '', NULL, NULL, NULL, 1, 0, 'F', '0', '0', 'kmcDocument:kmcDocument:document:edit', '#', '小桐', '2025-09-04 18:14:56', '', NULL, '');
INSERT INTO `system_menu` VALUES (2014, '知识文件删除', 2008, 6, '', NULL, NULL, NULL, 1, 0, 'F', '0', '0', 'kmcDocument:kmcDocument:document:remove', '#', '小桐', '2025-09-04 18:14:56', '', NULL, '');
INSERT INTO `system_menu` VALUES (2015, '知识抽取', 2128, 2, 'ext', NULL, NULL, NULL, 1, 0, 'M', '0', '0', '', '知识抽取', '小桐', '2025-09-04 18:14:56', '星小图', '2025-11-20 15:49:50', '');
INSERT INTO `system_menu` VALUES (2016, '概念配置', 2015, 1, 'schema', 'ext/extSchema/index', NULL, NULL, 1, 0, 'C', '1', '0', 'ext:extSchema:schema:list', '#', '小桐', '2025-09-04 18:14:56', '星小图', '2025-11-18 08:37:47', '');
INSERT INTO `system_menu` VALUES (2017, '概念配置查询', 2016, 1, '', NULL, NULL, NULL, 1, 0, 'F', '0', '0', 'ext:extSchema:schema:query', '#', '小桐', '2025-09-04 18:14:56', '', NULL, '');
INSERT INTO `system_menu` VALUES (2018, '概念配置新增', 2016, 2, '', NULL, NULL, NULL, 1, 0, 'F', '0', '0', 'ext:extSchema:schema:add', '#', '小桐', '2025-09-04 18:14:56', '', NULL, '');
INSERT INTO `system_menu` VALUES (2019, '概念配置修改', 2016, 3, '', NULL, NULL, NULL, 1, 0, 'F', '0', '0', 'ext:extSchema:schema:edit', '#', '小桐', '2025-09-04 18:14:56', '', NULL, '');
INSERT INTO `system_menu` VALUES (2020, '概念配置删除', 2016, 4, '', NULL, NULL, NULL, 1, 0, 'F', '0', '0', 'ext:extSchema:schema:remove', '#', '小桐', '2025-09-04 18:14:56', '', NULL, '');
INSERT INTO `system_menu` VALUES (2021, '概念配置导出', 2016, 5, '', NULL, NULL, NULL, 1, 0, 'F', '0', '0', 'ext:extSchema:schema:export', '#', '小桐', '2025-09-04 18:14:56', '', NULL, '');
INSERT INTO `system_menu` VALUES (2022, '概念配置导入', 2016, 6, '', NULL, NULL, NULL, 1, 0, 'F', '0', '0', 'ext:extSchema:schema:import', '#', '小桐', '2025-09-04 18:14:56', '', NULL, '');
INSERT INTO `system_menu` VALUES (2023, '关系配置', 2015, 2, 'relation', 'ext/extSchemaRelation/index', NULL, NULL, 1, 0, 'C', '1', '0', 'ext:extSchemaRelation:relation:list', '#', '小桐', '2025-09-04 18:14:56', '星小图', '2025-10-22 05:55:44', '');
INSERT INTO `system_menu` VALUES (2024, '关系配置查询', 2023, 1, '#', '', NULL, NULL, 1, 0, 'F', '0', '0', 'ext:extSchemaRelation:relation:query', '#', '小桐', '2025-09-04 18:14:56', '', NULL, '');
INSERT INTO `system_menu` VALUES (2025, '关系配置新增', 2023, 2, '#', '', NULL, NULL, 1, 0, 'F', '0', '0', 'ext:extSchemaRelation:relation:add', '#', '小桐', '2025-09-04 18:14:56', '', NULL, '');
INSERT INTO `system_menu` VALUES (2026, '关系配置修改', 2023, 3, '#', '', NULL, NULL, 1, 0, 'F', '0', '0', 'ext:extSchemaRelation:relation:edit', '#', '小桐', '2025-09-04 18:14:56', '', NULL, '');
INSERT INTO `system_menu` VALUES (2027, '关系配置删除', 2023, 4, '#', '', NULL, NULL, 1, 0, 'F', '0', '0', 'ext:extSchemaRelation:relation:remove', '#', '小桐', '2025-09-04 18:14:56', '', NULL, '');
INSERT INTO `system_menu` VALUES (2028, '关系配置导出', 2023, 5, '#', '', NULL, NULL, 1, 0, 'F', '0', '0', 'ext:extSchemaRelation:relation:export', '#', '小桐', '2025-09-04 18:14:56', '', NULL, '');
INSERT INTO `system_menu` VALUES (2029, '关系配置导入', 2023, 6, '#', '', NULL, NULL, 1, 0, 'F', '0', '0', 'ext:extSchemaRelation:relation:import', '#', '小桐', '2025-09-04 18:14:56', '', NULL, '');
INSERT INTO `system_menu` VALUES (2030, '非结构化抽取', 2015, 3, 'unstructTask', 'ext/extUnstructTask/index', NULL, NULL, 1, 0, 'C', '0', '0', 'ext:extUnstructTask:unstructtask:list', '#', '小桐', '2025-09-04 18:14:56', '', NULL, '');
INSERT INTO `system_menu` VALUES (2031, '非结构化抽取任务查询', 2030, 1, '#', '', NULL, NULL, 1, 0, 'F', '0', '0', 'ext:extUnstructTask:unstructtask:query', '#', '小桐', '2025-09-04 18:14:56', '', NULL, '');
INSERT INTO `system_menu` VALUES (2032, '非结构化抽取任务新增', 2030, 2, '#', '', NULL, NULL, 1, 0, 'F', '0', '0', 'ext:extUnstructTask:unstructtask:add', '#', '小桐', '2025-09-04 18:14:56', '', NULL, '');
INSERT INTO `system_menu` VALUES (2033, '非结构化抽取任务修改', 2030, 3, '#', '', NULL, NULL, 1, 0, 'F', '0', '0', 'ext:extUnstructTask:unstructtask:edit', '#', '小桐', '2025-09-04 18:14:56', '', NULL, '');
INSERT INTO `system_menu` VALUES (2034, '非结构化抽取任务删除', 2030, 4, '#', '', NULL, NULL, 1, 0, 'F', '0', '0', 'ext:extUnstructTask:unstructtask:remove', '#', '小桐', '2025-09-04 18:14:56', '', NULL, '');
INSERT INTO `system_menu` VALUES (2035, '非结构化抽取任务导出', 2030, 5, '#', '', NULL, NULL, 1, 0, 'F', '0', '0', 'ext:extUnstructTask:unstructtask:export', '#', '小桐', '2025-09-04 18:14:56', '', NULL, '');
INSERT INTO `system_menu` VALUES (2036, '非结构化抽取任务导入', 2030, 6, '#', '', NULL, NULL, 1, 0, 'F', '0', '0', 'ext:extUnstructTask:unstructtask:import', '#', '小桐', '2025-09-04 18:14:56', '', NULL, '');
INSERT INTO `system_menu` VALUES (2037, '结构化抽取', 2015, 4, 'extStructTask', 'ext/extStructTask/index', NULL, NULL, 1, 0, 'C', '0', '0', 'ext:extStructTask:struct:list', '#', '小桐', '2025-09-04 18:14:56', '', NULL, '');
INSERT INTO `system_menu` VALUES (2038, '结构化抽取任务查询', 2037, 1, '#', '', NULL, NULL, 1, 0, 'F', '0', '0', 'ext:extStructTask:struct:query', '#', '小桐', '2025-09-04 18:14:56', '', NULL, '');
INSERT INTO `system_menu` VALUES (2039, '结构化抽取任务新增', 2037, 2, '#', '', NULL, NULL, 1, 0, 'F', '0', '0', 'ext:extStructTask:struct:add', '#', '小桐', '2025-09-04 18:14:56', '', NULL, '');
INSERT INTO `system_menu` VALUES (2040, '结构化抽取任务修改', 2037, 3, '#', '', NULL, NULL, 1, 0, 'F', '0', '0', 'ext:extStructTask:struct:edit', '#', '小桐', '2025-09-04 18:14:56', '', NULL, '');
INSERT INTO `system_menu` VALUES (2041, '结构化抽取任务删除', 2037, 4, '#', '', NULL, NULL, 1, 0, 'F', '0', '0', 'ext:extStructTask:struct:remove', '#', '小桐', '2025-09-04 18:14:56', '', NULL, '');
INSERT INTO `system_menu` VALUES (2042, '结构化抽取任务导出', 2037, 5, '#', '', NULL, NULL, 1, 0, 'F', '0', '0', 'ext:extStructTask:struct:export', '#', '小桐', '2025-09-04 18:14:56', '', NULL, '');
INSERT INTO `system_menu` VALUES (2043, '结构化抽取任务导入', 2037, 6, '#', '', NULL, NULL, 1, 0, 'F', '0', '0', 'ext:extStructTask:struct:import', '#', '小桐', '2025-09-04 18:14:56', '', NULL, '');
INSERT INTO `system_menu` VALUES (2044, '知识应用', 0, 11, 'app', NULL, NULL, NULL, 1, 0, 'M', '0', '0', '', '知识应用', '小桐', '2025-09-04 18:14:56', '星小图', '2025-09-23 11:56:27', '');
INSERT INTO `system_menu` VALUES (2045, '图谱探索', 2128, 111, 'geaphExplorationDetail', 'app/graphExploration/geaphExplorationDetail', NULL, NULL, 1, 0, 'C', '0', '0', '', 'search', '小桐', '2025-09-04 18:14:56', '星小图', '2025-11-21 16:15:52', '');
INSERT INTO `system_menu` VALUES (2046, '数据管理', 2128, 4, 'dm', NULL, NULL, NULL, 1, 0, 'M', '0', '0', '', '数据管理', '小桐', '2025-09-04 18:14:56', '星小图', '2025-11-20 15:50:12', '');
INSERT INTO `system_menu` VALUES (2047, '数据源管理', 2046, 4, 'dmDatasource', 'dm/dmDatasource/index', NULL, NULL, 1, 0, 'C', '0', '0', 'dm:datasource:datasource:list', '#', '小桐', '2025-09-04 18:14:56', '星小图', '2025-11-21 14:52:52', '');
INSERT INTO `system_menu` VALUES (2048, '数据源查询', 2047, 1, '', NULL, NULL, NULL, 1, 0, 'F', '0', '0', 'dm:datasource:datasource:query', '#', '小桐', '2025-09-04 18:14:56', '', NULL, '');
INSERT INTO `system_menu` VALUES (2049, '数据源新增', 2047, 2, '', NULL, NULL, NULL, 1, 0, 'F', '0', '0', 'dm:datasource:datasource:add', '#', '小桐', '2025-09-04 18:14:56', '', NULL, '');
INSERT INTO `system_menu` VALUES (2050, '数据源修改', 2047, 3, '', NULL, NULL, NULL, 1, 0, 'F', '0', '0', 'dm:datasource:datasource:edit', '#', '小桐', '2025-09-04 18:14:56', '', NULL, '');
INSERT INTO `system_menu` VALUES (2051, '数据源删除', 2047, 4, '', NULL, NULL, NULL, 1, 0, 'F', '0', '0', 'dm:datasource:datasource:remove', '#', '小桐', '2025-09-04 18:14:56', '', NULL, '');
INSERT INTO `system_menu` VALUES (2052, '数据源导出', 2047, 5, '', NULL, NULL, NULL, 1, 0, 'F', '0', '0', 'dm:datasource:datasource:export', '#', '小桐', '2025-09-04 18:14:56', '', NULL, '');
INSERT INTO `system_menu` VALUES (2053, '数据源导入', 2047, 6, '', NULL, NULL, NULL, 1, 0, 'F', '0', '0', 'dm:datasource:datasource:import', '#', '小桐', '2025-09-04 18:14:56', '', NULL, '');
INSERT INTO `system_menu` VALUES (2055, '本体管理', 2128, 0, 'extKnowledgeDetail', 'ext/extKnowledgeDetail/index', NULL, '', 1, 0, 'C', '0', '0', '', 'clipboard', '小桐', '2025-09-09 08:32:12', '星小图', '2025-11-21 08:56:13', '');
INSERT INTO `system_menu` VALUES (2056, '检索问答', 2044, 33, 'sqa', NULL, NULL, '', 1, 0, 'M', '0', '0', '', 'message', '小桐', '2025-09-09 08:38:47', '星小图', '2025-11-20 15:50:32', '');
INSERT INTO `system_menu` VALUES (2057, '知识检索', 2056, 0, 'knowledgeSearch', 'sqa/knowledgeSearch/index', NULL, '', 1, 0, 'C', '0', '0', NULL, '#', '小桐', '2025-09-09 08:40:27', '', NULL, '');
INSERT INTO `system_menu` VALUES (2058, '图谱问答', 2128, 88, 'knowledgeQuestion', 'sqa/knowledgeQuestion/index', NULL, '', 1, 0, 'C', '0', '0', '', 'message', '小桐', '2025-09-09 08:41:28', '星小图', '2025-11-21 16:40:49', '');
INSERT INTO `system_menu` VALUES (2059, '数据维护', 2046, 2, 'dmMaintenanceDetail', 'dm/dmMaintenanceDetail/index', NULL, '', 1, 0, 'C', '0', '0', '', 'date-range', '星小图', '2025-09-22 02:26:42', '星小图', '2025-11-21 14:53:04', '');
INSERT INTO `system_menu` VALUES (2060, '字典类型', 2089, 1, 'extExtractDictType', 'ext/extExtractDictType/index', NULL, '', 1, 0, 'C', '0', '0', 'ext:extExtractDictType:extractdicttype:list', '#', 'admin', '2025-09-22 09:55:43', '星小图', '2025-09-23 00:37:06', '抽取字典类型菜单');
INSERT INTO `system_menu` VALUES (2061, '抽取字典类型查询', 2060, 1, '#', '', NULL, '', 1, 0, 'F', '0', '0', 'ext:extExtractDictType:extractdicttype:query', '#', 'admin', '2025-09-22 09:55:43', '', NULL, '');
INSERT INTO `system_menu` VALUES (2062, '抽取字典类型新增', 2060, 2, '#', '', NULL, '', 1, 0, 'F', '0', '0', 'ext:extExtractDictType:extractdicttype:add', '#', 'admin', '2025-09-22 09:55:43', '', NULL, '');
INSERT INTO `system_menu` VALUES (2063, '抽取字典类型修改', 2060, 3, '#', '', NULL, '', 1, 0, 'F', '0', '0', 'ext:extExtractDictType:extractdicttype:edit', '#', 'admin', '2025-09-22 09:55:43', '', NULL, '');
INSERT INTO `system_menu` VALUES (2064, '抽取字典类型删除', 2060, 4, '#', '', NULL, '', 1, 0, 'F', '0', '0', 'ext:extExtractDictType:extractdicttype:remove', '#', 'admin', '2025-09-22 09:55:43', '', NULL, '');
INSERT INTO `system_menu` VALUES (2065, '抽取字典类型导出', 2060, 5, '#', '', NULL, '', 1, 0, 'F', '0', '0', 'ext:extExtractDictType:extractdicttype:export', '#', 'admin', '2025-09-22 09:55:43', '', NULL, '');
INSERT INTO `system_menu` VALUES (2066, '抽取字典类型导入', 2060, 6, '#', '', NULL, '', 1, 0, 'F', '0', '0', 'ext:extExtractDictType:extractdicttype:import', '#', 'admin', '2025-09-22 09:55:43', '', NULL, '');
INSERT INTO `system_menu` VALUES (2067, '关系规则', 2089, 11, 'extExtractRelationRules', 'ext/extExtractRelationRules/index', NULL, '', 1, 0, 'C', '0', '0', 'ext:extExtractRelationRules:extractrelationrules:list', '#', 'admin', '2025-09-22 09:55:58', '星小图', '2025-09-23 00:37:16', '抽取的关系规则菜单');
INSERT INTO `system_menu` VALUES (2068, '抽取的关系规则查询', 2067, 1, '#', '', NULL, '', 1, 0, 'F', '0', '0', 'ext:extExtractRelationRules:extractrelationrules:query', '#', 'admin', '2025-09-22 09:55:58', '', NULL, '');
INSERT INTO `system_menu` VALUES (2069, '抽取的关系规则新增', 2067, 2, '#', '', NULL, '', 1, 0, 'F', '0', '0', 'ext:extExtractRelationRules:extractrelationrules:add', '#', 'admin', '2025-09-22 09:55:58', '', NULL, '');
INSERT INTO `system_menu` VALUES (2070, '抽取的关系规则修改', 2067, 3, '#', '', NULL, '', 1, 0, 'F', '0', '0', 'ext:extExtractRelationRules:extractrelationrules:edit', '#', 'admin', '2025-09-22 09:55:58', '', NULL, '');
INSERT INTO `system_menu` VALUES (2071, '抽取的关系规则删除', 2067, 4, '#', '', NULL, '', 1, 0, 'F', '0', '0', 'ext:extExtractRelationRules:extractrelationrules:remove', '#', 'admin', '2025-09-22 09:55:58', '', NULL, '');
INSERT INTO `system_menu` VALUES (2072, '抽取的关系规则导出', 2067, 5, '#', '', NULL, '', 1, 0, 'F', '0', '0', 'ext:extExtractRelationRules:extractrelationrules:export', '#', 'admin', '2025-09-22 09:55:58', '', NULL, '');
INSERT INTO `system_menu` VALUES (2073, '抽取的关系规则导入', 2067, 6, '#', '', NULL, '', 1, 0, 'F', '0', '0', 'ext:extExtractRelationRules:extractrelationrules:import', '#', 'admin', '2025-09-22 09:55:58', '', NULL, '');
INSERT INTO `system_menu` VALUES (2074, '属性规则', 2089, 11, 'extExtractAttributeRules', 'ext/extExtractAttributeRules/index', NULL, '', 1, 0, 'C', '0', '0', 'ext:extExtractAttributeRules:extractattributerules:list', '#', 'admin', '2025-09-22 09:56:10', '星小图', '2025-09-23 00:37:24', '抽取的属性规则菜单');
INSERT INTO `system_menu` VALUES (2075, '抽取的属性规则查询', 2074, 1, '#', '', NULL, '', 1, 0, 'F', '0', '0', 'ext:extExtractAttributeRules:extractattributerules:query', '#', 'admin', '2025-09-22 09:56:10', '', NULL, '');
INSERT INTO `system_menu` VALUES (2076, '抽取的属性规则新增', 2074, 2, '#', '', NULL, '', 1, 0, 'F', '0', '0', 'ext:extExtractAttributeRules:extractattributerules:add', '#', 'admin', '2025-09-22 09:56:10', '', NULL, '');
INSERT INTO `system_menu` VALUES (2077, '抽取的属性规则修改', 2074, 3, '#', '', NULL, '', 1, 0, 'F', '0', '0', 'ext:extExtractAttributeRules:extractattributerules:edit', '#', 'admin', '2025-09-22 09:56:10', '', NULL, '');
INSERT INTO `system_menu` VALUES (2078, '抽取的属性规则删除', 2074, 4, '#', '', NULL, '', 1, 0, 'F', '0', '0', 'ext:extExtractAttributeRules:extractattributerules:remove', '#', 'admin', '2025-09-22 09:56:10', '', NULL, '');
INSERT INTO `system_menu` VALUES (2079, '抽取的属性规则导出', 2074, 5, '#', '', NULL, '', 1, 0, 'F', '0', '0', 'ext:extExtractAttributeRules:extractattributerules:export', '#', 'admin', '2025-09-22 09:56:10', '', NULL, '');
INSERT INTO `system_menu` VALUES (2080, '抽取的属性规则导入', 2074, 6, '#', '', NULL, '', 1, 0, 'F', '0', '0', 'ext:extExtractAttributeRules:extractattributerules:import', '#', 'admin', '2025-09-22 09:56:10', '', NULL, '');
INSERT INTO `system_menu` VALUES (2081, '实体字典', 2089, 1, 'extExtractDictData', 'ext/extExtractDictData/index', NULL, '', 1, 0, 'C', '0', '0', 'ext:extExtractDictData:extractdictdata:list', '#', 'admin', '2025-09-22 09:56:17', '星小图', '2025-09-23 00:37:47', '抽取字典菜单');
INSERT INTO `system_menu` VALUES (2082, '抽取字典查询', 2081, 1, '#', '', NULL, '', 1, 0, 'F', '0', '0', 'ext:extExtractDictData:extractdictdata:query', '#', 'admin', '2025-09-22 09:56:17', '', NULL, '');
INSERT INTO `system_menu` VALUES (2083, '抽取字典新增', 2081, 2, '#', '', NULL, '', 1, 0, 'F', '0', '0', 'ext:extExtractDictData:extractdictdata:add', '#', 'admin', '2025-09-22 09:56:17', '', NULL, '');
INSERT INTO `system_menu` VALUES (2084, '抽取字典修改', 2081, 3, '#', '', NULL, '', 1, 0, 'F', '0', '0', 'ext:extExtractDictData:extractdictdata:edit', '#', 'admin', '2025-09-22 09:56:17', '', NULL, '');
INSERT INTO `system_menu` VALUES (2085, '抽取字典删除', 2081, 4, '#', '', NULL, '', 1, 0, 'F', '0', '0', 'ext:extExtractDictData:extractdictdata:remove', '#', 'admin', '2025-09-22 09:56:17', '', NULL, '');
INSERT INTO `system_menu` VALUES (2086, '抽取字典导出', 2081, 5, '#', '', NULL, '', 1, 0, 'F', '0', '0', 'ext:extExtractDictData:extractdictdata:export', '#', 'admin', '2025-09-22 09:56:17', '', NULL, '');
INSERT INTO `system_menu` VALUES (2087, '抽取字典导入', 2081, 6, '#', '', NULL, '', 1, 0, 'F', '0', '0', 'ext:extExtractDictData:extractdictdata:import', '#', 'admin', '2025-09-22 09:56:17', '', NULL, '');
INSERT INTO `system_menu` VALUES (2088, '抽取规则', 2128, 3, 'extRule', NULL, NULL, '', 1, 0, 'M', '0', '0', '', 'logininfor', '星小图', '2025-09-23 00:31:04', '星小图', '2025-11-20 15:51:39', '');
INSERT INTO `system_menu` VALUES (2089, '字典抽取', 2088, 0, 'directExtract', NULL, NULL, '', 1, 0, 'M', '0', '0', NULL, '#', '星小图', '2025-09-23 00:35:48', '', NULL, '');
INSERT INTO `system_menu` VALUES (2090, '算法抽取', 2088, 0, '/nlpExtract', NULL, NULL, '', 1, 0, 'M', '1', '0', '', '#', '星小图', '2025-09-23 00:39:43', '星小图', '2025-10-27 11:28:25', '');
INSERT INTO `system_menu` VALUES (2091, '大模型抽取', 2088, 0, 'bigModelExtract', NULL, NULL, '', 1, 0, 'M', '1', '0', '', '#', '星小图', '2025-09-23 00:40:02', '星小图', '2025-10-27 11:28:28', '');
INSERT INTO `system_menu` VALUES (2093, '数据服务', 2129, 1, 'AppServiceApi', 'app/AppServiceApi/index', NULL, '', 1, 0, 'C', '0', '0', 'app:AppServiceApi:appserviceapi:list', '知识应用', 'admin', '2025-09-28 07:34:25', '星小图', '2025-11-21 16:34:32', '数据服务菜单');
INSERT INTO `system_menu` VALUES (2094, '数据服务查询', 2093, 1, '#', '', NULL, '', 1, 0, 'F', '0', '0', 'app:AppServiceApi:appserviceapi:query', '#', 'admin', '2025-09-28 07:34:25', '', NULL, '');
INSERT INTO `system_menu` VALUES (2095, '数据服务新增', 2093, 2, '#', '', NULL, '', 1, 0, 'F', '0', '0', 'app:AppServiceApi:appserviceapi:add', '#', 'admin', '2025-09-28 07:34:25', '', NULL, '');
INSERT INTO `system_menu` VALUES (2096, '数据服务修改', 2093, 3, '#', '', NULL, '', 1, 0, 'F', '0', '0', 'app:AppServiceApi:appserviceapi:edit', '#', 'admin', '2025-09-28 07:34:26', '', NULL, '');
INSERT INTO `system_menu` VALUES (2097, '数据服务删除', 2093, 4, '#', '', NULL, '', 1, 0, 'F', '0', '0', 'app:AppServiceApi:appserviceapi:remove', '#', 'admin', '2025-09-28 07:34:26', '', NULL, '');
INSERT INTO `system_menu` VALUES (2098, '数据服务导出', 2093, 5, '#', '', NULL, '', 1, 0, 'F', '0', '0', 'app:AppServiceApi:appserviceapi:export', '#', 'admin', '2025-09-28 07:34:26', '', NULL, '');
INSERT INTO `system_menu` VALUES (2099, '数据服务导入', 2093, 6, '#', '', NULL, '', 1, 0, 'F', '0', '0', 'app:AppServiceApi:appserviceapi:import', '#', 'admin', '2025-09-28 07:34:26', '', NULL, '');
INSERT INTO `system_menu` VALUES (2100, '服务日志', 2129, 55, 'AppServiceApiLog', 'app/AppServiceApiLog/index', NULL, '', 1, 0, 'C', '0', '0', 'app:AppServiceApiLog:appserviceapilog:list', 'tool_new_icon', 'admin', '2025-09-28 07:34:36', '星小图', '2025-11-21 16:34:38', '服务日志菜单');
INSERT INTO `system_menu` VALUES (2101, '服务日志查询', 2100, 1, '#', '', NULL, '', 1, 0, 'F', '0', '0', 'app:AppServiceApiLog:appserviceapilog:query', '#', 'admin', '2025-09-28 07:34:36', '', NULL, '');
INSERT INTO `system_menu` VALUES (2102, '服务日志新增', 2100, 2, '#', '', NULL, '', 1, 0, 'F', '0', '0', 'app:AppServiceApiLog:appserviceapilog:add', '#', 'admin', '2025-09-28 07:34:36', '', NULL, '');
INSERT INTO `system_menu` VALUES (2103, '服务日志修改', 2100, 3, '#', '', NULL, '', 1, 0, 'F', '0', '0', 'app:AppServiceApiLog:appserviceapilog:edit', '#', 'admin', '2025-09-28 07:34:36', '', NULL, '');
INSERT INTO `system_menu` VALUES (2104, '服务日志删除', 2100, 4, '#', '', NULL, '', 1, 0, 'F', '0', '0', 'app:AppServiceApiLog:appserviceapilog:remove', '#', 'admin', '2025-09-28 07:34:36', '', NULL, '');
INSERT INTO `system_menu` VALUES (2105, '服务日志导出', 2100, 5, '#', '', NULL, '', 1, 0, 'F', '0', '0', 'app:AppServiceApiLog:appserviceapilog:export', '#', 'admin', '2025-09-28 07:34:36', '', NULL, '');
INSERT INTO `system_menu` VALUES (2106, '服务日志导入', 2100, 6, '#', '', NULL, '', 1, 0, 'F', '0', '0', 'app:AppServiceApiLog:appserviceapilog:import', '#', 'admin', '2025-09-28 07:34:36', '', NULL, '');
INSERT INTO `system_menu` VALUES (2121, '同义词', 2089, 1, 'extExtractDictDataAntonym', 'ext/extExtractDictDataAntonym/index', NULL, '', 1, 0, 'C', '0', '0', 'ext:extExtractDictDataAntonym:extractdictdataantonym:list', '#', 'admin', '2025-11-18 16:26:10', '星小图', '2025-11-18 17:38:07', '字典数据同义词菜单');
INSERT INTO `system_menu` VALUES (2122, '字典数据同义词查询', 2121, 1, '#', '', NULL, '', 1, 0, 'F', '0', '0', 'ext:extExtractDictDataAntonym:extractdictdataantonym:query', '#', 'admin', '2025-11-18 16:26:10', '', NULL, '');
INSERT INTO `system_menu` VALUES (2123, '字典数据同义词新增', 2121, 2, '#', '', NULL, '', 1, 0, 'F', '0', '0', 'ext:extExtractDictDataAntonym:extractdictdataantonym:add', '#', 'admin', '2025-11-18 16:26:10', '', NULL, '');
INSERT INTO `system_menu` VALUES (2124, '字典数据同义词修改', 2121, 3, '#', '', NULL, '', 1, 0, 'F', '0', '0', 'ext:extExtractDictDataAntonym:extractdictdataantonym:edit', '#', 'admin', '2025-11-18 16:26:10', '', NULL, '');
INSERT INTO `system_menu` VALUES (2125, '字典数据同义词删除', 2121, 4, '#', '', NULL, '', 1, 0, 'F', '0', '0', 'ext:extExtractDictDataAntonym:extractdictdataantonym:remove', '#', 'admin', '2025-11-18 16:26:10', '', NULL, '');
INSERT INTO `system_menu` VALUES (2126, '字典数据同义词导出', 2121, 5, '#', '', NULL, '', 1, 0, 'F', '0', '0', 'ext:extExtractDictDataAntonym:extractdictdataantonym:export', '#', 'admin', '2025-11-18 16:26:10', '', NULL, '');
INSERT INTO `system_menu` VALUES (2127, '字典数据同义词导入', 2121, 6, '#', '', NULL, '', 1, 0, 'F', '0', '0', 'ext:extExtractDictDataAntonym:extractdictdataantonym:import', '#', 'admin', '2025-11-18 16:26:10', '', NULL, '');
INSERT INTO `system_menu` VALUES (2128, '知识图谱', 0, 5, 'graph', NULL, NULL, '', 1, 0, 'M', '0', '0', '', 'component', '星小图', '2025-11-20 15:47:14', '星小图', '2025-11-21 14:46:11', '');
INSERT INTO `system_menu` VALUES (2129, '数据服务', 0, 55, 'dataapi', NULL, NULL, '', 1, 0, 'M', '0', '0', '', 'code_new_iocn', '星小图', '2025-11-20 15:50:55', '星小图', '2025-11-20 15:52:46', '');

-- ----------------------------
-- Table structure for system_notice
-- ----------------------------
DROP TABLE IF EXISTS `system_notice`;
CREATE TABLE `system_notice`  (
  `notice_id` int NOT NULL AUTO_INCREMENT COMMENT '公告ID',
  `notice_title` varchar(50) CHARACTER SET utf8mb4 COLLATE utf8mb4_bin NOT NULL COMMENT '公告标题',
  `notice_type` char(1) CHARACTER SET utf8mb4 COLLATE utf8mb4_bin NOT NULL COMMENT '公告类型（1通知 2公告）',
  `notice_content` longblob NULL COMMENT '公告内容',
  `status` char(1) CHARACTER SET utf8mb4 COLLATE utf8mb4_bin NULL DEFAULT '0' COMMENT '公告状态（0正常 1关闭）',
  `create_by` varchar(64) CHARACTER SET utf8mb4 COLLATE utf8mb4_bin NULL DEFAULT '' COMMENT '创建者',
  `create_time` datetime NULL DEFAULT NULL COMMENT '创建时间',
  `update_by` varchar(64) CHARACTER SET utf8mb4 COLLATE utf8mb4_bin NULL DEFAULT '' COMMENT '更新者',
  `update_time` datetime NULL DEFAULT NULL COMMENT '更新时间',
  `remark` varchar(255) CHARACTER SET utf8mb4 COLLATE utf8mb4_bin NULL DEFAULT NULL COMMENT '备注',
  PRIMARY KEY (`notice_id`) USING BTREE
) ENGINE = InnoDB AUTO_INCREMENT = 3 CHARACTER SET = utf8mb4 COLLATE = utf8mb4_bin COMMENT = '通知公告表' ROW_FORMAT = DYNAMIC;

-- ----------------------------
-- Records of system_notice
-- ----------------------------

-- ----------------------------
-- Table structure for system_oper_log
-- ----------------------------
DROP TABLE IF EXISTS `system_oper_log`;
CREATE TABLE `system_oper_log`  (
  `oper_id` bigint NOT NULL AUTO_INCREMENT COMMENT '日志主键',
  `title` varchar(50) CHARACTER SET utf8mb4 COLLATE utf8mb4_bin NULL DEFAULT '' COMMENT '模块标题',
  `business_type` int NULL DEFAULT 0 COMMENT '业务类型（0其它 1新增 2修改 3删除）',
  `method` varchar(200) CHARACTER SET utf8mb4 COLLATE utf8mb4_bin NULL DEFAULT '' COMMENT '方法名称',
  `request_method` varchar(10) CHARACTER SET utf8mb4 COLLATE utf8mb4_bin NULL DEFAULT '' COMMENT '请求方式',
  `operator_type` int NULL DEFAULT 0 COMMENT '操作类别（0其它 1后台用户 2手机端用户）',
  `oper_name` varchar(50) CHARACTER SET utf8mb4 COLLATE utf8mb4_bin NULL DEFAULT '' COMMENT '操作人员',
  `dept_name` varchar(50) CHARACTER SET utf8mb4 COLLATE utf8mb4_bin NULL DEFAULT '' COMMENT '部门名称',
  `oper_url` varchar(255) CHARACTER SET utf8mb4 COLLATE utf8mb4_bin NULL DEFAULT '' COMMENT '请求URL',
  `oper_ip` varchar(128) CHARACTER SET utf8mb4 COLLATE utf8mb4_bin NULL DEFAULT '' COMMENT '主机地址',
  `oper_location` varchar(255) CHARACTER SET utf8mb4 COLLATE utf8mb4_bin NULL DEFAULT '' COMMENT '操作地点',
  `oper_param` varchar(2000) CHARACTER SET utf8mb4 COLLATE utf8mb4_bin NULL DEFAULT '' COMMENT '请求参数',
  `json_result` varchar(2000) CHARACTER SET utf8mb4 COLLATE utf8mb4_bin NULL DEFAULT '' COMMENT '返回参数',
  `status` int NULL DEFAULT 0 COMMENT '操作状态（0正常 1异常）',
  `error_msg` varchar(2000) CHARACTER SET utf8mb4 COLLATE utf8mb4_bin NULL DEFAULT '' COMMENT '错误消息',
  `oper_time` datetime NULL DEFAULT NULL COMMENT '操作时间',
  `cost_time` bigint NULL DEFAULT 0 COMMENT '消耗时间',
  PRIMARY KEY (`oper_id`) USING BTREE,
  INDEX `idx_system_oper_log_bt`(`business_type` ASC) USING BTREE,
  INDEX `idx_system_oper_log_s`(`status` ASC) USING BTREE,
  INDEX `idx_system_oper_log_ot`(`oper_time` ASC) USING BTREE
) ENGINE = InnoDB AUTO_INCREMENT = 1198 CHARACTER SET = utf8mb4 COLLATE = utf8mb4_bin COMMENT = '操作日志记录' ROW_FORMAT = DYNAMIC;

-- ----------------------------
-- Records of system_oper_log
-- ----------------------------
INSERT INTO `system_oper_log` VALUES (1, '概念配置', 1, 'tech.qiantong.qknow.module.ext.controller.admin.extSchema.ExtSchemaController.add()', 'POST', 1, 'qKnow', '研发部门', '/ext/schema', '127.0.0.1', '内网IP', '{\"color\":\"#A76262\",\"createBy\":\"小桐\",\"createTime\":\"2025-09-04 19:16:30\",\"creatorId\":1,\"name\":\"汽车\",\"params\":{},\"workspaceId\":1001}', '{\"code\":200,\"msg\":\"操作成功\"}', 0, NULL, '2025-09-04 19:16:30', 66);
INSERT INTO `system_oper_log` VALUES (2, '概念配置', 1, 'tech.qiantong.qknow.module.ext.controller.admin.extSchema.ExtSchemaController.add()', 'POST', 1, 'qKnow', '研发部门', '/ext/schema', '127.0.0.1', '内网IP', '{\"color\":\"#5E2424\",\"createBy\":\"小桐\",\"createTime\":\"2025-09-04 19:16:37\",\"creatorId\":1,\"name\":\"发动机\",\"params\":{},\"workspaceId\":1001}', '{\"code\":200,\"msg\":\"操作成功\"}', 0, NULL, '2025-09-04 19:16:37', 33);
INSERT INTO `system_oper_log` VALUES (3, '关系配置', 1, 'tech.qiantong.qknow.module.ext.controller.admin.extSchemaRelation.ExtSchemaRelationController.add()', 'POST', 1, 'qKnow', '研发部门', '/ext/relation', '127.0.0.1', '内网IP', '{\"createBy\":\"小桐\",\"createTime\":\"2025-09-04 19:25:25\",\"creatorId\":1,\"endSchemaId\":10,\"inverseFlag\":0,\"params\":{},\"relation\":\"拥有\",\"startSchemaId\":9,\"workspaceId\":1001}', '{\"code\":200,\"msg\":\"操作成功\"}', 0, NULL, '2025-09-04 19:25:25', 19);
INSERT INTO `system_oper_log` VALUES (4, '测试连接', 3, 'tech.qiantong.qknow.module.dm.controller.admin.datasource.DmDatasourceController.clientsTest()', 'GET', 1, 'qKnow', '研发部门', '/dm/dmDatasource/clientsTest/1', '127.0.0.1', '内网IP', '{}', NULL, 1, '检测连通性出错', '2025-09-05 08:47:20', 1164);
INSERT INTO `system_oper_log` VALUES (5, '用户管理', 1, 'tech.qiantong.qknow.module.system.controller.admin.system.SysUserController.add()', 'POST', 1, 'qKnow', '研发部门', '/system/user', '127.0.0.1', '内网IP', '{\"admin\":false,\"createBy\":\"小桐\",\"deptId\":100,\"nickName\":\"admin\",\"params\":{},\"phonenumber\":\"13333333333\",\"postIds\":[],\"roleIds\":[2],\"status\":\"0\",\"userId\":100,\"userName\":\"admin\"}', '{\"msg\":\"操作成功\",\"code\":200}', 0, NULL, '2025-09-05 09:49:18', 109);
INSERT INTO `system_oper_log` VALUES (6, '用户管理', 4, 'tech.qiantong.qknow.module.system.controller.admin.system.SysUserController.insertAuthRole()', 'PUT', 1, 'qKnow', '研发部门', '/system/user/authRole', '127.0.0.1', '内网IP', '{\"roleIds\":\"2\",\"userId\":\"100\"}', '{\"msg\":\"操作成功\",\"code\":200}', 0, NULL, '2025-09-05 09:49:24', 45);
INSERT INTO `system_oper_log` VALUES (7, '测试连接', 3, 'tech.qiantong.qknow.module.dm.controller.admin.datasource.DmDatasourceController.clientsTest()', 'GET', 1, 'qKnow', '研发部门', '/dm/dmDatasource/clientsTest/1', '127.0.0.1', '内网IP', '{}', NULL, 1, '检测连通性出错', '2025-09-05 10:49:29', 1032);
INSERT INTO `system_oper_log` VALUES (8, '数据源', 2, 'tech.qiantong.qknow.module.dm.controller.admin.datasource.DmDatasourceController.edit()', 'PUT', 1, 'qKnow', '研发部门', '/dm/dmDatasource', '127.0.0.1', '内网IP', '{\"createBy\":\"小桐\",\"createTime\":\"2025-09-04 18:14:57\",\"creatorId\":1,\"datasourceConfig\":\"{\\\"username\\\":\\\"root\\\",\\\"password\\\":\\\"root\\\",\\\"dbname\\\":\\\"qknow_dev\\\"}\",\"datasourceName\":\"本地数据库\",\"datasourceType\":\"MySql\",\"id\":1,\"ip\":\"127.0.0.1\",\"params\":{},\"port\":3306,\"updateBy\":\"小桐\",\"updateTime\":\"2025-09-05 10:49:38\",\"updaterId\":1}', '{\"code\":200,\"msg\":\"操作成功\"}', 0, NULL, '2025-09-05 10:49:38', 78);
INSERT INTO `system_oper_log` VALUES (9, '测试连接', 3, 'tech.qiantong.qknow.module.dm.controller.admin.datasource.DmDatasourceController.clientsTest()', 'GET', 1, 'qKnow', '研发部门', '/dm/dmDatasource/clientsTest/1', '127.0.0.1', '内网IP', '{}', '{\"msg\":\"数据库连接成功\",\"code\":200}', 0, NULL, '2025-09-05 10:49:41', 49);
INSERT INTO `system_oper_log` VALUES (10, '测试连接', 3, 'tech.qiantong.qknow.module.dm.controller.admin.datasource.DmDatasourceController.clientsTest()', 'GET', 1, 'qKnow', '研发部门', '/dm/dmDatasource/clientsTest/1', '127.0.0.1', '内网IP', '{}', '{\"msg\":\"数据库连接成功\",\"code\":200}', 0, NULL, '2025-09-05 10:51:32', 14);
INSERT INTO `system_oper_log` VALUES (11, '测试连接', 3, 'tech.qiantong.qknow.module.dm.controller.admin.datasource.DmDatasourceController.clientsTest()', 'GET', 1, 'qKnow', '研发部门', '/dm/dmDatasource/clientsTest/1', '127.0.0.1', '内网IP', '{}', '{\"msg\":\"数据库连接成功\",\"code\":200}', 0, NULL, '2025-09-05 10:54:11', 17);
INSERT INTO `system_oper_log` VALUES (12, '用户管理', 1, 'tech.qiantong.qknow.module.system.controller.admin.system.SysUserController.add()', 'POST', 1, 'qKnow', '研发部门', '/system/user', '127.0.0.1', '内网IP', '{\"admin\":false,\"createBy\":\"小桐\",\"nickName\":\"insmess\",\"params\":{},\"phonenumber\":\"13800138000\",\"postIds\":[],\"roleIds\":[],\"status\":\"0\",\"userId\":101,\"userName\":\"insmess\"}', '{\"msg\":\"操作成功\",\"code\":200}', 0, NULL, '2025-09-05 11:11:14', 122);
INSERT INTO `system_oper_log` VALUES (13, '用户管理', 4, 'tech.qiantong.qknow.module.system.controller.admin.system.SysUserController.insertAuthRole()', 'PUT', 1, 'qKnow', '研发部门', '/system/user/authRole', '127.0.0.1', '内网IP', '{\"roleIds\":\"2\",\"userId\":\"101\"}', '{\"msg\":\"操作成功\",\"code\":200}', 0, NULL, '2025-09-05 11:11:20', 30);
INSERT INTO `system_oper_log` VALUES (14, '数据源', 1, 'tech.qiantong.qknow.module.dm.controller.admin.datasource.DmDatasourceController.add()', 'POST', 1, 'qKnow', '研发部门', '/dm/dmDatasource', '127.0.0.1', '内网IP', '{\"createBy\":\"小桐\",\"createTime\":\"2025-09-05 13:41:45\",\"creatorId\":1,\"datasourceConfig\":\"{\\\"username\\\":\\\"root\\\",\\\"password\\\":\\\"root\\\",\\\"dbname\\\":\\\"mozi\\\"}\",\"datasourceName\":\"墨子数据库\",\"datasourceType\":\"MySql\",\"ip\":\"localhost\",\"params\":{},\"port\":3306}', '{\"code\":200,\"msg\":\"操作成功\"}', 0, NULL, '2025-09-05 13:41:45', 28);
INSERT INTO `system_oper_log` VALUES (15, '测试连接', 3, 'tech.qiantong.qknow.module.dm.controller.admin.datasource.DmDatasourceController.clientsTest()', 'GET', 1, 'qKnow', '研发部门', '/dm/dmDatasource/clientsTest/1', '127.0.0.1', '内网IP', '{}', '{\"msg\":\"数据库连接成功\",\"code\":200}', 0, NULL, '2025-09-05 13:41:47', 11);
INSERT INTO `system_oper_log` VALUES (16, '测试连接', 3, 'tech.qiantong.qknow.module.dm.controller.admin.datasource.DmDatasourceController.clientsTest()', 'GET', 1, 'qKnow', '研发部门', '/dm/dmDatasource/clientsTest/2', '127.0.0.1', '内网IP', '{}', NULL, 1, '检测连通性出错', '2025-09-05 13:41:49', 1043);
INSERT INTO `system_oper_log` VALUES (17, '测试连接', 3, 'tech.qiantong.qknow.module.dm.controller.admin.datasource.DmDatasourceController.clientsTest()', 'GET', 1, 'qKnow', '研发部门', '/dm/dmDatasource/clientsTest/2', '127.0.0.1', '内网IP', '{}', NULL, 1, '检测连通性出错', '2025-09-05 13:41:50', 1025);
INSERT INTO `system_oper_log` VALUES (18, '数据源', 2, 'tech.qiantong.qknow.module.dm.controller.admin.datasource.DmDatasourceController.edit()', 'PUT', 1, 'qKnow', '研发部门', '/dm/dmDatasource', '127.0.0.1', '内网IP', '{\"createBy\":\"小桐\",\"createTime\":\"2025-09-05 13:41:45\",\"creatorId\":1,\"datasourceConfig\":\"{\\\"username\\\":\\\"root\\\",\\\"password\\\":\\\"root\\\",\\\"dbname\\\":\\\"main\\\"}\",\"datasourceName\":\"墨子数据库\",\"datasourceType\":\"MySql\",\"id\":2,\"ip\":\"localhost\",\"params\":{},\"port\":3306,\"updateBy\":\"小桐\",\"updateTime\":\"2025-09-05 13:42:00\",\"updaterId\":1}', '{\"code\":200,\"msg\":\"操作成功\"}', 0, NULL, '2025-09-05 13:42:00', 23);
INSERT INTO `system_oper_log` VALUES (19, '测试连接', 3, 'tech.qiantong.qknow.module.dm.controller.admin.datasource.DmDatasourceController.clientsTest()', 'GET', 1, 'qKnow', '研发部门', '/dm/dmDatasource/clientsTest/2', '127.0.0.1', '内网IP', '{}', '{\"msg\":\"数据库连接成功\",\"code\":200}', 0, NULL, '2025-09-05 13:42:01', 10);
INSERT INTO `system_oper_log` VALUES (20, '概念配置', 1, 'tech.qiantong.qknow.module.ext.controller.admin.extSchema.ExtSchemaController.add()', 'POST', 1, 'qKnow', '研发部门', '/ext/schema', '127.0.0.1', '内网IP', '{\"color\":\"#B35B5B\",\"createBy\":\"小桐\",\"createTime\":\"2025-09-05 13:42:16\",\"creatorId\":1,\"name\":\"飞机\",\"params\":{},\"workspaceId\":1001}', '{\"code\":200,\"msg\":\"操作成功\"}', 0, NULL, '2025-09-05 13:42:16', 43);
INSERT INTO `system_oper_log` VALUES (21, '概念属性', 1, 'tech.qiantong.qknow.module.ext.controller.admin.extSchemaAttribute.ExtSchemaAttributeController.add()', 'POST', 1, 'qKnow', '研发部门', '/ext/attribute', '127.0.0.1', '内网IP', '{\"createBy\":\"小桐\",\"createTime\":\"2025-09-05 13:45:15\",\"creatorId\":1,\"dataType\":0,\"multipleFlag\":0,\"name\":\"类别\",\"nameCode\":\"FJLB\",\"params\":{},\"requireFlag\":0,\"schemaId\":11,\"schemaName\":\"飞机\",\"workspaceId\":1001}', '{\"code\":200,\"msg\":\"操作成功\"}', 0, NULL, '2025-09-05 13:45:15', 28);
INSERT INTO `system_oper_log` VALUES (22, '概念属性', 1, 'tech.qiantong.qknow.module.ext.controller.admin.extSchemaAttribute.ExtSchemaAttributeController.add()', 'POST', 1, 'qKnow', '研发部门', '/ext/attribute', '127.0.0.1', '内网IP', '{\"createBy\":\"小桐\",\"createTime\":\"2025-09-05 13:45:34\",\"creatorId\":1,\"dataType\":0,\"multipleFlag\":0,\"name\":\"类型\",\"nameCode\":\"FJLX\",\"params\":{},\"requireFlag\":0,\"schemaId\":11,\"schemaName\":\"飞机\",\"workspaceId\":1001}', '{\"code\":200,\"msg\":\"操作成功\"}', 0, NULL, '2025-09-05 13:45:34', 14);
INSERT INTO `system_oper_log` VALUES (23, '概念属性', 1, 'tech.qiantong.qknow.module.ext.controller.admin.extSchemaAttribute.ExtSchemaAttributeController.add()', 'POST', 1, 'qKnow', '研发部门', '/ext/attribute', '127.0.0.1', '内网IP', '{\"createBy\":\"小桐\",\"createTime\":\"2025-09-05 13:45:49\",\"creatorId\":1,\"dataType\":0,\"multipleFlag\":0,\"name\":\"国家\",\"nameCode\":\"FJGJ\",\"params\":{},\"requireFlag\":0,\"schemaId\":11,\"schemaName\":\"飞机\",\"workspaceId\":1001}', '{\"code\":200,\"msg\":\"操作成功\"}', 0, NULL, '2025-09-05 13:45:49', 68);
INSERT INTO `system_oper_log` VALUES (24, '概念属性', 1, 'tech.qiantong.qknow.module.ext.controller.admin.extSchemaAttribute.ExtSchemaAttributeController.add()', 'POST', 1, 'qKnow', '研发部门', '/ext/attribute', '127.0.0.1', '内网IP', '{\"createBy\":\"小桐\",\"createTime\":\"2025-09-05 13:46:12\",\"creatorId\":1,\"dataType\":0,\"multipleFlag\":0,\"name\":\"军种\",\"nameCode\":\"FJJZ\",\"params\":{},\"requireFlag\":0,\"schemaId\":11,\"schemaName\":\"飞机\",\"workspaceId\":1001}', '{\"code\":200,\"msg\":\"操作成功\"}', 0, NULL, '2025-09-05 13:46:12', 25);
INSERT INTO `system_oper_log` VALUES (25, '概念属性', 1, 'tech.qiantong.qknow.module.ext.controller.admin.extSchemaAttribute.ExtSchemaAttributeController.add()', 'POST', 1, 'qKnow', '研发部门', '/ext/attribute', '127.0.0.1', '内网IP', '{\"createBy\":\"小桐\",\"createTime\":\"2025-09-05 13:46:52\",\"creatorId\":1,\"dataType\":1,\"multipleFlag\":0,\"name\":\"服役年\",\"nameCode\":\"FJFYN\",\"params\":{},\"requireFlag\":0,\"schemaId\":11,\"schemaName\":\"飞机\",\"workspaceId\":1001}', '{\"code\":200,\"msg\":\"操作成功\"}', 0, NULL, '2025-09-05 13:46:52', 24);
INSERT INTO `system_oper_log` VALUES (26, '概念属性', 1, 'tech.qiantong.qknow.module.ext.controller.admin.extSchemaAttribute.ExtSchemaAttributeController.add()', 'POST', 1, 'qKnow', '研发部门', '/ext/attribute', '127.0.0.1', '内网IP', '{\"createBy\":\"小桐\",\"createTime\":\"2025-09-05 13:47:09\",\"creatorId\":1,\"dataType\":1,\"multipleFlag\":0,\"name\":\"退役年\",\"nameCode\":\"FJTYN\",\"params\":{},\"requireFlag\":0,\"schemaId\":11,\"schemaName\":\"飞机\",\"workspaceId\":1001}', '{\"code\":200,\"msg\":\"操作成功\"}', 0, NULL, '2025-09-05 13:47:09', 23);
INSERT INTO `system_oper_log` VALUES (27, '概念属性', 1, 'tech.qiantong.qknow.module.ext.controller.admin.extSchemaAttribute.ExtSchemaAttributeController.add()', 'POST', 1, 'qKnow', '研发部门', '/ext/attribute', '127.0.0.1', '内网IP', '{\"createBy\":\"小桐\",\"createTime\":\"2025-09-05 13:47:21\",\"creatorId\":1,\"dataType\":1,\"multipleFlag\":0,\"name\":\"长度\",\"nameCode\":\"FJCD\",\"params\":{},\"requireFlag\":0,\"schemaId\":11,\"schemaName\":\"飞机\",\"workspaceId\":1001}', '{\"code\":200,\"msg\":\"操作成功\"}', 0, NULL, '2025-09-05 13:47:22', 12);
INSERT INTO `system_oper_log` VALUES (28, '概念属性', 1, 'tech.qiantong.qknow.module.ext.controller.admin.extSchemaAttribute.ExtSchemaAttributeController.add()', 'POST', 1, 'qKnow', '研发部门', '/ext/attribute', '127.0.0.1', '内网IP', '{\"createBy\":\"小桐\",\"createTime\":\"2025-09-05 13:47:34\",\"creatorId\":1,\"dataType\":1,\"multipleFlag\":0,\"name\":\"宽度（米）\",\"nameCode\":\"FJKD\",\"params\":{},\"requireFlag\":0,\"schemaId\":11,\"schemaName\":\"飞机\",\"workspaceId\":1001}', '{\"code\":200,\"msg\":\"操作成功\"}', 0, NULL, '2025-09-05 13:47:34', 23);
INSERT INTO `system_oper_log` VALUES (29, '概念属性', 2, 'tech.qiantong.qknow.module.ext.controller.admin.extSchemaAttribute.ExtSchemaAttributeController.edit()', 'PUT', 1, 'qKnow', '研发部门', '/ext/attribute', '127.0.0.1', '内网IP', '{\"createBy\":\"小桐\",\"createTime\":\"2025-09-05 13:47:22\",\"creatorId\":1,\"dataType\":1,\"id\":12,\"multipleFlag\":0,\"name\":\"长度（米）\",\"nameCode\":\"FJCD\",\"params\":{},\"requireFlag\":0,\"schemaId\":11,\"schemaName\":\"飞机\",\"updateBy\":\"小桐\",\"updateTime\":\"2025-09-05 13:47:45\",\"updaterId\":1,\"workspaceId\":1001}', '{\"code\":200,\"msg\":\"操作成功\"}', 0, NULL, '2025-09-05 13:47:45', 44);
INSERT INTO `system_oper_log` VALUES (30, '概念属性', 1, 'tech.qiantong.qknow.module.ext.controller.admin.extSchemaAttribute.ExtSchemaAttributeController.add()', 'POST', 1, 'qKnow', '研发部门', '/ext/attribute', '127.0.0.1', '内网IP', '{\"createBy\":\"小桐\",\"createTime\":\"2025-09-05 13:47:57\",\"creatorId\":1,\"dataType\":1,\"multipleFlag\":0,\"name\":\"高度（米）\",\"nameCode\":\"FJGD\",\"params\":{},\"requireFlag\":0,\"schemaId\":11,\"schemaName\":\"飞机\",\"workspaceId\":1001}', '{\"code\":200,\"msg\":\"操作成功\"}', 0, NULL, '2025-09-05 13:47:57', 13);
INSERT INTO `system_oper_log` VALUES (31, '概念属性', 1, 'tech.qiantong.qknow.module.ext.controller.admin.extSchemaAttribute.ExtSchemaAttributeController.add()', 'POST', 1, 'qKnow', '研发部门', '/ext/attribute', '127.0.0.1', '内网IP', '{\"createBy\":\"小桐\",\"createTime\":\"2025-09-05 13:48:21\",\"creatorId\":1,\"dataType\":1,\"multipleFlag\":0,\"name\":\"空载重量（公斤）\",\"nameCode\":\"KZZL\",\"params\":{},\"requireFlag\":0,\"schemaId\":11,\"schemaName\":\"飞机\",\"workspaceId\":1001}', '{\"code\":200,\"msg\":\"操作成功\"}', 0, NULL, '2025-09-05 13:48:21', 21);
INSERT INTO `system_oper_log` VALUES (32, '概念属性', 1, 'tech.qiantong.qknow.module.ext.controller.admin.extSchemaAttribute.ExtSchemaAttributeController.add()', 'POST', 1, 'qKnow', '研发部门', '/ext/attribute', '127.0.0.1', '内网IP', '{\"createBy\":\"小桐\",\"createTime\":\"2025-09-05 13:48:36\",\"creatorId\":1,\"dataType\":1,\"multipleFlag\":0,\"name\":\"满载重量（公斤）\",\"nameCode\":\"MZZL\",\"params\":{},\"requireFlag\":0,\"schemaId\":11,\"schemaName\":\"飞机\",\"workspaceId\":1001}', '{\"code\":200,\"msg\":\"操作成功\"}', 0, NULL, '2025-09-05 13:48:36', 12);
INSERT INTO `system_oper_log` VALUES (33, '概念属性', 1, 'tech.qiantong.qknow.module.ext.controller.admin.extSchemaAttribute.ExtSchemaAttributeController.add()', 'POST', 1, 'qKnow', '研发部门', '/ext/attribute', '127.0.0.1', '内网IP', '{\"createBy\":\"小桐\",\"createTime\":\"2025-09-05 13:48:56\",\"creatorId\":1,\"dataType\":1,\"multipleFlag\":0,\"name\":\"有效载荷\",\"nameCode\":\"YXZH\",\"params\":{},\"requireFlag\":0,\"schemaId\":11,\"schemaName\":\"飞机\",\"workspaceId\":1001}', '{\"code\":200,\"msg\":\"操作成功\"}', 0, NULL, '2025-09-05 13:48:56', 16);
INSERT INTO `system_oper_log` VALUES (34, '概念属性', 2, 'tech.qiantong.qknow.module.ext.controller.admin.extSchemaAttribute.ExtSchemaAttributeController.edit()', 'PUT', 1, 'qKnow', '研发部门', '/ext/attribute', '127.0.0.1', '内网IP', '{\"createBy\":\"小桐\",\"createTime\":\"2025-09-05 13:48:57\",\"creatorId\":1,\"dataType\":1,\"id\":17,\"multipleFlag\":0,\"name\":\"有效载荷（公斤）\",\"nameCode\":\"YXZH\",\"params\":{},\"requireFlag\":0,\"schemaId\":11,\"schemaName\":\"飞机\",\"updateBy\":\"小桐\",\"updateTime\":\"2025-09-05 13:49:07\",\"updaterId\":1,\"workspaceId\":1001}', '{\"code\":200,\"msg\":\"操作成功\"}', 0, NULL, '2025-09-05 13:49:07', 44);
INSERT INTO `system_oper_log` VALUES (35, '概念属性', 1, 'tech.qiantong.qknow.module.ext.controller.admin.extSchemaAttribute.ExtSchemaAttributeController.add()', 'POST', 1, 'qKnow', '研发部门', '/ext/attribute', '127.0.0.1', '内网IP', '{\"createBy\":\"小桐\",\"createTime\":\"2025-09-05 13:49:26\",\"creatorId\":1,\"dataType\":1,\"multipleFlag\":0,\"name\":\"飞行员数量\",\"nameCode\":\"FXYSL\",\"params\":{},\"requireFlag\":0,\"schemaId\":11,\"schemaName\":\"飞机\",\"workspaceId\":1001}', '{\"code\":200,\"msg\":\"操作成功\"}', 0, NULL, '2025-09-05 13:49:26', 17);
INSERT INTO `system_oper_log` VALUES (36, '概念属性', 2, 'tech.qiantong.qknow.module.ext.controller.admin.extSchemaAttribute.ExtSchemaAttributeController.edit()', 'PUT', 1, 'qKnow', '研发部门', '/ext/attribute', '127.0.0.1', '内网IP', '{\"createBy\":\"小桐\",\"createTime\":\"2025-09-05 13:47:22\",\"creatorId\":1,\"dataType\":2,\"id\":12,\"multipleFlag\":0,\"name\":\"长度（米）\",\"nameCode\":\"FJCD\",\"params\":{},\"requireFlag\":0,\"schemaId\":11,\"schemaName\":\"飞机\",\"updateBy\":\"小桐\",\"updateTime\":\"2025-09-05 13:49:57\",\"updaterId\":1,\"workspaceId\":1001}', '{\"code\":200,\"msg\":\"操作成功\"}', 0, NULL, '2025-09-05 13:49:57', 18);
INSERT INTO `system_oper_log` VALUES (37, '概念属性', 2, 'tech.qiantong.qknow.module.ext.controller.admin.extSchemaAttribute.ExtSchemaAttributeController.edit()', 'PUT', 1, 'qKnow', '研发部门', '/ext/attribute', '127.0.0.1', '内网IP', '{\"createBy\":\"小桐\",\"createTime\":\"2025-09-05 13:47:35\",\"creatorId\":1,\"dataType\":2,\"id\":13,\"multipleFlag\":0,\"name\":\"宽度（米）\",\"nameCode\":\"FJKD\",\"params\":{},\"requireFlag\":0,\"schemaId\":11,\"schemaName\":\"飞机\",\"updateBy\":\"小桐\",\"updateTime\":\"2025-09-05 13:50:01\",\"updaterId\":1,\"workspaceId\":1001}', '{\"code\":200,\"msg\":\"操作成功\"}', 0, NULL, '2025-09-05 13:50:01', 33);
INSERT INTO `system_oper_log` VALUES (38, '概念属性', 2, 'tech.qiantong.qknow.module.ext.controller.admin.extSchemaAttribute.ExtSchemaAttributeController.edit()', 'PUT', 1, 'qKnow', '研发部门', '/ext/attribute', '127.0.0.1', '内网IP', '{\"createBy\":\"小桐\",\"createTime\":\"2025-09-05 13:47:57\",\"creatorId\":1,\"dataType\":2,\"id\":14,\"multipleFlag\":0,\"name\":\"高度（米）\",\"nameCode\":\"FJGD\",\"params\":{},\"requireFlag\":0,\"schemaId\":11,\"schemaName\":\"飞机\",\"updateBy\":\"小桐\",\"updateTime\":\"2025-09-05 13:50:09\",\"updaterId\":1,\"workspaceId\":1001}', '{\"code\":200,\"msg\":\"操作成功\"}', 0, NULL, '2025-09-05 13:50:09', 15);
INSERT INTO `system_oper_log` VALUES (39, '概念属性', 2, 'tech.qiantong.qknow.module.ext.controller.admin.extSchemaAttribute.ExtSchemaAttributeController.edit()', 'PUT', 1, 'qKnow', '研发部门', '/ext/attribute', '127.0.0.1', '内网IP', '{\"createBy\":\"小桐\",\"createTime\":\"2025-09-05 13:48:22\",\"creatorId\":1,\"dataType\":2,\"id\":15,\"multipleFlag\":0,\"name\":\"空载重量（公斤）\",\"nameCode\":\"KZZL\",\"params\":{},\"requireFlag\":0,\"schemaId\":11,\"schemaName\":\"飞机\",\"updateBy\":\"小桐\",\"updateTime\":\"2025-09-05 13:50:14\",\"updaterId\":1,\"workspaceId\":1001}', '{\"code\":200,\"msg\":\"操作成功\"}', 0, NULL, '2025-09-05 13:50:14', 32);
INSERT INTO `system_oper_log` VALUES (40, '概念属性', 2, 'tech.qiantong.qknow.module.ext.controller.admin.extSchemaAttribute.ExtSchemaAttributeController.edit()', 'PUT', 1, 'qKnow', '研发部门', '/ext/attribute', '127.0.0.1', '内网IP', '{\"createBy\":\"小桐\",\"createTime\":\"2025-09-05 13:48:36\",\"creatorId\":1,\"dataType\":2,\"id\":16,\"multipleFlag\":0,\"name\":\"满载重量（公斤）\",\"nameCode\":\"MZZL\",\"params\":{},\"requireFlag\":0,\"schemaId\":11,\"schemaName\":\"飞机\",\"updateBy\":\"小桐\",\"updateTime\":\"2025-09-05 13:50:19\",\"updaterId\":1,\"workspaceId\":1001}', '{\"code\":200,\"msg\":\"操作成功\"}', 0, NULL, '2025-09-05 13:50:19', 32);
INSERT INTO `system_oper_log` VALUES (41, '概念属性', 2, 'tech.qiantong.qknow.module.ext.controller.admin.extSchemaAttribute.ExtSchemaAttributeController.edit()', 'PUT', 1, 'qKnow', '研发部门', '/ext/attribute', '127.0.0.1', '内网IP', '{\"createBy\":\"小桐\",\"createTime\":\"2025-09-05 13:48:57\",\"creatorId\":1,\"dataType\":2,\"id\":17,\"multipleFlag\":0,\"name\":\"有效载荷（公斤）\",\"nameCode\":\"YXZH\",\"params\":{},\"requireFlag\":0,\"schemaId\":11,\"schemaName\":\"飞机\",\"updateBy\":\"小桐\",\"updateTime\":\"2025-09-05 13:50:22\",\"updaterId\":1,\"workspaceId\":1001}', '{\"code\":200,\"msg\":\"操作成功\"}', 0, NULL, '2025-09-05 13:50:22', 15);
INSERT INTO `system_oper_log` VALUES (42, '测试连接', 3, 'tech.qiantong.qknow.module.dm.controller.admin.datasource.DmDatasourceController.clientsTest()', 'GET', 1, 'qKnow', '研发部门', '/dm/dmDatasource/clientsTest/2', '127.0.0.1', '内网IP', '{}', '{\"msg\":\"数据库连接成功\",\"code\":200}', 0, NULL, '2025-09-05 13:52:47', 16);
INSERT INTO `system_oper_log` VALUES (43, '测试连接', 3, 'tech.qiantong.qknow.module.dm.controller.admin.datasource.DmDatasourceController.clientsTest()', 'GET', 1, 'qKnow', '研发部门', '/dm/dmDatasource/clientsTest/2', '127.0.0.1', '内网IP', '{}', '{\"msg\":\"数据库连接成功\",\"code\":200}', 0, NULL, '2025-09-05 13:53:19', 13);
INSERT INTO `system_oper_log` VALUES (44, '概念配置', 1, 'tech.qiantong.qknow.module.ext.controller.admin.extSchema.ExtSchemaController.add()', 'POST', 1, 'qKnow', '研发部门', '/ext/schema', '127.0.0.1', '内网IP', '{\"color\":\"#B89090\",\"createBy\":\"小桐\",\"createTime\":\"2025-09-05 13:54:01\",\"creatorId\":1,\"name\":\"传感器\",\"params\":{},\"workspaceId\":1001}', '{\"code\":200,\"msg\":\"操作成功\"}', 0, NULL, '2025-09-05 13:54:01', 46);
INSERT INTO `system_oper_log` VALUES (45, '关系配置', 3, 'tech.qiantong.qknow.module.ext.controller.admin.extSchemaRelation.ExtSchemaRelationController.remove()', 'DELETE', 1, 'qKnow', '研发部门', '/ext/relation/5', '127.0.0.1', '内网IP', '{}', '{\"code\":200,\"msg\":\"操作成功\"}', 0, NULL, '2025-09-05 13:54:09', 30);
INSERT INTO `system_oper_log` VALUES (46, '概念配置', 3, 'tech.qiantong.qknow.module.ext.controller.admin.extSchema.ExtSchemaController.remove()', 'DELETE', 1, 'qKnow', '研发部门', '/ext/schema/9', '127.0.0.1', '内网IP', '{}', '{\"code\":200,\"msg\":\"操作成功\"}', 0, NULL, '2025-09-05 13:54:12', 17);
INSERT INTO `system_oper_log` VALUES (47, '概念配置', 3, 'tech.qiantong.qknow.module.ext.controller.admin.extSchema.ExtSchemaController.remove()', 'DELETE', 1, 'qKnow', '研发部门', '/ext/schema/10', '127.0.0.1', '内网IP', '{}', '{\"code\":200,\"msg\":\"操作成功\"}', 0, NULL, '2025-09-05 13:54:14', 28);
INSERT INTO `system_oper_log` VALUES (48, '概念配置', 1, 'tech.qiantong.qknow.module.ext.controller.admin.extSchema.ExtSchemaController.add()', 'POST', 1, 'qKnow', '研发部门', '/ext/schema', '127.0.0.1', '内网IP', '{\"color\":\"#874141\",\"createBy\":\"小桐\",\"createTime\":\"2025-09-05 13:54:33\",\"creatorId\":1,\"name\":\"发动机\",\"params\":{},\"workspaceId\":1001}', '{\"code\":200,\"msg\":\"操作成功\"}', 0, NULL, '2025-09-05 13:54:33', 35);
INSERT INTO `system_oper_log` VALUES (49, '关系配置', 1, 'tech.qiantong.qknow.module.ext.controller.admin.extSchemaRelation.ExtSchemaRelationController.add()', 'POST', 1, 'qKnow', '研发部门', '/ext/relation', '127.0.0.1', '内网IP', '{\"createBy\":\"小桐\",\"createTime\":\"2025-09-05 13:55:56\",\"creatorId\":1,\"endSchemaId\":12,\"inverseFlag\":0,\"params\":{},\"relation\":\"搭载\",\"startSchemaId\":11,\"workspaceId\":1001}', '{\"code\":200,\"msg\":\"操作成功\"}', 0, NULL, '2025-09-05 13:55:56', 16);
INSERT INTO `system_oper_log` VALUES (50, '关系配置', 1, 'tech.qiantong.qknow.module.ext.controller.admin.extSchemaRelation.ExtSchemaRelationController.add()', 'POST', 1, 'qKnow', '研发部门', '/ext/relation', '127.0.0.1', '内网IP', '{\"createBy\":\"小桐\",\"createTime\":\"2025-09-05 13:56:06\",\"creatorId\":1,\"endSchemaId\":13,\"inverseFlag\":0,\"params\":{},\"relation\":\"搭载\",\"startSchemaId\":11,\"workspaceId\":1001}', '{\"code\":200,\"msg\":\"操作成功\"}', 0, NULL, '2025-09-05 13:56:06', 22);
INSERT INTO `system_oper_log` VALUES (51, '概念属性', 1, 'tech.qiantong.qknow.module.ext.controller.admin.extSchemaAttribute.ExtSchemaAttributeController.add()', 'POST', 1, 'qKnow', '研发部门', '/ext/attribute', '127.0.0.1', '内网IP', '{\"createBy\":\"小桐\",\"createTime\":\"2025-09-05 14:04:23\",\"creatorId\":1,\"dataType\":0,\"multipleFlag\":0,\"name\":\"传感器描述\",\"nameCode\":\"Comments\",\"params\":{},\"requireFlag\":0,\"schemaId\":12,\"schemaName\":\"传感器\",\"workspaceId\":1001}', '{\"code\":200,\"msg\":\"操作成功\"}', 0, NULL, '2025-09-05 14:04:23', 17);
INSERT INTO `system_oper_log` VALUES (52, '概念属性', 1, 'tech.qiantong.qknow.module.ext.controller.admin.extSchemaAttribute.ExtSchemaAttributeController.add()', 'POST', 1, 'qKnow', '研发部门', '/ext/attribute', '127.0.0.1', '内网IP', '{\"createBy\":\"小桐\",\"createTime\":\"2025-09-05 14:04:45\",\"creatorId\":1,\"dataType\":1,\"multipleFlag\":0,\"name\":\"技术水平年代\",\"nameCode\":\"Generation\",\"params\":{},\"requireFlag\":0,\"schemaId\":12,\"schemaName\":\"传感器\",\"workspaceId\":1001}', '{\"code\":200,\"msg\":\"操作成功\"}', 0, NULL, '2025-09-05 14:04:45', 19);
INSERT INTO `system_oper_log` VALUES (53, '关系配置', 3, 'tech.qiantong.qknow.module.ext.controller.admin.extSchemaRelation.ExtSchemaRelationController.remove()', 'DELETE', 1, 'qKnow', '研发部门', '/ext/relation/7', '127.0.0.1', '内网IP', '{}', '{\"code\":200,\"msg\":\"操作成功\"}', 0, NULL, '2025-09-05 14:08:34', 15);
INSERT INTO `system_oper_log` VALUES (54, '关系配置', 3, 'tech.qiantong.qknow.module.ext.controller.admin.extSchemaRelation.ExtSchemaRelationController.remove()', 'DELETE', 1, 'qKnow', '研发部门', '/ext/relation/6', '127.0.0.1', '内网IP', '{}', '{\"code\":200,\"msg\":\"操作成功\"}', 0, NULL, '2025-09-05 14:17:39', 18);
INSERT INTO `system_oper_log` VALUES (55, '关系配置', 1, 'tech.qiantong.qknow.module.ext.controller.admin.extSchemaRelation.ExtSchemaRelationController.add()', 'POST', 1, 'qKnow', '研发部门', '/ext/relation', '127.0.0.1', '内网IP', '{\"createBy\":\"小桐\",\"createTime\":\"2025-09-05 14:17:56\",\"creatorId\":1,\"endSchemaId\":13,\"inverseFlag\":0,\"params\":{},\"relation\":\"装备\",\"startSchemaId\":11,\"workspaceId\":1001}', '{\"code\":200,\"msg\":\"操作成功\"}', 0, NULL, '2025-09-05 14:17:56', 29);
INSERT INTO `system_oper_log` VALUES (56, '关系配置', 3, 'tech.qiantong.qknow.module.ext.controller.admin.extSchemaRelation.ExtSchemaRelationController.remove()', 'DELETE', 1, 'qKnow', '研发部门', '/ext/relation/1', '127.0.0.1', '内网IP', '{}', '{\"code\":200,\"msg\":\"操作成功\"}', 0, NULL, '2025-09-05 14:25:43', 25);
INSERT INTO `system_oper_log` VALUES (57, '关系配置', 3, 'tech.qiantong.qknow.module.ext.controller.admin.extSchemaRelation.ExtSchemaRelationController.remove()', 'DELETE', 1, 'qKnow', '研发部门', '/ext/relation/2', '127.0.0.1', '内网IP', '{}', '{\"code\":200,\"msg\":\"操作成功\"}', 0, NULL, '2025-09-05 14:25:44', 17);
INSERT INTO `system_oper_log` VALUES (58, '关系配置', 3, 'tech.qiantong.qknow.module.ext.controller.admin.extSchemaRelation.ExtSchemaRelationController.remove()', 'DELETE', 1, 'qKnow', '研发部门', '/ext/relation/3', '127.0.0.1', '内网IP', '{}', '{\"code\":200,\"msg\":\"操作成功\"}', 0, NULL, '2025-09-05 14:25:47', 18);
INSERT INTO `system_oper_log` VALUES (59, '关系配置', 3, 'tech.qiantong.qknow.module.ext.controller.admin.extSchemaRelation.ExtSchemaRelationController.remove()', 'DELETE', 1, 'qKnow', '研发部门', '/ext/relation/4', '127.0.0.1', '内网IP', '{}', '{\"code\":200,\"msg\":\"操作成功\"}', 0, NULL, '2025-09-05 14:25:49', 15);
INSERT INTO `system_oper_log` VALUES (60, '概念配置', 3, 'tech.qiantong.qknow.module.ext.controller.admin.extSchema.ExtSchemaController.remove()', 'DELETE', 1, 'qKnow', '研发部门', '/ext/schema/1', '127.0.0.1', '内网IP', '{}', '{\"code\":200,\"msg\":\"操作成功\"}', 0, NULL, '2025-09-05 14:25:52', 17);
INSERT INTO `system_oper_log` VALUES (61, '概念配置', 3, 'tech.qiantong.qknow.module.ext.controller.admin.extSchema.ExtSchemaController.remove()', 'DELETE', 1, 'qKnow', '研发部门', '/ext/schema/2', '127.0.0.1', '内网IP', '{}', '{\"code\":200,\"msg\":\"操作成功\"}', 0, NULL, '2025-09-05 14:25:54', 19);
INSERT INTO `system_oper_log` VALUES (62, '概念配置', 3, 'tech.qiantong.qknow.module.ext.controller.admin.extSchema.ExtSchemaController.remove()', 'DELETE', 1, 'qKnow', '研发部门', '/ext/schema/3', '127.0.0.1', '内网IP', '{}', '{\"code\":200,\"msg\":\"操作成功\"}', 0, NULL, '2025-09-05 14:25:55', 4);
INSERT INTO `system_oper_log` VALUES (63, '概念配置', 3, 'tech.qiantong.qknow.module.ext.controller.admin.extSchema.ExtSchemaController.remove()', 'DELETE', 1, 'qKnow', '研发部门', '/ext/schema/4', '127.0.0.1', '内网IP', '{}', '{\"code\":200,\"msg\":\"操作成功\"}', 0, NULL, '2025-09-05 14:25:56', 17);
INSERT INTO `system_oper_log` VALUES (64, '概念配置', 3, 'tech.qiantong.qknow.module.ext.controller.admin.extSchema.ExtSchemaController.remove()', 'DELETE', 1, 'qKnow', '研发部门', '/ext/schema/5', '127.0.0.1', '内网IP', '{}', '{\"code\":200,\"msg\":\"操作成功\"}', 0, NULL, '2025-09-05 14:25:58', 21);
INSERT INTO `system_oper_log` VALUES (65, '概念配置', 3, 'tech.qiantong.qknow.module.ext.controller.admin.extSchema.ExtSchemaController.remove()', 'DELETE', 1, 'qKnow', '研发部门', '/ext/schema/7', '127.0.0.1', '内网IP', '{}', '{\"code\":200,\"msg\":\"操作成功\"}', 0, NULL, '2025-09-05 14:26:01', 10);
INSERT INTO `system_oper_log` VALUES (66, '概念属性', 3, 'tech.qiantong.qknow.module.ext.controller.admin.extSchemaAttribute.ExtSchemaAttributeController.remove()', 'DELETE', 1, 'qKnow', '研发部门', '/ext/attribute/1,2,3', '127.0.0.1', '内网IP', '{}', '{\"code\":200,\"msg\":\"操作成功\"}', 0, NULL, '2025-09-05 14:26:01', 17);
INSERT INTO `system_oper_log` VALUES (67, '概念配置', 3, 'tech.qiantong.qknow.module.ext.controller.admin.extSchema.ExtSchemaController.remove()', 'DELETE', 1, 'qKnow', '研发部门', '/ext/schema/8', '127.0.0.1', '内网IP', '{}', '{\"code\":200,\"msg\":\"操作成功\"}', 0, NULL, '2025-09-05 14:26:04', 4);
INSERT INTO `system_oper_log` VALUES (68, '概念属性', 3, 'tech.qiantong.qknow.module.ext.controller.admin.extSchemaAttribute.ExtSchemaAttributeController.remove()', 'DELETE', 1, 'qKnow', '研发部门', '/ext/attribute/4,5', '127.0.0.1', '内网IP', '{}', '{\"code\":200,\"msg\":\"操作成功\"}', 0, NULL, '2025-09-05 14:26:04', 15);
INSERT INTO `system_oper_log` VALUES (69, '概念配置', 1, 'tech.qiantong.qknow.module.ext.controller.admin.extSchema.ExtSchemaController.add()', 'POST', 1, 'qKnow', '研发部门', '/ext/schema', '127.0.0.1', '内网IP', '{\"color\":\"#981C1C\",\"createBy\":\"小桐\",\"createTime\":\"2025-09-05 14:26:20\",\"creatorId\":1,\"name\":\"国家\",\"params\":{},\"workspaceId\":1001}', '{\"code\":200,\"msg\":\"操作成功\"}', 0, NULL, '2025-09-05 14:26:20', 16);
INSERT INTO `system_oper_log` VALUES (70, '概念配置', 1, 'tech.qiantong.qknow.module.ext.controller.admin.extSchema.ExtSchemaController.add()', 'POST', 1, 'qKnow', '研发部门', '/ext/schema', '127.0.0.1', '内网IP', '{\"color\":\"#5B7590\",\"createBy\":\"小桐\",\"createTime\":\"2025-09-05 14:26:34\",\"creatorId\":1,\"name\":\"军种\",\"params\":{},\"workspaceId\":1001}', '{\"code\":200,\"msg\":\"操作成功\"}', 0, NULL, '2025-09-05 14:26:34', 21);
INSERT INTO `system_oper_log` VALUES (71, '概念配置', 2, 'tech.qiantong.qknow.module.ext.controller.admin.extSchema.ExtSchemaController.edit()', 'PUT', 1, 'qKnow', '研发部门', '/ext/schema', '127.0.0.1', '内网IP', '{\"color\":\"#5E59B7\",\"createBy\":\"小桐\",\"createTime\":\"2025-09-05 14:26:20\",\"creatorId\":1,\"id\":14,\"name\":\"国家\",\"params\":{},\"updateBy\":\"小桐\",\"updateTime\":\"2025-09-05 14:26:44\",\"updaterId\":1,\"workspaceId\":1001}', '{\"code\":200,\"msg\":\"操作成功\"}', 0, NULL, '2025-09-05 14:26:44', 26);
INSERT INTO `system_oper_log` VALUES (72, '概念配置', 2, 'tech.qiantong.qknow.module.ext.controller.admin.extSchema.ExtSchemaController.edit()', 'PUT', 1, 'qKnow', '研发部门', '/ext/schema', '127.0.0.1', '内网IP', '{\"color\":\"#874141\",\"createBy\":\"小桐\",\"createTime\":\"2025-09-05 13:54:34\",\"creatorId\":1,\"id\":13,\"name\":\"发动机\",\"params\":{},\"updateBy\":\"小桐\",\"updateTime\":\"2025-09-05 14:26:53\",\"updaterId\":1,\"workspaceId\":1001}', '{\"code\":200,\"msg\":\"操作成功\"}', 0, NULL, '2025-09-05 14:26:53', 30);
INSERT INTO `system_oper_log` VALUES (73, '概念配置', 2, 'tech.qiantong.qknow.module.ext.controller.admin.extSchema.ExtSchemaController.edit()', 'PUT', 1, 'qKnow', '研发部门', '/ext/schema', '127.0.0.1', '内网IP', '{\"color\":\"#C58F63\",\"createBy\":\"小桐\",\"createTime\":\"2025-09-05 13:42:17\",\"creatorId\":1,\"id\":11,\"name\":\"飞机\",\"params\":{},\"updateBy\":\"小桐\",\"updateTime\":\"2025-09-05 14:27:05\",\"updaterId\":1,\"workspaceId\":1001}', '{\"code\":200,\"msg\":\"操作成功\"}', 0, NULL, '2025-09-05 14:27:05', 23);
INSERT INTO `system_oper_log` VALUES (74, '概念配置', 1, 'tech.qiantong.qknow.module.ext.controller.admin.extSchema.ExtSchemaController.add()', 'POST', 1, 'qKnow', '研发部门', '/ext/schema', '127.0.0.1', '内网IP', '{\"color\":\"#C5BA63\",\"createBy\":\"小桐\",\"createTime\":\"2025-09-05 14:28:15\",\"creatorId\":1,\"name\":\"飞机类别\",\"params\":{},\"workspaceId\":1001}', '{\"code\":200,\"msg\":\"操作成功\"}', 0, NULL, '2025-09-05 14:28:15', 23);
INSERT INTO `system_oper_log` VALUES (75, '概念配置', 1, 'tech.qiantong.qknow.module.ext.controller.admin.extSchema.ExtSchemaController.add()', 'POST', 1, 'qKnow', '研发部门', '/ext/schema', '127.0.0.1', '内网IP', '{\"color\":\"#8CD231\",\"createBy\":\"小桐\",\"createTime\":\"2025-09-05 14:28:27\",\"creatorId\":1,\"name\":\"飞机类型\",\"params\":{},\"workspaceId\":1001}', '{\"code\":200,\"msg\":\"操作成功\"}', 0, NULL, '2025-09-05 14:28:27', 17);
INSERT INTO `system_oper_log` VALUES (76, '关系配置', 1, 'tech.qiantong.qknow.module.ext.controller.admin.extSchemaRelation.ExtSchemaRelationController.add()', 'POST', 1, 'qKnow', '研发部门', '/ext/relation', '127.0.0.1', '内网IP', '{\"createBy\":\"小桐\",\"createTime\":\"2025-09-05 14:34:24\",\"creatorId\":1,\"endSchemaId\":16,\"inverseFlag\":0,\"params\":{},\"relation\":\"属于\",\"startSchemaId\":11,\"workspaceId\":1001}', '{\"code\":200,\"msg\":\"操作成功\"}', 0, NULL, '2025-09-05 14:34:24', 33);
INSERT INTO `system_oper_log` VALUES (77, '关系配置', 1, 'tech.qiantong.qknow.module.ext.controller.admin.extSchemaRelation.ExtSchemaRelationController.add()', 'POST', 1, 'qKnow', '研发部门', '/ext/relation', '127.0.0.1', '内网IP', '{\"createBy\":\"小桐\",\"createTime\":\"2025-09-05 14:34:34\",\"creatorId\":1,\"endSchemaId\":17,\"inverseFlag\":0,\"params\":{},\"relation\":\"属于\",\"startSchemaId\":11,\"workspaceId\":1001}', '{\"code\":200,\"msg\":\"操作成功\"}', 0, NULL, '2025-09-05 14:34:34', 19);
INSERT INTO `system_oper_log` VALUES (78, '测试连接', 3, 'tech.qiantong.qknow.module.dm.controller.admin.datasource.DmDatasourceController.clientsTest()', 'GET', 1, 'qKnow', '研发部门', '/dm/dmDatasource/clientsTest/2', '127.0.0.1', '内网IP', '{}', '{\"msg\":\"数据库连接成功\",\"code\":200}', 0, NULL, '2025-09-05 14:35:29', 5);
INSERT INTO `system_oper_log` VALUES (79, '测试连接', 3, 'tech.qiantong.qknow.module.dm.controller.admin.datasource.DmDatasourceController.clientsTest()', 'GET', 1, 'qKnow', '研发部门', '/dm/dmDatasource/clientsTest/2', '127.0.0.1', '内网IP', '{}', '{\"msg\":\"数据库连接成功\",\"code\":200}', 0, NULL, '2025-09-05 14:35:40', 5);
INSERT INTO `system_oper_log` VALUES (80, '测试连接', 3, 'tech.qiantong.qknow.module.dm.controller.admin.datasource.DmDatasourceController.clientsTest()', 'GET', 1, 'qKnow', '研发部门', '/dm/dmDatasource/clientsTest/2', '127.0.0.1', '内网IP', '{}', '{\"msg\":\"数据库连接成功\",\"code\":200}', 0, NULL, '2025-09-05 14:35:53', 12);
INSERT INTO `system_oper_log` VALUES (81, '结构化抽取任务', 3, 'tech.qiantong.qknow.module.ext.controller.admin.extStructTask.ExtStructTaskController.remove()', 'DELETE', 1, 'qKnow', '研发部门', '/ext/extStruct/2', '127.0.0.1', '内网IP', '{}', '{\"code\":200,\"msg\":\"操作成功\"}', 0, NULL, '2025-09-05 14:36:06', 195);
INSERT INTO `system_oper_log` VALUES (82, '测试连接', 3, 'tech.qiantong.qknow.module.dm.controller.admin.datasource.DmDatasourceController.clientsTest()', 'GET', 1, 'qKnow', '研发部门', '/dm/dmDatasource/clientsTest/2', '127.0.0.1', '内网IP', '{}', '{\"msg\":\"数据库连接成功\",\"code\":200}', 0, NULL, '2025-09-05 14:36:40', 3);
INSERT INTO `system_oper_log` VALUES (83, '测试连接', 3, 'tech.qiantong.qknow.module.dm.controller.admin.datasource.DmDatasourceController.clientsTest()', 'GET', 1, 'qKnow', '研发部门', '/dm/dmDatasource/clientsTest/2', '127.0.0.1', '内网IP', '{}', '{\"msg\":\"数据库连接成功\",\"code\":200}', 0, NULL, '2025-09-05 14:37:01', 18);
INSERT INTO `system_oper_log` VALUES (84, '测试连接', 3, 'tech.qiantong.qknow.module.dm.controller.admin.datasource.DmDatasourceController.clientsTest()', 'GET', 1, 'qKnow', '研发部门', '/dm/dmDatasource/clientsTest/2', '127.0.0.1', '内网IP', '{}', '{\"msg\":\"数据库连接成功\",\"code\":200}', 0, NULL, '2025-09-05 14:37:37', 27);
INSERT INTO `system_oper_log` VALUES (85, '测试连接', 3, 'tech.qiantong.qknow.module.dm.controller.admin.datasource.DmDatasourceController.clientsTest()', 'GET', 1, 'qKnow', '研发部门', '/dm/dmDatasource/clientsTest/2', '127.0.0.1', '内网IP', '{}', '{\"msg\":\"数据库连接成功\",\"code\":200}', 0, NULL, '2025-09-05 14:37:38', 11);
INSERT INTO `system_oper_log` VALUES (86, '测试连接', 3, 'tech.qiantong.qknow.module.dm.controller.admin.datasource.DmDatasourceController.clientsTest()', 'GET', 1, 'qKnow', '研发部门', '/dm/dmDatasource/clientsTest/2', '127.0.0.1', '内网IP', '{}', '{\"msg\":\"数据库连接成功\",\"code\":200}', 0, NULL, '2025-09-05 14:38:03', 24);
INSERT INTO `system_oper_log` VALUES (87, '结构化抽取任务', 3, 'tech.qiantong.qknow.module.ext.controller.admin.extStructTask.ExtStructTaskController.remove()', 'DELETE', 1, 'qKnow', '研发部门', '/ext/extStruct/3', '127.0.0.1', '内网IP', '{}', '{\"code\":200,\"msg\":\"操作成功\"}', 0, NULL, '2025-09-05 14:38:24', 34);
INSERT INTO `system_oper_log` VALUES (88, '测试连接', 3, 'tech.qiantong.qknow.module.dm.controller.admin.datasource.DmDatasourceController.clientsTest()', 'GET', 1, 'qKnow', '研发部门', '/dm/dmDatasource/clientsTest/2', '127.0.0.1', '内网IP', '{}', NULL, 1, '检测连通性出错', '2025-09-05 14:40:47', 1025);
INSERT INTO `system_oper_log` VALUES (89, '测试连接', 3, 'tech.qiantong.qknow.module.dm.controller.admin.datasource.DmDatasourceController.clientsTest()', 'GET', 1, 'qKnow', '研发部门', '/dm/dmDatasource/clientsTest/2', '127.0.0.1', '内网IP', '{}', NULL, 1, '检测连通性出错', '2025-09-05 14:40:50', 1029);
INSERT INTO `system_oper_log` VALUES (90, '测试连接', 3, 'tech.qiantong.qknow.module.dm.controller.admin.datasource.DmDatasourceController.clientsTest()', 'GET', 1, 'qKnow', '研发部门', '/dm/dmDatasource/clientsTest/2', '127.0.0.1', '内网IP', '{}', NULL, 1, '检测连通性出错', '2025-09-05 14:40:56', 1017);
INSERT INTO `system_oper_log` VALUES (91, '测试连接', 3, 'tech.qiantong.qknow.module.dm.controller.admin.datasource.DmDatasourceController.clientsTest()', 'GET', 1, 'qKnow', '研发部门', '/dm/dmDatasource/clientsTest/1', '127.0.0.1', '内网IP', '{}', NULL, 1, '检测连通性出错', '2025-09-05 14:41:02', 1036);
INSERT INTO `system_oper_log` VALUES (92, '测试连接', 3, 'tech.qiantong.qknow.module.dm.controller.admin.datasource.DmDatasourceController.clientsTest()', 'GET', 1, 'qKnow', '研发部门', '/dm/dmDatasource/clientsTest/2', '127.0.0.1', '内网IP', '{}', NULL, 1, '检测连通性出错', '2025-09-05 14:42:51', 1023);
INSERT INTO `system_oper_log` VALUES (93, '测试连接', 3, 'tech.qiantong.qknow.module.dm.controller.admin.datasource.DmDatasourceController.clientsTest()', 'GET', 1, 'qKnow', '研发部门', '/dm/dmDatasource/clientsTest/2', '127.0.0.1', '内网IP', '{}', NULL, 1, '检测连通性出错', '2025-09-05 14:42:53', 1015);
INSERT INTO `system_oper_log` VALUES (94, '测试连接', 3, 'tech.qiantong.qknow.module.dm.controller.admin.datasource.DmDatasourceController.clientsTest()', 'GET', 1, 'qKnow', '研发部门', '/dm/dmDatasource/clientsTest/2', '127.0.0.1', '内网IP', '{}', NULL, 1, '检测连通性出错', '2025-09-05 14:43:04', 1020);
INSERT INTO `system_oper_log` VALUES (95, '测试连接', 3, 'tech.qiantong.qknow.module.dm.controller.admin.datasource.DmDatasourceController.clientsTest()', 'GET', 1, 'qKnow', '研发部门', '/dm/dmDatasource/clientsTest/2', '127.0.0.1', '内网IP', '{}', '{\"msg\":\"数据库连接成功\",\"code\":200}', 0, NULL, '2025-09-05 14:43:15', 12);
INSERT INTO `system_oper_log` VALUES (96, '测试连接', 3, 'tech.qiantong.qknow.module.dm.controller.admin.datasource.DmDatasourceController.clientsTest()', 'GET', 1, 'qKnow', '研发部门', '/dm/dmDatasource/clientsTest/1', '127.0.0.1', '内网IP', '{}', NULL, 1, '检测连通性出错', '2025-09-05 14:43:36', 1023);
INSERT INTO `system_oper_log` VALUES (97, '测试连接', 3, 'tech.qiantong.qknow.module.dm.controller.admin.datasource.DmDatasourceController.clientsTest()', 'GET', 1, 'qKnow', '研发部门', '/dm/dmDatasource/clientsTest/2', '127.0.0.1', '内网IP', '{}', NULL, 1, '检测连通性出错', '2025-09-05 14:43:39', 1015);
INSERT INTO `system_oper_log` VALUES (98, '测试连接', 3, 'tech.qiantong.qknow.module.dm.controller.admin.datasource.DmDatasourceController.clientsTest()', 'GET', 1, 'qKnow', '研发部门', '/dm/dmDatasource/clientsTest/2', '127.0.0.1', '内网IP', '{}', '{\"msg\":\"数据库连接成功\",\"code\":200}', 0, NULL, '2025-09-05 14:44:51', 1160);
INSERT INTO `system_oper_log` VALUES (99, '测试连接', 3, 'tech.qiantong.qknow.module.dm.controller.admin.datasource.DmDatasourceController.clientsTest()', 'GET', 1, 'qKnow', '研发部门', '/dm/dmDatasource/clientsTest/2', '127.0.0.1', '内网IP', '{}', '{\"msg\":\"数据库连接成功\",\"code\":200}', 0, NULL, '2025-09-05 14:51:39', 15);
INSERT INTO `system_oper_log` VALUES (100, '测试连接', 3, 'tech.qiantong.qknow.module.dm.controller.admin.datasource.DmDatasourceController.clientsTest()', 'GET', 1, 'qKnow', '研发部门', '/dm/dmDatasource/clientsTest/2', '127.0.0.1', '内网IP', '{}', '{\"msg\":\"数据库连接成功\",\"code\":200}', 0, NULL, '2025-09-05 14:52:46', 12);
INSERT INTO `system_oper_log` VALUES (101, '测试连接', 3, 'tech.qiantong.qknow.module.dm.controller.admin.datasource.DmDatasourceController.clientsTest()', 'GET', 1, 'qKnow', '研发部门', '/dm/dmDatasource/clientsTest/2', '127.0.0.1', '内网IP', '{}', '{\"msg\":\"数据库连接成功\",\"code\":200}', 0, NULL, '2025-09-05 14:52:52', 16);
INSERT INTO `system_oper_log` VALUES (102, '测试连接', 3, 'tech.qiantong.qknow.module.dm.controller.admin.datasource.DmDatasourceController.clientsTest()', 'GET', 1, 'qKnow', '研发部门', '/dm/dmDatasource/clientsTest/2', '127.0.0.1', '内网IP', '{}', '{\"msg\":\"数据库连接成功\",\"code\":200}', 0, NULL, '2025-09-05 14:53:16', 16);
INSERT INTO `system_oper_log` VALUES (103, '测试连接', 3, 'tech.qiantong.qknow.module.dm.controller.admin.datasource.DmDatasourceController.clientsTest()', 'GET', 1, 'qKnow', '研发部门', '/dm/dmDatasource/clientsTest/2', '127.0.0.1', '内网IP', '{}', '{\"msg\":\"数据库连接成功\",\"code\":200}', 0, NULL, '2025-09-05 14:53:58', 14);
INSERT INTO `system_oper_log` VALUES (104, '测试连接', 3, 'tech.qiantong.qknow.module.dm.controller.admin.datasource.DmDatasourceController.clientsTest()', 'GET', 1, 'qKnow', '研发部门', '/dm/dmDatasource/clientsTest/2', '127.0.0.1', '内网IP', '{}', '{\"msg\":\"数据库连接成功\",\"code\":200}', 0, NULL, '2025-09-05 14:56:24', 16);
INSERT INTO `system_oper_log` VALUES (105, '测试连接', 3, 'tech.qiantong.qknow.module.dm.controller.admin.datasource.DmDatasourceController.clientsTest()', 'GET', 1, 'qKnow', '研发部门', '/dm/dmDatasource/clientsTest/2', '127.0.0.1', '内网IP', '{}', '{\"msg\":\"数据库连接成功\",\"code\":200}', 0, NULL, '2025-09-05 14:57:36', 3);
INSERT INTO `system_oper_log` VALUES (106, '测试连接', 3, 'tech.qiantong.qknow.module.dm.controller.admin.datasource.DmDatasourceController.clientsTest()', 'GET', 1, 'qKnow', '研发部门', '/dm/dmDatasource/clientsTest/2', '127.0.0.1', '内网IP', '{}', '{\"msg\":\"数据库连接成功\",\"code\":200}', 0, NULL, '2025-09-05 14:59:27', 14);
INSERT INTO `system_oper_log` VALUES (107, '测试连接', 3, 'tech.qiantong.qknow.module.dm.controller.admin.datasource.DmDatasourceController.clientsTest()', 'GET', 1, 'qKnow', '研发部门', '/dm/dmDatasource/clientsTest/2', '127.0.0.1', '内网IP', '{}', '{\"msg\":\"数据库连接成功\",\"code\":200}', 0, NULL, '2025-09-05 15:00:27', 9);
INSERT INTO `system_oper_log` VALUES (108, '测试连接', 3, 'tech.qiantong.qknow.module.dm.controller.admin.datasource.DmDatasourceController.clientsTest()', 'GET', 1, 'qKnow', '研发部门', '/dm/dmDatasource/clientsTest/2', '127.0.0.1', '内网IP', '{}', '{\"msg\":\"数据库连接成功\",\"code\":200}', 0, NULL, '2025-09-05 15:03:53', 0);
INSERT INTO `system_oper_log` VALUES (109, '定时任务', 2, 'tech.qiantong.qknow.quartz.controller.SysJobController.run()', 'PUT', 1, 'qKnow', '研发部门', '/monitor/job/run', '127.0.0.1', '内网IP', '{\"jobGroup\":\"DEFAULT\",\"jobId\":100,\"misfirePolicy\":\"0\",\"params\":{}}', '{\"msg\":\"操作成功\",\"code\":200}', 0, NULL, '2025-09-05 15:18:02', 34);
INSERT INTO `system_oper_log` VALUES (110, '定时任务', 2, 'tech.qiantong.qknow.quartz.controller.SysJobController.run()', 'PUT', 1, 'qKnow', '研发部门', '/monitor/job/run', '127.0.0.1', '内网IP', '{\"jobGroup\":\"DEFAULT\",\"jobId\":100,\"misfirePolicy\":\"0\",\"params\":{}}', '{\"msg\":\"操作成功\",\"code\":200}', 0, NULL, '2025-09-05 15:19:12', 2);
INSERT INTO `system_oper_log` VALUES (111, '定时任务', 2, 'tech.qiantong.qknow.quartz.controller.SysJobController.run()', 'PUT', 1, 'qKnow', '研发部门', '/monitor/job/run', '127.0.0.1', '内网IP', '{\"jobGroup\":\"DEFAULT\",\"jobId\":100,\"misfirePolicy\":\"0\",\"params\":{}}', '{\"msg\":\"操作成功\",\"code\":200}', 0, NULL, '2025-09-05 15:19:55', 10);
INSERT INTO `system_oper_log` VALUES (112, '测试连接', 3, 'tech.qiantong.qknow.module.dm.controller.admin.datasource.DmDatasourceController.clientsTest()', 'GET', 1, 'qKnow', '研发部门', '/dm/dmDatasource/clientsTest/2', '127.0.0.1', '内网IP', '{}', '{\"msg\":\"数据库连接成功\",\"code\":200}', 0, NULL, '2025-09-05 15:20:53', 2);
INSERT INTO `system_oper_log` VALUES (113, '测试连接', 3, 'tech.qiantong.qknow.module.dm.controller.admin.datasource.DmDatasourceController.clientsTest()', 'GET', 1, 'qKnow', '研发部门', '/dm/dmDatasource/clientsTest/2', '127.0.0.1', '内网IP', '{}', '{\"msg\":\"数据库连接成功\",\"code\":200}', 0, NULL, '2025-09-05 15:22:20', 13);
INSERT INTO `system_oper_log` VALUES (114, '定时任务', 2, 'tech.qiantong.qknow.quartz.controller.SysJobController.run()', 'PUT', 1, 'qKnow', '研发部门', '/monitor/job/run', '127.0.0.1', '内网IP', '{\"jobGroup\":\"DEFAULT\",\"jobId\":100,\"misfirePolicy\":\"0\",\"params\":{}}', '{\"msg\":\"操作成功\",\"code\":200}', 0, NULL, '2025-09-05 15:23:03', 6);
INSERT INTO `system_oper_log` VALUES (115, '定时任务', 2, 'tech.qiantong.qknow.quartz.controller.SysJobController.run()', 'PUT', 1, 'qKnow', '研发部门', '/monitor/job/run', '127.0.0.1', '内网IP', '{\"jobGroup\":\"DEFAULT\",\"jobId\":100,\"misfirePolicy\":\"0\",\"params\":{}}', '{\"msg\":\"操作成功\",\"code\":200}', 0, NULL, '2025-09-05 15:23:29', 2);
INSERT INTO `system_oper_log` VALUES (116, '定时任务', 2, 'tech.qiantong.qknow.quartz.controller.SysJobController.run()', 'PUT', 1, 'qKnow', '研发部门', '/monitor/job/run', '127.0.0.1', '内网IP', '{\"jobGroup\":\"DEFAULT\",\"jobId\":100,\"misfirePolicy\":\"0\",\"params\":{}}', '{\"msg\":\"操作成功\",\"code\":200}', 0, NULL, '2025-09-05 15:23:37', 8);
INSERT INTO `system_oper_log` VALUES (117, '定时任务', 2, 'tech.qiantong.qknow.quartz.controller.SysJobController.run()', 'PUT', 1, 'qKnow', '研发部门', '/monitor/job/run', '127.0.0.1', '内网IP', '{\"jobGroup\":\"DEFAULT\",\"jobId\":100,\"misfirePolicy\":\"0\",\"params\":{}}', '{\"msg\":\"操作成功\",\"code\":200}', 0, NULL, '2025-09-05 15:25:19', 48);
INSERT INTO `system_oper_log` VALUES (118, '定时任务', 2, 'tech.qiantong.qknow.quartz.controller.SysJobController.run()', 'PUT', 1, 'qKnow', '研发部门', '/monitor/job/run', '127.0.0.1', '内网IP', '{\"jobGroup\":\"DEFAULT\",\"jobId\":100,\"misfirePolicy\":\"0\",\"params\":{}}', '{\"msg\":\"操作成功\",\"code\":200}', 0, NULL, '2025-09-05 15:29:26', 5);
INSERT INTO `system_oper_log` VALUES (119, '定时任务', 2, 'tech.qiantong.qknow.quartz.controller.SysJobController.run()', 'PUT', 1, 'qKnow', '研发部门', '/monitor/job/run', '127.0.0.1', '内网IP', '{\"jobGroup\":\"DEFAULT\",\"jobId\":100,\"misfirePolicy\":\"0\",\"params\":{}}', '{\"msg\":\"操作成功\",\"code\":200}', 0, NULL, '2025-09-05 15:30:56', 2);
INSERT INTO `system_oper_log` VALUES (120, '定时任务', 2, 'tech.qiantong.qknow.quartz.controller.SysJobController.run()', 'PUT', 1, 'qKnow', '研发部门', '/monitor/job/run', '127.0.0.1', '内网IP', '{\"jobGroup\":\"DEFAULT\",\"jobId\":100,\"misfirePolicy\":\"0\",\"params\":{}}', '{\"msg\":\"操作成功\",\"code\":200}', 0, NULL, '2025-09-05 15:43:51', 1);
INSERT INTO `system_oper_log` VALUES (121, '定时任务', 2, 'tech.qiantong.qknow.quartz.controller.SysJobController.run()', 'PUT', 1, 'qKnow', '研发部门', '/monitor/job/run', '127.0.0.1', '内网IP', '{\"jobGroup\":\"DEFAULT\",\"jobId\":100,\"misfirePolicy\":\"0\",\"params\":{}}', '{\"msg\":\"操作成功\",\"code\":200}', 0, NULL, '2025-09-05 15:44:44', 3);
INSERT INTO `system_oper_log` VALUES (122, '结构化抽取任务', 3, 'tech.qiantong.qknow.module.ext.controller.admin.extStructTask.ExtStructTaskController.remove()', 'DELETE', 1, 'qKnow', '研发部门', '/ext/extStruct/1', '127.0.0.1', '内网IP', '{}', '{\"code\":200,\"msg\":\"操作成功\"}', 0, NULL, '2025-09-05 15:45:47', 16);
INSERT INTO `system_oper_log` VALUES (123, '结构化抽取任务', 3, 'tech.qiantong.qknow.module.ext.controller.admin.extStructTask.ExtStructTaskController.remove()', 'DELETE', 1, 'qKnow', '研发部门', '/ext/extStruct/4', '127.0.0.1', '内网IP', '{}', '{\"code\":200,\"msg\":\"操作成功\"}', 0, NULL, '2025-09-05 15:51:25', 120);
INSERT INTO `system_oper_log` VALUES (124, '关系配置', 3, 'tech.qiantong.qknow.module.ext.controller.admin.extSchemaRelation.ExtSchemaRelationController.remove()', 'DELETE', 1, 'qKnow', '研发部门', '/ext/relation/8', '127.0.0.1', '内网IP', '{}', '{\"code\":200,\"msg\":\"操作成功\"}', 0, NULL, '2025-09-05 15:51:28', 19);
INSERT INTO `system_oper_log` VALUES (125, '关系配置', 3, 'tech.qiantong.qknow.module.ext.controller.admin.extSchemaRelation.ExtSchemaRelationController.remove()', 'DELETE', 1, 'qKnow', '研发部门', '/ext/relation/9', '127.0.0.1', '内网IP', '{}', '{\"code\":200,\"msg\":\"操作成功\"}', 0, NULL, '2025-09-05 15:51:32', 18);
INSERT INTO `system_oper_log` VALUES (126, '测试连接', 3, 'tech.qiantong.qknow.module.dm.controller.admin.datasource.DmDatasourceController.clientsTest()', 'GET', 1, 'qKnow', '研发部门', '/dm/dmDatasource/clientsTest/2', '127.0.0.1', '内网IP', '{}', '{\"msg\":\"数据库连接成功\",\"code\":200}', 0, NULL, '2025-09-05 15:51:40', 8);
INSERT INTO `system_oper_log` VALUES (127, '测试连接', 3, 'tech.qiantong.qknow.module.dm.controller.admin.datasource.DmDatasourceController.clientsTest()', 'GET', 1, 'qKnow', '研发部门', '/dm/dmDatasource/clientsTest/2', '127.0.0.1', '内网IP', '{}', '{\"msg\":\"数据库连接成功\",\"code\":200}', 0, NULL, '2025-09-05 15:53:11', 17);
INSERT INTO `system_oper_log` VALUES (128, '定时任务', 2, 'tech.qiantong.qknow.quartz.controller.SysJobController.run()', 'PUT', 1, 'qKnow', '研发部门', '/monitor/job/run', '127.0.0.1', '内网IP', '{\"jobGroup\":\"DEFAULT\",\"jobId\":100,\"misfirePolicy\":\"0\",\"params\":{}}', '{\"msg\":\"操作成功\",\"code\":200}', 0, NULL, '2025-09-05 15:53:45', 0);
INSERT INTO `system_oper_log` VALUES (129, '定时任务', 2, 'tech.qiantong.qknow.quartz.controller.SysJobController.run()', 'PUT', 1, 'qKnow', '研发部门', '/monitor/job/run', '127.0.0.1', '内网IP', '{\"jobGroup\":\"DEFAULT\",\"jobId\":100,\"misfirePolicy\":\"0\",\"params\":{}}', '{\"msg\":\"操作成功\",\"code\":200}', 0, NULL, '2025-09-05 15:56:02', 12);
INSERT INTO `system_oper_log` VALUES (130, '定时任务', 2, 'tech.qiantong.qknow.quartz.controller.SysJobController.run()', 'PUT', 1, 'qKnow', '研发部门', '/monitor/job/run', '127.0.0.1', '内网IP', '{\"jobGroup\":\"DEFAULT\",\"jobId\":100,\"misfirePolicy\":\"0\",\"params\":{}}', '{\"msg\":\"操作成功\",\"code\":200}', 0, NULL, '2025-09-05 16:06:34', 52);
INSERT INTO `system_oper_log` VALUES (131, '定时任务', 2, 'tech.qiantong.qknow.quartz.controller.SysJobController.run()', 'PUT', 1, 'qKnow', '研发部门', '/monitor/job/run', '127.0.0.1', '内网IP', '{\"jobGroup\":\"DEFAULT\",\"jobId\":100,\"misfirePolicy\":\"0\",\"params\":{}}', '{\"msg\":\"操作成功\",\"code\":200}', 0, NULL, '2025-09-05 16:09:43', 61);
INSERT INTO `system_oper_log` VALUES (132, '定时任务', 2, 'tech.qiantong.qknow.quartz.controller.SysJobController.run()', 'PUT', 1, 'qKnow', '研发部门', '/monitor/job/run', '127.0.0.1', '内网IP', '{\"jobGroup\":\"DEFAULT\",\"jobId\":100,\"misfirePolicy\":\"0\",\"params\":{}}', '{\"msg\":\"操作成功\",\"code\":200}', 0, NULL, '2025-09-05 16:12:03', 132);
INSERT INTO `system_oper_log` VALUES (133, '定时任务', 2, 'tech.qiantong.qknow.quartz.controller.SysJobController.run()', 'PUT', 1, 'qKnow', '研发部门', '/monitor/job/run', '127.0.0.1', '内网IP', '{\"jobGroup\":\"DEFAULT\",\"jobId\":100,\"misfirePolicy\":\"0\",\"params\":{}}', '{\"msg\":\"操作成功\",\"code\":200}', 0, NULL, '2025-09-05 16:12:58', 7);
INSERT INTO `system_oper_log` VALUES (134, '定时任务', 2, 'tech.qiantong.qknow.quartz.controller.SysJobController.run()', 'PUT', 1, 'qKnow', '研发部门', '/monitor/job/run', '127.0.0.1', '内网IP', '{\"jobGroup\":\"DEFAULT\",\"jobId\":100,\"misfirePolicy\":\"0\",\"params\":{}}', '{\"msg\":\"操作成功\",\"code\":200}', 0, NULL, '2025-09-05 16:18:14', 75);
INSERT INTO `system_oper_log` VALUES (135, '定时任务', 2, 'tech.qiantong.qknow.quartz.controller.SysJobController.run()', 'PUT', 1, 'qKnow', '研发部门', '/monitor/job/run', '127.0.0.1', '内网IP', '{\"jobGroup\":\"DEFAULT\",\"jobId\":100,\"misfirePolicy\":\"0\",\"params\":{}}', '{\"msg\":\"操作成功\",\"code\":200}', 0, NULL, '2025-09-05 16:31:27', 83);
INSERT INTO `system_oper_log` VALUES (136, '定时任务', 2, 'tech.qiantong.qknow.quartz.controller.SysJobController.run()', 'PUT', 1, 'qKnow', '研发部门', '/monitor/job/run', '127.0.0.1', '内网IP', '{\"jobGroup\":\"DEFAULT\",\"jobId\":100,\"misfirePolicy\":\"0\",\"params\":{}}', '{\"msg\":\"操作成功\",\"code\":200}', 0, NULL, '2025-09-05 16:35:19', 133);
INSERT INTO `system_oper_log` VALUES (137, '定时任务', 2, 'tech.qiantong.qknow.quartz.controller.SysJobController.run()', 'PUT', 1, 'qKnow', '研发部门', '/monitor/job/run', '127.0.0.1', '内网IP', '{\"jobGroup\":\"DEFAULT\",\"jobId\":100,\"misfirePolicy\":\"0\",\"params\":{}}', '{\"msg\":\"操作成功\",\"code\":200}', 0, NULL, '2025-09-05 16:36:43', 53);
INSERT INTO `system_oper_log` VALUES (138, '定时任务', 2, 'tech.qiantong.qknow.quartz.controller.SysJobController.run()', 'PUT', 1, 'qKnow', '研发部门', '/monitor/job/run', '127.0.0.1', '内网IP', '{\"jobGroup\":\"DEFAULT\",\"jobId\":100,\"misfirePolicy\":\"0\",\"params\":{}}', '{\"msg\":\"操作成功\",\"code\":200}', 0, NULL, '2025-09-05 16:37:49', 2);
INSERT INTO `system_oper_log` VALUES (139, '定时任务', 2, 'tech.qiantong.qknow.quartz.controller.SysJobController.run()', 'PUT', 1, 'qKnow', '研发部门', '/monitor/job/run', '127.0.0.1', '内网IP', '{\"jobGroup\":\"DEFAULT\",\"jobId\":100,\"misfirePolicy\":\"0\",\"params\":{}}', '{\"msg\":\"操作成功\",\"code\":200}', 0, NULL, '2025-09-05 16:40:42', 134);
INSERT INTO `system_oper_log` VALUES (140, '定时任务', 2, 'tech.qiantong.qknow.quartz.controller.SysJobController.run()', 'PUT', 1, 'qKnow', '研发部门', '/monitor/job/run', '127.0.0.1', '内网IP', '{\"jobGroup\":\"DEFAULT\",\"jobId\":100,\"misfirePolicy\":\"0\",\"params\":{}}', '{\"msg\":\"操作成功\",\"code\":200}', 0, NULL, '2025-09-05 16:41:31', 0);
INSERT INTO `system_oper_log` VALUES (141, '定时任务', 2, 'tech.qiantong.qknow.quartz.controller.SysJobController.run()', 'PUT', 1, 'qKnow', '研发部门', '/monitor/job/run', '127.0.0.1', '内网IP', '{\"jobGroup\":\"DEFAULT\",\"jobId\":100,\"misfirePolicy\":\"0\",\"params\":{}}', '{\"msg\":\"操作成功\",\"code\":200}', 0, NULL, '2025-09-05 16:42:29', 4);
INSERT INTO `system_oper_log` VALUES (142, '定时任务', 2, 'tech.qiantong.qknow.quartz.controller.SysJobController.run()', 'PUT', 1, 'qKnow', '研发部门', '/monitor/job/run', '127.0.0.1', '内网IP', '{\"jobGroup\":\"DEFAULT\",\"jobId\":100,\"misfirePolicy\":\"0\",\"params\":{}}', '{\"msg\":\"操作成功\",\"code\":200}', 0, NULL, '2025-09-05 16:44:27', 165);
INSERT INTO `system_oper_log` VALUES (143, '概念配置', 1, 'tech.qiantong.qknow.module.ext.controller.admin.extSchema.ExtSchemaController.add()', 'POST', 1, 'qKnow', '研发部门', '/ext/schema', '127.0.0.1', '内网IP', '{\"color\":\"#DD7777\",\"createBy\":\"小桐\",\"createTime\":\"2025-09-05 18:12:53\",\"creatorId\":1,\"name\":\"区域\",\"params\":{},\"workspaceId\":1001}', '{\"code\":200,\"msg\":\"操作成功\"}', 0, NULL, '2025-09-05 18:12:53', 152);
INSERT INTO `system_oper_log` VALUES (144, '概念配置', 1, 'tech.qiantong.qknow.module.ext.controller.admin.extSchema.ExtSchemaController.add()', 'POST', 1, 'qKnow', '研发部门', '/ext/schema', '127.0.0.1', '内网IP', '{\"color\":\"#993535\",\"createBy\":\"小桐\",\"createTime\":\"2025-09-05 18:14:03\",\"creatorId\":1,\"name\":\"宗教\",\"params\":{},\"workspaceId\":1001}', '{\"code\":200,\"msg\":\"操作成功\"}', 0, NULL, '2025-09-05 18:14:03', 18);
INSERT INTO `system_oper_log` VALUES (145, '概念配置', 1, 'tech.qiantong.qknow.module.ext.controller.admin.extSchema.ExtSchemaController.add()', 'POST', 1, 'qKnow', '研发部门', '/ext/schema', '127.0.0.1', '内网IP', '{\"color\":\"#70B363\",\"createBy\":\"小桐\",\"createTime\":\"2025-09-05 18:14:19\",\"creatorId\":1,\"name\":\"重要设施\",\"params\":{},\"workspaceId\":1001}', '{\"code\":200,\"msg\":\"操作成功\"}', 0, NULL, '2025-09-05 18:14:19', 39);
INSERT INTO `system_oper_log` VALUES (146, '概念配置', 1, 'tech.qiantong.qknow.module.ext.controller.admin.extSchema.ExtSchemaController.add()', 'POST', 1, 'qKnow', '研发部门', '/ext/schema', '127.0.0.1', '内网IP', '{\"color\":\"#637CB3\",\"createBy\":\"小桐\",\"createTime\":\"2025-09-05 18:14:32\",\"creatorId\":1,\"name\":\"物质文化遗产\",\"params\":{},\"workspaceId\":1001}', '{\"code\":200,\"msg\":\"操作成功\"}', 0, NULL, '2025-09-05 18:14:32', 55);
INSERT INTO `system_oper_log` VALUES (147, '概念配置', 1, 'tech.qiantong.qknow.module.ext.controller.admin.extSchema.ExtSchemaController.add()', 'POST', 1, 'qKnow', '研发部门', '/ext/schema', '127.0.0.1', '内网IP', '{\"color\":\"#1C4298\",\"createBy\":\"小桐\",\"createTime\":\"2025-09-05 18:14:50\",\"creatorId\":1,\"name\":\"人口数据\",\"params\":{},\"workspaceId\":1001}', '{\"code\":200,\"msg\":\"操作成功\"}', 0, NULL, '2025-09-05 18:14:50', 34);
INSERT INTO `system_oper_log` VALUES (148, '概念配置', 1, 'tech.qiantong.qknow.module.ext.controller.admin.extSchema.ExtSchemaController.add()', 'POST', 1, 'qKnow', '研发部门', '/ext/schema', '127.0.0.1', '内网IP', '{\"color\":\"#7252B3\",\"createBy\":\"小桐\",\"createTime\":\"2025-09-05 18:15:06\",\"creatorId\":1,\"name\":\"教育机构\",\"params\":{},\"workspaceId\":1001}', '{\"code\":200,\"msg\":\"操作成功\"}', 0, NULL, '2025-09-05 18:15:06', 50);
INSERT INTO `system_oper_log` VALUES (149, '概念配置', 1, 'tech.qiantong.qknow.module.ext.controller.admin.extSchema.ExtSchemaController.add()', 'POST', 1, 'qKnow', '研发部门', '/ext/schema', '127.0.0.1', '内网IP', '{\"color\":\"#BA35C6\",\"createBy\":\"小桐\",\"createTime\":\"2025-09-05 18:15:21\",\"creatorId\":1,\"description\":\"\",\"name\":\"科研机构\",\"params\":{},\"workspaceId\":1001}', '{\"code\":200,\"msg\":\"操作成功\"}', 0, NULL, '2025-09-05 18:15:21', 35);
INSERT INTO `system_oper_log` VALUES (150, '概念配置', 1, 'tech.qiantong.qknow.module.ext.controller.admin.extSchema.ExtSchemaController.add()', 'POST', 1, 'qKnow', '研发部门', '/ext/schema', '127.0.0.1', '内网IP', '{\"color\":\"#C63571\",\"createBy\":\"小桐\",\"createTime\":\"2025-09-05 18:15:41\",\"creatorId\":1,\"description\":\"\",\"name\":\"经济与基础设施\",\"params\":{},\"workspaceId\":1001}', '{\"code\":200,\"msg\":\"操作成功\"}', 0, NULL, '2025-09-05 18:15:41', 45);
INSERT INTO `system_oper_log` VALUES (151, '关系配置', 1, 'tech.qiantong.qknow.module.ext.controller.admin.extSchemaRelation.ExtSchemaRelationController.add()', 'POST', 1, 'qKnow', '研发部门', '/ext/relation', '127.0.0.1', '内网IP', '{\"createBy\":\"小桐\",\"createTime\":\"2025-09-05 18:16:37\",\"creatorId\":1,\"endSchemaId\":19,\"inverseFlag\":0,\"params\":{},\"relation\":\"宗教\",\"startSchemaId\":18,\"workspaceId\":1001}', '{\"code\":200,\"msg\":\"操作成功\"}', 0, NULL, '2025-09-05 18:16:37', 33);
INSERT INTO `system_oper_log` VALUES (152, '关系配置', 1, 'tech.qiantong.qknow.module.ext.controller.admin.extSchemaRelation.ExtSchemaRelationController.add()', 'POST', 1, 'qKnow', '研发部门', '/ext/relation', '127.0.0.1', '内网IP', '{\"createBy\":\"小桐\",\"createTime\":\"2025-09-05 18:17:13\",\"creatorId\":1,\"endSchemaId\":20,\"inverseFlag\":0,\"params\":{},\"relation\":\"设施\",\"startSchemaId\":18,\"workspaceId\":1001}', '{\"code\":200,\"msg\":\"操作成功\"}', 0, NULL, '2025-09-05 18:17:13', 12);
INSERT INTO `system_oper_log` VALUES (153, '关系配置', 1, 'tech.qiantong.qknow.module.ext.controller.admin.extSchemaRelation.ExtSchemaRelationController.add()', 'POST', 1, 'qKnow', '研发部门', '/ext/relation', '127.0.0.1', '内网IP', '{\"createBy\":\"小桐\",\"createTime\":\"2025-09-05 18:17:31\",\"creatorId\":1,\"endSchemaId\":21,\"inverseFlag\":0,\"params\":{},\"relation\":\"文化遗产\",\"startSchemaId\":18,\"workspaceId\":1001}', '{\"code\":200,\"msg\":\"操作成功\"}', 0, NULL, '2025-09-05 18:17:31', 27);
INSERT INTO `system_oper_log` VALUES (154, '关系配置', 1, 'tech.qiantong.qknow.module.ext.controller.admin.extSchemaRelation.ExtSchemaRelationController.add()', 'POST', 1, 'qKnow', '研发部门', '/ext/relation', '127.0.0.1', '内网IP', '{\"createBy\":\"小桐\",\"createTime\":\"2025-09-05 18:17:44\",\"creatorId\":1,\"endSchemaId\":22,\"inverseFlag\":0,\"params\":{},\"relation\":\"人口\",\"startSchemaId\":18,\"workspaceId\":1001}', '{\"code\":200,\"msg\":\"操作成功\"}', 0, NULL, '2025-09-05 18:17:44', 23);
INSERT INTO `system_oper_log` VALUES (155, '关系配置', 1, 'tech.qiantong.qknow.module.ext.controller.admin.extSchemaRelation.ExtSchemaRelationController.add()', 'POST', 1, 'qKnow', '研发部门', '/ext/relation', '127.0.0.1', '内网IP', '{\"createBy\":\"小桐\",\"createTime\":\"2025-09-05 18:17:55\",\"creatorId\":1,\"endSchemaId\":23,\"inverseFlag\":0,\"params\":{},\"relation\":\"教育\",\"startSchemaId\":18,\"workspaceId\":1001}', '{\"code\":200,\"msg\":\"操作成功\"}', 0, NULL, '2025-09-05 18:17:55', 18);
INSERT INTO `system_oper_log` VALUES (156, '关系配置', 1, 'tech.qiantong.qknow.module.ext.controller.admin.extSchemaRelation.ExtSchemaRelationController.add()', 'POST', 1, 'qKnow', '研发部门', '/ext/relation', '127.0.0.1', '内网IP', '{\"createBy\":\"小桐\",\"createTime\":\"2025-09-05 18:18:10\",\"creatorId\":1,\"endSchemaId\":24,\"inverseFlag\":0,\"params\":{},\"relation\":\"科研\",\"startSchemaId\":18,\"workspaceId\":1001}', '{\"code\":200,\"msg\":\"操作成功\"}', 0, NULL, '2025-09-05 18:18:10', 13);
INSERT INTO `system_oper_log` VALUES (157, '关系配置', 1, 'tech.qiantong.qknow.module.ext.controller.admin.extSchemaRelation.ExtSchemaRelationController.add()', 'POST', 1, 'qKnow', '研发部门', '/ext/relation', '127.0.0.1', '内网IP', '{\"createBy\":\"小桐\",\"createTime\":\"2025-09-05 18:18:34\",\"creatorId\":1,\"endSchemaId\":25,\"inverseFlag\":0,\"params\":{},\"relation\":\"基础设施\",\"startSchemaId\":18,\"workspaceId\":1001}', '{\"code\":200,\"msg\":\"操作成功\"}', 0, NULL, '2025-09-05 18:18:34', 25);
INSERT INTO `system_oper_log` VALUES (158, '概念配置', 1, 'tech.qiantong.qknow.module.ext.controller.admin.extSchema.ExtSchemaController.add()', 'POST', 1, 'qKnow', '研发部门', '/ext/schema', '127.0.0.1', '内网IP', '{\"color\":\"#BA7B95\",\"createBy\":\"小桐\",\"createTime\":\"2025-09-05 18:19:57\",\"creatorId\":1,\"name\":\"区域类型\",\"params\":{},\"workspaceId\":1001}', '{\"code\":200,\"msg\":\"操作成功\"}', 0, NULL, '2025-09-05 18:19:57', 36);
INSERT INTO `system_oper_log` VALUES (159, '概念配置', 1, 'tech.qiantong.qknow.module.ext.controller.admin.extSchema.ExtSchemaController.add()', 'POST', 1, 'qKnow', '研发部门', '/ext/schema', '127.0.0.1', '内网IP', '{\"color\":\"#C64C7F\",\"createBy\":\"小桐\",\"createTime\":\"2025-09-05 18:22:47\",\"creatorId\":1,\"name\":\"建筑类型\",\"params\":{},\"workspaceId\":1001}', '{\"code\":200,\"msg\":\"操作成功\"}', 0, NULL, '2025-09-05 18:22:47', 50);
INSERT INTO `system_oper_log` VALUES (160, '概念配置', 2, 'tech.qiantong.qknow.module.ext.controller.admin.extSchema.ExtSchemaController.edit()', 'PUT', 1, 'qKnow', '研发部门', '/ext/schema', '127.0.0.1', '内网IP', '{\"color\":\"#4C73C6\",\"createBy\":\"小桐\",\"createTime\":\"2025-09-05 18:22:47\",\"creatorId\":1,\"id\":27,\"name\":\"建筑类型\",\"params\":{},\"updateBy\":\"小桐\",\"updateTime\":\"2025-09-05 18:22:54\",\"updaterId\":1,\"workspaceId\":1001}', '{\"code\":200,\"msg\":\"操作成功\"}', 0, NULL, '2025-09-05 18:22:54', 16);
INSERT INTO `system_oper_log` VALUES (161, '数据源', 1, 'tech.qiantong.qknow.module.dm.controller.admin.datasource.DmDatasourceController.add()', 'POST', 1, 'qKnow', '研发部门', '/dm/dmDatasource', '127.0.0.1', '内网IP', '{\"createBy\":\"小桐\",\"createTime\":\"2025-09-05 18:24:06\",\"creatorId\":1,\"datasourceConfig\":\"{\\\"username\\\":\\\"root\\\",\\\"password\\\":\\\"root\\\",\\\"dbname\\\":\\\"south_asia_info\\\"}\",\"datasourceName\":\"znangnan\",\"datasourceType\":\"MySql\",\"ip\":\"localhost\",\"params\":{},\"port\":3306}', '{\"code\":200,\"msg\":\"操作成功\"}', 0, NULL, '2025-09-05 18:24:06', 22);
INSERT INTO `system_oper_log` VALUES (162, '测试连接', 3, 'tech.qiantong.qknow.module.dm.controller.admin.datasource.DmDatasourceController.clientsTest()', 'GET', 1, 'qKnow', '研发部门', '/dm/dmDatasource/clientsTest/3', '127.0.0.1', '内网IP', '{}', '{\"msg\":\"数据库连接成功\",\"code\":200}', 0, NULL, '2025-09-05 18:24:09', 139);
INSERT INTO `system_oper_log` VALUES (163, '测试连接', 3, 'tech.qiantong.qknow.module.dm.controller.admin.datasource.DmDatasourceController.clientsTest()', 'GET', 1, 'qKnow', '研发部门', '/dm/dmDatasource/clientsTest/3', '127.0.0.1', '内网IP', '{}', '{\"msg\":\"数据库连接成功\",\"code\":200}', 0, NULL, '2025-09-05 18:24:30', 16);
INSERT INTO `system_oper_log` VALUES (164, '测试连接', 3, 'tech.qiantong.qknow.module.dm.controller.admin.datasource.DmDatasourceController.clientsTest()', 'GET', 1, 'qKnow', '研发部门', '/dm/dmDatasource/clientsTest/3', '127.0.0.1', '内网IP', '{}', '{\"msg\":\"数据库连接成功\",\"code\":200}', 0, NULL, '2025-09-05 18:31:44', 0);
INSERT INTO `system_oper_log` VALUES (165, '测试连接', 3, 'tech.qiantong.qknow.module.dm.controller.admin.datasource.DmDatasourceController.clientsTest()', 'GET', 1, 'qKnow', '研发部门', '/dm/dmDatasource/clientsTest/3', '127.0.0.1', '内网IP', '{}', '{\"msg\":\"数据库连接成功\",\"code\":200}', 0, NULL, '2025-09-05 18:34:44', 3);
INSERT INTO `system_oper_log` VALUES (166, '定时任务', 2, 'tech.qiantong.qknow.quartz.controller.SysJobController.run()', 'PUT', 1, 'qKnow', '研发部门', '/monitor/job/run', '127.0.0.1', '内网IP', '{\"jobGroup\":\"DEFAULT\",\"jobId\":100,\"misfirePolicy\":\"0\",\"params\":{}}', '{\"msg\":\"操作成功\",\"code\":200}', 0, NULL, '2025-09-05 18:35:05', 16);
INSERT INTO `system_oper_log` VALUES (167, '定时任务', 2, 'tech.qiantong.qknow.quartz.controller.SysJobController.run()', 'PUT', 1, 'qKnow', '研发部门', '/monitor/job/run', '127.0.0.1', '内网IP', '{\"jobGroup\":\"DEFAULT\",\"jobId\":100,\"misfirePolicy\":\"0\",\"params\":{}}', '{\"msg\":\"操作成功\",\"code\":200}', 0, NULL, '2025-09-05 18:35:54', 12);
INSERT INTO `system_oper_log` VALUES (168, '关系配置', 1, 'tech.qiantong.qknow.module.ext.controller.admin.extSchemaRelation.ExtSchemaRelationController.add()', 'POST', 1, 'qKnow', '研发部门', '/ext/relation', '127.0.0.1', '内网IP', '{\"createBy\":\"小桐\",\"createTime\":\"2025-09-05 18:40:41\",\"creatorId\":1,\"endSchemaId\":27,\"inverseFlag\":0,\"params\":{},\"relation\":\"设施类型\",\"startSchemaId\":20,\"workspaceId\":1001}', '{\"code\":200,\"msg\":\"操作成功\"}', 0, NULL, '2025-09-05 18:40:41', 20);
INSERT INTO `system_oper_log` VALUES (169, '关系配置', 1, 'tech.qiantong.qknow.module.ext.controller.admin.extSchemaRelation.ExtSchemaRelationController.add()', 'POST', 1, 'qKnow', '研发部门', '/ext/relation', '127.0.0.1', '内网IP', '{\"createBy\":\"小桐\",\"createTime\":\"2025-09-05 18:41:15\",\"creatorId\":1,\"endSchemaId\":27,\"inverseFlag\":0,\"params\":{},\"relation\":\"设施类型\",\"startSchemaId\":21,\"workspaceId\":1001}', '{\"code\":200,\"msg\":\"操作成功\"}', 0, NULL, '2025-09-05 18:41:15', 17);
INSERT INTO `system_oper_log` VALUES (170, '关系配置', 2, 'tech.qiantong.qknow.module.ext.controller.admin.extSchemaRelation.ExtSchemaRelationController.edit()', 'PUT', 1, 'qKnow', '研发部门', '/ext/relation', '127.0.0.1', '内网IP', '{\"createBy\":\"小桐\",\"createTime\":\"2025-09-05 18:41:16\",\"creatorId\":1,\"endSchemaId\":27,\"id\":19,\"inverseFlag\":0,\"params\":{},\"relation\":\"遗产设施\",\"startSchemaId\":21,\"updateBy\":\"小桐\",\"updateTime\":\"2025-09-05 18:41:28\",\"updaterId\":1,\"workspaceId\":1001}', '{\"code\":200,\"msg\":\"操作成功\"}', 0, NULL, '2025-09-05 18:41:28', 34);
INSERT INTO `system_oper_log` VALUES (171, '关系配置', 1, 'tech.qiantong.qknow.module.ext.controller.admin.extSchemaRelation.ExtSchemaRelationController.add()', 'POST', 1, 'qKnow', '研发部门', '/ext/relation', '127.0.0.1', '内网IP', '{\"createBy\":\"小桐\",\"createTime\":\"2025-09-05 18:42:04\",\"creatorId\":1,\"endSchemaId\":26,\"inverseFlag\":0,\"params\":{},\"relation\":\"区域类型\",\"startSchemaId\":18,\"workspaceId\":1001}', '{\"code\":200,\"msg\":\"操作成功\"}', 0, NULL, '2025-09-05 18:42:04', 26);
INSERT INTO `system_oper_log` VALUES (172, '测试连接', 3, 'tech.qiantong.qknow.module.dm.controller.admin.datasource.DmDatasourceController.clientsTest()', 'GET', 1, 'qKnow', '研发部门', '/dm/dmDatasource/clientsTest/3', '127.0.0.1', '内网IP', '{}', '{\"msg\":\"数据库连接成功\",\"code\":200}', 0, NULL, '2025-09-05 18:44:13', 15);
INSERT INTO `system_oper_log` VALUES (173, '定时任务', 2, 'tech.qiantong.qknow.quartz.controller.SysJobController.run()', 'PUT', 1, 'qKnow', '研发部门', '/monitor/job/run', '127.0.0.1', '内网IP', '{\"jobGroup\":\"DEFAULT\",\"jobId\":100,\"misfirePolicy\":\"0\",\"params\":{}}', '{\"msg\":\"操作成功\",\"code\":200}', 0, NULL, '2025-09-05 18:44:29', 18);
INSERT INTO `system_oper_log` VALUES (174, '概念属性', 1, 'tech.qiantong.qknow.module.ext.controller.admin.extSchemaAttribute.ExtSchemaAttributeController.add()', 'POST', 1, 'qKnow', '研发部门', '/ext/attribute', '127.0.0.1', '内网IP', '{\"createBy\":\"小桐\",\"createTime\":\"2025-09-05 18:57:01\",\"creatorId\":1,\"dataType\":2,\"multipleFlag\":0,\"name\":\"经度\",\"nameCode\":\"JINGDU\",\"params\":{},\"requireFlag\":0,\"schemaId\":18,\"schemaName\":\"区域\",\"workspaceId\":1001}', '{\"code\":200,\"msg\":\"操作成功\"}', 0, NULL, '2025-09-05 18:57:01', 21);
INSERT INTO `system_oper_log` VALUES (175, '概念属性', 1, 'tech.qiantong.qknow.module.ext.controller.admin.extSchemaAttribute.ExtSchemaAttributeController.add()', 'POST', 1, 'qKnow', '研发部门', '/ext/attribute', '127.0.0.1', '内网IP', '{\"createBy\":\"小桐\",\"createTime\":\"2025-09-05 18:57:13\",\"creatorId\":1,\"dataType\":2,\"multipleFlag\":0,\"name\":\"维度\",\"nameCode\":\"WEIDU\",\"params\":{},\"requireFlag\":0,\"schemaId\":18,\"schemaName\":\"区域\",\"workspaceId\":1001}', '{\"code\":200,\"msg\":\"操作成功\"}', 0, NULL, '2025-09-05 18:57:13', 19);
INSERT INTO `system_oper_log` VALUES (176, '概念属性', 1, 'tech.qiantong.qknow.module.ext.controller.admin.extSchemaAttribute.ExtSchemaAttributeController.add()', 'POST', 1, 'qKnow', '研发部门', '/ext/attribute', '127.0.0.1', '内网IP', '{\"createBy\":\"小桐\",\"createTime\":\"2025-09-05 18:57:36\",\"creatorId\":1,\"dataType\":0,\"multipleFlag\":0,\"name\":\"备注\",\"nameCode\":\"BEIZHU\",\"params\":{},\"requireFlag\":0,\"schemaId\":18,\"schemaName\":\"区域\",\"workspaceId\":1001}', '{\"code\":200,\"msg\":\"操作成功\"}', 0, NULL, '2025-09-05 18:57:36', 19);
INSERT INTO `system_oper_log` VALUES (177, '概念属性', 1, 'tech.qiantong.qknow.module.ext.controller.admin.extSchemaAttribute.ExtSchemaAttributeController.add()', 'POST', 1, 'qKnow', '研发部门', '/ext/attribute', '127.0.0.1', '内网IP', '{\"createBy\":\"小桐\",\"createTime\":\"2025-09-05 18:58:58\",\"creatorId\":1,\"dataType\":2,\"multipleFlag\":0,\"name\":\"经度\",\"nameCode\":\"JINGDU\",\"params\":{},\"requireFlag\":0,\"schemaId\":20,\"schemaName\":\"重要设施\",\"workspaceId\":1001}', '{\"code\":200,\"msg\":\"操作成功\"}', 0, NULL, '2025-09-05 18:58:58', 17);
INSERT INTO `system_oper_log` VALUES (178, '概念属性', 1, 'tech.qiantong.qknow.module.ext.controller.admin.extSchemaAttribute.ExtSchemaAttributeController.add()', 'POST', 1, 'qKnow', '研发部门', '/ext/attribute', '127.0.0.1', '内网IP', '{\"createBy\":\"小桐\",\"createTime\":\"2025-09-05 18:59:23\",\"creatorId\":1,\"dataType\":2,\"multipleFlag\":0,\"name\":\"纬度\",\"nameCode\":\"WEIDU\",\"params\":{},\"requireFlag\":0,\"schemaId\":20,\"schemaName\":\"重要设施\",\"workspaceId\":1001}', '{\"code\":200,\"msg\":\"操作成功\"}', 0, NULL, '2025-09-05 18:59:23', 11);
INSERT INTO `system_oper_log` VALUES (179, '概念属性', 1, 'tech.qiantong.qknow.module.ext.controller.admin.extSchemaAttribute.ExtSchemaAttributeController.add()', 'POST', 1, 'qKnow', '研发部门', '/ext/attribute', '127.0.0.1', '内网IP', '{\"createBy\":\"小桐\",\"createTime\":\"2025-09-05 18:59:36\",\"creatorId\":1,\"dataType\":0,\"multipleFlag\":0,\"name\":\"描述\",\"nameCode\":\"MIAOSHU\",\"params\":{},\"requireFlag\":0,\"schemaId\":20,\"schemaName\":\"重要设施\",\"workspaceId\":1001}', '{\"code\":200,\"msg\":\"操作成功\"}', 0, NULL, '2025-09-05 18:59:36', 31);
INSERT INTO `system_oper_log` VALUES (180, '概念属性', 2, 'tech.qiantong.qknow.module.ext.controller.admin.extSchemaAttribute.ExtSchemaAttributeController.edit()', 'PUT', 1, 'qKnow', '研发部门', '/ext/attribute', '127.0.0.1', '内网IP', '{\"createBy\":\"小桐\",\"createTime\":\"2025-09-05 18:57:13\",\"creatorId\":1,\"dataType\":2,\"id\":22,\"multipleFlag\":0,\"name\":\"纬度\",\"nameCode\":\"WEIDU\",\"params\":{},\"requireFlag\":0,\"schemaId\":18,\"schemaName\":\"区域\",\"updateBy\":\"小桐\",\"updateTime\":\"2025-09-05 19:01:24\",\"updaterId\":1,\"workspaceId\":1001}', '{\"code\":200,\"msg\":\"操作成功\"}', 0, NULL, '2025-09-05 19:01:24', 45);
INSERT INTO `system_oper_log` VALUES (181, '测试连接', 3, 'tech.qiantong.qknow.module.dm.controller.admin.datasource.DmDatasourceController.clientsTest()', 'GET', 1, 'qKnow', '研发部门', '/dm/dmDatasource/clientsTest/3', '127.0.0.1', '内网IP', '{}', '{\"msg\":\"数据库连接成功\",\"code\":200}', 0, NULL, '2025-09-05 19:01:57', 15);
INSERT INTO `system_oper_log` VALUES (182, '定时任务', 2, 'tech.qiantong.qknow.quartz.controller.SysJobController.run()', 'PUT', 1, 'qKnow', '研发部门', '/monitor/job/run', '127.0.0.1', '内网IP', '{\"jobGroup\":\"DEFAULT\",\"jobId\":100,\"misfirePolicy\":\"0\",\"params\":{}}', '{\"msg\":\"操作成功\",\"code\":200}', 0, NULL, '2025-09-05 19:02:04', 12);
INSERT INTO `system_oper_log` VALUES (183, '菜单管理', 1, 'tech.qiantong.qknow.module.system.controller.admin.system.SysMenuController.add()', 'POST', 1, 'qKnow', '研发部门', '/system/menu', '127.0.0.1', '内网IP', '{\"children\":[],\"createBy\":\"小桐\",\"isCache\":\"0\",\"isFrame\":\"1\",\"menuName\":\"数据整编\",\"menuType\":\"C\",\"orderNum\":0,\"params\":{},\"parentId\":2044,\"path\":\"app/sjzb/index\",\"status\":\"0\",\"visible\":\"0\"}', '{\"msg\":\"操作成功\",\"code\":200}', 0, NULL, '2025-09-06 11:04:32', 10);
INSERT INTO `system_oper_log` VALUES (184, '菜单管理', 2, 'tech.qiantong.qknow.module.system.controller.admin.system.SysMenuController.edit()', 'PUT', 1, 'qKnow', '研发部门', '/system/menu', '127.0.0.1', '内网IP', '{\"children\":[],\"component\":\"app/sjzb/index\",\"createTime\":\"2025-09-06 11:04:32\",\"icon\":\"#\",\"isCache\":\"0\",\"isFrame\":\"1\",\"menuId\":2054,\"menuName\":\"数据整编\",\"menuType\":\"C\",\"orderNum\":0,\"params\":{},\"parentId\":2044,\"path\":\"sjzb\",\"perms\":\"\",\"routeName\":\"\",\"status\":\"0\",\"updateBy\":\"小桐\",\"visible\":\"0\"}', '{\"msg\":\"操作成功\",\"code\":200}', 0, NULL, '2025-09-06 11:04:48', 17);
INSERT INTO `system_oper_log` VALUES (185, '用户管理', 3, 'tech.qiantong.qknow.module.system.controller.admin.system.SysUserController.remove()', 'DELETE', 1, 'qKnow', '研发部门', '/system/user/101', '127.0.0.1', '内网IP', '{}', '{\"msg\":\"操作成功\",\"code\":200}', 0, NULL, '2025-09-06 11:21:06', 51);
INSERT INTO `system_oper_log` VALUES (186, '菜单管理', 1, 'tech.qiantong.qknow.module.system.controller.admin.system.SysMenuController.add()', 'POST', 1, 'qKnow', '研发部门', '/system/menu', '127.0.0.1', '内网IP', '{\"children\":[],\"component\":\"knowledge/index\",\"createBy\":\"小桐\",\"icon\":\"clipboard\",\"isCache\":\"0\",\"isFrame\":\"1\",\"menuName\":\"知识库\",\"menuType\":\"C\",\"orderNum\":0,\"params\":{},\"parentId\":0,\"path\":\"knowledge\",\"status\":\"0\",\"visible\":\"0\"}', '{\"msg\":\"操作成功\",\"code\":200}', 0, NULL, '2025-09-09 08:32:12', 31);
INSERT INTO `system_oper_log` VALUES (187, '菜单管理', 1, 'tech.qiantong.qknow.module.system.controller.admin.system.SysMenuController.add()', 'POST', 1, 'qKnow', '研发部门', '/system/menu', '127.0.0.1', '内网IP', '{\"children\":[],\"createBy\":\"小桐\",\"icon\":\"message\",\"isCache\":\"0\",\"isFrame\":\"1\",\"menuName\":\"检索问答\",\"menuType\":\"M\",\"orderNum\":0,\"params\":{},\"parentId\":0,\"path\":\"sqa\",\"status\":\"0\",\"visible\":\"0\"}', '{\"msg\":\"操作成功\",\"code\":200}', 0, NULL, '2025-09-09 08:38:47', 30);
INSERT INTO `system_oper_log` VALUES (188, '菜单管理', 1, 'tech.qiantong.qknow.module.system.controller.admin.system.SysMenuController.add()', 'POST', 1, 'qKnow', '研发部门', '/system/menu', '127.0.0.1', '内网IP', '{\"children\":[],\"component\":\"sqa/knowledgeSearch/index\",\"createBy\":\"小桐\",\"isCache\":\"0\",\"isFrame\":\"1\",\"menuName\":\"知识检索\",\"menuType\":\"C\",\"orderNum\":0,\"params\":{},\"parentId\":2056,\"path\":\"knowledgeSearch\",\"status\":\"0\",\"visible\":\"0\"}', '{\"msg\":\"操作成功\",\"code\":200}', 0, NULL, '2025-09-09 08:40:27', 8);
INSERT INTO `system_oper_log` VALUES (189, '菜单管理', 1, 'tech.qiantong.qknow.module.system.controller.admin.system.SysMenuController.add()', 'POST', 1, 'qKnow', '研发部门', '/system/menu', '127.0.0.1', '内网IP', '{\"children\":[],\"component\":\"sqa/knowledgeQuestion/index\",\"createBy\":\"小桐\",\"isCache\":\"0\",\"isFrame\":\"1\",\"menuName\":\"知识问答\",\"menuType\":\"C\",\"orderNum\":0,\"params\":{},\"parentId\":2056,\"path\":\"knowledgeQuestion\",\"status\":\"0\",\"visible\":\"0\"}', '{\"msg\":\"操作成功\",\"code\":200}', 0, NULL, '2025-09-09 08:41:28', 9);
INSERT INTO `system_oper_log` VALUES (190, '菜单管理', 2, 'tech.qiantong.qknow.module.system.controller.admin.system.SysMenuController.edit()', 'PUT', 1, 'qKnow', '研发部门', '/system/menu', '127.0.0.1', '内网IP', '{\"children\":[],\"component\":\"sqa/knowledgeQuestion/index\",\"createTime\":\"2025-09-09 08:41:28\",\"icon\":\"#\",\"isCache\":\"0\",\"isFrame\":\"1\",\"menuId\":2058,\"menuName\":\"智能问答\",\"menuType\":\"C\",\"orderNum\":0,\"params\":{},\"parentId\":2056,\"path\":\"knowledgeQuestion\",\"perms\":\"\",\"routeName\":\"\",\"status\":\"0\",\"updateBy\":\"小桐\",\"visible\":\"0\"}', '{\"msg\":\"操作成功\",\"code\":200}', 0, NULL, '2025-09-09 08:43:41', 15);
INSERT INTO `system_oper_log` VALUES (191, '代码生成', 6, 'tech.qiantong.qknow.generator.controller.GenController.importTableSave()', 'POST', 1, 'qKnow', '研发部门', '/tool/gen/importTable', '127.0.0.1', '内网IP', '{\"tables\":\"ext_knowledge\"}', '{\"msg\":\"操作成功\",\"code\":200}', 0, NULL, '2025-09-09 09:16:20', 1998);
INSERT INTO `system_oper_log` VALUES (192, '代码生成', 8, 'tech.qiantong.qknow.generator.controller.GenController.batchGenCode()', 'GET', 1, 'qKnow', '研发部门', '/tool/gen/batchGenCode', '127.0.0.1', '内网IP', '{\"tables\":\"ext_knowledge\"}', NULL, 1, 'Unable to find resource \'vm/vue/selection/single-selection.vue.vm\'', '2025-09-09 09:16:49', 916);
INSERT INTO `system_oper_log` VALUES (193, '代码生成', 8, 'tech.qiantong.qknow.generator.controller.GenController.batchGenCode()', 'GET', 1, 'qKnow', '研发部门', '/tool/gen/batchGenCode', '127.0.0.1', '内网IP', '{\"tables\":\"ext_knowledge\"}', NULL, 1, 'Unable to find resource \'vm/vue/selection/single-selection.vue.vm\'', '2025-09-09 09:16:56', 180);
INSERT INTO `system_oper_log` VALUES (194, '代码生成', 8, 'tech.qiantong.qknow.generator.controller.GenController.batchGenCode()', 'GET', 1, 'qKnow', '研发部门', '/tool/gen/batchGenCode', '127.0.0.1', '内网IP', '{\"tables\":\"ext_knowledge\"}', NULL, 1, 'Unable to find resource \'vm/vue/selection/single-selection.vue.vm\'', '2025-09-09 09:17:16', 234);
INSERT INTO `system_oper_log` VALUES (195, '代码生成', 8, 'tech.qiantong.qknow.generator.controller.GenController.batchGenCode()', 'GET', 1, 'qKnow', '研发部门', '/tool/gen/batchGenCode', '127.0.0.1', '内网IP', '{\"tables\":\"ext_knowledge\"}', NULL, 1, 'Unable to find resource \'vm/vue/selection/single-selection.vue.vm\'', '2025-09-09 09:19:47', 272);
INSERT INTO `system_oper_log` VALUES (196, '代码生成', 8, 'tech.qiantong.qknow.generator.controller.GenController.batchGenCode()', 'GET', 1, 'qKnow', '研发部门', '/tool/gen/batchGenCode', '127.0.0.1', '内网IP', '{\"tables\":\"ext_knowledge\"}', NULL, 1, 'Unable to find resource \'vm/vue/selection/single-selection.vue.vm\'', '2025-09-09 09:22:25', 1219);
INSERT INTO `system_oper_log` VALUES (197, '代码生成', 8, 'tech.qiantong.qknow.generator.controller.GenController.batchGenCode()', 'GET', 1, 'qKnow', '研发部门', '/tool/gen/batchGenCode', '127.0.0.1', '内网IP', '{\"tables\":\"ext_knowledge\"}', NULL, 1, 'Unable to find resource \'vm/vue/selection/single-selection.vue.vm\'', '2025-09-09 09:22:35', 166);
INSERT INTO `system_oper_log` VALUES (198, '代码生成', 8, 'tech.qiantong.qknow.generator.controller.GenController.batchGenCode()', 'GET', 1, 'qKnow', '研发部门', '/tool/gen/batchGenCode', '127.0.0.1', '内网IP', '{\"tables\":\"ext_knowledge\"}', NULL, 1, 'Unable to find resource \'vm/vue/selection/single-selection.vue.vm\'', '2025-09-09 09:27:56', 1075);
INSERT INTO `system_oper_log` VALUES (199, '代码生成', 8, 'tech.qiantong.qknow.generator.controller.GenController.batchGenCode()', 'GET', 1, 'qKnow', '研发部门', '/tool/gen/batchGenCode', '127.0.0.1', '内网IP', '{\"tables\":\"ext_knowledge\"}', NULL, 0, NULL, '2025-09-09 09:30:34', 936);
INSERT INTO `system_oper_log` VALUES (200, '代码生成', 2, 'tech.qiantong.qknow.generator.controller.GenController.editSave()', 'PUT', 1, 'qKnow', '研发部门', '/tool/gen', '127.0.0.1', '内网IP', '{\"businessName\":\"knowledge\",\"className\":\"ExtKnowledge\",\"columns\":[{\"capJavaField\":\"Id\",\"columnComment\":\"ID\",\"columnId\":1,\"columnName\":\"id\",\"columnType\":\"bigint(20)\",\"createBy\":\"qKnow\",\"createTime\":\"2025-09-09 09:16:20\",\"dictType\":\"\",\"edit\":false,\"htmlType\":\"input\",\"increment\":true,\"insert\":true,\"isIncrement\":\"1\",\"isInsert\":\"1\",\"isPk\":\"1\",\"isRequired\":\"0\",\"javaField\":\"id\",\"javaType\":\"Long\",\"list\":false,\"params\":{},\"pk\":true,\"query\":false,\"queryType\":\"EQ\",\"required\":false,\"sort\":1,\"superColumn\":false,\"tableId\":1,\"updateBy\":\"\",\"usableColumn\":false},{\"capJavaField\":\"VidType\",\"columnComment\":\"vid类型\",\"columnId\":2,\"columnName\":\"vid_type\",\"columnType\":\"int(11)\",\"createBy\":\"qKnow\",\"createTime\":\"2025-09-09 09:16:20\",\"dictType\":\"\",\"edit\":true,\"htmlType\":\"select\",\"increment\":false,\"insert\":true,\"isEdit\":\"1\",\"isIncrement\":\"0\",\"isInsert\":\"1\",\"isList\":\"1\",\"isPk\":\"0\",\"isQuery\":\"1\",\"isRequired\":\"0\",\"javaField\":\"vidType\",\"javaType\":\"Long\",\"list\":true,\"params\":{},\"pk\":false,\"query\":true,\"queryType\":\"EQ\",\"required\":false,\"sort\":2,\"superColumn\":false,\"tableId\":1,\"updateBy\":\"\",\"usableColumn\":false},{\"capJavaField\":\"Name\",\"columnComment\":\"知识库名称\",\"columnId\":3,\"columnName\":\"name\",\"columnType\":\"varchar(50)\",\"createBy\":\"qKnow\",\"createTime\":\"2025-09-09 09:16:20\",\"dictType\":\"\",\"edit\":true,\"htmlType\":\"input\",\"increment\":false,\"insert\":true,\"isEdit\":\"1\",\"isIncrement\":\"0\",\"isInsert\":\"1\",\"isList\":\"1\",\"isPk\":\"0\",\"isQuery\":\"1\",\"isRequired\":\"0\",\"javaField\":\"name\",\"javaType\":\"String\",\"list\":true,\"params\":{},\"pk\":false,\"query\":true,\"queryType\":\"LIKE\",\"required\":false,\"sort\":3,\"superColumn\":false,\"tableId\":1,\"updateBy\":\"\",\"usableColumn\":false},{\"capJavaField\":\"Description\",\"columnComment\":\"知识库描述\",\"columnId\":4,\"columnName\":\"description\",\"columnType\":\"text\",\"createBy\":\"qKnow\",\"createTime\":\"2025-09-09 09:16:20\",\"dictType\":\"\",\"edit\":true,\"htmlType\":\"textarea\",\"increment\":false,\"insert\":true,\"isEdit\":\"1\",\"isIncrement\":\"0\",\"isInsert\":\"1\",\"isList\":\"1\",\"isPk\":\"0\",\"isQuery\":\"1\",\"isRequired\":\"0\",\"javaField\":\"descr', '{\"msg\":\"操作成功\",\"code\":200}', 0, NULL, '2025-09-09 09:31:17', 2238);
INSERT INTO `system_oper_log` VALUES (201, '代码生成', 2, 'tech.qiantong.qknow.generator.controller.GenController.editSave()', 'PUT', 1, 'qKnow', '研发部门', '/tool/gen', '127.0.0.1', '内网IP', '{\"businessName\":\"knowledge\",\"className\":\"ExtKnowledge\",\"columns\":[{\"capJavaField\":\"Id\",\"columnComment\":\"ID\",\"columnId\":1,\"columnName\":\"id\",\"columnType\":\"bigint(20)\",\"createBy\":\"qKnow\",\"createTime\":\"2025-09-09 09:16:20\",\"dictType\":\"\",\"edit\":false,\"htmlType\":\"input\",\"increment\":true,\"insert\":true,\"isIncrement\":\"1\",\"isInsert\":\"1\",\"isPk\":\"1\",\"isRequired\":\"0\",\"javaField\":\"id\",\"javaType\":\"Long\",\"list\":false,\"params\":{},\"pk\":true,\"query\":false,\"queryType\":\"EQ\",\"required\":false,\"sort\":1,\"superColumn\":false,\"tableId\":1,\"updateBy\":\"\",\"usableColumn\":false},{\"capJavaField\":\"VidType\",\"columnComment\":\"vid类型\",\"columnId\":2,\"columnName\":\"vid_type\",\"columnType\":\"int(11)\",\"createBy\":\"qKnow\",\"createTime\":\"2025-09-09 09:16:20\",\"dictType\":\"\",\"edit\":true,\"htmlType\":\"select\",\"increment\":false,\"insert\":true,\"isEdit\":\"1\",\"isIncrement\":\"0\",\"isInsert\":\"1\",\"isList\":\"1\",\"isPk\":\"0\",\"isQuery\":\"1\",\"isRequired\":\"0\",\"javaField\":\"vidType\",\"javaType\":\"Long\",\"list\":true,\"params\":{},\"pk\":false,\"query\":true,\"queryType\":\"EQ\",\"required\":false,\"sort\":2,\"superColumn\":false,\"tableId\":1,\"updateBy\":\"\",\"usableColumn\":false},{\"capJavaField\":\"Name\",\"columnComment\":\"知识库名称\",\"columnId\":3,\"columnName\":\"name\",\"columnType\":\"varchar(50)\",\"createBy\":\"qKnow\",\"createTime\":\"2025-09-09 09:16:20\",\"dictType\":\"\",\"edit\":true,\"htmlType\":\"input\",\"increment\":false,\"insert\":true,\"isEdit\":\"1\",\"isIncrement\":\"0\",\"isInsert\":\"1\",\"isList\":\"1\",\"isPk\":\"0\",\"isQuery\":\"1\",\"isRequired\":\"0\",\"javaField\":\"name\",\"javaType\":\"String\",\"list\":true,\"params\":{},\"pk\":false,\"query\":true,\"queryType\":\"LIKE\",\"required\":false,\"sort\":3,\"superColumn\":false,\"tableId\":1,\"updateBy\":\"\",\"usableColumn\":false},{\"capJavaField\":\"Description\",\"columnComment\":\"知识库描述\",\"columnId\":4,\"columnName\":\"description\",\"columnType\":\"text\",\"createBy\":\"qKnow\",\"createTime\":\"2025-09-09 09:16:20\",\"dictType\":\"\",\"edit\":true,\"htmlType\":\"textarea\",\"increment\":false,\"insert\":true,\"isEdit\":\"1\",\"isIncrement\":\"0\",\"isInsert\":\"1\",\"isList\":\"1\",\"isPk\":\"0\",\"isQuery\":\"1\",\"isRequired\":\"0\",\"javaField\":\"descr', '{\"msg\":\"操作成功\",\"code\":200}', 0, NULL, '2025-09-09 09:31:17', 810);
INSERT INTO `system_oper_log` VALUES (202, '代码生成', 2, 'tech.qiantong.qknow.generator.controller.GenController.editSave()', 'PUT', 1, 'qKnow', '研发部门', '/tool/gen', '127.0.0.1', '内网IP', '{\"businessName\":\"knowledge\",\"className\":\"ExtKnowledge\",\"columns\":[{\"capJavaField\":\"Id\",\"columnComment\":\"ID\",\"columnId\":1,\"columnName\":\"id\",\"columnType\":\"bigint(20)\",\"createBy\":\"qKnow\",\"createTime\":\"2025-09-09 09:16:20\",\"dictType\":\"\",\"edit\":false,\"htmlType\":\"input\",\"increment\":true,\"insert\":true,\"isIncrement\":\"1\",\"isInsert\":\"1\",\"isPk\":\"1\",\"isRequired\":\"0\",\"javaField\":\"id\",\"javaType\":\"Long\",\"list\":false,\"params\":{},\"pk\":true,\"query\":false,\"queryType\":\"EQ\",\"required\":false,\"sort\":1,\"superColumn\":false,\"tableId\":1,\"updateBy\":\"\",\"updateTime\":\"2025-09-09 09:31:16\",\"usableColumn\":false},{\"capJavaField\":\"VidType\",\"columnComment\":\"vid类型\",\"columnId\":2,\"columnName\":\"vid_type\",\"columnType\":\"int(11)\",\"createBy\":\"qKnow\",\"createTime\":\"2025-09-09 09:16:20\",\"dictType\":\"\",\"edit\":true,\"htmlType\":\"select\",\"increment\":false,\"insert\":true,\"isEdit\":\"1\",\"isIncrement\":\"0\",\"isInsert\":\"1\",\"isList\":\"1\",\"isPk\":\"0\",\"isQuery\":\"1\",\"isRequired\":\"0\",\"javaField\":\"vidType\",\"javaType\":\"Long\",\"list\":true,\"params\":{},\"pk\":false,\"query\":true,\"queryType\":\"EQ\",\"required\":false,\"sort\":2,\"superColumn\":false,\"tableId\":1,\"updateBy\":\"\",\"updateTime\":\"2025-09-09 09:31:16\",\"usableColumn\":false},{\"capJavaField\":\"Name\",\"columnComment\":\"知识库名称\",\"columnId\":3,\"columnName\":\"name\",\"columnType\":\"varchar(50)\",\"createBy\":\"qKnow\",\"createTime\":\"2025-09-09 09:16:20\",\"dictType\":\"\",\"edit\":true,\"htmlType\":\"input\",\"increment\":false,\"insert\":true,\"isEdit\":\"1\",\"isIncrement\":\"0\",\"isInsert\":\"1\",\"isList\":\"1\",\"isPk\":\"0\",\"isQuery\":\"1\",\"isRequired\":\"0\",\"javaField\":\"name\",\"javaType\":\"String\",\"list\":true,\"params\":{},\"pk\":false,\"query\":true,\"queryType\":\"LIKE\",\"required\":false,\"sort\":3,\"superColumn\":false,\"tableId\":1,\"updateBy\":\"\",\"updateTime\":\"2025-09-09 09:31:16\",\"usableColumn\":false},{\"capJavaField\":\"Description\",\"columnComment\":\"知识库描述\",\"columnId\":4,\"columnName\":\"description\",\"columnType\":\"text\",\"createBy\":\"qKnow\",\"createTime\":\"2025-09-09 09:16:20\",\"dictType\":\"\",\"edit\":true,\"htmlType\":\"textarea\",\"increment\":false,\"insert\":true,\"isEdit\":\"1\",\"', '{\"msg\":\"操作成功\",\"code\":200}', 0, NULL, '2025-09-09 09:38:28', 120);
INSERT INTO `system_oper_log` VALUES (203, '代码生成', 2, 'tech.qiantong.qknow.generator.controller.GenController.editSave()', 'PUT', 1, 'qKnow', '研发部门', '/tool/gen', '127.0.0.1', '内网IP', '{\"businessName\":\"knowledge\",\"className\":\"ExtKnowledge\",\"columns\":[{\"capJavaField\":\"Id\",\"columnComment\":\"ID\",\"columnId\":1,\"columnName\":\"id\",\"columnType\":\"bigint(20)\",\"createBy\":\"qKnow\",\"createTime\":\"2025-09-09 09:16:20\",\"dictType\":\"\",\"edit\":false,\"htmlType\":\"input\",\"increment\":true,\"insert\":true,\"isIncrement\":\"1\",\"isInsert\":\"1\",\"isPk\":\"1\",\"isRequired\":\"0\",\"javaField\":\"id\",\"javaType\":\"Long\",\"list\":false,\"params\":{},\"pk\":true,\"query\":false,\"queryType\":\"EQ\",\"required\":false,\"sort\":1,\"superColumn\":false,\"tableId\":1,\"updateBy\":\"\",\"updateTime\":\"2025-09-09 09:38:27\",\"usableColumn\":false},{\"capJavaField\":\"VidType\",\"columnComment\":\"vid类型\",\"columnId\":2,\"columnName\":\"vid_type\",\"columnType\":\"int(11)\",\"createBy\":\"qKnow\",\"createTime\":\"2025-09-09 09:16:20\",\"dictType\":\"\",\"edit\":true,\"htmlType\":\"select\",\"increment\":false,\"insert\":true,\"isEdit\":\"1\",\"isIncrement\":\"0\",\"isInsert\":\"1\",\"isList\":\"1\",\"isPk\":\"0\",\"isQuery\":\"1\",\"isRequired\":\"0\",\"javaField\":\"vidType\",\"javaType\":\"Long\",\"list\":true,\"params\":{},\"pk\":false,\"query\":true,\"queryType\":\"EQ\",\"required\":false,\"sort\":2,\"superColumn\":false,\"tableId\":1,\"updateBy\":\"\",\"updateTime\":\"2025-09-09 09:38:27\",\"usableColumn\":false},{\"capJavaField\":\"Name\",\"columnComment\":\"知识库名称\",\"columnId\":3,\"columnName\":\"name\",\"columnType\":\"varchar(50)\",\"createBy\":\"qKnow\",\"createTime\":\"2025-09-09 09:16:20\",\"dictType\":\"\",\"edit\":true,\"htmlType\":\"input\",\"increment\":false,\"insert\":true,\"isEdit\":\"1\",\"isIncrement\":\"0\",\"isInsert\":\"1\",\"isList\":\"1\",\"isPk\":\"0\",\"isQuery\":\"1\",\"isRequired\":\"0\",\"javaField\":\"name\",\"javaType\":\"String\",\"list\":true,\"params\":{},\"pk\":false,\"query\":true,\"queryType\":\"LIKE\",\"required\":false,\"sort\":3,\"superColumn\":false,\"tableId\":1,\"updateBy\":\"\",\"updateTime\":\"2025-09-09 09:38:27\",\"usableColumn\":false},{\"capJavaField\":\"Description\",\"columnComment\":\"知识库描述\",\"columnId\":4,\"columnName\":\"description\",\"columnType\":\"text\",\"createBy\":\"qKnow\",\"createTime\":\"2025-09-09 09:16:20\",\"dictType\":\"\",\"edit\":true,\"htmlType\":\"textarea\",\"increment\":false,\"insert\":true,\"isEdit\":\"1\",\"', '{\"msg\":\"操作成功\",\"code\":200}', 0, NULL, '2025-09-09 09:39:19', 105);
INSERT INTO `system_oper_log` VALUES (204, '代码生成', 8, 'tech.qiantong.qknow.generator.controller.GenController.batchGenCode()', 'GET', 1, 'qKnow', '研发部门', '/tool/gen/batchGenCode', '127.0.0.1', '内网IP', '{\"tables\":\"ext_knowledge\"}', NULL, 0, NULL, '2025-09-09 09:39:21', 423);
INSERT INTO `system_oper_log` VALUES (205, '代码生成', 2, 'tech.qiantong.qknow.generator.controller.GenController.editSave()', 'PUT', 1, 'qKnow', '研发部门', '/tool/gen', '127.0.0.1', '内网IP', '{\"businessName\":\"ext\",\"className\":\"ExtKnowledge\",\"columns\":[{\"capJavaField\":\"Id\",\"columnComment\":\"ID\",\"columnId\":1,\"columnName\":\"id\",\"columnType\":\"bigint(20)\",\"createBy\":\"qKnow\",\"createTime\":\"2025-09-09 09:16:20\",\"dictType\":\"\",\"edit\":false,\"htmlType\":\"input\",\"increment\":true,\"insert\":true,\"isIncrement\":\"1\",\"isInsert\":\"1\",\"isPk\":\"1\",\"isRequired\":\"0\",\"javaField\":\"id\",\"javaType\":\"Long\",\"list\":false,\"params\":{},\"pk\":true,\"query\":false,\"queryType\":\"EQ\",\"required\":false,\"sort\":1,\"superColumn\":false,\"tableId\":1,\"updateBy\":\"\",\"updateTime\":\"2025-09-09 09:39:19\",\"usableColumn\":false},{\"capJavaField\":\"VidType\",\"columnComment\":\"vid类型\",\"columnId\":2,\"columnName\":\"vid_type\",\"columnType\":\"int(11)\",\"createBy\":\"qKnow\",\"createTime\":\"2025-09-09 09:16:20\",\"dictType\":\"\",\"edit\":true,\"htmlType\":\"select\",\"increment\":false,\"insert\":true,\"isEdit\":\"1\",\"isIncrement\":\"0\",\"isInsert\":\"1\",\"isList\":\"1\",\"isPk\":\"0\",\"isQuery\":\"1\",\"isRequired\":\"0\",\"javaField\":\"vidType\",\"javaType\":\"Long\",\"list\":true,\"params\":{},\"pk\":false,\"query\":true,\"queryType\":\"EQ\",\"required\":false,\"sort\":2,\"superColumn\":false,\"tableId\":1,\"updateBy\":\"\",\"updateTime\":\"2025-09-09 09:39:19\",\"usableColumn\":false},{\"capJavaField\":\"Name\",\"columnComment\":\"知识库名称\",\"columnId\":3,\"columnName\":\"name\",\"columnType\":\"varchar(50)\",\"createBy\":\"qKnow\",\"createTime\":\"2025-09-09 09:16:20\",\"dictType\":\"\",\"edit\":true,\"htmlType\":\"input\",\"increment\":false,\"insert\":true,\"isEdit\":\"1\",\"isIncrement\":\"0\",\"isInsert\":\"1\",\"isList\":\"1\",\"isPk\":\"0\",\"isQuery\":\"1\",\"isRequired\":\"0\",\"javaField\":\"name\",\"javaType\":\"String\",\"list\":true,\"params\":{},\"pk\":false,\"query\":true,\"queryType\":\"LIKE\",\"required\":false,\"sort\":3,\"superColumn\":false,\"tableId\":1,\"updateBy\":\"\",\"updateTime\":\"2025-09-09 09:39:19\",\"usableColumn\":false},{\"capJavaField\":\"Description\",\"columnComment\":\"知识库描述\",\"columnId\":4,\"columnName\":\"description\",\"columnType\":\"text\",\"createBy\":\"qKnow\",\"createTime\":\"2025-09-09 09:16:20\",\"dictType\":\"\",\"edit\":true,\"htmlType\":\"textarea\",\"increment\":false,\"insert\":true,\"isEdit\":\"1\",\"isIncr', '{\"msg\":\"操作成功\",\"code\":200}', 0, NULL, '2025-09-09 09:40:06', 71);
INSERT INTO `system_oper_log` VALUES (206, '代码生成', 8, 'tech.qiantong.qknow.generator.controller.GenController.batchGenCode()', 'GET', 1, 'qKnow', '研发部门', '/tool/gen/batchGenCode', '127.0.0.1', '内网IP', '{\"tables\":\"ext_knowledge\"}', NULL, 0, NULL, '2025-09-09 09:40:17', 291);
INSERT INTO `system_oper_log` VALUES (207, '代码生成', 2, 'tech.qiantong.qknow.generator.controller.GenController.editSave()', 'PUT', 1, 'qKnow', '研发部门', '/tool/gen', '127.0.0.1', '内网IP', '{\"businessName\":\"extKnowledge\",\"className\":\"ExtKnowledge\",\"columns\":[{\"capJavaField\":\"Id\",\"columnComment\":\"ID\",\"columnId\":1,\"columnName\":\"id\",\"columnType\":\"bigint(20)\",\"createBy\":\"qKnow\",\"createTime\":\"2025-09-09 09:16:20\",\"dictType\":\"\",\"edit\":false,\"htmlType\":\"input\",\"increment\":true,\"insert\":true,\"isIncrement\":\"1\",\"isInsert\":\"1\",\"isPk\":\"1\",\"isRequired\":\"0\",\"javaField\":\"id\",\"javaType\":\"Long\",\"list\":false,\"params\":{},\"pk\":true,\"query\":false,\"queryType\":\"EQ\",\"required\":false,\"sort\":1,\"superColumn\":false,\"tableId\":1,\"updateBy\":\"\",\"updateTime\":\"2025-09-09 09:40:06\",\"usableColumn\":false},{\"capJavaField\":\"VidType\",\"columnComment\":\"vid类型\",\"columnId\":2,\"columnName\":\"vid_type\",\"columnType\":\"int(11)\",\"createBy\":\"qKnow\",\"createTime\":\"2025-09-09 09:16:20\",\"dictType\":\"\",\"edit\":true,\"htmlType\":\"select\",\"increment\":false,\"insert\":true,\"isEdit\":\"1\",\"isIncrement\":\"0\",\"isInsert\":\"1\",\"isList\":\"1\",\"isPk\":\"0\",\"isQuery\":\"1\",\"isRequired\":\"0\",\"javaField\":\"vidType\",\"javaType\":\"Long\",\"list\":true,\"params\":{},\"pk\":false,\"query\":true,\"queryType\":\"EQ\",\"required\":false,\"sort\":2,\"superColumn\":false,\"tableId\":1,\"updateBy\":\"\",\"updateTime\":\"2025-09-09 09:40:06\",\"usableColumn\":false},{\"capJavaField\":\"Name\",\"columnComment\":\"知识库名称\",\"columnId\":3,\"columnName\":\"name\",\"columnType\":\"varchar(50)\",\"createBy\":\"qKnow\",\"createTime\":\"2025-09-09 09:16:20\",\"dictType\":\"\",\"edit\":true,\"htmlType\":\"input\",\"increment\":false,\"insert\":true,\"isEdit\":\"1\",\"isIncrement\":\"0\",\"isInsert\":\"1\",\"isList\":\"1\",\"isPk\":\"0\",\"isQuery\":\"1\",\"isRequired\":\"0\",\"javaField\":\"name\",\"javaType\":\"String\",\"list\":true,\"params\":{},\"pk\":false,\"query\":true,\"queryType\":\"LIKE\",\"required\":false,\"sort\":3,\"superColumn\":false,\"tableId\":1,\"updateBy\":\"\",\"updateTime\":\"2025-09-09 09:40:06\",\"usableColumn\":false},{\"capJavaField\":\"Description\",\"columnComment\":\"知识库描述\",\"columnId\":4,\"columnName\":\"description\",\"columnType\":\"text\",\"createBy\":\"qKnow\",\"createTime\":\"2025-09-09 09:16:20\",\"dictType\":\"\",\"edit\":true,\"htmlType\":\"textarea\",\"increment\":false,\"insert\":true,\"isEdit\":\"1', '{\"msg\":\"操作成功\",\"code\":200}', 0, NULL, '2025-09-09 09:54:11', 122);
INSERT INTO `system_oper_log` VALUES (208, '代码生成', 8, 'tech.qiantong.qknow.generator.controller.GenController.batchGenCode()', 'GET', 1, 'qKnow', '研发部门', '/tool/gen/batchGenCode', '127.0.0.1', '内网IP', '{\"tables\":\"ext_knowledge\"}', NULL, 0, NULL, '2025-09-09 09:54:19', 774);
INSERT INTO `system_oper_log` VALUES (209, '菜单管理', 2, 'tech.qiantong.qknow.module.system.controller.admin.system.SysMenuController.edit()', 'PUT', 1, 'qKnow', '研发部门', '/system/menu', '127.0.0.1', '内网IP', '{\"children\":[],\"component\":\"extKnowledge/index\",\"createTime\":\"2025-09-09 08:32:12\",\"icon\":\"clipboard\",\"isCache\":\"0\",\"isFrame\":\"1\",\"menuId\":2055,\"menuName\":\"知识库\",\"menuType\":\"C\",\"orderNum\":0,\"params\":{},\"parentId\":0,\"path\":\"extKnowledge\",\"perms\":\"\",\"routeName\":\"\",\"status\":\"0\",\"updateBy\":\"小桐\",\"visible\":\"0\"}', '{\"msg\":\"操作成功\",\"code\":200}', 0, NULL, '2025-09-09 10:09:43', 75);
INSERT INTO `system_oper_log` VALUES (210, '菜单管理', 2, 'tech.qiantong.qknow.module.system.controller.admin.system.SysMenuController.edit()', 'PUT', 1, 'qKnow', '研发部门', '/system/menu', '127.0.0.1', '内网IP', '{\"children\":[],\"component\":\"ext/extKnowledge/index\",\"createTime\":\"2025-09-09 08:32:12\",\"icon\":\"clipboard\",\"isCache\":\"0\",\"isFrame\":\"1\",\"menuId\":2055,\"menuName\":\"知识库\",\"menuType\":\"C\",\"orderNum\":0,\"params\":{},\"parentId\":0,\"path\":\"extKnowledge\",\"perms\":\"\",\"routeName\":\"\",\"status\":\"0\",\"updateBy\":\"小桐\",\"visible\":\"0\"}', '{\"msg\":\"操作成功\",\"code\":200}', 0, NULL, '2025-09-09 10:10:46', 14);
INSERT INTO `system_oper_log` VALUES (211, '知识库', 1, 'tech.qiantong.qknow.module.ext.controller.admin.extKnowledge.ExtKnowledgeController.add()', 'POST', 1, 'qKnow', '研发部门', '/ext/extKnowledge', '127.0.0.1', '内网IP', '{\"description\":\"是的感受到\",\"name\":\"水电费\",\"params\":{},\"remark\":\"水电费是的\"}', '{\"code\":200,\"msg\":\"操作成功\"}', 0, NULL, '2025-09-09 10:11:13', 55);
INSERT INTO `system_oper_log` VALUES (212, '知识库', 1, 'tech.qiantong.qknow.module.ext.controller.admin.extKnowledge.ExtKnowledgeController.add()', 'POST', 1, 'qKnow', '研发部门', '/ext/extKnowledge', '127.0.0.1', '内网IP', '{\"description\":\"人物知识库\",\"name\":\"人物知识库\",\"params\":{},\"remark\":\"人物知识库\"}', '{\"code\":200,\"msg\":\"操作成功\"}', 0, NULL, '2025-09-09 10:14:18', 33);
INSERT INTO `system_oper_log` VALUES (213, '知识库', 2, 'tech.qiantong.qknow.module.ext.controller.admin.extKnowledge.ExtKnowledgeController.edit()', 'PUT', 1, 'qKnow', '研发部门', '/ext/extKnowledge', '127.0.0.1', '内网IP', '{\"createBy\":\"小桐\",\"createTime\":\"2025-09-09 18:14:19\",\"creatorId\":1,\"description\":\"人物知识库第三方\",\"id\":2,\"name\":\"人物知识库\",\"params\":{},\"remark\":\"人物知识库\",\"updateBy\":\"小桐\",\"updateTime\":\"2025-09-09 18:14:19\"}', '{\"code\":200,\"msg\":\"操作成功\"}', 0, NULL, '2025-09-09 10:19:12', 43);
INSERT INTO `system_oper_log` VALUES (214, '知识库', 1, 'tech.qiantong.qknow.module.ext.controller.admin.extKnowledge.ExtKnowledgeController.add()', 'POST', 1, 'qKnow', '研发部门', '/ext/extKnowledge', '127.0.0.1', '内网IP', '{\"description\":\"MB知识库\",\"name\":\"MB知识库\",\"params\":{},\"remark\":\"MB知识库\"}', '{\"code\":200,\"msg\":\"操作成功\"}', 0, NULL, '2025-09-10 02:26:41', 63);
INSERT INTO `system_oper_log` VALUES (215, '测试连接', 3, 'com.insmess.knowledge.module.dm.controller.admin.datasource.DmDatasourceController.clientsTest()', 'GET', 1, 'insmess', '研发部门', '/dm/dmDatasource/clientsTest/3', '127.0.0.1', '内网IP', '{}', '{\"msg\":\"数据库连接成功\",\"code\":200}', 0, NULL, '2025-09-15 01:11:29', 194);
INSERT INTO `system_oper_log` VALUES (216, '测试连接', 3, 'com.insmess.knowledge.module.dm.controller.admin.datasource.DmDatasourceController.clientsTest()', 'GET', 1, 'insmess', '研发部门', '/dm/dmDatasource/clientsTest/3', '127.0.0.1', '内网IP', '{}', '{\"msg\":\"数据库连接成功\",\"code\":200}', 0, NULL, '2025-09-15 01:11:33', 15);
INSERT INTO `system_oper_log` VALUES (217, '测试连接', 3, 'com.insmess.knowledge.module.dm.controller.admin.datasource.DmDatasourceController.clientsTest()', 'GET', 1, 'insmess', '研发部门', '/dm/dmDatasource/clientsTest/3', '127.0.0.1', '内网IP', '{}', '{\"msg\":\"数据库连接成功\",\"code\":200}', 0, NULL, '2025-09-15 06:14:09', 206);
INSERT INTO `system_oper_log` VALUES (218, '测试连接', 3, 'com.insmess.knowledge.module.dm.controller.admin.datasource.DmDatasourceController.clientsTest()', 'GET', 1, 'insmess', '研发部门', '/dm/dmDatasource/clientsTest/1', '127.0.0.1', '内网IP', '{}', '{\"msg\":\"数据库连接成功\",\"code\":200}', 0, NULL, '2025-09-15 06:15:58', 23);
INSERT INTO `system_oper_log` VALUES (219, '测试连接', 3, 'com.insmess.knowledge.module.dm.controller.admin.datasource.DmDatasourceController.clientsTest()', 'GET', 1, 'insmess', '研发部门', '/dm/dmDatasource/clientsTest/1', '127.0.0.1', '内网IP', '{}', '{\"msg\":\"数据库连接成功\",\"code\":200}', 0, NULL, '2025-09-16 05:24:14', 28);
INSERT INTO `system_oper_log` VALUES (220, '测试连接', 3, 'com.insmess.knowledge.module.dm.controller.admin.datasource.DmDatasourceController.clientsTest()', 'GET', 1, 'insmess', '研发部门', '/dm/dmDatasource/clientsTest/1', '127.0.0.1', '内网IP', '{}', '{\"msg\":\"数据库连接成功\",\"code\":200}', 0, NULL, '2025-09-16 05:24:16', 13);
INSERT INTO `system_oper_log` VALUES (221, '结构化抽取任务', 3, 'com.insmess.knowledge.module.ext.controller.admin.extStructTask.ExtStructTaskController.remove()', 'DELETE', 1, 'insmess', '研发部门', '/ext/extStruct/7', '127.0.0.1', '内网IP', '{}', '{\"code\":200,\"msg\":\"操作成功\"}', 0, NULL, '2025-09-16 05:27:56', 553);
INSERT INTO `system_oper_log` VALUES (222, '定时任务', 2, 'controller.com.insmess.knowledge.quartz.SysJobController.run()', 'PUT', 1, 'insmess', '研发部门', '/monitor/job/run', '127.0.0.1', '内网IP', '{\"jobGroup\":\"DEFAULT\",\"jobId\":100,\"misfirePolicy\":\"0\",\"params\":{}}', '{\"msg\":\"操作成功\",\"code\":200}', 0, NULL, '2025-09-16 05:29:37', 20);
INSERT INTO `system_oper_log` VALUES (223, '定时任务', 2, 'controller.com.insmess.knowledge.quartz.SysJobController.run()', 'PUT', 1, 'insmess', '研发部门', '/monitor/job/run', '127.0.0.1', '内网IP', '{\"jobGroup\":\"DEFAULT\",\"jobId\":100,\"misfirePolicy\":\"0\",\"params\":{}}', '{\"msg\":\"操作成功\",\"code\":200}', 0, NULL, '2025-09-16 05:33:33', 9);
INSERT INTO `system_oper_log` VALUES (224, '定时任务', 2, 'controller.com.insmess.knowledge.quartz.SysJobController.run()', 'PUT', 1, 'insmess', '研发部门', '/monitor/job/run', '127.0.0.1', '内网IP', '{\"jobGroup\":\"DEFAULT\",\"jobId\":100,\"misfirePolicy\":\"0\",\"params\":{}}', '{\"msg\":\"操作成功\",\"code\":200}', 0, NULL, '2025-09-16 05:34:47', 7);
INSERT INTO `system_oper_log` VALUES (225, '测试连接', 3, 'com.insmess.knowledge.module.dm.controller.admin.datasource.DmDatasourceController.clientsTest()', 'GET', 1, 'insmess', '研发部门', '/dm/dmDatasource/clientsTest/3', '127.0.0.1', '内网IP', '{}', '{\"msg\":\"数据库连接成功\",\"code\":200}', 0, NULL, '2025-09-16 05:48:21', 15);
INSERT INTO `system_oper_log` VALUES (226, '定时任务', 2, 'controller.com.insmess.knowledge.quartz.SysJobController.run()', 'PUT', 1, 'insmess', '研发部门', '/monitor/job/run', '127.0.0.1', '内网IP', '{\"jobGroup\":\"DEFAULT\",\"jobId\":100,\"misfirePolicy\":\"0\",\"params\":{}}', '{\"msg\":\"操作成功\",\"code\":200}', 0, NULL, '2025-09-16 05:48:38', 12);
INSERT INTO `system_oper_log` VALUES (227, '概念配置', 2, 'com.insmess.knowledge.module.ext.controller.admin.extSchema.ExtSchemaController.edit()', 'PUT', 1, 'insmess', '研发部门', '/ext/schema', '114.246.239.19', 'XX XX', '{\"color\":\"#A109FF\",\"createBy\":\"小桐\",\"createTime\":\"2025-09-04 18:14:57\",\"creatorId\":1,\"description\":\"1111\",\"id\":2,\"knowledgeId\":2,\"name\":\"歌曲\",\"params\":{},\"pid\":0,\"updateBy\":\"星小图\",\"updateTime\":\"2025-09-16 16:43:19\",\"updaterId\":1,\"workspaceId\":1001}', '{\"code\":200,\"msg\":\"操作成功\"}', 0, NULL, '2025-09-16 08:43:20', 67);
INSERT INTO `system_oper_log` VALUES (228, '概念配置', 2, 'com.insmess.knowledge.module.ext.controller.admin.extSchema.ExtSchemaController.edit()', 'PUT', 1, 'insmess', '研发部门', '/ext/schema', '114.246.239.19', 'XX XX', '{\"color\":\"#A109FF\",\"createBy\":\"小桐\",\"createTime\":\"2025-09-04 18:14:57\",\"creatorId\":1,\"description\":\"1111\",\"id\":2,\"knowledgeId\":2,\"name\":\"歌曲1\",\"params\":{},\"pid\":0,\"updateBy\":\"星小图\",\"updateTime\":\"2025-09-16 16:43:56\",\"updaterId\":1,\"workspaceId\":1001}', '{\"code\":200,\"msg\":\"操作成功\"}', 0, NULL, '2025-09-16 08:43:57', 14);
INSERT INTO `system_oper_log` VALUES (229, '概念配置', 2, 'com.insmess.knowledge.module.ext.controller.admin.extSchema.ExtSchemaController.edit()', 'PUT', 1, 'insmess', '研发部门', '/ext/schema', '114.246.239.19', 'XX XX', '{\"color\":\"#A109FF\",\"createBy\":\"小桐\",\"createTime\":\"2025-09-04 18:14:57\",\"creatorId\":1,\"description\":\"1111\",\"id\":2,\"knowledgeId\":2,\"name\":\"歌曲\",\"params\":{},\"pid\":0,\"updateBy\":\"星小图\",\"updateTime\":\"2025-09-16 16:44:37\",\"updaterId\":1,\"workspaceId\":1001}', '{\"code\":200,\"msg\":\"操作成功\"}', 0, NULL, '2025-09-16 08:44:38', 19);
INSERT INTO `system_oper_log` VALUES (230, '概念配置', 2, 'com.insmess.knowledge.module.ext.controller.admin.extSchema.ExtSchemaController.edit()', 'PUT', 1, 'insmess', '研发部门', '/ext/schema', '114.246.239.19', 'XX XX', '{\"color\":\"#A109FF\",\"createBy\":\"小桐\",\"createTime\":\"2025-09-04 18:14:57\",\"creatorId\":1,\"description\":\"\",\"id\":2,\"knowledgeId\":2,\"name\":\"歌曲\",\"params\":{},\"pid\":0,\"updateBy\":\"星小图\",\"updateTime\":\"2025-09-16 16:45:16\",\"updaterId\":1,\"workspaceId\":1001}', '{\"code\":200,\"msg\":\"操作成功\"}', 0, NULL, '2025-09-16 08:45:17', 15);
INSERT INTO `system_oper_log` VALUES (231, '概念配置', 2, 'com.insmess.knowledge.module.ext.controller.admin.extSchema.ExtSchemaController.edit()', 'PUT', 1, 'insmess', '研发部门', '/ext/schema', '114.246.239.19', 'XX XX', '{\"color\":\"#A109FF\",\"createBy\":\"小桐\",\"createTime\":\"2025-09-04 18:14:57\",\"creatorId\":1,\"description\":\"\",\"id\":2,\"knowledgeId\":2,\"name\":\"歌曲1\",\"params\":{},\"pid\":0,\"updateBy\":\"星小图\",\"updateTime\":\"2025-09-16 17:59:50\",\"updaterId\":1,\"workspaceId\":1001}', '{\"code\":200,\"msg\":\"操作成功\"}', 0, NULL, '2025-09-16 09:59:50', 14);
INSERT INTO `system_oper_log` VALUES (232, '概念配置', 2, 'com.insmess.knowledge.module.ext.controller.admin.extSchema.ExtSchemaController.edit()', 'PUT', 1, 'insmess', '研发部门', '/ext/schema', '114.246.239.19', 'XX XX', '{\"color\":\"#A109FF\",\"createBy\":\"小桐\",\"createTime\":\"2025-09-04 18:14:57\",\"creatorId\":1,\"description\":\"\",\"id\":2,\"knowledgeId\":2,\"name\":\"歌曲\",\"params\":{},\"pid\":0,\"updateBy\":\"星小图\",\"updateTime\":\"2025-09-16 18:00:22\",\"updaterId\":1,\"workspaceId\":1001}', '{\"code\":200,\"msg\":\"操作成功\"}', 0, NULL, '2025-09-16 10:00:23', 13);
INSERT INTO `system_oper_log` VALUES (233, '概念配置', 1, 'com.insmess.knowledge.module.ext.controller.admin.extSchema.ExtSchemaController.add()', 'POST', 1, 'insmess', '研发部门', '/ext/schema', '114.246.239.19', 'XX XX', '{\"color\":\"rgba(255, 140, 0, 1)\",\"createBy\":\"星小图\",\"createTime\":\"2025-09-16 18:24:34\",\"creatorId\":1,\"description\":\"123123\",\"knowledgeId\":2,\"name\":\"123123\",\"params\":{},\"updateBy\":\"\",\"workspaceId\":1001}', '{\"code\":200,\"msg\":\"操作成功\"}', 0, NULL, '2025-09-16 10:24:35', 47);
INSERT INTO `system_oper_log` VALUES (234, '概念配置', 1, 'com.insmess.knowledge.module.ext.controller.admin.extSchema.ExtSchemaController.add()', 'POST', 1, 'insmess', '研发部门', '/ext/schema', '114.246.239.19', 'XX XX', '{\"color\":\"rgba(255, 140, 0, 1)\",\"createBy\":\"\",\"description\":\"123123\",\"knowledgeId\":1,\"name\":\"123123\",\"params\":{},\"updateBy\":\"\"}', '{\"code\":500,\"msg\":\"概念名称已存在，不可重复添加\"}', 0, NULL, '2025-09-16 10:27:32', 19);
INSERT INTO `system_oper_log` VALUES (235, '概念配置', 1, 'com.insmess.knowledge.module.ext.controller.admin.extSchema.ExtSchemaController.add()', 'POST', 1, 'insmess', '研发部门', '/ext/schema', '114.246.239.19', 'XX XX', '{\"color\":\"rgba(255, 140, 0, 1)\",\"createBy\":\"星小图\",\"createTime\":\"2025-09-16 18:27:36\",\"creatorId\":1,\"description\":\"123123\",\"knowledgeId\":1,\"name\":\"1231231\",\"params\":{},\"updateBy\":\"\",\"workspaceId\":1001}', '{\"code\":200,\"msg\":\"操作成功\"}', 0, NULL, '2025-09-16 10:27:37', 38);
INSERT INTO `system_oper_log` VALUES (236, '非结构化抽取任务', 1, 'com.insmess.knowledge.module.ext.controller.admin.extUnstructTask.ExtUnstructTaskController.add()', 'POST', 1, 'insmess', '研发部门', '/ext/unstructTask', '127.0.0.1', '内网IP', '{\"createBy\":\"星小图\",\"createTime\":\"2025-09-16 18:30:04\",\"creatorId\":1,\"id\":3,\"name\":\"dgdz\",\"params\":{\"docIds\":\"1,2\",\"relationIds\":\"10,11,12,13,14,15,16,17,18,19\"},\"publishStatus\":0,\"status\":0,\"updateTime\":\"2025-09-16 18:30:04\",\"workspaceId\":1001}', '{\"code\":200,\"msg\":\"操作成功\"}', 0, NULL, '2025-09-16 10:30:05', 92);
INSERT INTO `system_oper_log` VALUES (237, '概念配置', 1, 'com.insmess.knowledge.module.ext.controller.admin.extSchema.ExtSchemaController.add()', 'POST', 1, 'insmess', '研发部门', '/ext/schema', '114.246.239.19', 'XX XX', '{\"color\":\"rgba(255, 140, 0, 1)\",\"createBy\":\"星小图\",\"createTime\":\"2025-09-16 18:32:32\",\"creatorId\":1,\"description\":\"21212\",\"knowledgeId\":2,\"name\":\"1222\",\"params\":{},\"pid\":1,\"updateBy\":\"\",\"workspaceId\":1001}', '{\"code\":200,\"msg\":\"操作成功\"}', 0, NULL, '2025-09-16 10:32:33', 20);
INSERT INTO `system_oper_log` VALUES (238, '概念配置', 1, 'com.insmess.knowledge.module.ext.controller.admin.extSchema.ExtSchemaController.add()', 'POST', 1, 'insmess', '研发部门', '/ext/schema', '114.246.239.19', 'XX XX', '{\"color\":\"rgba(255, 140, 0, 1)\",\"createBy\":\"星小图\",\"createTime\":\"2025-09-16 18:39:35\",\"creatorId\":1,\"description\":\"111111\",\"knowledgeId\":2,\"name\":\"111111\",\"params\":{},\"pid\":2,\"updateBy\":\"\",\"workspaceId\":1001}', '{\"code\":200,\"msg\":\"操作成功\"}', 0, NULL, '2025-09-16 10:39:36', 48);
INSERT INTO `system_oper_log` VALUES (239, '非结构化抽取任务', 3, 'com.insmess.knowledge.module.ext.controller.admin.extUnstructTask.ExtUnstructTaskController.remove()', 'DELETE', 1, 'insmess', '研发部门', '/ext/unstructTask/3', '127.0.0.1', '内网IP', '{}', '{\"code\":200,\"msg\":\"操作成功\"}', 0, NULL, '2025-09-16 10:53:56', 533);
INSERT INTO `system_oper_log` VALUES (240, '概念配置', 3, 'com.insmess.knowledge.module.ext.controller.admin.extSchema.ExtSchemaController.remove()', 'DELETE', 1, 'insmess', '研发部门', '/ext/schema/31', '114.254.3.217', 'XX XX', '{}', '{\"code\":200,\"msg\":\"操作成功\"}', 0, NULL, '2025-09-16 10:57:45', 13);
INSERT INTO `system_oper_log` VALUES (241, '概念配置', 3, 'com.insmess.knowledge.module.ext.controller.admin.extSchema.ExtSchemaController.remove()', 'DELETE', 1, 'insmess', '研发部门', '/ext/schema/30', '114.254.3.217', 'XX XX', '{}', '{\"code\":200,\"msg\":\"操作成功\"}', 0, NULL, '2025-09-16 10:57:50', 11);
INSERT INTO `system_oper_log` VALUES (242, '概念配置', 3, 'com.insmess.knowledge.module.ext.controller.admin.extSchema.ExtSchemaController.remove()', 'DELETE', 1, 'insmess', '研发部门', '/ext/schema/28', '114.254.3.217', 'XX XX', '{}', '{\"code\":200,\"msg\":\"操作成功\"}', 0, NULL, '2025-09-16 10:57:55', 15);
INSERT INTO `system_oper_log` VALUES (243, '概念配置', 1, 'com.insmess.knowledge.module.ext.controller.admin.extSchema.ExtSchemaController.add()', 'POST', 1, 'insmess', '研发部门', '/ext/schema', '125.34.82.65', 'XX XX', '{\"color\":\"rgba(255, 140, 0, 1)\",\"createBy\":\"星小图\",\"createTime\":\"2025-09-16 20:18:42\",\"creatorId\":1,\"description\":\"1234\",\"knowledgeId\":2,\"name\":\"1234\",\"params\":{},\"pid\":1,\"updateBy\":\"\",\"workspaceId\":1001}', '{\"code\":200,\"msg\":\"操作成功\"}', 0, NULL, '2025-09-16 12:18:44', 524);
INSERT INTO `system_oper_log` VALUES (244, '概念配置', 3, 'com.insmess.knowledge.module.ext.controller.admin.extSchema.ExtSchemaController.remove()', 'DELETE', 1, 'insmess', '研发部门', '/ext/schema/32', '125.34.82.65', 'XX XX', '{}', '{\"code\":200,\"msg\":\"操作成功\"}', 0, NULL, '2025-09-16 12:19:37', 9);
INSERT INTO `system_oper_log` VALUES (245, '概念配置', 1, 'com.insmess.knowledge.module.ext.controller.admin.extSchema.ExtSchemaController.add()', 'POST', 1, 'insmess', '研发部门', '/ext/schema', '125.34.82.65', 'XX XX', '{\"color\":\"rgba(255, 215, 0, 1)\",\"createBy\":\"星小图\",\"createTime\":\"2025-09-16 20:19:58\",\"creatorId\":1,\"description\":\"123123\",\"knowledgeId\":2,\"name\":\"123123\",\"params\":{},\"pid\":1,\"updateBy\":\"\",\"workspaceId\":1001}', '{\"code\":200,\"msg\":\"操作成功\"}', 0, NULL, '2025-09-16 12:19:59', 23);
INSERT INTO `system_oper_log` VALUES (246, '概念配置', 3, 'com.insmess.knowledge.module.ext.controller.admin.extSchema.ExtSchemaController.remove()', 'DELETE', 1, 'insmess', '研发部门', '/ext/schema/33', '125.34.82.65', 'XX XX', '{}', '{\"code\":200,\"msg\":\"操作成功\"}', 0, NULL, '2025-09-16 12:21:05', 17);
INSERT INTO `system_oper_log` VALUES (247, '概念配置', 3, 'com.insmess.knowledge.module.ext.controller.admin.extSchema.ExtSchemaController.remove()', 'DELETE', 1, 'insmess', '研发部门', '/ext/schema/29', '125.34.82.65', 'XX XX', '{}', '{\"code\":200,\"msg\":\"操作成功\"}', 0, NULL, '2025-09-16 12:23:35', 9);
INSERT INTO `system_oper_log` VALUES (248, '概念配置', 2, 'com.insmess.knowledge.module.ext.controller.admin.extSchema.ExtSchemaController.edit()', 'PUT', 1, 'insmess', '研发部门', '/ext/schema', '114.254.2.186', 'XX XX', '{\"color\":\"#993535\",\"createBy\":\"小桐\",\"createTime\":\"2025-09-05 18:14:03\",\"creatorId\":1,\"id\":19,\"knowledgeId\":2,\"name\":\"宗教1\",\"params\":{},\"pid\":0,\"updateBy\":\"星小图\",\"updateTime\":\"2025-09-17 08:52:39\",\"updaterId\":1,\"workspaceId\":1001}', '{\"code\":200,\"msg\":\"操作成功\"}', 0, NULL, '2025-09-17 00:52:40', 36);
INSERT INTO `system_oper_log` VALUES (249, '概念配置', 2, 'com.insmess.knowledge.module.ext.controller.admin.extSchema.ExtSchemaController.edit()', 'PUT', 1, 'insmess', '研发部门', '/ext/schema', '114.254.2.186', 'XX XX', '{\"color\":\"#993535\",\"createBy\":\"小桐\",\"createTime\":\"2025-09-05 18:14:03\",\"creatorId\":1,\"id\":19,\"knowledgeId\":2,\"name\":\"宗教\",\"params\":{},\"pid\":0,\"updateBy\":\"星小图\",\"updateTime\":\"2025-09-17 08:52:43\",\"updaterId\":1,\"workspaceId\":1001}', '{\"code\":200,\"msg\":\"操作成功\"}', 0, NULL, '2025-09-17 00:52:45', 12);
INSERT INTO `system_oper_log` VALUES (250, '概念配置', 2, 'com.insmess.knowledge.module.ext.controller.admin.extSchema.ExtSchemaController.edit()', 'PUT', 1, 'insmess', '研发部门', '/ext/schema', '223.104.43.30', 'XX XX', '{\"color\":\"rgba(0, 206, 209, 1)\",\"createBy\":\"小桐\",\"createTime\":\"2025-09-04 18:14:57\",\"creatorId\":1,\"id\":3,\"knowledgeId\":2,\"name\":\"国家\",\"params\":{},\"pid\":5,\"updateBy\":\"星小图\",\"updateTime\":\"2025-09-17 09:23:30\",\"updaterId\":1,\"workspaceId\":1001}', '{\"code\":200,\"msg\":\"操作成功\"}', 0, NULL, '2025-09-17 01:23:30', 11);
INSERT INTO `system_oper_log` VALUES (251, '概念配置', 2, 'com.insmess.knowledge.module.ext.controller.admin.extSchema.ExtSchemaController.edit()', 'PUT', 1, 'insmess', '研发部门', '/ext/schema', '114.254.2.82', 'XX XX', '{\"color\":\"#C58F63\",\"createBy\":\"小桐\",\"createTime\":\"2025-09-05 13:42:17\",\"creatorId\":1,\"id\":11,\"knowledgeId\":2,\"name\":\"飞机1\",\"params\":{},\"pid\":5,\"updateBy\":\"星小图\",\"updateTime\":\"2025-09-17 10:13:12\",\"updaterId\":1,\"workspaceId\":1001}', '{\"code\":200,\"msg\":\"操作成功\"}', 0, NULL, '2025-09-17 02:13:12', 10);
INSERT INTO `system_oper_log` VALUES (252, '概念配置', 2, 'com.insmess.knowledge.module.ext.controller.admin.extSchema.ExtSchemaController.edit()', 'PUT', 1, 'insmess', '研发部门', '/ext/schema', '114.254.2.82', 'XX XX', '{\"color\":\"#C58F63\",\"createBy\":\"小桐\",\"createTime\":\"2025-09-05 13:42:17\",\"creatorId\":1,\"id\":11,\"knowledgeId\":2,\"name\":\"飞机\",\"params\":{},\"pid\":5,\"updateBy\":\"星小图\",\"updateTime\":\"2025-09-17 10:13:23\",\"updaterId\":1,\"workspaceId\":1001}', '{\"code\":200,\"msg\":\"操作成功\"}', 0, NULL, '2025-09-17 02:13:23', 10);
INSERT INTO `system_oper_log` VALUES (253, '概念配置', 2, 'com.insmess.knowledge.module.ext.controller.admin.extSchema.ExtSchemaController.edit()', 'PUT', 1, 'insmess', '研发部门', '/ext/schema', '114.254.2.82', 'XX XX', '{\"color\":\"rgba(255, 69, 0, 1)\",\"createBy\":\"小桐\",\"createTime\":\"2025-09-05 13:42:17\",\"creatorId\":1,\"id\":11,\"knowledgeId\":2,\"name\":\"飞机\",\"params\":{},\"pid\":5,\"updateBy\":\"星小图\",\"updateTime\":\"2025-09-17 13:27:20\",\"updaterId\":1,\"workspaceId\":1001}', '{\"code\":200,\"msg\":\"操作成功\"}', 0, NULL, '2025-09-17 05:27:20', 21);
INSERT INTO `system_oper_log` VALUES (254, '关系配置', 1, 'com.insmess.knowledge.module.ext.controller.admin.extSchemaRelation.ExtSchemaRelationController.add()', 'POST', 1, 'insmess', '研发部门', '/ext/relation', '114.246.239.36', 'XX XX', '{\"createBy\":\"星小图\",\"createTime\":\"2025-09-18 16:54:00\",\"creatorId\":1,\"endSchemaId\":16,\"inverseFlag\":0,\"params\":{},\"relation\":\"数据\",\"startSchemaId\":11,\"workspaceId\":1001}', '{\"code\":200,\"msg\":\"操作成功\"}', 0, NULL, '2025-09-18 08:54:00', 67);
INSERT INTO `system_oper_log` VALUES (255, '关系配置', 2, 'com.insmess.knowledge.module.ext.controller.admin.extSchemaRelation.ExtSchemaRelationController.edit()', 'PUT', 1, 'insmess', '研发部门', '/ext/relation', '114.246.239.36', 'XX XX', '{\"createBy\":\"小桐\",\"createTime\":\"2025-09-05 14:34:35\",\"creatorId\":1,\"endSchemaId\":16,\"id\":10,\"inverseFlag\":0,\"knowledgeId\":2,\"params\":{},\"relation\":\"属于\",\"startSchemaId\":11,\"updateBy\":\"星小图\",\"updateTime\":\"2025-09-18 16:58:01\",\"updaterId\":1,\"workspaceId\":1001}', '{\"code\":200,\"msg\":\"操作成功\"}', 0, NULL, '2025-09-18 08:58:01', 25);
INSERT INTO `system_oper_log` VALUES (256, '关系配置', 2, 'com.insmess.knowledge.module.ext.controller.admin.extSchemaRelation.ExtSchemaRelationController.edit()', 'PUT', 1, 'insmess', '研发部门', '/ext/relation', '114.246.239.36', 'XX XX', '{\"createBy\":\"小桐\",\"createTime\":\"2025-09-05 14:34:35\",\"creatorId\":1,\"endSchemaId\":17,\"id\":10,\"inverseFlag\":0,\"knowledgeId\":2,\"params\":{},\"relation\":\"属于\",\"startSchemaId\":11,\"updateBy\":\"星小图\",\"updateTime\":\"2025-09-18 16:58:08\",\"updaterId\":1,\"workspaceId\":1001}', '{\"code\":200,\"msg\":\"操作成功\"}', 0, NULL, '2025-09-18 08:58:08', 19);
INSERT INTO `system_oper_log` VALUES (257, '关系配置', 1, 'com.insmess.knowledge.module.ext.controller.admin.extSchemaRelation.ExtSchemaRelationController.add()', 'POST', 1, 'insmess', '研发部门', '/ext/relation', '114.246.239.36', 'XX XX', '{\"createBy\":\"星小图\",\"createTime\":\"2025-09-18 16:58:23\",\"creatorId\":1,\"endSchemaId\":13,\"inverseFlag\":0,\"params\":{},\"relation\":\"拥有\",\"startSchemaId\":11,\"workspaceId\":1001}', '{\"code\":200,\"msg\":\"操作成功\"}', 0, NULL, '2025-09-18 08:58:23', 12);
INSERT INTO `system_oper_log` VALUES (258, '关系配置', 3, 'com.insmess.knowledge.module.ext.controller.admin.extSchemaRelation.ExtSchemaRelationController.remove()', 'DELETE', 1, 'insmess', '研发部门', '/ext/relation/22', '114.246.239.36', 'XX XX', '{}', '{\"code\":200,\"msg\":\"操作成功\"}', 0, NULL, '2025-09-18 08:59:22', 31);
INSERT INTO `system_oper_log` VALUES (259, '关系配置', 3, 'com.insmess.knowledge.module.ext.controller.admin.extSchemaRelation.ExtSchemaRelationController.remove()', 'DELETE', 1, 'insmess', '研发部门', '/ext/relation/21', '39.144.78.165', 'XX XX', '{}', '{\"code\":200,\"msg\":\"操作成功\"}', 0, NULL, '2025-09-19 00:59:23', 78);
INSERT INTO `system_oper_log` VALUES (260, '概念配置', 2, 'com.insmess.knowledge.module.ext.controller.admin.extSchema.ExtSchemaController.edit()', 'PUT', 1, 'insmess', '研发部门', '/ext/schema', '39.144.78.165', 'XX XX', '{\"color\":\"rgba(255, 69, 0, 1)\",\"createBy\":\"\",\"description\":\"sgsdg\",\"name\":\"sfsdf\",\"params\":{},\"updateBy\":\"星小图\",\"updateTime\":\"2025-09-19 09:01:04\",\"updaterId\":1}', '{\"code\":500,\"msg\":\"操作失败\"}', 0, NULL, '2025-09-19 01:01:05', 22);
INSERT INTO `system_oper_log` VALUES (261, '概念配置', 3, 'com.insmess.knowledge.module.ext.controller.admin.extSchema.ExtSchemaController.remove()', 'DELETE', 1, 'insmess', '研发部门', '/ext/schema/1758243673408', '39.144.78.165', 'XX XX', '{}', '{\"code\":500,\"msg\":\"操作失败\"}', 0, NULL, '2025-09-19 01:01:27', 16);
INSERT INTO `system_oper_log` VALUES (262, '概念配置', 3, 'com.insmess.knowledge.module.ext.controller.admin.extSchema.ExtSchemaController.remove()', 'DELETE', 1, 'insmess', '研发部门', '/ext/schema/1758243673408', '39.144.78.165', 'XX XX', '{}', '{\"code\":500,\"msg\":\"操作失败\"}', 0, NULL, '2025-09-19 03:26:27', 28);
INSERT INTO `system_oper_log` VALUES (263, '概念配置', 3, 'com.insmess.knowledge.module.ext.controller.admin.extSchema.ExtSchemaController.remove()', 'DELETE', 1, 'insmess', '研发部门', '/ext/schema/1758243673408', '39.144.78.165', 'XX XX', '{}', '{\"code\":500,\"msg\":\"操作失败\"}', 0, NULL, '2025-09-19 03:26:37', 15);
INSERT INTO `system_oper_log` VALUES (264, '概念配置', 3, 'com.insmess.knowledge.module.ext.controller.admin.extSchema.ExtSchemaController.remove()', 'DELETE', 1, 'insmess', '研发部门', '/ext/schema/1758243673408', '39.144.78.165', 'XX XX', '{}', '{\"code\":500,\"msg\":\"操作失败\"}', 0, NULL, '2025-09-19 03:27:59', 31299);
INSERT INTO `system_oper_log` VALUES (265, '概念配置', 2, 'com.insmess.knowledge.module.ext.controller.admin.extSchema.ExtSchemaController.edit()', 'PUT', 1, 'insmess', '研发部门', '/ext/schema', '39.144.78.165', 'XX XX', '{\"color\":\"rgba(255, 69, 0, 1)\",\"createBy\":\"\",\"description\":\"sgsdg\",\"name\":\"水电费\",\"params\":{},\"updateBy\":\"星小图\",\"updateTime\":\"2025-09-19 11:28:08\",\"updaterId\":1}', '{\"code\":500,\"msg\":\"操作失败\"}', 0, NULL, '2025-09-19 03:28:09', 13);
INSERT INTO `system_oper_log` VALUES (266, '概念配置', 2, 'com.insmess.knowledge.module.ext.controller.admin.extSchema.ExtSchemaController.edit()', 'PUT', 1, 'insmess', '研发部门', '/ext/schema', '39.144.78.165', 'XX XX', '{\"color\":\"rgba(255, 69, 0, 1)\",\"createBy\":\"\",\"description\":\"sgsdg\",\"name\":\"水电费\",\"params\":{},\"updateBy\":\"星小图\",\"updateTime\":\"2025-09-19 11:28:10\",\"updaterId\":1}', '{\"code\":500,\"msg\":\"操作失败\"}', 0, NULL, '2025-09-19 03:28:11', 9);
INSERT INTO `system_oper_log` VALUES (267, '概念配置', 2, 'com.insmess.knowledge.module.ext.controller.admin.extSchema.ExtSchemaController.edit()', 'PUT', 1, 'insmess', '研发部门', '/ext/schema', '39.144.78.165', 'XX XX', '{\"color\":\"rgba(255, 69, 0, 1)\",\"createBy\":\"\",\"description\":\"sgsdg\",\"name\":\"水电费\",\"params\":{},\"updateBy\":\"星小图\",\"updateTime\":\"2025-09-19 11:28:15\",\"updaterId\":1}', '{\"code\":500,\"msg\":\"操作失败\"}', 0, NULL, '2025-09-19 03:28:16', 15);
INSERT INTO `system_oper_log` VALUES (268, '概念配置', 2, 'com.insmess.knowledge.module.ext.controller.admin.extSchema.ExtSchemaController.edit()', 'PUT', 1, 'insmess', '研发部门', '/ext/schema', '39.144.78.165', 'XX XX', '{\"color\":\"#DD7777\",\"createBy\":\"小桐\",\"createTime\":\"2025-09-05 18:12:54\",\"creatorId\":1,\"id\":18,\"knowledgeId\":2,\"name\":\"区域\",\"params\":{},\"pid\":11,\"updateBy\":\"星小图\",\"updateTime\":\"2025-09-19 11:32:37\",\"updaterId\":1,\"workspaceId\":1001}', '{\"code\":200,\"msg\":\"操作成功\"}', 0, NULL, '2025-09-19 03:32:38', 15);
INSERT INTO `system_oper_log` VALUES (269, '测试连接', 3, 'com.insmess.knowledge.module.dm.controller.admin.datasource.DmDatasourceController.clientsTest()', 'GET', 1, 'insmess', '研发部门', '/dm/dmDatasource/clientsTest/3', '39.144.78.165', 'XX XX', '{}', '{\"msg\":\"数据库连接成功\",\"code\":200}', 0, NULL, '2025-09-19 07:24:18', 359);
INSERT INTO `system_oper_log` VALUES (270, '字典数据', 2, 'system.admin.controller.com.insmess.knowledge.module.system.SysDictDataController.edit()', 'PUT', 1, 'insmess', '研发部门', '/system/dict/data', '39.144.78.165', 'XX XX', '{\"createBy\":\"小桐\",\"createTime\":\"2025-09-04 18:14:57\",\"cssClass\":\"\",\"default\":false,\"dictCode\":46,\"dictLabel\":\"DM8\",\"dictSort\":2,\"dictType\":\"datasource_type\",\"dictValue\":\"DM8\",\"isDefault\":\"N\",\"listClass\":\"primary\",\"params\":{},\"remark\":\"达梦8数据库\",\"status\":\"0\",\"updateBy\":\"星小图\"}', '{\"msg\":\"操作成功\",\"code\":200}', 0, NULL, '2025-09-19 07:27:32', 13);
INSERT INTO `system_oper_log` VALUES (271, '字典数据', 2, 'system.admin.controller.com.insmess.knowledge.module.system.SysDictDataController.edit()', 'PUT', 1, 'insmess', '研发部门', '/system/dict/data', '39.144.78.165', 'XX XX', '{\"createBy\":\"小桐\",\"createTime\":\"2025-09-04 18:14:57\",\"cssClass\":\"\",\"default\":false,\"dictCode\":47,\"dictLabel\":\"Oracle\",\"dictSort\":3,\"dictType\":\"datasource_type\",\"dictValue\":\"Oracle\",\"isDefault\":\"N\",\"listClass\":\"primary\",\"params\":{},\"remark\":\"Oracle数据库\",\"status\":\"0\",\"updateBy\":\"星小图\"}', '{\"msg\":\"操作成功\",\"code\":200}', 0, NULL, '2025-09-19 07:27:36', 8);
INSERT INTO `system_oper_log` VALUES (272, '字典数据', 1, 'system.admin.controller.com.insmess.knowledge.module.system.SysDictDataController.add()', 'POST', 1, 'insmess', '研发部门', '/system/dict/data', '39.144.78.165', 'XX XX', '{\"createBy\":\"星小图\",\"default\":false,\"dictLabel\":\"Postgresql\",\"dictSort\":0,\"dictType\":\"datasource_type\",\"dictValue\":\"Postgresql\",\"listClass\":\"default\",\"params\":{},\"status\":\"0\"}', '{\"msg\":\"操作成功\",\"code\":200}', 0, NULL, '2025-09-19 07:27:52', 7);
INSERT INTO `system_oper_log` VALUES (273, '字典数据', 2, 'system.admin.controller.com.insmess.knowledge.module.system.SysDictDataController.edit()', 'PUT', 1, 'insmess', '研发部门', '/system/dict/data', '39.144.78.165', 'XX XX', '{\"createBy\":\"星小图\",\"createTime\":\"2025-09-19 07:27:52\",\"default\":false,\"dictCode\":50,\"dictLabel\":\"Postgresql\",\"dictSort\":20,\"dictType\":\"datasource_type\",\"dictValue\":\"Postgresql\",\"isDefault\":\"N\",\"listClass\":\"success\",\"params\":{},\"status\":\"0\",\"updateBy\":\"星小图\"}', '{\"msg\":\"操作成功\",\"code\":200}', 0, NULL, '2025-09-19 07:28:03', 10);
INSERT INTO `system_oper_log` VALUES (274, '字典数据', 2, 'system.admin.controller.com.insmess.knowledge.module.system.SysDictDataController.edit()', 'PUT', 1, 'insmess', '研发部门', '/system/dict/data', '39.144.78.165', 'XX XX', '{\"createBy\":\"星小图\",\"createTime\":\"2025-09-19 07:27:52\",\"default\":false,\"dictCode\":50,\"dictLabel\":\"Postgresql\",\"dictSort\":20,\"dictType\":\"datasource_type\",\"dictValue\":\"Postgresql\",\"isDefault\":\"N\",\"listClass\":\"primary\",\"params\":{},\"status\":\"0\",\"updateBy\":\"星小图\"}', '{\"msg\":\"操作成功\",\"code\":200}', 0, NULL, '2025-09-19 07:28:10', 9);
INSERT INTO `system_oper_log` VALUES (275, '概念配置', 1, 'com.insmess.knowledge.module.ext.controller.admin.extSchema.ExtSchemaController.add()', 'POST', 1, 'insmess', '研发部门', '/ext/schema', '114.254.1.186', 'XX XX', '{\"color\":\"rgba(255, 140, 0, 1)\",\"createBy\":\"星小图\",\"createTime\":\"2025-09-19 15:36:54\",\"creatorId\":1,\"description\":\"123\",\"knowledgeId\":2,\"name\":\"123\",\"params\":{},\"pid\":1,\"updateBy\":\"\",\"workspaceId\":1001}', '{\"code\":200,\"msg\":\"操作成功\"}', 0, NULL, '2025-09-19 07:36:56', 29);
INSERT INTO `system_oper_log` VALUES (276, '概念配置', 3, 'com.insmess.knowledge.module.ext.controller.admin.extSchema.ExtSchemaController.remove()', 'DELETE', 1, 'insmess', '研发部门', '/ext/schema/34', '114.254.1.186', 'XX XX', '{}', '{\"code\":200,\"msg\":\"操作成功\"}', 0, NULL, '2025-09-19 07:37:11', 3458);
INSERT INTO `system_oper_log` VALUES (277, '概念配置', 1, 'com.insmess.knowledge.module.ext.controller.admin.extSchema.ExtSchemaController.add()', 'POST', 1, 'insmess', '研发部门', '/ext/schema', '114.254.1.186', 'XX XX', '{\"color\":\"rgba(255, 69, 0, 1)\",\"createBy\":\"星小图\",\"createTime\":\"2025-09-19 15:39:07\",\"creatorId\":1,\"description\":\"test1\",\"knowledgeId\":2,\"name\":\"test1\",\"params\":{},\"pid\":1,\"updateBy\":\"\",\"workspaceId\":1001}', '{\"code\":200,\"msg\":\"操作成功\"}', 0, NULL, '2025-09-19 07:39:08', 18);
INSERT INTO `system_oper_log` VALUES (278, '概念配置', 3, 'com.insmess.knowledge.module.ext.controller.admin.extSchema.ExtSchemaController.remove()', 'DELETE', 1, 'insmess', '研发部门', '/ext/schema/35', '114.254.1.186', 'XX XX', '{}', '{\"code\":200,\"msg\":\"操作成功\"}', 0, NULL, '2025-09-19 07:39:12', 13);
INSERT INTO `system_oper_log` VALUES (279, '概念配置', 1, 'com.insmess.knowledge.module.ext.controller.admin.extSchema.ExtSchemaController.add()', 'POST', 1, 'insmess', '研发部门', '/ext/schema', '114.254.1.186', 'XX XX', '{\"color\":\"rgba(255, 69, 0, 1)\",\"createBy\":\"星小图\",\"createTime\":\"2025-09-19 15:40:19\",\"creatorId\":1,\"description\":\"123123\",\"knowledgeId\":2,\"name\":\"test1\",\"params\":{},\"pid\":1,\"updateBy\":\"\",\"workspaceId\":1001}', '{\"code\":200,\"msg\":\"操作成功\"}', 0, NULL, '2025-09-19 07:40:20', 21);
INSERT INTO `system_oper_log` VALUES (280, '概念配置', 3, 'com.insmess.knowledge.module.ext.controller.admin.extSchema.ExtSchemaController.remove()', 'DELETE', 1, 'insmess', '研发部门', '/ext/schema/36', '114.254.1.186', 'XX XX', '{}', '{\"code\":200,\"msg\":\"操作成功\"}', 0, NULL, '2025-09-19 07:40:25', 10);
INSERT INTO `system_oper_log` VALUES (281, '概念配置', 1, 'com.insmess.knowledge.module.ext.controller.admin.extSchema.ExtSchemaController.add()', 'POST', 1, 'insmess', '研发部门', '/ext/schema', '114.254.1.186', 'XX XX', '{\"color\":\"rgba(255, 69, 0, 1)\",\"createBy\":\"星小图\",\"createTime\":\"2025-09-19 15:42:46\",\"creatorId\":1,\"description\":\"12345\",\"knowledgeId\":2,\"name\":\"test1\",\"params\":{},\"pid\":1,\"updateBy\":\"\",\"workspaceId\":1001}', '{\"code\":200,\"msg\":\"操作成功\"}', 0, NULL, '2025-09-19 07:42:47', 20);
INSERT INTO `system_oper_log` VALUES (282, '概念配置', 3, 'com.insmess.knowledge.module.ext.controller.admin.extSchema.ExtSchemaController.remove()', 'DELETE', 1, 'insmess', '研发部门', '/ext/schema/37', '114.254.1.186', 'XX XX', '{}', '{\"code\":200,\"msg\":\"操作成功\"}', 0, NULL, '2025-09-19 07:42:52', 13);
INSERT INTO `system_oper_log` VALUES (283, '概念配置', 2, 'com.insmess.knowledge.module.ext.controller.admin.extSchema.ExtSchemaController.edit()', 'PUT', 1, 'insmess', '研发部门', '/ext/schema', '114.254.1.186', 'XX XX', '{\"color\":\"rgba(255, 69, 0, 1)\",\"createBy\":\"\",\"description\":\"12345\",\"name\":\"123\",\"params\":{},\"updateBy\":\"星小图\",\"updateTime\":\"2025-09-19 15:50:33\",\"updaterId\":1}', '{\"code\":500,\"msg\":\"操作失败\"}', 0, NULL, '2025-09-19 07:50:34', 9);
INSERT INTO `system_oper_log` VALUES (284, '概念配置', 1, 'com.insmess.knowledge.module.ext.controller.admin.extSchema.ExtSchemaController.add()', 'POST', 1, 'insmess', '研发部门', '/ext/schema', '114.254.1.186', 'XX XX', '{\"color\":\"rgba(255, 69, 0, 1)\",\"createBy\":\"星小图\",\"createTime\":\"2025-09-19 15:51:56\",\"creatorId\":1,\"description\":\"12345\",\"knowledgeId\":2,\"name\":\"test\",\"params\":{},\"updateBy\":\"\",\"workspaceId\":1001}', '{\"code\":200,\"msg\":\"操作成功\"}', 0, NULL, '2025-09-19 07:51:57', 21);
INSERT INTO `system_oper_log` VALUES (285, '概念配置', 3, 'com.insmess.knowledge.module.ext.controller.admin.extSchema.ExtSchemaController.remove()', 'DELETE', 1, 'insmess', '研发部门', '/ext/schema/38', '114.254.1.186', 'XX XX', '{}', '{\"code\":200,\"msg\":\"操作成功\"}', 0, NULL, '2025-09-19 07:52:02', 12);
INSERT INTO `system_oper_log` VALUES (286, '概念配置', 1, 'com.insmess.knowledge.module.ext.controller.admin.extSchema.ExtSchemaController.add()', 'POST', 1, 'insmess', '研发部门', '/ext/schema', '114.254.1.186', 'XX XX', '{\"color\":\"rgba(255, 69, 0, 1)\",\"createBy\":\"星小图\",\"createTime\":\"2025-09-19 15:55:53\",\"creatorId\":1,\"knowledgeId\":2,\"name\":\"test1\",\"params\":{},\"pid\":1,\"updateBy\":\"\",\"workspaceId\":1001}', '{\"code\":200,\"msg\":\"操作成功\"}', 0, NULL, '2025-09-19 07:55:54', 28);
INSERT INTO `system_oper_log` VALUES (287, '概念配置', 3, 'com.insmess.knowledge.module.ext.controller.admin.extSchema.ExtSchemaController.remove()', 'DELETE', 1, 'insmess', '研发部门', '/ext/schema/39', '114.254.1.186', 'XX XX', '{}', '{\"code\":200,\"msg\":\"操作成功\"}', 0, NULL, '2025-09-19 07:55:58', 15);
INSERT INTO `system_oper_log` VALUES (288, '概念配置', 1, 'com.insmess.knowledge.module.ext.controller.admin.extSchema.ExtSchemaController.add()', 'POST', 1, 'insmess', '研发部门', '/ext/schema', '114.254.1.186', 'XX XX', '{\"color\":\"rgba(255, 69, 0, 1)\",\"createBy\":\"星小图\",\"createTime\":\"2025-09-19 15:56:42\",\"creatorId\":1,\"description\":\"123\",\"knowledgeId\":2,\"name\":\"test1\",\"params\":{},\"pid\":1,\"updateBy\":\"\",\"workspaceId\":1001}', '{\"code\":200,\"msg\":\"操作成功\"}', 0, NULL, '2025-09-19 07:56:43', 21);
INSERT INTO `system_oper_log` VALUES (289, '概念配置', 3, 'com.insmess.knowledge.module.ext.controller.admin.extSchema.ExtSchemaController.remove()', 'DELETE', 1, 'insmess', '研发部门', '/ext/schema/40', '114.254.1.186', 'XX XX', '{}', '{\"code\":200,\"msg\":\"操作成功\"}', 0, NULL, '2025-09-19 07:56:49', 13);
INSERT INTO `system_oper_log` VALUES (290, '概念配置', 1, 'com.insmess.knowledge.module.ext.controller.admin.extSchema.ExtSchemaController.add()', 'POST', 1, 'insmess', '研发部门', '/ext/schema', '114.254.1.186', 'XX XX', '{\"color\":\"rgba(255, 69, 0, 1)\",\"createBy\":\"星小图\",\"createTime\":\"2025-09-19 15:58:17\",\"creatorId\":1,\"description\":\"1234\",\"knowledgeId\":2,\"name\":\"test1\",\"params\":{},\"pid\":1,\"updateBy\":\"\",\"workspaceId\":1001}', '{\"code\":200,\"msg\":\"操作成功\"}', 0, NULL, '2025-09-19 07:58:18', 26);
INSERT INTO `system_oper_log` VALUES (291, '概念配置', 3, 'com.insmess.knowledge.module.ext.controller.admin.extSchema.ExtSchemaController.remove()', 'DELETE', 1, 'insmess', '研发部门', '/ext/schema/41', '114.254.1.186', 'XX XX', '{}', '{\"code\":200,\"msg\":\"操作成功\"}', 0, NULL, '2025-09-19 07:58:23', 9);
INSERT INTO `system_oper_log` VALUES (292, '概念配置', 1, 'com.insmess.knowledge.module.ext.controller.admin.extSchema.ExtSchemaController.add()', 'POST', 1, 'insmess', '研发部门', '/ext/schema', '114.254.1.186', 'XX XX', '{\"color\":\"rgba(255, 69, 0, 1)\",\"createBy\":\"星小图\",\"createTime\":\"2025-09-19 15:59:04\",\"creatorId\":1,\"description\":\"12345\",\"knowledgeId\":2,\"name\":\"test1\",\"params\":{},\"pid\":1,\"updateBy\":\"\",\"workspaceId\":1001}', '{\"code\":200,\"msg\":\"操作成功\"}', 0, NULL, '2025-09-19 07:59:05', 26);
INSERT INTO `system_oper_log` VALUES (293, '概念配置', 3, 'com.insmess.knowledge.module.ext.controller.admin.extSchema.ExtSchemaController.remove()', 'DELETE', 1, 'insmess', '研发部门', '/ext/schema/42', '114.254.1.186', 'XX XX', '{}', '{\"code\":200,\"msg\":\"操作成功\"}', 0, NULL, '2025-09-19 07:59:16', 15);
INSERT INTO `system_oper_log` VALUES (294, '概念配置', 1, 'com.insmess.knowledge.module.ext.controller.admin.extSchema.ExtSchemaController.add()', 'POST', 1, 'insmess', '研发部门', '/ext/schema', '114.254.1.186', 'XX XX', '{\"color\":\"rgba(255, 69, 0, 1)\",\"createBy\":\"星小图\",\"createTime\":\"2025-09-19 16:02:34\",\"creatorId\":1,\"description\":\"123\",\"knowledgeId\":2,\"name\":\"test1\",\"params\":{},\"pid\":1,\"updateBy\":\"\",\"workspaceId\":1001}', '{\"code\":200,\"msg\":\"操作成功\"}', 0, NULL, '2025-09-19 08:02:36', 23);
INSERT INTO `system_oper_log` VALUES (295, '概念配置', 3, 'com.insmess.knowledge.module.ext.controller.admin.extSchema.ExtSchemaController.remove()', 'DELETE', 1, 'insmess', '研发部门', '/ext/schema/43', '114.254.1.186', 'XX XX', '{}', '{\"code\":200,\"msg\":\"操作成功\"}', 0, NULL, '2025-09-19 08:02:40', 18);
INSERT INTO `system_oper_log` VALUES (296, '概念配置', 1, 'com.insmess.knowledge.module.ext.controller.admin.extSchema.ExtSchemaController.add()', 'POST', 1, 'insmess', '研发部门', '/ext/schema', '114.254.1.186', 'XX XX', '{\"color\":\"rgba(255, 69, 0, 1)\",\"createBy\":\"星小图\",\"createTime\":\"2025-09-19 16:03:44\",\"creatorId\":1,\"description\":\"123123\",\"knowledgeId\":2,\"name\":\"test1\",\"params\":{},\"pid\":1,\"updateBy\":\"\",\"workspaceId\":1001}', '{\"code\":200,\"msg\":\"操作成功\"}', 0, NULL, '2025-09-19 08:03:45', 24);
INSERT INTO `system_oper_log` VALUES (297, '概念配置', 3, 'com.insmess.knowledge.module.ext.controller.admin.extSchema.ExtSchemaController.remove()', 'DELETE', 1, 'insmess', '研发部门', '/ext/schema/44', '114.254.1.186', 'XX XX', '{}', '{\"code\":200,\"msg\":\"操作成功\"}', 0, NULL, '2025-09-19 08:03:50', 11);
INSERT INTO `system_oper_log` VALUES (298, '概念配置', 1, 'com.insmess.knowledge.module.ext.controller.admin.extSchema.ExtSchemaController.add()', 'POST', 1, 'insmess', '研发部门', '/ext/schema', '114.254.1.186', 'XX XX', '{\"color\":\"rgba(255, 69, 0, 1)\",\"createBy\":\"星小图\",\"createTime\":\"2025-09-19 16:05:08\",\"creatorId\":1,\"description\":\"123123\",\"knowledgeId\":2,\"name\":\"test1\",\"params\":{},\"pid\":1,\"updateBy\":\"\",\"workspaceId\":1001}', '{\"code\":200,\"msg\":\"操作成功\"}', 0, NULL, '2025-09-19 08:05:09', 24);
INSERT INTO `system_oper_log` VALUES (299, '概念配置', 3, 'com.insmess.knowledge.module.ext.controller.admin.extSchema.ExtSchemaController.remove()', 'DELETE', 1, 'insmess', '研发部门', '/ext/schema/45', '114.254.1.186', 'XX XX', '{}', '{\"code\":200,\"msg\":\"操作成功\"}', 0, NULL, '2025-09-19 08:05:13', 10);
INSERT INTO `system_oper_log` VALUES (300, '概念配置', 1, 'com.insmess.knowledge.module.ext.controller.admin.extSchema.ExtSchemaController.add()', 'POST', 1, 'insmess', '研发部门', '/ext/schema', '114.254.1.186', 'XX XX', '{\"color\":\"rgba(255, 69, 0, 1)\",\"createBy\":\"星小图\",\"createTime\":\"2025-09-19 16:19:39\",\"creatorId\":1,\"description\":\"123456\",\"knowledgeId\":2,\"name\":\"test1\",\"params\":{},\"pid\":1,\"updateBy\":\"\",\"workspaceId\":1001}', '{\"code\":200,\"msg\":\"操作成功\"}', 0, NULL, '2025-09-19 08:19:40', 21);
INSERT INTO `system_oper_log` VALUES (301, '概念配置', 3, 'com.insmess.knowledge.module.ext.controller.admin.extSchema.ExtSchemaController.remove()', 'DELETE', 1, 'insmess', '研发部门', '/ext/schema/46', '114.254.1.186', 'XX XX', '{}', '{\"code\":200,\"msg\":\"操作成功\"}', 0, NULL, '2025-09-19 08:19:53', 9);
INSERT INTO `system_oper_log` VALUES (302, '概念配置', 1, 'com.insmess.knowledge.module.ext.controller.admin.extSchema.ExtSchemaController.add()', 'POST', 1, 'insmess', '研发部门', '/ext/schema', '114.254.1.186', 'XX XX', '{\"color\":\"rgba(255, 69, 0, 1)\",\"createBy\":\"星小图\",\"createTime\":\"2025-09-19 16:20:45\",\"creatorId\":1,\"description\":\"123123\",\"knowledgeId\":2,\"name\":\"test1\",\"params\":{},\"pid\":1,\"updateBy\":\"\",\"workspaceId\":1001}', '{\"code\":200,\"msg\":\"操作成功\"}', 0, NULL, '2025-09-19 08:20:46', 18);
INSERT INTO `system_oper_log` VALUES (303, '概念配置', 3, 'com.insmess.knowledge.module.ext.controller.admin.extSchema.ExtSchemaController.remove()', 'DELETE', 1, 'insmess', '研发部门', '/ext/schema/47', '114.254.1.186', 'XX XX', '{}', '{\"code\":200,\"msg\":\"操作成功\"}', 0, NULL, '2025-09-19 08:21:59', 9);
INSERT INTO `system_oper_log` VALUES (304, '概念配置', 3, 'com.insmess.knowledge.module.ext.controller.admin.extSchema.ExtSchemaController.remove()', 'DELETE', 1, 'insmess', '研发部门', '/ext/schema/1758270121160', '114.254.1.186', 'XX XX', '{}', '{\"code\":500,\"msg\":\"操作失败\"}', 0, NULL, '2025-09-19 08:22:08', 10);
INSERT INTO `system_oper_log` VALUES (305, '概念配置', 1, 'com.insmess.knowledge.module.ext.controller.admin.extSchema.ExtSchemaController.add()', 'POST', 1, 'insmess', '研发部门', '/ext/schema', '114.254.1.186', 'XX XX', '{\"createBy\":\"星小图\",\"createTime\":\"2025-09-19 16:22:23\",\"creatorId\":1,\"description\":\"123123\",\"name\":\"teset1\",\"params\":{},\"workspaceId\":1001}', '{\"code\":200,\"msg\":\"操作成功\"}', 0, NULL, '2025-09-19 08:22:25', 21);
INSERT INTO `system_oper_log` VALUES (306, '概念配置', 3, 'com.insmess.knowledge.module.ext.controller.admin.extSchema.ExtSchemaController.remove()', 'DELETE', 1, 'insmess', '研发部门', '/ext/schema/48', '114.254.1.186', 'XX XX', '{}', '{\"code\":200,\"msg\":\"操作成功\"}', 0, NULL, '2025-09-19 08:23:05', 9);
INSERT INTO `system_oper_log` VALUES (307, '菜单管理', 1, 'system.admin.controller.com.insmess.knowledge.module.system.SysMenuController.add()', 'POST', 1, 'insmess', '研发部门', '/system/menu', '39.144.78.197', 'XX XX', '{\"children\":[],\"component\":\"dm/dataMaintenance/index\",\"createBy\":\"星小图\",\"icon\":\"date-range\",\"isCache\":\"0\",\"isFrame\":\"1\",\"menuName\":\"数据维护\",\"menuType\":\"C\",\"orderNum\":2,\"params\":{},\"parentId\":2047,\"path\":\"dataMaintenance\",\"status\":\"0\",\"visible\":\"0\"}', '{\"msg\":\"操作成功\",\"code\":200}', 0, NULL, '2025-09-22 02:26:42', 53);
INSERT INTO `system_oper_log` VALUES (308, '菜单管理', 2, 'system.admin.controller.com.insmess.knowledge.module.system.SysMenuController.edit()', 'PUT', 1, 'insmess', '研发部门', '/system/menu', '39.144.78.197', 'XX XX', '{\"children\":[],\"component\":\"dm/dataMaintenance/index\",\"createTime\":\"2025-09-22 02:26:42\",\"icon\":\"date-range\",\"isCache\":\"0\",\"isFrame\":\"1\",\"menuId\":2059,\"menuName\":\"数据维护\",\"menuType\":\"C\",\"orderNum\":2,\"params\":{},\"parentId\":2046,\"path\":\"dataMaintenance\",\"perms\":\"\",\"routeName\":\"\",\"status\":\"0\",\"updateBy\":\"星小图\",\"visible\":\"0\"}', '{\"msg\":\"操作成功\",\"code\":200}', 0, NULL, '2025-09-22 02:26:56', 14);
INSERT INTO `system_oper_log` VALUES (309, '代码生成', 6, 'controller.com.insmess.knowledge.generator.GenController.importTableSave()', 'POST', 1, 'insmess', '研发部门', '/tool/gen/importTable', '39.144.78.197', 'XX XX', '{\"tables\":\"ext_extract_relation_rules,ext_extract_attribute_rules,ext_extract_dict_type,ext_extract_dict_data\"}', '{\"msg\":\"操作成功\",\"code\":200}', 0, NULL, '2025-09-22 09:35:49', 762);
INSERT INTO `system_oper_log` VALUES (310, '代码生成', 8, 'controller.com.insmess.knowledge.generator.GenController.batchGenCode()', 'GET', 1, 'insmess', '研发部门', '/tool/gen/batchGenCode', '39.144.78.197', 'XX XX', '{\"tables\":\"ext_extract_attribute_rules,ext_extract_dict_data,ext_extract_dict_type,ext_extract_relation_rules\"}', NULL, 0, NULL, '2025-09-22 09:39:25', 2266);
INSERT INTO `system_oper_log` VALUES (311, '代码生成', 8, 'controller.com.insmess.knowledge.generator.GenController.batchGenCode()', 'GET', 1, 'insmess', '研发部门', '/tool/gen/batchGenCode', '39.144.78.197', 'XX XX', '{\"tables\":\"ext_extract_attribute_rules,ext_extract_dict_data,ext_extract_dict_type,ext_extract_relation_rules\"}', NULL, 0, NULL, '2025-09-22 09:44:41', 2398);
INSERT INTO `system_oper_log` VALUES (312, '代码生成', 8, 'controller.com.insmess.knowledge.generator.GenController.batchGenCode()', 'GET', 1, 'insmess', '研发部门', '/tool/gen/batchGenCode', '39.144.78.197', 'XX XX', '{\"tables\":\"ext_extract_attribute_rules,ext_extract_dict_data,ext_extract_dict_type,ext_extract_relation_rules\"}', NULL, 0, NULL, '2025-09-22 09:45:57', 2067);
INSERT INTO `system_oper_log` VALUES (313, '代码生成', 2, 'controller.com.insmess.knowledge.generator.GenController.editSave()', 'PUT', 1, 'insmess', '研发部门', '/tool/gen', '39.144.78.197', 'XX XX', '{\"businessName\":\"rules\",\"className\":\"ExtExtractAttributeRules\",\"columns\":[{\"capJavaField\":\"Id\",\"columnComment\":\"id\",\"columnId\":14,\"columnName\":\"id\",\"columnType\":\"bigint(20)\",\"createBy\":\"insmess\",\"createTime\":\"2025-09-22 09:35:49\",\"dictType\":\"\",\"edit\":false,\"htmlType\":\"input\",\"increment\":true,\"insert\":true,\"isIncrement\":\"1\",\"isInsert\":\"1\",\"isPk\":\"1\",\"isRequired\":\"0\",\"javaField\":\"id\",\"javaType\":\"Long\",\"list\":false,\"params\":{},\"pk\":true,\"query\":false,\"queryType\":\"EQ\",\"required\":false,\"sort\":1,\"superColumn\":false,\"tableId\":2,\"updateBy\":\"\",\"usableColumn\":false},{\"capJavaField\":\"CarrierType\",\"columnComment\":\"载体实体类型正则（从哪个实体上抽属性）例：\\\"WEAPON|EQUIP|FAC|ORG\\\"。\",\"columnId\":15,\"columnName\":\"carrier_type\",\"columnType\":\"varchar(255)\",\"createBy\":\"insmess\",\"createTime\":\"2025-09-22 09:35:49\",\"dictType\":\"\",\"edit\":true,\"htmlType\":\"select\",\"increment\":false,\"insert\":true,\"isEdit\":\"1\",\"isIncrement\":\"0\",\"isInsert\":\"1\",\"isList\":\"1\",\"isPk\":\"0\",\"isQuery\":\"1\",\"isRequired\":\"0\",\"javaField\":\"carrierType\",\"javaType\":\"String\",\"list\":true,\"params\":{},\"pk\":false,\"query\":true,\"queryType\":\"EQ\",\"required\":false,\"sort\":2,\"superColumn\":false,\"tableId\":2,\"updateBy\":\"\",\"usableColumn\":false},{\"capJavaField\":\"AttrNamePattern\",\"columnComment\":\"属性名正则（在载体实体左侧 16 字内查找，可选）命中则关系名会变成 relationPrefix + 捕获到的属性名，否则关系名是 relationPrefix + \\\"属性\\\"。\",\"columnId\":16,\"columnName\":\"attr_name_pattern\",\"columnType\":\"varchar(255)\",\"createBy\":\"insmess\",\"createTime\":\"2025-09-22 09:35:49\",\"dictType\":\"\",\"edit\":true,\"htmlType\":\"input\",\"increment\":false,\"insert\":true,\"isEdit\":\"1\",\"isIncrement\":\"0\",\"isInsert\":\"1\",\"isList\":\"1\",\"isPk\":\"0\",\"isQuery\":\"1\",\"isRequired\":\"0\",\"javaField\":\"attrNamePattern\",\"javaType\":\"String\",\"list\":true,\"params\":{},\"pk\":false,\"query\":true,\"queryType\":\"EQ\",\"required\":false,\"sort\":3,\"superColumn\":false,\"tableId\":2,\"updateBy\":\"\",\"usableColumn\":false},{\"capJavaField\":\"ValuePattern\",\"columnComment\":\"属性值正则（在载体实体右侧整句里查找）。必须包含一个捕获组 ( ... )，引擎使用第 1 个捕获组作为 tail 文本（如 \\\"30节\\\"） 常见写法是：“连接词 + 数值+单位” 例如：\\\"(?:为|达|达到|可达|约|约为)\\\\\\\\s*([0-', '{\"msg\":\"操作成功\",\"code\":200}', 0, NULL, '2025-09-22 09:47:21', 596);
INSERT INTO `system_oper_log` VALUES (314, '代码生成', 2, 'controller.com.insmess.knowledge.generator.GenController.editSave()', 'PUT', 1, 'insmess', '研发部门', '/tool/gen', '39.144.78.197', 'XX XX', '{\"businessName\":\"extExtractAttributeRules\",\"className\":\"ExtExtractAttributeRules\",\"columns\":[{\"capJavaField\":\"Id\",\"columnComment\":\"id\",\"columnId\":14,\"columnName\":\"id\",\"columnType\":\"bigint(20)\",\"createBy\":\"insmess\",\"createTime\":\"2025-09-22 09:35:49\",\"dictType\":\"\",\"edit\":false,\"htmlType\":\"input\",\"increment\":true,\"insert\":true,\"isIncrement\":\"1\",\"isInsert\":\"1\",\"isPk\":\"1\",\"isRequired\":\"0\",\"javaField\":\"id\",\"javaType\":\"Long\",\"list\":false,\"params\":{},\"pk\":true,\"query\":false,\"queryType\":\"EQ\",\"required\":false,\"sort\":1,\"superColumn\":false,\"tableId\":2,\"updateBy\":\"\",\"updateTime\":\"2025-09-22 09:47:21\",\"usableColumn\":false},{\"capJavaField\":\"CarrierType\",\"columnComment\":\"载体实体类型正则（从哪个实体上抽属性）例：\\\"WEAPON|EQUIP|FAC|ORG\\\"。\",\"columnId\":15,\"columnName\":\"carrier_type\",\"columnType\":\"varchar(255)\",\"createBy\":\"insmess\",\"createTime\":\"2025-09-22 09:35:49\",\"dictType\":\"\",\"edit\":true,\"htmlType\":\"select\",\"increment\":false,\"insert\":true,\"isEdit\":\"1\",\"isIncrement\":\"0\",\"isInsert\":\"1\",\"isList\":\"1\",\"isPk\":\"0\",\"isQuery\":\"1\",\"isRequired\":\"0\",\"javaField\":\"carrierType\",\"javaType\":\"String\",\"list\":true,\"params\":{},\"pk\":false,\"query\":true,\"queryType\":\"EQ\",\"required\":false,\"sort\":2,\"superColumn\":false,\"tableId\":2,\"updateBy\":\"\",\"updateTime\":\"2025-09-22 09:47:21\",\"usableColumn\":false},{\"capJavaField\":\"AttrNamePattern\",\"columnComment\":\"属性名正则（在载体实体左侧 16 字内查找，可选）命中则关系名会变成 relationPrefix + 捕获到的属性名，否则关系名是 relationPrefix + \\\"属性\\\"。\",\"columnId\":16,\"columnName\":\"attr_name_pattern\",\"columnType\":\"varchar(255)\",\"createBy\":\"insmess\",\"createTime\":\"2025-09-22 09:35:49\",\"dictType\":\"\",\"edit\":true,\"htmlType\":\"input\",\"increment\":false,\"insert\":true,\"isEdit\":\"1\",\"isIncrement\":\"0\",\"isInsert\":\"1\",\"isList\":\"1\",\"isPk\":\"0\",\"isQuery\":\"1\",\"isRequired\":\"0\",\"javaField\":\"attrNamePattern\",\"javaType\":\"String\",\"list\":true,\"params\":{},\"pk\":false,\"query\":true,\"queryType\":\"EQ\",\"required\":false,\"sort\":3,\"superColumn\":false,\"tableId\":2,\"updateBy\":\"\",\"updateTime\":\"2025-09-22 09:47:21\",\"usableColumn\":false},{\"capJavaField\":\"ValuePattern\",\"columnComment\":\"属', '{\"msg\":\"操作成功\",\"code\":200}', 0, NULL, '2025-09-22 09:47:52', 217);
INSERT INTO `system_oper_log` VALUES (315, '代码生成', 2, 'controller.com.insmess.knowledge.generator.GenController.editSave()', 'PUT', 1, 'insmess', '研发部门', '/tool/gen', '39.144.78.197', 'XX XX', '{\"businessName\":\"extExtractDictData\",\"className\":\"ExtExtractDictData\",\"columns\":[{\"capJavaField\":\"Id\",\"columnComment\":\"id\",\"columnId\":29,\"columnName\":\"id\",\"columnType\":\"bigint(20)\",\"createBy\":\"insmess\",\"createTime\":\"2025-09-22 09:35:49\",\"dictType\":\"\",\"edit\":false,\"htmlType\":\"input\",\"increment\":true,\"insert\":true,\"isIncrement\":\"1\",\"isInsert\":\"1\",\"isPk\":\"1\",\"isRequired\":\"0\",\"javaField\":\"id\",\"javaType\":\"Long\",\"list\":false,\"params\":{},\"pk\":true,\"query\":false,\"queryType\":\"EQ\",\"required\":false,\"sort\":1,\"superColumn\":false,\"tableId\":3,\"updateBy\":\"\",\"usableColumn\":false},{\"capJavaField\":\"Name\",\"columnComment\":\"实体名称\",\"columnId\":30,\"columnName\":\"name\",\"columnType\":\"varchar(55)\",\"createBy\":\"insmess\",\"createTime\":\"2025-09-22 09:35:49\",\"dictType\":\"\",\"edit\":true,\"htmlType\":\"input\",\"increment\":false,\"insert\":true,\"isEdit\":\"1\",\"isIncrement\":\"0\",\"isInsert\":\"1\",\"isList\":\"1\",\"isPk\":\"0\",\"isQuery\":\"1\",\"isRequired\":\"0\",\"javaField\":\"name\",\"javaType\":\"String\",\"list\":true,\"params\":{},\"pk\":false,\"query\":true,\"queryType\":\"LIKE\",\"required\":false,\"sort\":2,\"superColumn\":false,\"tableId\":3,\"updateBy\":\"\",\"usableColumn\":false},{\"capJavaField\":\"DictTypeId\",\"columnComment\":\"实体类型id\",\"columnId\":31,\"columnName\":\"dict_type_id\",\"columnType\":\"bigint(20)\",\"createBy\":\"insmess\",\"createTime\":\"2025-09-22 09:35:49\",\"dictType\":\"\",\"edit\":true,\"htmlType\":\"input\",\"increment\":false,\"insert\":true,\"isEdit\":\"1\",\"isIncrement\":\"0\",\"isInsert\":\"1\",\"isList\":\"1\",\"isPk\":\"0\",\"isQuery\":\"1\",\"isRequired\":\"0\",\"javaField\":\"dictTypeId\",\"javaType\":\"Long\",\"list\":true,\"params\":{},\"pk\":false,\"query\":true,\"queryType\":\"EQ\",\"required\":false,\"sort\":3,\"superColumn\":false,\"tableId\":3,\"updateBy\":\"\",\"usableColumn\":false},{\"capJavaField\":\"ValidFlag\",\"columnComment\":\"是否有效 0 无效 1有效\",\"columnId\":32,\"columnName\":\"valid_flag\",\"columnType\":\"tinyint(4)\",\"createBy\":\"insmess\",\"createTime\":\"2025-09-22 09:35:49\",\"dictType\":\"\",\"edit\":false,\"htmlType\":\"input\",\"increment\":false,\"insert\":true,\"isIncrement\":\"0\",\"isInsert\":\"1\",\"isPk\":\"0\",\"isRequired\":\"0\",\"javaField\":\"v', '{\"msg\":\"操作成功\",\"code\":200}', 0, NULL, '2025-09-22 09:48:51', 144);
INSERT INTO `system_oper_log` VALUES (316, '代码生成', 2, 'controller.com.insmess.knowledge.generator.GenController.editSave()', 'PUT', 1, 'insmess', '研发部门', '/tool/gen', '39.144.78.197', 'XX XX', '{\"businessName\":\"type\",\"className\":\"ExtExtractDictType\",\"columns\":[{\"capJavaField\":\"Id\",\"columnComment\":\"id\",\"columnId\":40,\"columnName\":\"id\",\"columnType\":\"bigint(20)\",\"createBy\":\"insmess\",\"createTime\":\"2025-09-22 09:35:49\",\"dictType\":\"\",\"edit\":false,\"htmlType\":\"input\",\"increment\":true,\"insert\":true,\"isIncrement\":\"1\",\"isInsert\":\"1\",\"isPk\":\"1\",\"isRequired\":\"0\",\"javaField\":\"id\",\"javaType\":\"Long\",\"list\":false,\"params\":{},\"pk\":true,\"query\":false,\"queryType\":\"EQ\",\"required\":false,\"sort\":1,\"superColumn\":false,\"tableId\":4,\"updateBy\":\"\",\"usableColumn\":false},{\"capJavaField\":\"Name\",\"columnComment\":\"类型名称\",\"columnId\":41,\"columnName\":\"name\",\"columnType\":\"varchar(50)\",\"createBy\":\"insmess\",\"createTime\":\"2025-09-22 09:35:49\",\"dictType\":\"\",\"edit\":true,\"htmlType\":\"input\",\"increment\":false,\"insert\":true,\"isEdit\":\"1\",\"isIncrement\":\"0\",\"isInsert\":\"1\",\"isList\":\"1\",\"isPk\":\"0\",\"isQuery\":\"1\",\"isRequired\":\"0\",\"javaField\":\"name\",\"javaType\":\"String\",\"list\":true,\"params\":{},\"pk\":false,\"query\":true,\"queryType\":\"LIKE\",\"required\":false,\"sort\":2,\"superColumn\":false,\"tableId\":4,\"updateBy\":\"\",\"usableColumn\":false},{\"capJavaField\":\"ValidFlag\",\"columnComment\":\"是否有效 0：无效  1：有效\",\"columnId\":42,\"columnName\":\"valid_flag\",\"columnType\":\"tinyint(4)\",\"createBy\":\"insmess\",\"createTime\":\"2025-09-22 09:35:49\",\"dictType\":\"\",\"edit\":false,\"htmlType\":\"input\",\"increment\":false,\"insert\":true,\"isIncrement\":\"0\",\"isInsert\":\"1\",\"isPk\":\"0\",\"isRequired\":\"0\",\"javaField\":\"validFlag\",\"javaType\":\"Boolean\",\"list\":false,\"params\":{},\"pk\":false,\"query\":false,\"queryType\":\"EQ\",\"required\":false,\"sort\":3,\"superColumn\":false,\"tableId\":4,\"updateBy\":\"\",\"usableColumn\":false},{\"capJavaField\":\"DelFlag\",\"columnComment\":\"删除标志 1已删除 0未删除\",\"columnId\":43,\"columnName\":\"del_flag\",\"columnType\":\"tinyint(4)\",\"createBy\":\"insmess\",\"createTime\":\"2025-09-22 09:35:49\",\"dictType\":\"\",\"edit\":false,\"htmlType\":\"input\",\"increment\":false,\"insert\":true,\"isIncrement\":\"0\",\"isInsert\":\"1\",\"isPk\":\"0\",\"isRequired\":\"0\",\"javaField\":\"delFlag\",\"javaType\":\"Boolean\",\"list\":false,\"par', '{\"msg\":\"操作成功\",\"code\":200}', 0, NULL, '2025-09-22 09:49:14', 151);
INSERT INTO `system_oper_log` VALUES (317, '代码生成', 2, 'controller.com.insmess.knowledge.generator.GenController.editSave()', 'PUT', 1, 'insmess', '研发部门', '/tool/gen', '39.144.78.197', 'XX XX', '{\"businessName\":\"extExtractDictType\",\"className\":\"ExtExtractDictType\",\"columns\":[{\"capJavaField\":\"Id\",\"columnComment\":\"id\",\"columnId\":40,\"columnName\":\"id\",\"columnType\":\"bigint(20)\",\"createBy\":\"insmess\",\"createTime\":\"2025-09-22 09:35:49\",\"dictType\":\"\",\"edit\":false,\"htmlType\":\"input\",\"increment\":true,\"insert\":true,\"isIncrement\":\"1\",\"isInsert\":\"1\",\"isPk\":\"1\",\"isRequired\":\"0\",\"javaField\":\"id\",\"javaType\":\"Long\",\"list\":false,\"params\":{},\"pk\":true,\"query\":false,\"queryType\":\"EQ\",\"required\":false,\"sort\":1,\"superColumn\":false,\"tableId\":4,\"updateBy\":\"\",\"updateTime\":\"2025-09-22 09:49:13\",\"usableColumn\":false},{\"capJavaField\":\"Name\",\"columnComment\":\"类型名称\",\"columnId\":41,\"columnName\":\"name\",\"columnType\":\"varchar(50)\",\"createBy\":\"insmess\",\"createTime\":\"2025-09-22 09:35:49\",\"dictType\":\"\",\"edit\":true,\"htmlType\":\"input\",\"increment\":false,\"insert\":true,\"isEdit\":\"1\",\"isIncrement\":\"0\",\"isInsert\":\"1\",\"isList\":\"1\",\"isPk\":\"0\",\"isQuery\":\"1\",\"isRequired\":\"0\",\"javaField\":\"name\",\"javaType\":\"String\",\"list\":true,\"params\":{},\"pk\":false,\"query\":true,\"queryType\":\"LIKE\",\"required\":false,\"sort\":2,\"superColumn\":false,\"tableId\":4,\"updateBy\":\"\",\"updateTime\":\"2025-09-22 09:49:13\",\"usableColumn\":false},{\"capJavaField\":\"ValidFlag\",\"columnComment\":\"是否有效 0：无效  1：有效\",\"columnId\":42,\"columnName\":\"valid_flag\",\"columnType\":\"tinyint(4)\",\"createBy\":\"insmess\",\"createTime\":\"2025-09-22 09:35:49\",\"dictType\":\"\",\"edit\":false,\"htmlType\":\"input\",\"increment\":false,\"insert\":true,\"isIncrement\":\"0\",\"isInsert\":\"1\",\"isPk\":\"0\",\"isRequired\":\"0\",\"javaField\":\"validFlag\",\"javaType\":\"Boolean\",\"list\":false,\"params\":{},\"pk\":false,\"query\":false,\"queryType\":\"EQ\",\"required\":false,\"sort\":3,\"superColumn\":false,\"tableId\":4,\"updateBy\":\"\",\"updateTime\":\"2025-09-22 09:49:13\",\"usableColumn\":false},{\"capJavaField\":\"DelFlag\",\"columnComment\":\"删除标志 1已删除 0未删除\",\"columnId\":43,\"columnName\":\"del_flag\",\"columnType\":\"tinyint(4)\",\"createBy\":\"insmess\",\"createTime\":\"2025-09-22 09:35:49\",\"dictType\":\"\",\"edit\":false,\"htmlType\":\"input\",\"increment\":false,\"insert\":true,\"i', '{\"msg\":\"操作成功\",\"code\":200}', 0, NULL, '2025-09-22 09:49:47', 146);
INSERT INTO `system_oper_log` VALUES (318, '代码生成', 2, 'controller.com.insmess.knowledge.generator.GenController.editSave()', 'PUT', 1, 'insmess', '研发部门', '/tool/gen', '39.144.78.197', 'XX XX', '{\"businessName\":\"extExtractRelationRules\",\"className\":\"ExtExtractRelationRules\",\"columns\":[{\"capJavaField\":\"Id\",\"columnComment\":\"id\",\"columnId\":51,\"columnName\":\"id\",\"columnType\":\"bigint(20)\",\"createBy\":\"insmess\",\"createTime\":\"2025-09-22 09:35:49\",\"dictType\":\"\",\"edit\":false,\"htmlType\":\"input\",\"increment\":true,\"insert\":true,\"isIncrement\":\"1\",\"isInsert\":\"1\",\"isPk\":\"1\",\"isRequired\":\"0\",\"javaField\":\"id\",\"javaType\":\"Long\",\"list\":false,\"params\":{},\"pk\":true,\"query\":false,\"queryType\":\"EQ\",\"required\":false,\"sort\":1,\"superColumn\":false,\"tableId\":5,\"updateBy\":\"\",\"usableColumn\":false},{\"capJavaField\":\"Relation\",\"columnComment\":\"关系名\",\"columnId\":52,\"columnName\":\"relation\",\"columnType\":\"varchar(255)\",\"createBy\":\"insmess\",\"createTime\":\"2025-09-22 09:35:49\",\"dictType\":\"\",\"edit\":true,\"htmlType\":\"input\",\"increment\":false,\"insert\":true,\"isEdit\":\"1\",\"isIncrement\":\"0\",\"isInsert\":\"1\",\"isList\":\"1\",\"isPk\":\"0\",\"isQuery\":\"1\",\"isRequired\":\"0\",\"javaField\":\"relation\",\"javaType\":\"String\",\"list\":true,\"params\":{},\"pk\":false,\"query\":true,\"queryType\":\"EQ\",\"required\":false,\"sort\":2,\"superColumn\":false,\"tableId\":5,\"updateBy\":\"\",\"usableColumn\":false},{\"capJavaField\":\"HeadType\",\"columnComment\":\"实体类型正则（头）\",\"columnId\":53,\"columnName\":\"head_type\",\"columnType\":\"varchar(500)\",\"createBy\":\"insmess\",\"createTime\":\"2025-09-22 09:35:49\",\"dictType\":\"\",\"edit\":true,\"htmlType\":\"select\",\"increment\":false,\"insert\":true,\"isEdit\":\"1\",\"isIncrement\":\"0\",\"isInsert\":\"1\",\"isList\":\"1\",\"isPk\":\"0\",\"isQuery\":\"1\",\"isRequired\":\"0\",\"javaField\":\"headType\",\"javaType\":\"String\",\"list\":true,\"params\":{},\"pk\":false,\"query\":true,\"queryType\":\"EQ\",\"required\":false,\"sort\":3,\"superColumn\":false,\"tableId\":5,\"updateBy\":\"\",\"usableColumn\":false},{\"capJavaField\":\"TailType\",\"columnComment\":\"实体类型正则（尾）\",\"columnId\":54,\"columnName\":\"tail_type\",\"columnType\":\"varchar(500)\",\"createBy\":\"insmess\",\"createTime\":\"2025-09-22 09:35:49\",\"dictType\":\"\",\"edit\":true,\"htmlType\":\"select\",\"increment\":false,\"insert\":true,\"isEdit\":\"1\",\"isIncrement\":\"0\",\"isInsert\":\"1\",\"isList\":\"1\"', '{\"msg\":\"操作成功\",\"code\":200}', 0, NULL, '2025-09-22 09:50:15', 197);
INSERT INTO `system_oper_log` VALUES (319, '代码生成', 2, 'controller.com.insmess.knowledge.generator.GenController.editSave()', 'PUT', 1, 'insmess', '研发部门', '/tool/gen', '39.144.78.197', 'XX XX', '{\"businessName\":\"extExtractAttributeRules\",\"className\":\"ExtExtractAttributeRules\",\"columns\":[{\"capJavaField\":\"Id\",\"columnComment\":\"id\",\"columnId\":14,\"columnName\":\"id\",\"columnType\":\"bigint(20)\",\"createBy\":\"insmess\",\"createTime\":\"2025-09-22 09:35:49\",\"dictType\":\"\",\"edit\":false,\"htmlType\":\"input\",\"increment\":true,\"insert\":true,\"isIncrement\":\"1\",\"isInsert\":\"1\",\"isPk\":\"1\",\"isRequired\":\"0\",\"javaField\":\"id\",\"javaType\":\"Long\",\"list\":false,\"params\":{},\"pk\":true,\"query\":false,\"queryType\":\"EQ\",\"required\":false,\"sort\":1,\"superColumn\":false,\"tableId\":2,\"updateBy\":\"\",\"updateTime\":\"2025-09-22 09:47:52\",\"usableColumn\":false},{\"capJavaField\":\"CarrierType\",\"columnComment\":\"载体实体类型正则\",\"columnId\":15,\"columnName\":\"carrier_type\",\"columnType\":\"varchar(255)\",\"createBy\":\"insmess\",\"createTime\":\"2025-09-22 09:35:49\",\"dictType\":\"\",\"edit\":true,\"htmlType\":\"select\",\"increment\":false,\"insert\":true,\"isEdit\":\"1\",\"isIncrement\":\"0\",\"isInsert\":\"1\",\"isList\":\"1\",\"isPk\":\"0\",\"isQuery\":\"1\",\"isRequired\":\"0\",\"javaField\":\"carrierType\",\"javaType\":\"String\",\"list\":true,\"params\":{},\"pk\":false,\"query\":true,\"queryType\":\"EQ\",\"required\":false,\"sort\":2,\"superColumn\":false,\"tableId\":2,\"updateBy\":\"\",\"updateTime\":\"2025-09-22 09:47:52\",\"usableColumn\":false},{\"capJavaField\":\"AttrNamePattern\",\"columnComment\":\"属性名正则\",\"columnId\":16,\"columnName\":\"attr_name_pattern\",\"columnType\":\"varchar(255)\",\"createBy\":\"insmess\",\"createTime\":\"2025-09-22 09:35:49\",\"dictType\":\"\",\"edit\":true,\"htmlType\":\"input\",\"increment\":false,\"insert\":true,\"isEdit\":\"1\",\"isIncrement\":\"0\",\"isInsert\":\"1\",\"isList\":\"1\",\"isPk\":\"0\",\"isQuery\":\"1\",\"isRequired\":\"0\",\"javaField\":\"attrNamePattern\",\"javaType\":\"String\",\"list\":true,\"params\":{},\"pk\":false,\"query\":true,\"queryType\":\"EQ\",\"required\":false,\"sort\":3,\"superColumn\":false,\"tableId\":2,\"updateBy\":\"\",\"updateTime\":\"2025-09-22 09:47:52\",\"usableColumn\":false},{\"capJavaField\":\"ValuePattern\",\"columnComment\":\"属性值正则\",\"columnId\":17,\"columnName\":\"value_pattern\",\"columnType\":\"varchar(255)\",\"createBy\":\"insmess\",\"createTime\":\"2025-09-22 09', '{\"msg\":\"操作成功\",\"code\":200}', 0, NULL, '2025-09-22 09:50:58', 205);
INSERT INTO `system_oper_log` VALUES (320, '代码生成', 2, 'controller.com.insmess.knowledge.generator.GenController.editSave()', 'PUT', 1, 'insmess', '研发部门', '/tool/gen', '39.144.78.197', 'XX XX', '{\"businessName\":\"extExtractRelationRules\",\"className\":\"ExtExtractRelationRules\",\"columns\":[{\"capJavaField\":\"Id\",\"columnComment\":\"id\",\"columnId\":51,\"columnName\":\"id\",\"columnType\":\"bigint(20)\",\"createBy\":\"insmess\",\"createTime\":\"2025-09-22 09:35:49\",\"dictType\":\"\",\"edit\":false,\"htmlType\":\"input\",\"increment\":true,\"insert\":true,\"isIncrement\":\"1\",\"isInsert\":\"1\",\"isPk\":\"1\",\"isRequired\":\"0\",\"javaField\":\"id\",\"javaType\":\"Long\",\"list\":false,\"params\":{},\"pk\":true,\"query\":false,\"queryType\":\"EQ\",\"required\":false,\"sort\":1,\"superColumn\":false,\"tableId\":5,\"updateBy\":\"\",\"updateTime\":\"2025-09-22 09:50:15\",\"usableColumn\":false},{\"capJavaField\":\"Relation\",\"columnComment\":\"关系名\",\"columnId\":52,\"columnName\":\"relation\",\"columnType\":\"varchar(255)\",\"createBy\":\"insmess\",\"createTime\":\"2025-09-22 09:35:49\",\"dictType\":\"\",\"edit\":true,\"htmlType\":\"input\",\"increment\":false,\"insert\":true,\"isEdit\":\"1\",\"isIncrement\":\"0\",\"isInsert\":\"1\",\"isList\":\"1\",\"isPk\":\"0\",\"isQuery\":\"1\",\"isRequired\":\"0\",\"javaField\":\"relation\",\"javaType\":\"String\",\"list\":true,\"params\":{},\"pk\":false,\"query\":true,\"queryType\":\"EQ\",\"required\":false,\"sort\":2,\"superColumn\":false,\"tableId\":5,\"updateBy\":\"\",\"updateTime\":\"2025-09-22 09:50:15\",\"usableColumn\":false},{\"capJavaField\":\"HeadType\",\"columnComment\":\"实体类型正则（头）\",\"columnId\":53,\"columnName\":\"head_type\",\"columnType\":\"varchar(500)\",\"createBy\":\"insmess\",\"createTime\":\"2025-09-22 09:35:49\",\"dictType\":\"\",\"edit\":true,\"htmlType\":\"select\",\"increment\":false,\"insert\":true,\"isEdit\":\"1\",\"isIncrement\":\"0\",\"isInsert\":\"1\",\"isList\":\"1\",\"isPk\":\"0\",\"isQuery\":\"1\",\"isRequired\":\"0\",\"javaField\":\"headType\",\"javaType\":\"String\",\"list\":true,\"params\":{},\"pk\":false,\"query\":true,\"queryType\":\"EQ\",\"required\":false,\"sort\":3,\"superColumn\":false,\"tableId\":5,\"updateBy\":\"\",\"updateTime\":\"2025-09-22 09:50:15\",\"usableColumn\":false},{\"capJavaField\":\"TailType\",\"columnComment\":\"实体类型正则（尾）\",\"columnId\":54,\"columnName\":\"tail_type\",\"columnType\":\"varchar(500)\",\"createBy\":\"insmess\",\"createTime\":\"2025-09-22 09:35:49\",\"dictType\":\"\",\"edit\":true,\"html', '{\"msg\":\"操作成功\",\"code\":200}', 0, NULL, '2025-09-22 09:52:33', 177);
INSERT INTO `system_oper_log` VALUES (321, '代码生成', 8, 'controller.com.insmess.knowledge.generator.GenController.batchGenCode()', 'GET', 1, 'insmess', '研发部门', '/tool/gen/batchGenCode', '39.144.78.197', 'XX XX', '{\"tables\":\"ext_extract_attribute_rules,ext_extract_dict_data,ext_extract_dict_type,ext_extract_relation_rules\"}', NULL, 0, NULL, '2025-09-22 09:52:42', 2026);
INSERT INTO `system_oper_log` VALUES (322, '代码生成', 8, 'controller.com.insmess.knowledge.generator.GenController.batchGenCode()', 'GET', 1, 'insmess', '研发部门', '/tool/gen/batchGenCode', '39.144.78.197', 'XX XX', '{\"tables\":\"ext_extract_attribute_rules,ext_extract_dict_data,ext_extract_dict_type,ext_extract_relation_rules\"}', NULL, 0, NULL, '2025-09-22 09:52:48', 2010);
INSERT INTO `system_oper_log` VALUES (323, '概念配置', 3, 'com.insmess.knowledge.module.ext.controller.admin.extSchema.ExtSchemaController.remove()', 'DELETE', 1, 'insmess', '研发部门', '/ext/schema/1758586827963', '39.144.78.197', 'XX XX', '{}', '{\"code\":500,\"msg\":\"操作失败\"}', 0, NULL, '2025-09-23 00:20:33', 52);
INSERT INTO `system_oper_log` VALUES (324, '菜单管理', 1, 'system.admin.controller.com.insmess.knowledge.module.system.SysMenuController.add()', 'POST', 1, 'insmess', '研发部门', '/system/menu', '39.144.78.197', 'XX XX', '{\"children\":[],\"createBy\":\"星小图\",\"icon\":\"logininfor\",\"isCache\":\"0\",\"isFrame\":\"1\",\"menuName\":\"抽取规则\",\"menuType\":\"M\",\"orderNum\":0,\"params\":{},\"parentId\":0,\"path\":\"ext\",\"status\":\"0\",\"visible\":\"0\"}', '{\"msg\":\"操作成功\",\"code\":200}', 0, NULL, '2025-09-23 00:31:04', 19);
INSERT INTO `system_oper_log` VALUES (325, '菜单管理', 2, 'system.admin.controller.com.insmess.knowledge.module.system.SysMenuController.edit()', 'PUT', 1, 'insmess', '研发部门', '/system/menu', '39.144.78.197', 'XX XX', '{\"children\":[],\"component\":\"ext/extExtractDictType/index\",\"createTime\":\"2025-09-22 09:55:43\",\"icon\":\"#\",\"isCache\":\"0\",\"isFrame\":\"1\",\"menuId\":2060,\"menuName\":\"抽取字典类型\",\"menuType\":\"C\",\"orderNum\":1,\"params\":{},\"parentId\":2088,\"path\":\"extExtractDictType\",\"perms\":\"ext:extExtractDictType:extractdicttype:list\",\"routeName\":\"\",\"status\":\"0\",\"updateBy\":\"星小图\",\"visible\":\"0\"}', '{\"msg\":\"操作成功\",\"code\":200}', 0, NULL, '2025-09-23 00:31:30', 17);
INSERT INTO `system_oper_log` VALUES (326, '菜单管理', 2, 'system.admin.controller.com.insmess.knowledge.module.system.SysMenuController.edit()', 'PUT', 1, 'insmess', '研发部门', '/system/menu', '39.144.78.197', 'XX XX', '{\"children\":[],\"component\":\"ext/extExtractRelationRules/index\",\"createTime\":\"2025-09-22 09:55:58\",\"icon\":\"#\",\"isCache\":\"0\",\"isFrame\":\"1\",\"menuId\":2067,\"menuName\":\"抽取的关系规则\",\"menuType\":\"C\",\"orderNum\":1,\"params\":{},\"parentId\":2088,\"path\":\"extExtractRelationRules\",\"perms\":\"ext:extExtractRelationRules:extractrelationrules:list\",\"routeName\":\"\",\"status\":\"0\",\"updateBy\":\"星小图\",\"visible\":\"0\"}', '{\"msg\":\"操作成功\",\"code\":200}', 0, NULL, '2025-09-23 00:31:42', 18);
INSERT INTO `system_oper_log` VALUES (327, '菜单管理', 2, 'system.admin.controller.com.insmess.knowledge.module.system.SysMenuController.edit()', 'PUT', 1, 'insmess', '研发部门', '/system/menu', '39.144.78.197', 'XX XX', '{\"children\":[],\"component\":\"ext/extExtractAttributeRules/index\",\"createTime\":\"2025-09-22 09:56:10\",\"icon\":\"#\",\"isCache\":\"0\",\"isFrame\":\"1\",\"menuId\":2074,\"menuName\":\"抽取的属性规则\",\"menuType\":\"C\",\"orderNum\":1,\"params\":{},\"parentId\":2088,\"path\":\"extExtractAttributeRules\",\"perms\":\"ext:extExtractAttributeRules:extractattributerules:list\",\"routeName\":\"\",\"status\":\"0\",\"updateBy\":\"星小图\",\"visible\":\"0\"}', '{\"msg\":\"操作成功\",\"code\":200}', 0, NULL, '2025-09-23 00:31:50', 16);
INSERT INTO `system_oper_log` VALUES (328, '菜单管理', 2, 'system.admin.controller.com.insmess.knowledge.module.system.SysMenuController.edit()', 'PUT', 1, 'insmess', '研发部门', '/system/menu', '39.144.78.197', 'XX XX', '{\"children\":[],\"component\":\"ext/extExtractDictData/index\",\"createTime\":\"2025-09-22 09:56:17\",\"icon\":\"#\",\"isCache\":\"0\",\"isFrame\":\"1\",\"menuId\":2081,\"menuName\":\"抽取字典\",\"menuType\":\"C\",\"orderNum\":1,\"params\":{},\"parentId\":2088,\"path\":\"extExtractDictData\",\"perms\":\"ext:extExtractDictData:extractdictdata:list\",\"routeName\":\"\",\"status\":\"0\",\"updateBy\":\"星小图\",\"visible\":\"0\"}', '{\"msg\":\"操作成功\",\"code\":200}', 0, NULL, '2025-09-23 00:32:02', 15);
INSERT INTO `system_oper_log` VALUES (329, '菜单管理', 2, 'system.admin.controller.com.insmess.knowledge.module.system.SysMenuController.edit()', 'PUT', 1, 'insmess', '研发部门', '/system/menu', '39.144.78.197', 'XX XX', '{\"children\":[],\"createTime\":\"2025-09-23 00:31:04\",\"icon\":\"logininfor\",\"isCache\":\"0\",\"isFrame\":\"1\",\"menuId\":2088,\"menuName\":\"抽取规则\",\"menuType\":\"M\",\"orderNum\":0,\"params\":{},\"parentId\":0,\"path\":\"extRule\",\"perms\":\"\",\"routeName\":\"\",\"status\":\"0\",\"updateBy\":\"星小图\",\"visible\":\"0\"}', '{\"msg\":\"操作成功\",\"code\":200}', 0, NULL, '2025-09-23 00:34:51', 12);
INSERT INTO `system_oper_log` VALUES (330, '菜单管理', 1, 'system.admin.controller.com.insmess.knowledge.module.system.SysMenuController.add()', 'POST', 1, 'insmess', '研发部门', '/system/menu', '39.144.78.197', 'XX XX', '{\"children\":[],\"createBy\":\"星小图\",\"isCache\":\"0\",\"isFrame\":\"1\",\"menuName\":\"字典抽取\",\"menuType\":\"M\",\"orderNum\":0,\"params\":{},\"parentId\":2088,\"path\":\"directExtract\",\"status\":\"0\",\"visible\":\"0\"}', '{\"msg\":\"操作成功\",\"code\":200}', 0, NULL, '2025-09-23 00:35:48', 5);
INSERT INTO `system_oper_log` VALUES (331, '菜单管理', 2, 'system.admin.controller.com.insmess.knowledge.module.system.SysMenuController.edit()', 'PUT', 1, 'insmess', '研发部门', '/system/menu', '39.144.78.197', 'XX XX', '{\"children\":[],\"component\":\"ext/extExtractDictType/index\",\"createTime\":\"2025-09-22 09:55:43\",\"icon\":\"#\",\"isCache\":\"0\",\"isFrame\":\"1\",\"menuId\":2060,\"menuName\":\"抽取字典类型\",\"menuType\":\"C\",\"orderNum\":1,\"params\":{},\"parentId\":2089,\"path\":\"extExtractDictType\",\"perms\":\"ext:extExtractDictType:extractdicttype:list\",\"routeName\":\"\",\"status\":\"0\",\"updateBy\":\"星小图\",\"visible\":\"0\"}', '{\"msg\":\"操作成功\",\"code\":200}', 0, NULL, '2025-09-23 00:35:58', 10);
INSERT INTO `system_oper_log` VALUES (332, '菜单管理', 2, 'system.admin.controller.com.insmess.knowledge.module.system.SysMenuController.edit()', 'PUT', 1, 'insmess', '研发部门', '/system/menu', '39.144.78.197', 'XX XX', '{\"children\":[],\"component\":\"ext/extExtractRelationRules/index\",\"createTime\":\"2025-09-22 09:55:58\",\"icon\":\"#\",\"isCache\":\"0\",\"isFrame\":\"1\",\"menuId\":2067,\"menuName\":\"抽取的关系规则\",\"menuType\":\"C\",\"orderNum\":1,\"params\":{},\"parentId\":2089,\"path\":\"extExtractRelationRules\",\"perms\":\"ext:extExtractRelationRules:extractrelationrules:list\",\"routeName\":\"\",\"status\":\"0\",\"updateBy\":\"星小图\",\"visible\":\"0\"}', '{\"msg\":\"操作成功\",\"code\":200}', 0, NULL, '2025-09-23 00:36:09', 15);
INSERT INTO `system_oper_log` VALUES (333, '菜单管理', 2, 'system.admin.controller.com.insmess.knowledge.module.system.SysMenuController.edit()', 'PUT', 1, 'insmess', '研发部门', '/system/menu', '39.144.78.197', 'XX XX', '{\"children\":[],\"component\":\"ext/extExtractAttributeRules/index\",\"createTime\":\"2025-09-22 09:56:10\",\"icon\":\"#\",\"isCache\":\"0\",\"isFrame\":\"1\",\"menuId\":2074,\"menuName\":\"抽取的属性规则\",\"menuType\":\"C\",\"orderNum\":1,\"params\":{},\"parentId\":2089,\"path\":\"extExtractAttributeRules\",\"perms\":\"ext:extExtractAttributeRules:extractattributerules:list\",\"routeName\":\"\",\"status\":\"0\",\"updateBy\":\"星小图\",\"visible\":\"0\"}', '{\"msg\":\"操作成功\",\"code\":200}', 0, NULL, '2025-09-23 00:36:22', 14);
INSERT INTO `system_oper_log` VALUES (334, '菜单管理', 2, 'system.admin.controller.com.insmess.knowledge.module.system.SysMenuController.edit()', 'PUT', 1, 'insmess', '研发部门', '/system/menu', '39.144.78.197', 'XX XX', '{\"children\":[],\"component\":\"ext/extExtractDictData/index\",\"createTime\":\"2025-09-22 09:56:17\",\"icon\":\"#\",\"isCache\":\"0\",\"isFrame\":\"1\",\"menuId\":2081,\"menuName\":\"抽取字典\",\"menuType\":\"C\",\"orderNum\":1,\"params\":{},\"parentId\":2089,\"path\":\"extExtractDictData\",\"perms\":\"ext:extExtractDictData:extractdictdata:list\",\"routeName\":\"\",\"status\":\"0\",\"updateBy\":\"星小图\",\"visible\":\"0\"}', '{\"msg\":\"操作成功\",\"code\":200}', 0, NULL, '2025-09-23 00:36:33', 12);
INSERT INTO `system_oper_log` VALUES (335, '菜单管理', 2, 'system.admin.controller.com.insmess.knowledge.module.system.SysMenuController.edit()', 'PUT', 1, 'insmess', '研发部门', '/system/menu', '39.144.78.197', 'XX XX', '{\"children\":[],\"component\":\"ext/extExtractDictType/index\",\"createTime\":\"2025-09-22 09:55:43\",\"icon\":\"#\",\"isCache\":\"0\",\"isFrame\":\"1\",\"menuId\":2060,\"menuName\":\"字典类型\",\"menuType\":\"C\",\"orderNum\":1,\"params\":{},\"parentId\":2089,\"path\":\"extExtractDictType\",\"perms\":\"ext:extExtractDictType:extractdicttype:list\",\"routeName\":\"\",\"status\":\"0\",\"updateBy\":\"星小图\",\"visible\":\"0\"}', '{\"msg\":\"操作成功\",\"code\":200}', 0, NULL, '2025-09-23 00:37:06', 12);
INSERT INTO `system_oper_log` VALUES (336, '菜单管理', 2, 'system.admin.controller.com.insmess.knowledge.module.system.SysMenuController.edit()', 'PUT', 1, 'insmess', '研发部门', '/system/menu', '39.144.78.197', 'XX XX', '{\"children\":[],\"component\":\"ext/extExtractRelationRules/index\",\"createTime\":\"2025-09-22 09:55:58\",\"icon\":\"#\",\"isCache\":\"0\",\"isFrame\":\"1\",\"menuId\":2067,\"menuName\":\"关系规则\",\"menuType\":\"C\",\"orderNum\":11,\"params\":{},\"parentId\":2089,\"path\":\"extExtractRelationRules\",\"perms\":\"ext:extExtractRelationRules:extractrelationrules:list\",\"routeName\":\"\",\"status\":\"0\",\"updateBy\":\"星小图\",\"visible\":\"0\"}', '{\"msg\":\"操作成功\",\"code\":200}', 0, NULL, '2025-09-23 00:37:16', 17);
INSERT INTO `system_oper_log` VALUES (337, '菜单管理', 2, 'system.admin.controller.com.insmess.knowledge.module.system.SysMenuController.edit()', 'PUT', 1, 'insmess', '研发部门', '/system/menu', '39.144.78.197', 'XX XX', '{\"children\":[],\"component\":\"ext/extExtractAttributeRules/index\",\"createTime\":\"2025-09-22 09:56:10\",\"icon\":\"#\",\"isCache\":\"0\",\"isFrame\":\"1\",\"menuId\":2074,\"menuName\":\"属性规则\",\"menuType\":\"C\",\"orderNum\":11,\"params\":{},\"parentId\":2089,\"path\":\"extExtractAttributeRules\",\"perms\":\"ext:extExtractAttributeRules:extractattributerules:list\",\"routeName\":\"\",\"status\":\"0\",\"updateBy\":\"星小图\",\"visible\":\"0\"}', '{\"msg\":\"操作成功\",\"code\":200}', 0, NULL, '2025-09-23 00:37:24', 9);
INSERT INTO `system_oper_log` VALUES (338, '菜单管理', 2, 'system.admin.controller.com.insmess.knowledge.module.system.SysMenuController.edit()', 'PUT', 1, 'insmess', '研发部门', '/system/menu', '39.144.78.197', 'XX XX', '{\"children\":[],\"component\":\"ext/extExtractDictData/index\",\"createTime\":\"2025-09-22 09:56:17\",\"icon\":\"#\",\"isCache\":\"0\",\"isFrame\":\"1\",\"menuId\":2081,\"menuName\":\"实体字典\",\"menuType\":\"C\",\"orderNum\":1,\"params\":{},\"parentId\":2089,\"path\":\"extExtractDictData\",\"perms\":\"ext:extExtractDictData:extractdictdata:list\",\"routeName\":\"\",\"status\":\"0\",\"updateBy\":\"星小图\",\"visible\":\"0\"}', '{\"msg\":\"操作成功\",\"code\":200}', 0, NULL, '2025-09-23 00:37:47', 11);
INSERT INTO `system_oper_log` VALUES (339, '菜单管理', 1, 'system.admin.controller.com.insmess.knowledge.module.system.SysMenuController.add()', 'POST', 1, 'insmess', '研发部门', '/system/menu', '39.144.78.197', 'XX XX', '{\"children\":[],\"createBy\":\"星小图\",\"isCache\":\"0\",\"isFrame\":\"1\",\"menuName\":\"算法抽取\",\"menuType\":\"M\",\"orderNum\":0,\"params\":{},\"parentId\":2088,\"path\":\"/nlpExtract\",\"status\":\"0\",\"visible\":\"0\"}', '{\"msg\":\"操作成功\",\"code\":200}', 0, NULL, '2025-09-23 00:39:43', 9);
INSERT INTO `system_oper_log` VALUES (340, '菜单管理', 1, 'system.admin.controller.com.insmess.knowledge.module.system.SysMenuController.add()', 'POST', 1, 'insmess', '研发部门', '/system/menu', '39.144.78.197', 'XX XX', '{\"children\":[],\"createBy\":\"星小图\",\"isCache\":\"0\",\"isFrame\":\"1\",\"menuName\":\"大模型抽取\",\"menuType\":\"M\",\"orderNum\":0,\"params\":{},\"parentId\":2088,\"path\":\"bigModelExtract\",\"status\":\"0\",\"visible\":\"0\"}', '{\"msg\":\"操作成功\",\"code\":200}', 0, NULL, '2025-09-23 00:40:02', 6);
INSERT INTO `system_oper_log` VALUES (341, '抽取字典类型', 1, 'com.insmess.knowledge.module.ext.controller.admin.extExtractDictType.ExtExtractDictTypeController.add()', 'POST', 1, 'insmess', '研发部门', '/ext/extExtractDictType', '39.144.78.197', 'XX XX', '{\"name\":\"国家\",\"params\":{},\"remark\":\"国家\"}', NULL, 1, '\r\n### Error updating database.  Cause: java.sql.SQLSyntaxErrorException: Unknown column \'creator_id\' in \'field list\'\r\n### The error may exist in com/insmess/knowledge/module/ext/dal/mapper/extExtractDictType/ExtExtractDictTypeMapper.java (best guess)\r\n### The error may involve com.insmess.knowledge.module.ext.dal.mapper.extExtractDictType.ExtExtractDictTypeMapper.insert-Inline\r\n### The error occurred while setting parameters\r\n### SQL: INSERT INTO ext_extract_dict_type  ( name,    creator_id, create_by, create_time, updater_id, update_by, update_time, remark )  VALUES (  ?,    ?, ?, ?, ?, ?, ?, ?  )\r\n### Cause: java.sql.SQLSyntaxErrorException: Unknown column \'creator_id\' in \'field list\'\n; bad SQL grammar []', '2025-09-23 01:11:21', 650);
INSERT INTO `system_oper_log` VALUES (342, '抽取字典类型', 1, 'com.insmess.knowledge.module.ext.controller.admin.extExtractDictType.ExtExtractDictTypeController.add()', 'POST', 1, 'insmess', '研发部门', '/ext/extExtractDictType', '39.144.78.197', 'XX XX', '{\"name\":\"国家\",\"params\":{},\"remark\":\"国家\"}', '{\"code\":200,\"msg\":\"操作成功\"}', 0, NULL, '2025-09-23 01:12:06', 18);
INSERT INTO `system_oper_log` VALUES (343, '抽取字典类型', 1, 'com.insmess.knowledge.module.ext.controller.admin.extExtractDictType.ExtExtractDictTypeController.add()', 'POST', 1, 'insmess', '研发部门', '/ext/extExtractDictType', '39.144.78.197', 'XX XX', '{\"name\":\"地区\",\"params\":{},\"remark\":\"地区\"}', '{\"code\":200,\"msg\":\"操作成功\"}', 0, NULL, '2025-09-23 01:43:31', 60);
INSERT INTO `system_oper_log` VALUES (344, '抽取字典类型', 1, 'com.insmess.knowledge.module.ext.controller.admin.extExtractDictType.ExtExtractDictTypeController.add()', 'POST', 1, 'insmess', '研发部门', '/ext/extExtractDictType', '39.144.78.197', 'XX XX', '{\"name\":\"组织\",\"params\":{},\"remark\":\"组织\"}', '{\"code\":200,\"msg\":\"操作成功\"}', 0, NULL, '2025-09-23 01:43:43', 21);
INSERT INTO `system_oper_log` VALUES (345, '抽取字典类型', 1, 'com.insmess.knowledge.module.ext.controller.admin.extExtractDictType.ExtExtractDictTypeController.add()', 'POST', 1, 'insmess', '研发部门', '/ext/extExtractDictType', '39.144.78.197', 'XX XX', '{\"name\":\"人物\",\"params\":{},\"remark\":\"人物\"}', '{\"code\":200,\"msg\":\"操作成功\"}', 0, NULL, '2025-09-23 01:45:50', 20);
INSERT INTO `system_oper_log` VALUES (346, '抽取字典', 1, 'com.insmess.knowledge.module.ext.controller.admin.extExtractDictData.ExtExtractDictDataController.add()', 'POST', 1, 'insmess', '研发部门', '/ext/extExtractDictData', '39.144.78.197', 'XX XX', '{\"dictTypeId\":1,\"name\":\"美国\",\"params\":{},\"remark\":\"美国\"}', '{\"code\":200,\"msg\":\"操作成功\"}', 0, NULL, '2025-09-23 01:48:42', 32);
INSERT INTO `system_oper_log` VALUES (347, '抽取字典', 1, 'com.insmess.knowledge.module.ext.controller.admin.extExtractDictData.ExtExtractDictDataController.add()', 'POST', 1, 'insmess', '研发部门', '/ext/extExtractDictData', '39.144.78.197', 'XX XX', '{\"dictTypeId\":1,\"name\":\"中国\",\"params\":{},\"remark\":\"中国\"}', '{\"code\":200,\"msg\":\"操作成功\"}', 0, NULL, '2025-09-23 01:49:00', 20);
INSERT INTO `system_oper_log` VALUES (348, '抽取字典', 1, 'com.insmess.knowledge.module.ext.controller.admin.extExtractDictData.ExtExtractDictDataController.add()', 'POST', 1, 'insmess', '研发部门', '/ext/extExtractDictData', '39.144.78.197', 'XX XX', '{\"dictTypeId\":1,\"name\":\"日本\",\"params\":{},\"remark\":\"日本\"}', '{\"code\":200,\"msg\":\"操作成功\"}', 0, NULL, '2025-09-23 01:49:06', 18);
INSERT INTO `system_oper_log` VALUES (349, '抽取字典', 1, 'com.insmess.knowledge.module.ext.controller.admin.extExtractDictData.ExtExtractDictDataController.add()', 'POST', 1, 'insmess', '研发部门', '/ext/extExtractDictData', '39.144.78.197', 'XX XX', '{\"dictTypeId\":1,\"name\":\"韩国\",\"params\":{},\"remark\":\"韩国\"}', '{\"code\":200,\"msg\":\"操作成功\"}', 0, NULL, '2025-09-23 01:49:14', 22);
INSERT INTO `system_oper_log` VALUES (350, '抽取字典', 1, 'com.insmess.knowledge.module.ext.controller.admin.extExtractDictData.ExtExtractDictDataController.add()', 'POST', 1, 'insmess', '研发部门', '/ext/extExtractDictData', '39.144.78.197', 'XX XX', '{\"dictTypeId\":1,\"name\":\"俄罗斯\",\"params\":{},\"remark\":\"俄罗斯\"}', '{\"code\":200,\"msg\":\"操作成功\"}', 0, NULL, '2025-09-23 01:49:29', 18);
INSERT INTO `system_oper_log` VALUES (351, '抽取字典', 1, 'com.insmess.knowledge.module.ext.controller.admin.extExtractDictData.ExtExtractDictDataController.add()', 'POST', 1, 'insmess', '研发部门', '/ext/extExtractDictData', '39.144.78.197', 'XX XX', '{\"dictTypeId\":1,\"name\":\"朝鲜\",\"params\":{},\"remark\":\"朝鲜\"}', '{\"code\":200,\"msg\":\"操作成功\"}', 0, NULL, '2025-09-23 01:49:44', 17);
INSERT INTO `system_oper_log` VALUES (352, '抽取字典', 1, 'com.insmess.knowledge.module.ext.controller.admin.extExtractDictData.ExtExtractDictDataController.add()', 'POST', 1, 'insmess', '研发部门', '/ext/extExtractDictData', '39.144.78.197', 'XX XX', '{\"dictTypeId\":1,\"name\":\"以色列\",\"params\":{},\"remark\":\"以色列\"}', '{\"code\":200,\"msg\":\"操作成功\"}', 0, NULL, '2025-09-23 01:50:08', 17);
INSERT INTO `system_oper_log` VALUES (353, '抽取字典', 1, 'com.insmess.knowledge.module.ext.controller.admin.extExtractDictData.ExtExtractDictDataController.add()', 'POST', 1, 'insmess', '研发部门', '/ext/extExtractDictData', '39.144.78.197', 'XX XX', '{\"dictTypeId\":1,\"name\":\"台湾\",\"params\":{},\"remark\":\"台湾\"}', '{\"code\":200,\"msg\":\"操作成功\"}', 0, NULL, '2025-09-23 01:50:21', 22);
INSERT INTO `system_oper_log` VALUES (354, '抽取字典', 1, 'com.insmess.knowledge.module.ext.controller.admin.extExtractDictData.ExtExtractDictDataController.add()', 'POST', 1, 'insmess', '研发部门', '/ext/extExtractDictData', '39.144.78.197', 'XX XX', '{\"dictTypeId\":2,\"name\":\"台海\",\"params\":{},\"remark\":\"台海\"}', '{\"code\":200,\"msg\":\"操作成功\"}', 0, NULL, '2025-09-23 01:50:36', 21);
INSERT INTO `system_oper_log` VALUES (355, '抽取字典', 1, 'com.insmess.knowledge.module.ext.controller.admin.extExtractDictData.ExtExtractDictDataController.add()', 'POST', 1, 'insmess', '研发部门', '/ext/extExtractDictData', '39.144.78.197', 'XX XX', '{\"dictTypeId\":2,\"name\":\"福建\",\"params\":{},\"remark\":\"福建\"}', '{\"code\":200,\"msg\":\"操作成功\"}', 0, NULL, '2025-09-23 01:50:47', 15);
INSERT INTO `system_oper_log` VALUES (356, '抽取字典', 1, 'com.insmess.knowledge.module.ext.controller.admin.extExtractDictData.ExtExtractDictDataController.add()', 'POST', 1, 'insmess', '研发部门', '/ext/extExtractDictData', '39.144.78.197', 'XX XX', '{\"dictTypeId\":3,\"name\":\"第七舰队\",\"params\":{},\"remark\":\"第七舰队\"}', '{\"code\":200,\"msg\":\"操作成功\"}', 0, NULL, '2025-09-23 01:51:32', 20);
INSERT INTO `system_oper_log` VALUES (357, '抽取字典', 1, 'com.insmess.knowledge.module.ext.controller.admin.extExtractDictData.ExtExtractDictDataController.add()', 'POST', 1, 'insmess', '研发部门', '/ext/extExtractDictData', '39.144.78.197', 'XX XX', '{\"dictTypeId\":2,\"name\":\"台湾海峡\",\"params\":{},\"remark\":\"台湾海峡\"}', '{\"code\":200,\"msg\":\"操作成功\"}', 0, NULL, '2025-09-23 01:51:43', 18);
INSERT INTO `system_oper_log` VALUES (358, '抽取字典', 1, 'com.insmess.knowledge.module.ext.controller.admin.extExtractDictData.ExtExtractDictDataController.add()', 'POST', 1, 'insmess', '研发部门', '/ext/extExtractDictData', '39.144.78.197', 'XX XX', '{\"dictTypeId\":4,\"name\":\"罗斯福\",\"params\":{},\"remark\":\"罗斯福\"}', '{\"code\":200,\"msg\":\"操作成功\"}', 0, NULL, '2025-09-23 01:52:02', 21);
INSERT INTO `system_oper_log` VALUES (359, '抽取字典', 1, 'com.insmess.knowledge.module.ext.controller.admin.extExtractDictData.ExtExtractDictDataController.add()', 'POST', 1, 'insmess', '研发部门', '/ext/extExtractDictData', '39.144.78.197', 'XX XX', '{\"dictTypeId\":4,\"name\":\"特朗普\",\"params\":{},\"remark\":\"特朗普\"}', '{\"code\":200,\"msg\":\"操作成功\"}', 0, NULL, '2025-09-23 01:52:10', 17);
INSERT INTO `system_oper_log` VALUES (360, '抽取字典', 1, 'com.insmess.knowledge.module.ext.controller.admin.extExtractDictData.ExtExtractDictDataController.add()', 'POST', 1, 'insmess', '研发部门', '/ext/extExtractDictData', '39.144.78.197', 'XX XX', '{\"dictTypeId\":4,\"name\":\"拜登\",\"params\":{},\"remark\":\"拜登\"}', '{\"code\":200,\"msg\":\"操作成功\"}', 0, NULL, '2025-09-23 01:52:23', 14);
INSERT INTO `system_oper_log` VALUES (361, '抽取字典', 1, 'com.insmess.knowledge.module.ext.controller.admin.extExtractDictData.ExtExtractDictDataController.add()', 'POST', 1, 'insmess', '研发部门', '/ext/extExtractDictData', '39.144.78.197', 'XX XX', '{\"dictTypeId\":4,\"name\":\"普京\",\"params\":{},\"remark\":\"普京\"}', '{\"code\":200,\"msg\":\"操作成功\"}', 0, NULL, '2025-09-23 01:52:31', 17);
INSERT INTO `system_oper_log` VALUES (362, '抽取字典', 1, 'com.insmess.knowledge.module.ext.controller.admin.extExtractDictData.ExtExtractDictDataController.add()', 'POST', 1, 'insmess', '研发部门', '/ext/extExtractDictData', '39.144.78.197', 'XX XX', '{\"dictTypeId\":3,\"name\":\"东海舰队\",\"params\":{},\"remark\":\"东海舰队\"}', '{\"code\":200,\"msg\":\"操作成功\"}', 0, NULL, '2025-09-23 01:54:48', 15);
INSERT INTO `system_oper_log` VALUES (363, '抽取字典', 1, 'com.insmess.knowledge.module.ext.controller.admin.extExtractDictData.ExtExtractDictDataController.add()', 'POST', 1, 'insmess', '研发部门', '/ext/extExtractDictData', '39.144.78.197', 'XX XX', '{\"dictTypeId\":2,\"name\":\"舟山\",\"params\":{},\"remark\":\"舟山\"}', '{\"code\":200,\"msg\":\"操作成功\"}', 0, NULL, '2025-09-23 01:55:20', 13);
INSERT INTO `system_oper_log` VALUES (364, '抽取字典', 1, 'com.insmess.knowledge.module.ext.controller.admin.extExtractDictData.ExtExtractDictDataController.add()', 'POST', 1, 'insmess', '研发部门', '/ext/extExtractDictData', '39.144.78.197', 'XX XX', '{\"dictTypeId\":2,\"name\":\"浙江\",\"params\":{},\"remark\":\"浙江\"}', '{\"code\":200,\"msg\":\"操作成功\"}', 0, NULL, '2025-09-23 01:55:31', 17);
INSERT INTO `system_oper_log` VALUES (365, '测试连接', 3, 'com.insmess.knowledge.module.dm.controller.admin.datasource.DmDatasourceController.clientsTest()', 'GET', 1, 'insmess', '研发部门', '/dm/dmDatasource/clientsTest/1', '39.144.78.197', 'XX XX', '{}', '{\"msg\":\"数据库连接成功\",\"code\":200}', 0, NULL, '2025-09-23 11:12:55', 25);
INSERT INTO `system_oper_log` VALUES (366, '定时任务', 2, 'controller.com.insmess.knowledge.quartz.SysJobController.run()', 'PUT', 1, 'insmess', '研发部门', '/monitor/job/run', '39.144.78.197', 'XX XX', '{\"jobGroup\":\"DEFAULT\",\"jobId\":100,\"misfirePolicy\":\"0\",\"params\":{}}', '{\"msg\":\"操作成功\",\"code\":200}', 0, NULL, '2025-09-23 11:22:10', 34);
INSERT INTO `system_oper_log` VALUES (367, '定时任务', 2, 'controller.com.insmess.knowledge.quartz.SysJobController.run()', 'PUT', 1, 'insmess', '研发部门', '/monitor/job/run', '39.144.78.197', 'XX XX', '{\"jobGroup\":\"DEFAULT\",\"jobId\":100,\"misfirePolicy\":\"0\",\"params\":{}}', '{\"msg\":\"操作成功\",\"code\":200}', 0, NULL, '2025-09-23 11:22:33', 21);
INSERT INTO `system_oper_log` VALUES (368, '定时任务', 2, 'controller.com.insmess.knowledge.quartz.SysJobController.run()', 'PUT', 1, 'insmess', '研发部门', '/monitor/job/run', '39.144.78.197', 'XX XX', '{\"jobGroup\":\"DEFAULT\",\"jobId\":100,\"misfirePolicy\":\"0\",\"params\":{}}', '{\"msg\":\"操作成功\",\"code\":200}', 0, NULL, '2025-09-23 11:23:02', 16);
INSERT INTO `system_oper_log` VALUES (369, '定时任务', 2, 'controller.com.insmess.knowledge.quartz.SysJobController.run()', 'PUT', 1, 'insmess', '研发部门', '/monitor/job/run', '39.144.78.197', 'XX XX', '{\"jobGroup\":\"DEFAULT\",\"jobId\":100,\"misfirePolicy\":\"0\",\"params\":{}}', '{\"msg\":\"操作成功\",\"code\":200}', 0, NULL, '2025-09-23 11:23:32', 14);
INSERT INTO `system_oper_log` VALUES (370, '定时任务', 2, 'controller.com.insmess.knowledge.quartz.SysJobController.run()', 'PUT', 1, 'insmess', '研发部门', '/monitor/job/run', '39.144.78.197', 'XX XX', '{\"jobGroup\":\"DEFAULT\",\"jobId\":100,\"misfirePolicy\":\"0\",\"params\":{}}', '{\"msg\":\"操作成功\",\"code\":200}', 0, NULL, '2025-09-23 11:33:42', 19);
INSERT INTO `system_oper_log` VALUES (371, '定时任务', 2, 'controller.com.insmess.knowledge.quartz.SysJobController.run()', 'PUT', 1, 'insmess', '研发部门', '/monitor/job/run', '39.144.78.197', 'XX XX', '{\"jobGroup\":\"DEFAULT\",\"jobId\":100,\"misfirePolicy\":\"0\",\"params\":{}}', '{\"msg\":\"操作成功\",\"code\":200}', 0, NULL, '2025-09-23 11:43:21', 54);
INSERT INTO `system_oper_log` VALUES (372, '测试连接', 3, 'com.insmess.knowledge.module.dm.controller.admin.datasource.DmDatasourceController.clientsTest()', 'GET', 1, 'insmess', '研发部门', '/dm/dmDatasource/clientsTest/3', '39.144.78.197', 'XX XX', '{}', '{\"msg\":\"数据库连接成功\",\"code\":200}', 0, NULL, '2025-09-23 11:46:12', 14);
INSERT INTO `system_oper_log` VALUES (373, '定时任务', 2, 'controller.com.insmess.knowledge.quartz.SysJobController.run()', 'PUT', 1, 'insmess', '研发部门', '/monitor/job/run', '39.144.78.197', 'XX XX', '{\"jobGroup\":\"DEFAULT\",\"jobId\":100,\"misfirePolicy\":\"0\",\"params\":{}}', '{\"msg\":\"操作成功\",\"code\":200}', 0, NULL, '2025-09-23 11:46:26', 14);
INSERT INTO `system_oper_log` VALUES (374, '菜单管理', 2, 'system.admin.controller.com.insmess.knowledge.module.system.SysMenuController.edit()', 'PUT', 1, 'insmess', '研发部门', '/system/menu', '39.144.78.197', 'XX XX', '{\"children\":[],\"component\":\"ext/extKnowledge/index\",\"createTime\":\"2025-09-09 08:32:12\",\"icon\":\"clipboard\",\"isCache\":\"0\",\"isFrame\":\"1\",\"menuId\":2055,\"menuName\":\"本地管理\",\"menuType\":\"C\",\"orderNum\":0,\"params\":{},\"parentId\":0,\"path\":\"extKnowledge\",\"perms\":\"\",\"routeName\":\"\",\"status\":\"0\",\"updateBy\":\"星小图\",\"visible\":\"0\"}', '{\"msg\":\"操作成功\",\"code\":200}', 0, NULL, '2025-09-23 11:55:02', 51);
INSERT INTO `system_oper_log` VALUES (375, '菜单管理', 2, 'system.admin.controller.com.insmess.knowledge.module.system.SysMenuController.edit()', 'PUT', 1, 'insmess', '研发部门', '/system/menu', '39.144.78.197', 'XX XX', '{\"children\":[],\"component\":\"ext/extKnowledge/index\",\"createTime\":\"2025-09-09 08:32:12\",\"icon\":\"clipboard\",\"isCache\":\"0\",\"isFrame\":\"1\",\"menuId\":2055,\"menuName\":\"本体管理\",\"menuType\":\"C\",\"orderNum\":0,\"params\":{},\"parentId\":0,\"path\":\"extKnowledge\",\"perms\":\"\",\"routeName\":\"\",\"status\":\"0\",\"updateBy\":\"星小图\",\"visible\":\"0\"}', '{\"msg\":\"操作成功\",\"code\":200}', 0, NULL, '2025-09-23 11:55:21', 14);
INSERT INTO `system_oper_log` VALUES (376, '菜单管理', 2, 'system.admin.controller.com.insmess.knowledge.module.system.SysMenuController.edit()', 'PUT', 1, 'insmess', '研发部门', '/system/menu', '39.144.78.197', 'XX XX', '{\"children\":[],\"createTime\":\"2025-09-09 08:38:47\",\"icon\":\"message\",\"isCache\":\"0\",\"isFrame\":\"1\",\"menuId\":2056,\"menuName\":\"检索问答\",\"menuType\":\"M\",\"orderNum\":33,\"params\":{},\"parentId\":0,\"path\":\"sqa\",\"perms\":\"\",\"routeName\":\"\",\"status\":\"0\",\"updateBy\":\"星小图\",\"visible\":\"0\"}', '{\"msg\":\"操作成功\",\"code\":200}', 0, NULL, '2025-09-23 11:55:42', 13);
INSERT INTO `system_oper_log` VALUES (377, '菜单管理', 2, 'system.admin.controller.com.insmess.knowledge.module.system.SysMenuController.edit()', 'PUT', 1, 'insmess', '研发部门', '/system/menu', '39.144.78.197', 'XX XX', '{\"children\":[],\"createTime\":\"2025-09-04 18:14:56\",\"icon\":\"系统工具\",\"isCache\":\"0\",\"isFrame\":\"1\",\"menuId\":3,\"menuName\":\"系统工具\",\"menuType\":\"M\",\"orderNum\":117,\"params\":{},\"parentId\":0,\"path\":\"tool\",\"perms\":\"\",\"query\":\"\",\"routeName\":\"\",\"status\":\"0\",\"updateBy\":\"星小图\",\"visible\":\"0\"}', '{\"msg\":\"操作成功\",\"code\":200}', 0, NULL, '2025-09-23 11:55:49', 10);
INSERT INTO `system_oper_log` VALUES (378, '菜单管理', 2, 'system.admin.controller.com.insmess.knowledge.module.system.SysMenuController.edit()', 'PUT', 1, 'insmess', '研发部门', '/system/menu', '39.144.78.197', 'XX XX', '{\"children\":[],\"createTime\":\"2025-09-04 18:14:56\",\"icon\":\"系统监控\",\"isCache\":\"0\",\"isFrame\":\"1\",\"menuId\":2,\"menuName\":\"系统监控\",\"menuType\":\"M\",\"orderNum\":116,\"params\":{},\"parentId\":0,\"path\":\"monitor\",\"perms\":\"\",\"query\":\"\",\"routeName\":\"\",\"status\":\"0\",\"updateBy\":\"星小图\",\"visible\":\"0\"}', '{\"msg\":\"操作成功\",\"code\":200}', 0, NULL, '2025-09-23 11:55:55', 15);
INSERT INTO `system_oper_log` VALUES (379, '菜单管理', 2, 'system.admin.controller.com.insmess.knowledge.module.system.SysMenuController.edit()', 'PUT', 1, 'insmess', '研发部门', '/system/menu', '39.144.78.197', 'XX XX', '{\"children\":[],\"createTime\":\"2025-09-04 18:14:56\",\"icon\":\"系统设置\",\"isCache\":\"0\",\"isFrame\":\"1\",\"menuId\":1,\"menuName\":\"系统管理\",\"menuType\":\"M\",\"orderNum\":115,\"params\":{},\"parentId\":0,\"path\":\"system\",\"perms\":\"\",\"query\":\"\",\"routeName\":\"\",\"status\":\"0\",\"updateBy\":\"星小图\",\"visible\":\"0\"}', '{\"msg\":\"操作成功\",\"code\":200}', 0, NULL, '2025-09-23 11:55:59', 13);
INSERT INTO `system_oper_log` VALUES (380, '菜单管理', 2, 'system.admin.controller.com.insmess.knowledge.module.system.SysMenuController.edit()', 'PUT', 1, 'insmess', '研发部门', '/system/menu', '39.144.78.197', 'XX XX', '{\"children\":[],\"createTime\":\"2025-09-04 18:14:56\",\"icon\":\"知识应用\",\"isCache\":\"0\",\"isFrame\":\"1\",\"menuId\":2044,\"menuName\":\"知识应用\",\"menuType\":\"M\",\"orderNum\":11,\"params\":{},\"parentId\":0,\"path\":\"app\",\"perms\":\"\",\"status\":\"0\",\"updateBy\":\"星小图\",\"visible\":\"0\"}', '{\"msg\":\"操作成功\",\"code\":200}', 0, NULL, '2025-09-23 11:56:27', 18);
INSERT INTO `system_oper_log` VALUES (381, '抽取字典', 1, 'com.insmess.knowledge.module.ext.controller.admin.extExtractDictData.ExtExtractDictDataController.add()', 'POST', 1, 'insmess', '研发部门', '/ext/extExtractDictData', '39.144.78.197', 'XX XX', '{\"dictTypeId\":3,\"name\":\"东海舰队\",\"params\":{},\"remark\":\"东海舰队\"}', '{\"code\":200,\"msg\":\"操作成功\"}', 0, NULL, '2025-09-24 08:24:56', 41);
INSERT INTO `system_oper_log` VALUES (382, '抽取字典', 1, 'com.insmess.knowledge.module.ext.controller.admin.extExtractDictData.ExtExtractDictDataController.add()', 'POST', 1, 'insmess', '研发部门', '/ext/extExtractDictData', '39.144.78.197', 'XX XX', '{\"dictTypeId\":2,\"name\":\"舟山\",\"params\":{},\"remark\":\"舟山\"}', '{\"code\":200,\"msg\":\"操作成功\"}', 0, NULL, '2025-09-24 08:25:09', 7);
INSERT INTO `system_oper_log` VALUES (383, '抽取字典', 1, 'com.insmess.knowledge.module.ext.controller.admin.extExtractDictData.ExtExtractDictDataController.add()', 'POST', 1, 'insmess', '研发部门', '/ext/extExtractDictData', '39.144.78.197', 'XX XX', '{\"dictTypeId\":2,\"name\":\"浙江\",\"params\":{},\"remark\":\"浙江\"}', '{\"code\":200,\"msg\":\"操作成功\"}', 0, NULL, '2025-09-24 08:25:16', 6);
INSERT INTO `system_oper_log` VALUES (384, '抽取字典', 1, 'com.insmess.knowledge.module.ext.controller.admin.extExtractDictData.ExtExtractDictDataController.add()', 'POST', 1, 'insmess', '研发部门', '/ext/extExtractDictData', '39.144.78.197', 'XX XX', '{\"dictTypeId\":4,\"name\":\"张三\",\"params\":{},\"remark\":\"张三\"}', '{\"code\":200,\"msg\":\"操作成功\"}', 0, NULL, '2025-09-24 08:25:28', 8);
INSERT INTO `system_oper_log` VALUES (385, '抽取字典', 1, 'com.insmess.knowledge.module.ext.controller.admin.extExtractDictData.ExtExtractDictDataController.add()', 'POST', 1, 'insmess', '研发部门', '/ext/extExtractDictData', '39.144.78.197', 'XX XX', '{\"dictTypeId\":3,\"name\":\"支队\",\"params\":{},\"remark\":\"支队\"}', '{\"code\":200,\"msg\":\"操作成功\"}', 0, NULL, '2025-09-24 08:25:42', 9);
INSERT INTO `system_oper_log` VALUES (386, '抽取字典类型', 1, 'com.insmess.knowledge.module.ext.controller.admin.extExtractDictType.ExtExtractDictTypeController.add()', 'POST', 1, 'insmess', '研发部门', '/ext/extExtractDictType', '39.144.78.197', 'XX XX', '{\"name\":\"职务\",\"params\":{},\"remark\":\"职务\"}', '{\"code\":200,\"msg\":\"操作成功\"}', 0, NULL, '2025-09-24 08:26:02', 16);
INSERT INTO `system_oper_log` VALUES (387, '抽取字典', 1, 'com.insmess.knowledge.module.ext.controller.admin.extExtractDictData.ExtExtractDictDataController.add()', 'POST', 1, 'insmess', '研发部门', '/ext/extExtractDictData', '39.144.78.197', 'XX XX', '{\"dictTypeId\":5,\"name\":\"参谋长\",\"params\":{},\"remark\":\"参谋长\"}', '{\"code\":200,\"msg\":\"操作成功\"}', 0, NULL, '2025-09-24 08:26:19', 7);
INSERT INTO `system_oper_log` VALUES (388, '抽取字典类型', 1, 'com.insmess.knowledge.module.ext.controller.admin.extExtractDictType.ExtExtractDictTypeController.add()', 'POST', 1, 'insmess', '研发部门', '/ext/extExtractDictType', '39.144.78.197', 'XX XX', '{\"name\":\"武器\",\"params\":{},\"remark\":\"武器\"}', '{\"code\":200,\"msg\":\"操作成功\"}', 0, NULL, '2025-09-24 08:26:56', 10);
INSERT INTO `system_oper_log` VALUES (389, '抽取字典', 1, 'com.insmess.knowledge.module.ext.controller.admin.extExtractDictData.ExtExtractDictDataController.add()', 'POST', 1, 'insmess', '研发部门', '/ext/extExtractDictData', '39.144.78.197', 'XX XX', '{\"dictTypeId\":6,\"name\":\"济南舰\",\"params\":{},\"remark\":\"济南舰\"}', '{\"code\":200,\"msg\":\"操作成功\"}', 0, NULL, '2025-09-24 08:27:17', 13);
INSERT INTO `system_oper_log` VALUES (390, '知识文件', 1, 'com.insmess.knowledge.module.kmc.controller.admin.kmcDocument.KmcDocumentController.add()', 'POST', 1, 'insmess', '研发部门', '/kmcDocument/document', '39.144.78.197', 'XX XX', '{\"categoryId\":14,\"categoryName\":\"现代史\",\"createBy\":\"星小图\",\"createTime\":\"2025-09-24 18:17:54\",\"creatorId\":1,\"name\":\"某舰船任职.docx\",\"params\":{},\"path\":\"/2025/09/24/68d3c54fb1ce2aae8a58ae78.docx\",\"workspaceId\":1001}', '{\"code\":200,\"msg\":\"操作成功\"}', 0, NULL, '2025-09-24 10:17:55', 40);
INSERT INTO `system_oper_log` VALUES (391, '非结构化抽取任务', 1, 'com.insmess.knowledge.module.ext.controller.admin.extUnstructTask.ExtUnstructTaskController.add()', 'POST', 1, 'insmess', '研发部门', '/ext/unstructTask', '39.144.78.197', 'XX XX', '{\"createBy\":\"星小图\",\"createTime\":\"2025-09-24 18:18:31\",\"creatorId\":1,\"id\":4,\"name\":\"测试任务\",\"params\":{\"docIds\":\"3\",\"relationIds\":\"10,11,12,13,14,15,16,17,18,19\"},\"publishStatus\":0,\"status\":0,\"updateTime\":\"2025-09-24 18:18:31\",\"workspaceId\":1001}', '{\"code\":200,\"msg\":\"操作成功\"}', 0, NULL, '2025-09-24 10:18:32', 110);
INSERT INTO `system_oper_log` VALUES (392, '定时任务', 2, 'controller.com.insmess.knowledge.quartz.SysJobController.run()', 'PUT', 1, 'insmess', '研发部门', '/monitor/job/run', '39.144.78.197', 'XX XX', '{\"jobGroup\":\"DEFAULT\",\"jobId\":101,\"misfirePolicy\":\"0\",\"params\":{}}', '{\"msg\":\"操作成功\",\"code\":200}', 0, NULL, '2025-09-24 10:19:13', 22);
INSERT INTO `system_oper_log` VALUES (393, '定时任务', 2, 'controller.com.insmess.knowledge.quartz.SysJobController.run()', 'PUT', 1, 'insmess', '研发部门', '/monitor/job/run', '39.144.78.197', 'XX XX', '{\"jobGroup\":\"DEFAULT\",\"jobId\":101,\"misfirePolicy\":\"0\",\"params\":{}}', '{\"msg\":\"操作成功\",\"code\":200}', 0, NULL, '2025-09-24 10:19:30', 13);
INSERT INTO `system_oper_log` VALUES (394, '定时任务', 2, 'controller.com.insmess.knowledge.quartz.SysJobController.run()', 'PUT', 1, 'insmess', '研发部门', '/monitor/job/run', '39.144.78.197', 'XX XX', '{\"jobGroup\":\"DEFAULT\",\"jobId\":101,\"misfirePolicy\":\"0\",\"params\":{}}', '{\"msg\":\"操作成功\",\"code\":200}', 0, NULL, '2025-09-24 10:21:26', 350);
INSERT INTO `system_oper_log` VALUES (395, '定时任务', 2, 'controller.com.insmess.knowledge.quartz.SysJobController.run()', 'PUT', 1, 'insmess', '研发部门', '/monitor/job/run', '39.144.78.197', 'XX XX', '{\"jobGroup\":\"DEFAULT\",\"jobId\":101,\"misfirePolicy\":\"0\",\"params\":{}}', '{\"msg\":\"操作成功\",\"code\":200}', 0, NULL, '2025-09-24 10:22:28', 14);
INSERT INTO `system_oper_log` VALUES (396, '定时任务', 2, 'controller.com.insmess.knowledge.quartz.SysJobController.run()', 'PUT', 1, 'insmess', '研发部门', '/monitor/job/run', '39.144.78.197', 'XX XX', '{\"jobGroup\":\"DEFAULT\",\"jobId\":101,\"misfirePolicy\":\"0\",\"params\":{}}', '{\"msg\":\"操作成功\",\"code\":200}', 0, NULL, '2025-09-24 10:25:18', 13);
INSERT INTO `system_oper_log` VALUES (397, '定时任务', 2, 'controller.com.insmess.knowledge.quartz.SysJobController.run()', 'PUT', 1, 'insmess', '研发部门', '/monitor/job/run', '39.144.78.197', 'XX XX', '{\"jobGroup\":\"DEFAULT\",\"jobId\":101,\"misfirePolicy\":\"0\",\"params\":{}}', '{\"msg\":\"操作成功\",\"code\":200}', 0, NULL, '2025-09-24 10:26:32', 14);
INSERT INTO `system_oper_log` VALUES (398, '定时任务', 2, 'controller.com.insmess.knowledge.quartz.SysJobController.run()', 'PUT', 1, 'insmess', '研发部门', '/monitor/job/run', '39.144.78.197', 'XX XX', '{\"jobGroup\":\"DEFAULT\",\"jobId\":101,\"misfirePolicy\":\"0\",\"params\":{}}', '{\"msg\":\"操作成功\",\"code\":200}', 0, NULL, '2025-09-24 10:28:23', 46);
INSERT INTO `system_oper_log` VALUES (399, '定时任务', 2, 'controller.com.insmess.knowledge.quartz.SysJobController.run()', 'PUT', 1, 'insmess', '研发部门', '/monitor/job/run', '39.144.78.197', 'XX XX', '{\"jobGroup\":\"DEFAULT\",\"jobId\":101,\"misfirePolicy\":\"0\",\"params\":{}}', '{\"msg\":\"操作成功\",\"code\":200}', 0, NULL, '2025-09-24 10:30:24', 15);
INSERT INTO `system_oper_log` VALUES (400, '定时任务', 2, 'controller.com.insmess.knowledge.quartz.SysJobController.run()', 'PUT', 1, 'insmess', '研发部门', '/monitor/job/run', '39.144.78.197', 'XX XX', '{\"jobGroup\":\"DEFAULT\",\"jobId\":101,\"misfirePolicy\":\"0\",\"params\":{}}', '{\"msg\":\"操作成功\",\"code\":200}', 0, NULL, '2025-09-24 10:32:21', 13);
INSERT INTO `system_oper_log` VALUES (401, '定时任务', 2, 'controller.com.insmess.knowledge.quartz.SysJobController.run()', 'PUT', 1, 'insmess', '研发部门', '/monitor/job/run', '39.144.78.197', 'XX XX', '{\"jobGroup\":\"DEFAULT\",\"jobId\":100,\"misfirePolicy\":\"0\",\"params\":{}}', '{\"msg\":\"操作成功\",\"code\":200}', 0, NULL, '2025-09-24 10:39:38', 37);
INSERT INTO `system_oper_log` VALUES (402, '定时任务', 2, 'controller.com.insmess.knowledge.quartz.SysJobController.run()', 'PUT', 1, 'insmess', '研发部门', '/monitor/job/run', '39.144.78.197', 'XX XX', '{\"jobGroup\":\"DEFAULT\",\"jobId\":101,\"misfirePolicy\":\"0\",\"params\":{}}', '{\"msg\":\"操作成功\",\"code\":200}', 0, NULL, '2025-09-24 10:39:49', 14);
INSERT INTO `system_oper_log` VALUES (403, '定时任务', 2, 'controller.com.insmess.knowledge.quartz.SysJobController.run()', 'PUT', 1, 'insmess', '研发部门', '/monitor/job/run', '39.144.78.197', 'XX XX', '{\"jobGroup\":\"DEFAULT\",\"jobId\":101,\"misfirePolicy\":\"0\",\"params\":{}}', '{\"msg\":\"操作成功\",\"code\":200}', 0, NULL, '2025-09-24 10:42:31', 37);
INSERT INTO `system_oper_log` VALUES (404, '定时任务', 2, 'controller.com.insmess.knowledge.quartz.SysJobController.run()', 'PUT', 1, 'insmess', '研发部门', '/monitor/job/run', '39.144.78.197', 'XX XX', '{\"jobGroup\":\"DEFAULT\",\"jobId\":101,\"misfirePolicy\":\"0\",\"params\":{}}', '{\"msg\":\"操作成功\",\"code\":200}', 0, NULL, '2025-09-24 10:45:35', 12);
INSERT INTO `system_oper_log` VALUES (405, '定时任务', 2, 'controller.com.insmess.knowledge.quartz.SysJobController.run()', 'PUT', 1, 'insmess', '研发部门', '/monitor/job/run', '39.144.78.197', 'XX XX', '{\"jobGroup\":\"DEFAULT\",\"jobId\":101,\"misfirePolicy\":\"0\",\"params\":{}}', '{\"msg\":\"操作成功\",\"code\":200}', 0, NULL, '2025-09-24 10:48:43', 14);
INSERT INTO `system_oper_log` VALUES (406, '定时任务', 2, 'controller.com.insmess.knowledge.quartz.SysJobController.run()', 'PUT', 1, 'insmess', '研发部门', '/monitor/job/run', '39.144.78.197', 'XX XX', '{\"jobGroup\":\"DEFAULT\",\"jobId\":101,\"misfirePolicy\":\"0\",\"params\":{}}', '{\"msg\":\"操作成功\",\"code\":200}', 0, NULL, '2025-09-24 10:52:09', 39);
INSERT INTO `system_oper_log` VALUES (407, '定时任务', 2, 'controller.com.insmess.knowledge.quartz.SysJobController.run()', 'PUT', 1, 'insmess', '研发部门', '/monitor/job/run', '39.144.78.197', 'XX XX', '{\"jobGroup\":\"DEFAULT\",\"jobId\":101,\"misfirePolicy\":\"0\",\"params\":{}}', '{\"msg\":\"操作成功\",\"code\":200}', 0, NULL, '2025-09-24 10:52:59', 11);
INSERT INTO `system_oper_log` VALUES (408, '定时任务', 2, 'controller.com.insmess.knowledge.quartz.SysJobController.run()', 'PUT', 1, 'insmess', '研发部门', '/monitor/job/run', '39.144.78.197', 'XX XX', '{\"jobGroup\":\"DEFAULT\",\"jobId\":101,\"misfirePolicy\":\"0\",\"params\":{}}', '{\"msg\":\"操作成功\",\"code\":200}', 0, NULL, '2025-09-24 11:01:30', 49);
INSERT INTO `system_oper_log` VALUES (409, '定时任务', 2, 'controller.com.insmess.knowledge.quartz.SysJobController.run()', 'PUT', 1, 'insmess', '研发部门', '/monitor/job/run', '39.144.78.197', 'XX XX', '{\"jobGroup\":\"DEFAULT\",\"jobId\":101,\"misfirePolicy\":\"0\",\"params\":{}}', '{\"msg\":\"操作成功\",\"code\":200}', 0, NULL, '2025-09-24 11:01:40', 14);
INSERT INTO `system_oper_log` VALUES (410, '定时任务', 2, 'controller.com.insmess.knowledge.quartz.SysJobController.run()', 'PUT', 1, 'insmess', '研发部门', '/monitor/job/run', '39.144.78.197', 'XX XX', '{\"jobGroup\":\"DEFAULT\",\"jobId\":100,\"misfirePolicy\":\"0\",\"params\":{}}', '{\"msg\":\"操作成功\",\"code\":200}', 0, NULL, '2025-09-24 11:01:46', 12);
INSERT INTO `system_oper_log` VALUES (411, '定时任务', 2, 'controller.com.insmess.knowledge.quartz.SysJobController.run()', 'PUT', 1, 'insmess', '研发部门', '/monitor/job/run', '39.144.78.197', 'XX XX', '{\"jobGroup\":\"DEFAULT\",\"jobId\":101,\"misfirePolicy\":\"0\",\"params\":{}}', '{\"msg\":\"操作成功\",\"code\":200}', 0, NULL, '2025-09-24 23:48:05', 47);
INSERT INTO `system_oper_log` VALUES (412, '定时任务', 2, 'controller.com.insmess.knowledge.quartz.SysJobController.run()', 'PUT', 1, 'insmess', '研发部门', '/monitor/job/run', '39.144.78.197', 'XX XX', '{\"jobGroup\":\"DEFAULT\",\"jobId\":101,\"misfirePolicy\":\"0\",\"params\":{}}', '{\"msg\":\"操作成功\",\"code\":200}', 0, NULL, '2025-09-24 23:50:49', 36);
INSERT INTO `system_oper_log` VALUES (413, '菜单管理', 1, 'system.admin.controller.com.insmess.knowledge.module.system.SysMenuController.add()', 'POST', 1, 'insmess', '研发部门', '/system/menu', '39.144.78.212', 'XX XX', '{\"children\":[],\"createBy\":\"星小图\",\"icon\":\"online\",\"isCache\":\"0\",\"isFrame\":\"1\",\"menuName\":\"数据服务\",\"menuType\":\"M\",\"orderNum\":0,\"params\":{},\"parentId\":0,\"path\":\"ser\",\"status\":\"0\",\"visible\":\"0\"}', '{\"msg\":\"操作成功\",\"code\":200}', 0, NULL, '2025-09-28 06:01:30', 143);
INSERT INTO `system_oper_log` VALUES (414, '菜单管理', 2, 'system.admin.controller.com.insmess.knowledge.module.system.SysMenuController.edit()', 'PUT', 1, 'insmess', '研发部门', '/system/menu', '39.144.78.212', 'XX XX', '{\"children\":[],\"createTime\":\"2025-09-28 06:01:29\",\"icon\":\"online\",\"isCache\":\"0\",\"isFrame\":\"1\",\"menuId\":2092,\"menuName\":\"数据服务\",\"menuType\":\"M\",\"orderNum\":40,\"params\":{},\"parentId\":0,\"path\":\"ser\",\"perms\":\"\",\"routeName\":\"\",\"status\":\"0\",\"updateBy\":\"星小图\",\"visible\":\"0\"}', '{\"msg\":\"操作成功\",\"code\":200}', 0, NULL, '2025-09-28 06:01:46', 98);
INSERT INTO `system_oper_log` VALUES (415, '菜单管理', 2, 'system.admin.controller.com.insmess.knowledge.module.system.SysMenuController.edit()', 'PUT', 1, 'insmess', '研发部门', '/system/menu', '39.144.78.212', 'XX XX', '{\"children\":[],\"createTime\":\"2025-09-23 00:31:04\",\"icon\":\"logininfor\",\"isCache\":\"0\",\"isFrame\":\"1\",\"menuId\":2088,\"menuName\":\"抽取规则\",\"menuType\":\"M\",\"orderNum\":3,\"params\":{},\"parentId\":0,\"path\":\"extRule\",\"perms\":\"\",\"routeName\":\"\",\"status\":\"0\",\"updateBy\":\"星小图\",\"visible\":\"0\"}', '{\"msg\":\"操作成功\",\"code\":200}', 0, NULL, '2025-09-28 06:53:36', 114);
INSERT INTO `system_oper_log` VALUES (416, '菜单管理', 2, 'system.admin.controller.com.insmess.knowledge.module.system.SysMenuController.edit()', 'PUT', 1, 'insmess', '研发部门', '/system/menu', '39.144.78.212', 'XX XX', '{\"children\":[],\"createTime\":\"2025-09-28 06:01:29\",\"icon\":\"online\",\"isCache\":\"0\",\"isFrame\":\"1\",\"menuId\":2092,\"menuName\":\"数据共享\",\"menuType\":\"M\",\"orderNum\":40,\"params\":{},\"parentId\":0,\"path\":\"ser\",\"perms\":\"\",\"routeName\":\"\",\"status\":\"0\",\"updateBy\":\"星小图\",\"visible\":\"0\"}', '{\"msg\":\"操作成功\",\"code\":200}', 0, NULL, '2025-09-28 07:05:57', 94);
INSERT INTO `system_oper_log` VALUES (417, '代码生成', 6, 'controller.com.insmess.knowledge.generator.GenController.importTableSave()', 'POST', 1, 'insmess', '研发部门', '/tool/gen/importTable', '39.144.78.212', 'XX XX', '{\"tables\":\"ser_service_api,ser_service_api_log\"}', '{\"msg\":\"操作成功\",\"code\":200}', 0, NULL, '2025-09-28 07:12:13', 1203);
INSERT INTO `system_oper_log` VALUES (418, '代码生成', 2, 'controller.com.insmess.knowledge.generator.GenController.editSave()', 'PUT', 1, 'insmess', '研发部门', '/tool/gen', '39.144.78.212', 'XX XX', '{\"businessName\":\"api\",\"className\":\"SerServiceApi\",\"columns\":[{\"capJavaField\":\"Id\",\"columnComment\":\"主键\",\"columnId\":70,\"columnName\":\"id\",\"columnType\":\"bigint\",\"createBy\":\"insmess\",\"createTime\":\"2025-09-28 07:12:12\",\"dictType\":\"\",\"edit\":false,\"htmlType\":\"input\",\"increment\":true,\"insert\":true,\"isIncrement\":\"1\",\"isInsert\":\"1\",\"isPk\":\"1\",\"isRequired\":\"0\",\"javaField\":\"id\",\"javaType\":\"Long\",\"list\":false,\"params\":{},\"pk\":true,\"query\":false,\"queryType\":\"EQ\",\"required\":false,\"sort\":1,\"superColumn\":false,\"tableId\":6,\"updateBy\":\"\",\"usableColumn\":false},{\"capJavaField\":\"Name\",\"columnComment\":\"数据服务名称\",\"columnId\":71,\"columnName\":\"name\",\"columnType\":\"varchar(255)\",\"createBy\":\"insmess\",\"createTime\":\"2025-09-28 07:12:12\",\"dictType\":\"\",\"edit\":true,\"htmlType\":\"input\",\"increment\":false,\"insert\":true,\"isEdit\":\"1\",\"isIncrement\":\"0\",\"isInsert\":\"1\",\"isList\":\"1\",\"isPk\":\"0\",\"isQuery\":\"1\",\"isRequired\":\"0\",\"javaField\":\"name\",\"javaType\":\"String\",\"list\":true,\"params\":{},\"pk\":false,\"query\":true,\"queryType\":\"LIKE\",\"required\":false,\"sort\":2,\"superColumn\":false,\"tableId\":6,\"updateBy\":\"\",\"usableColumn\":false},{\"capJavaField\":\"KnowledgeId\",\"columnComment\":\"知识库id\",\"columnId\":72,\"columnName\":\"knowledge_id\",\"columnType\":\"bigint\",\"createBy\":\"insmess\",\"createTime\":\"2025-09-28 07:12:12\",\"dictType\":\"\",\"edit\":true,\"htmlType\":\"input\",\"increment\":false,\"insert\":true,\"isEdit\":\"1\",\"isIncrement\":\"0\",\"isInsert\":\"1\",\"isList\":\"1\",\"isPk\":\"0\",\"isQuery\":\"1\",\"isRequired\":\"0\",\"javaField\":\"knowledgeId\",\"javaType\":\"Long\",\"list\":true,\"params\":{},\"pk\":false,\"query\":true,\"queryType\":\"EQ\",\"required\":false,\"sort\":3,\"superColumn\":false,\"tableId\":6,\"updateBy\":\"\",\"usableColumn\":false},{\"capJavaField\":\"ServiceType\",\"columnComment\":\"0 概念  1 关系 2 概念关系组合 3 实体数据\",\"columnId\":73,\"columnName\":\"service_type\",\"columnType\":\"int\",\"createBy\":\"insmess\",\"createTime\":\"2025-09-28 07:12:12\",\"dictType\":\"\",\"edit\":true,\"htmlType\":\"select\",\"increment\":false,\"insert\":true,\"isEdit\":\"1\",\"isIncrement\":\"0\",\"isInsert\":\"1\",\"isList\":\"1\",\"isPk\":\"0\",\"isQuery\":\"1\",\"isRe', '{\"msg\":\"操作成功\",\"code\":200}', 0, NULL, '2025-09-28 07:13:56', 779);
INSERT INTO `system_oper_log` VALUES (419, '代码生成', 3, 'controller.com.insmess.knowledge.generator.GenController.remove()', 'DELETE', 1, 'insmess', '研发部门', '/tool/gen/6', '39.144.78.212', 'XX XX', '{}', '{\"msg\":\"操作成功\",\"code\":200}', 0, NULL, '2025-09-28 07:14:43', 266);
INSERT INTO `system_oper_log` VALUES (420, '代码生成', 6, 'controller.com.insmess.knowledge.generator.GenController.importTableSave()', 'POST', 1, 'insmess', '研发部门', '/tool/gen/importTable', '39.144.78.212', 'XX XX', '{\"tables\":\"ser_service_api\"}', '{\"msg\":\"操作成功\",\"code\":200}', 0, NULL, '2025-09-28 07:14:49', 1530);
INSERT INTO `system_oper_log` VALUES (421, '代码生成', 2, 'controller.com.insmess.knowledge.generator.GenController.editSave()', 'PUT', 1, 'insmess', '研发部门', '/tool/gen', '39.144.78.212', 'XX XX', '{\"businessName\":\"SerServiceApi\",\"className\":\"SerServiceApi\",\"columns\":[{\"capJavaField\":\"Id\",\"columnComment\":\"主键\",\"columnId\":81,\"columnName\":\"id\",\"columnType\":\"bigint\",\"createBy\":\"insmess\",\"createTime\":\"2025-09-28 07:14:47\",\"dictType\":\"\",\"edit\":false,\"htmlType\":\"input\",\"increment\":true,\"insert\":true,\"isIncrement\":\"1\",\"isInsert\":\"1\",\"isPk\":\"1\",\"isRequired\":\"0\",\"javaField\":\"id\",\"javaType\":\"Long\",\"list\":false,\"params\":{},\"pk\":true,\"query\":false,\"queryType\":\"EQ\",\"required\":false,\"sort\":1,\"superColumn\":false,\"tableId\":8,\"updateBy\":\"\",\"usableColumn\":false},{\"capJavaField\":\"Name\",\"columnComment\":\"数据服务名称\",\"columnId\":82,\"columnName\":\"name\",\"columnType\":\"varchar(255)\",\"createBy\":\"insmess\",\"createTime\":\"2025-09-28 07:14:47\",\"dictType\":\"\",\"edit\":true,\"htmlType\":\"input\",\"increment\":false,\"insert\":true,\"isEdit\":\"1\",\"isIncrement\":\"0\",\"isInsert\":\"1\",\"isList\":\"1\",\"isPk\":\"0\",\"isQuery\":\"1\",\"isRequired\":\"0\",\"javaField\":\"name\",\"javaType\":\"String\",\"list\":true,\"params\":{},\"pk\":false,\"query\":true,\"queryType\":\"LIKE\",\"required\":false,\"sort\":2,\"superColumn\":false,\"tableId\":8,\"updateBy\":\"\",\"usableColumn\":false},{\"capJavaField\":\"KnowledgeId\",\"columnComment\":\"知识库id\",\"columnId\":83,\"columnName\":\"knowledge_id\",\"columnType\":\"bigint\",\"createBy\":\"insmess\",\"createTime\":\"2025-09-28 07:14:48\",\"dictType\":\"\",\"edit\":true,\"htmlType\":\"input\",\"increment\":false,\"insert\":true,\"isEdit\":\"1\",\"isIncrement\":\"0\",\"isInsert\":\"1\",\"isList\":\"1\",\"isPk\":\"0\",\"isQuery\":\"1\",\"isRequired\":\"0\",\"javaField\":\"knowledgeId\",\"javaType\":\"Long\",\"list\":true,\"params\":{},\"pk\":false,\"query\":true,\"queryType\":\"EQ\",\"required\":false,\"sort\":3,\"superColumn\":false,\"tableId\":8,\"updateBy\":\"\",\"usableColumn\":false},{\"capJavaField\":\"ServiceType\",\"columnComment\":\"0 概念  1 关系 2 概念关系组合 3 实体数据\",\"columnId\":84,\"columnName\":\"service_type\",\"columnType\":\"int\",\"createBy\":\"insmess\",\"createTime\":\"2025-09-28 07:14:48\",\"dictType\":\"\",\"edit\":true,\"htmlType\":\"select\",\"increment\":false,\"insert\":true,\"isEdit\":\"1\",\"isIncrement\":\"0\",\"isInsert\":\"1\",\"isList\":\"1\",\"isPk\":\"0\",\"isQuery\"', '{\"msg\":\"操作成功\",\"code\":200}', 0, NULL, '2025-09-28 07:16:48', 1398);
INSERT INTO `system_oper_log` VALUES (422, '代码生成', 2, 'controller.com.insmess.knowledge.generator.GenController.editSave()', 'PUT', 1, 'insmess', '研发部门', '/tool/gen', '39.144.78.212', 'XX XX', '{\"businessName\":\"SerServiceApi\",\"className\":\"SerServiceApi\",\"columns\":[{\"capJavaField\":\"Id\",\"columnComment\":\"主键\",\"columnId\":81,\"columnName\":\"id\",\"columnType\":\"bigint\",\"createBy\":\"insmess\",\"createTime\":\"2025-09-28 07:14:47\",\"dictType\":\"\",\"edit\":false,\"htmlType\":\"input\",\"increment\":true,\"insert\":true,\"isIncrement\":\"1\",\"isInsert\":\"1\",\"isPk\":\"1\",\"isRequired\":\"0\",\"javaField\":\"id\",\"javaType\":\"Long\",\"list\":false,\"params\":{},\"pk\":true,\"query\":false,\"queryType\":\"EQ\",\"required\":false,\"sort\":1,\"superColumn\":false,\"tableId\":8,\"updateBy\":\"\",\"updateTime\":\"2025-09-28 07:16:47\",\"usableColumn\":false},{\"capJavaField\":\"Name\",\"columnComment\":\"数据服务名称\",\"columnId\":82,\"columnName\":\"name\",\"columnType\":\"varchar(255)\",\"createBy\":\"insmess\",\"createTime\":\"2025-09-28 07:14:47\",\"dictType\":\"\",\"edit\":true,\"htmlType\":\"input\",\"increment\":false,\"insert\":true,\"isEdit\":\"1\",\"isIncrement\":\"0\",\"isInsert\":\"1\",\"isList\":\"1\",\"isPk\":\"0\",\"isQuery\":\"1\",\"isRequired\":\"0\",\"javaField\":\"name\",\"javaType\":\"String\",\"list\":true,\"params\":{},\"pk\":false,\"query\":true,\"queryType\":\"LIKE\",\"required\":false,\"sort\":2,\"superColumn\":false,\"tableId\":8,\"updateBy\":\"\",\"updateTime\":\"2025-09-28 07:16:47\",\"usableColumn\":false},{\"capJavaField\":\"KnowledgeId\",\"columnComment\":\"知识库id\",\"columnId\":83,\"columnName\":\"knowledge_id\",\"columnType\":\"bigint\",\"createBy\":\"insmess\",\"createTime\":\"2025-09-28 07:14:48\",\"dictType\":\"\",\"edit\":true,\"htmlType\":\"input\",\"increment\":false,\"insert\":true,\"isEdit\":\"1\",\"isIncrement\":\"0\",\"isInsert\":\"1\",\"isList\":\"1\",\"isPk\":\"0\",\"isQuery\":\"1\",\"isRequired\":\"0\",\"javaField\":\"knowledgeId\",\"javaType\":\"Long\",\"list\":true,\"params\":{},\"pk\":false,\"query\":true,\"queryType\":\"EQ\",\"required\":false,\"sort\":3,\"superColumn\":false,\"tableId\":8,\"updateBy\":\"\",\"updateTime\":\"2025-09-28 07:16:47\",\"usableColumn\":false},{\"capJavaField\":\"ServiceType\",\"columnComment\":\"0 概念  1 关系 2 概念关系组合 3 实体数据\",\"columnId\":84,\"columnName\":\"service_type\",\"columnType\":\"int\",\"createBy\":\"insmess\",\"createTime\":\"2025-09-28 07:14:48\",\"dictType\":\"\",\"edit\":true,\"htmlType\":\"select\",\"incre', '{\"msg\":\"操作成功\",\"code\":200}', 0, NULL, '2025-09-28 07:17:08', 1592);
INSERT INTO `system_oper_log` VALUES (423, '代码生成', 2, 'controller.com.insmess.knowledge.generator.GenController.editSave()', 'PUT', 1, 'insmess', '研发部门', '/tool/gen', '39.144.78.212', 'XX XX', '{\"businessName\":\"SerServiceApi\",\"className\":\"SerServiceApi\",\"columns\":[{\"capJavaField\":\"Id\",\"columnComment\":\"主键\",\"columnId\":81,\"columnName\":\"id\",\"columnType\":\"bigint\",\"createBy\":\"insmess\",\"createTime\":\"2025-09-28 07:14:47\",\"dictType\":\"\",\"edit\":false,\"htmlType\":\"input\",\"increment\":true,\"insert\":true,\"isIncrement\":\"1\",\"isInsert\":\"1\",\"isPk\":\"1\",\"isRequired\":\"0\",\"javaField\":\"id\",\"javaType\":\"Long\",\"list\":false,\"params\":{},\"pk\":true,\"query\":false,\"queryType\":\"EQ\",\"required\":false,\"sort\":1,\"superColumn\":false,\"tableId\":8,\"updateBy\":\"\",\"updateTime\":\"2025-09-28 07:17:06\",\"usableColumn\":false},{\"capJavaField\":\"Name\",\"columnComment\":\"数据服务名称\",\"columnId\":82,\"columnName\":\"name\",\"columnType\":\"varchar(255)\",\"createBy\":\"insmess\",\"createTime\":\"2025-09-28 07:14:47\",\"dictType\":\"\",\"edit\":true,\"htmlType\":\"input\",\"increment\":false,\"insert\":true,\"isEdit\":\"1\",\"isIncrement\":\"0\",\"isInsert\":\"1\",\"isList\":\"1\",\"isPk\":\"0\",\"isQuery\":\"1\",\"isRequired\":\"0\",\"javaField\":\"name\",\"javaType\":\"String\",\"list\":true,\"params\":{},\"pk\":false,\"query\":true,\"queryType\":\"LIKE\",\"required\":false,\"sort\":2,\"superColumn\":false,\"tableId\":8,\"updateBy\":\"\",\"updateTime\":\"2025-09-28 07:17:07\",\"usableColumn\":false},{\"capJavaField\":\"KnowledgeId\",\"columnComment\":\"知识库id\",\"columnId\":83,\"columnName\":\"knowledge_id\",\"columnType\":\"bigint\",\"createBy\":\"insmess\",\"createTime\":\"2025-09-28 07:14:48\",\"dictType\":\"\",\"edit\":true,\"htmlType\":\"input\",\"increment\":false,\"insert\":true,\"isEdit\":\"1\",\"isIncrement\":\"0\",\"isInsert\":\"1\",\"isList\":\"1\",\"isPk\":\"0\",\"isQuery\":\"1\",\"isRequired\":\"0\",\"javaField\":\"knowledgeId\",\"javaType\":\"Long\",\"list\":true,\"params\":{},\"pk\":false,\"query\":true,\"queryType\":\"EQ\",\"required\":false,\"sort\":3,\"superColumn\":false,\"tableId\":8,\"updateBy\":\"\",\"updateTime\":\"2025-09-28 07:17:07\",\"usableColumn\":false},{\"capJavaField\":\"ServiceType\",\"columnComment\":\"0 概念  1 关系 2 概念关系组合 3 实体数据\",\"columnId\":84,\"columnName\":\"service_type\",\"columnType\":\"int\",\"createBy\":\"insmess\",\"createTime\":\"2025-09-28 07:14:48\",\"dictType\":\"\",\"edit\":true,\"htmlType\":\"select\",\"incre', '{\"msg\":\"操作成功\",\"code\":200}', 0, NULL, '2025-09-28 07:17:26', 1487);
INSERT INTO `system_oper_log` VALUES (424, '代码生成', 2, 'controller.com.insmess.knowledge.generator.GenController.editSave()', 'PUT', 1, 'insmess', '研发部门', '/tool/gen', '39.144.78.212', 'XX XX', '{\"businessName\":\"SerServiceApiLog\",\"className\":\"SerServiceApiLog\",\"columns\":[{\"capJavaField\":\"Id\",\"columnComment\":\"id\",\"columnId\":77,\"columnName\":\"id\",\"columnType\":\"bigint\",\"createBy\":\"insmess\",\"createTime\":\"2025-09-28 07:12:13\",\"dictType\":\"\",\"edit\":false,\"htmlType\":\"input\",\"increment\":true,\"insert\":true,\"isIncrement\":\"1\",\"isInsert\":\"1\",\"isPk\":\"1\",\"isRequired\":\"0\",\"javaField\":\"id\",\"javaType\":\"Long\",\"list\":false,\"params\":{},\"pk\":true,\"query\":false,\"queryType\":\"EQ\",\"required\":false,\"sort\":1,\"superColumn\":false,\"tableId\":7,\"updateBy\":\"\",\"usableColumn\":false},{\"capJavaField\":\"ServiceApiId\",\"columnComment\":\"接口id\",\"columnId\":78,\"columnName\":\"service_api_id\",\"columnType\":\"bigint\",\"createBy\":\"insmess\",\"createTime\":\"2025-09-28 07:12:13\",\"dictType\":\"\",\"edit\":true,\"htmlType\":\"input\",\"increment\":false,\"insert\":true,\"isEdit\":\"1\",\"isIncrement\":\"0\",\"isInsert\":\"1\",\"isList\":\"1\",\"isPk\":\"0\",\"isQuery\":\"1\",\"isRequired\":\"0\",\"javaField\":\"serviceApiId\",\"javaType\":\"Long\",\"list\":true,\"params\":{},\"pk\":false,\"query\":true,\"queryType\":\"EQ\",\"required\":false,\"sort\":2,\"superColumn\":false,\"tableId\":7,\"updateBy\":\"\",\"usableColumn\":false},{\"capJavaField\":\"InvokeTime\",\"columnComment\":\"接口调用时间\",\"columnId\":79,\"columnName\":\"invoke_time\",\"columnType\":\"datetime\",\"createBy\":\"insmess\",\"createTime\":\"2025-09-28 07:12:13\",\"dictType\":\"\",\"edit\":true,\"htmlType\":\"datetime\",\"increment\":false,\"insert\":true,\"isEdit\":\"1\",\"isIncrement\":\"0\",\"isInsert\":\"1\",\"isList\":\"1\",\"isPk\":\"0\",\"isQuery\":\"1\",\"isRequired\":\"0\",\"javaField\":\"invokeTime\",\"javaType\":\"Date\",\"list\":true,\"params\":{},\"pk\":false,\"query\":true,\"queryType\":\"EQ\",\"required\":false,\"sort\":3,\"superColumn\":false,\"tableId\":7,\"updateBy\":\"\",\"usableColumn\":false},{\"capJavaField\":\"HostIp\",\"columnComment\":\"接口调用的ip地址\",\"columnId\":80,\"columnName\":\"host_ip\",\"columnType\":\"varchar(255)\",\"createBy\":\"insmess\",\"createTime\":\"2025-09-28 07:12:13\",\"dictType\":\"\",\"edit\":true,\"htmlType\":\"input\",\"increment\":false,\"insert\":true,\"isEdit\":\"1\",\"isIncrement\":\"0\",\"isInsert\":\"1\",\"isList\":\"1\",\"isPk\":\"0\",\"isQu', '{\"msg\":\"操作成功\",\"code\":200}', 0, NULL, '2025-09-28 07:18:04', 513);
INSERT INTO `system_oper_log` VALUES (425, '代码生成', 8, 'controller.com.insmess.knowledge.generator.GenController.batchGenCode()', 'GET', 1, 'insmess', '研发部门', '/tool/gen/batchGenCode', '39.144.78.212', 'XX XX', '{\"tables\":\"ser_service_api_log,ser_service_api\"}', NULL, 0, NULL, '2025-09-28 07:18:28', 777);
INSERT INTO `system_oper_log` VALUES (426, '代码生成', 3, 'controller.com.insmess.knowledge.generator.GenController.remove()', 'DELETE', 1, 'insmess', '研发部门', '/tool/gen/7,8', '39.144.78.212', 'XX XX', '{}', '{\"msg\":\"操作成功\",\"code\":200}', 0, NULL, '2025-09-28 07:24:10', 249);
INSERT INTO `system_oper_log` VALUES (427, '代码生成', 6, 'controller.com.insmess.knowledge.generator.GenController.importTableSave()', 'POST', 1, 'insmess', '研发部门', '/tool/gen/importTable', '39.144.78.212', 'XX XX', '{\"tables\":\"app_service_api,app_service_api_log\"}', '{\"msg\":\"操作成功\",\"code\":200}', 0, NULL, '2025-09-28 07:24:21', 1676);
INSERT INTO `system_oper_log` VALUES (428, '代码生成', 2, 'controller.com.insmess.knowledge.generator.GenController.editSave()', 'PUT', 1, 'insmess', '研发部门', '/tool/gen', '39.144.78.212', 'XX XX', '{\"businessName\":\"AppServiceApi\",\"className\":\"AppServiceApi\",\"columns\":[{\"capJavaField\":\"Id\",\"columnComment\":\"主键\",\"columnId\":97,\"columnName\":\"id\",\"columnType\":\"bigint\",\"createBy\":\"insmess\",\"createTime\":\"2025-09-28 07:24:19\",\"dictType\":\"\",\"edit\":false,\"htmlType\":\"input\",\"increment\":true,\"insert\":true,\"isIncrement\":\"1\",\"isInsert\":\"1\",\"isPk\":\"1\",\"isRequired\":\"0\",\"javaField\":\"id\",\"javaType\":\"Long\",\"list\":false,\"params\":{},\"pk\":true,\"query\":false,\"queryType\":\"EQ\",\"required\":false,\"sort\":1,\"superColumn\":false,\"tableId\":9,\"updateBy\":\"\",\"usableColumn\":false},{\"capJavaField\":\"Name\",\"columnComment\":\"数据服务名称\",\"columnId\":98,\"columnName\":\"name\",\"columnType\":\"varchar(255)\",\"createBy\":\"insmess\",\"createTime\":\"2025-09-28 07:24:20\",\"dictType\":\"\",\"edit\":true,\"htmlType\":\"input\",\"increment\":false,\"insert\":true,\"isEdit\":\"1\",\"isIncrement\":\"0\",\"isInsert\":\"1\",\"isList\":\"1\",\"isPk\":\"0\",\"isQuery\":\"1\",\"isRequired\":\"0\",\"javaField\":\"name\",\"javaType\":\"String\",\"list\":true,\"params\":{},\"pk\":false,\"query\":true,\"queryType\":\"LIKE\",\"required\":false,\"sort\":2,\"superColumn\":false,\"tableId\":9,\"updateBy\":\"\",\"usableColumn\":false},{\"capJavaField\":\"KnowledgeId\",\"columnComment\":\"知识库id\",\"columnId\":99,\"columnName\":\"knowledge_id\",\"columnType\":\"bigint\",\"createBy\":\"insmess\",\"createTime\":\"2025-09-28 07:24:20\",\"dictType\":\"\",\"edit\":true,\"htmlType\":\"input\",\"increment\":false,\"insert\":true,\"isEdit\":\"1\",\"isIncrement\":\"0\",\"isInsert\":\"1\",\"isList\":\"1\",\"isPk\":\"0\",\"isQuery\":\"1\",\"isRequired\":\"0\",\"javaField\":\"knowledgeId\",\"javaType\":\"Long\",\"list\":true,\"params\":{},\"pk\":false,\"query\":true,\"queryType\":\"EQ\",\"required\":false,\"sort\":3,\"superColumn\":false,\"tableId\":9,\"updateBy\":\"\",\"usableColumn\":false},{\"capJavaField\":\"ServiceType\",\"columnComment\":\"0 概念  1 关系 2 概念关系组合 3 实体数据\",\"columnId\":100,\"columnName\":\"service_type\",\"columnType\":\"int\",\"createBy\":\"insmess\",\"createTime\":\"2025-09-28 07:24:20\",\"dictType\":\"\",\"edit\":true,\"htmlType\":\"select\",\"increment\":false,\"insert\":true,\"isEdit\":\"1\",\"isIncrement\":\"0\",\"isInsert\":\"1\",\"isList\":\"1\",\"isPk\":\"0\",\"isQuery', NULL, 1, 'Could not open a new Neo4j session: Connection to the database failed', '2025-09-28 07:26:09', 19215);
INSERT INTO `system_oper_log` VALUES (429, '代码生成', 2, 'controller.com.insmess.knowledge.generator.GenController.editSave()', 'PUT', 1, 'insmess', '研发部门', '/tool/gen', '39.144.78.212', 'XX XX', '{\"businessName\":\"AppServiceApi\",\"className\":\"AppServiceApi\",\"columns\":[{\"capJavaField\":\"Id\",\"columnComment\":\"主键\",\"columnId\":97,\"columnName\":\"id\",\"columnType\":\"bigint\",\"createBy\":\"insmess\",\"createTime\":\"2025-09-28 07:24:19\",\"dictType\":\"\",\"edit\":false,\"htmlType\":\"input\",\"increment\":true,\"insert\":true,\"isIncrement\":\"1\",\"isInsert\":\"1\",\"isPk\":\"1\",\"isRequired\":\"0\",\"javaField\":\"id\",\"javaType\":\"Long\",\"list\":false,\"params\":{},\"pk\":true,\"query\":false,\"queryType\":\"EQ\",\"required\":false,\"sort\":1,\"superColumn\":false,\"tableId\":9,\"updateBy\":\"\",\"usableColumn\":false},{\"capJavaField\":\"Name\",\"columnComment\":\"数据服务名称\",\"columnId\":98,\"columnName\":\"name\",\"columnType\":\"varchar(255)\",\"createBy\":\"insmess\",\"createTime\":\"2025-09-28 07:24:20\",\"dictType\":\"\",\"edit\":true,\"htmlType\":\"input\",\"increment\":false,\"insert\":true,\"isEdit\":\"1\",\"isIncrement\":\"0\",\"isInsert\":\"1\",\"isList\":\"1\",\"isPk\":\"0\",\"isQuery\":\"1\",\"isRequired\":\"0\",\"javaField\":\"name\",\"javaType\":\"String\",\"list\":true,\"params\":{},\"pk\":false,\"query\":true,\"queryType\":\"LIKE\",\"required\":false,\"sort\":2,\"superColumn\":false,\"tableId\":9,\"updateBy\":\"\",\"usableColumn\":false},{\"capJavaField\":\"KnowledgeId\",\"columnComment\":\"知识库id\",\"columnId\":99,\"columnName\":\"knowledge_id\",\"columnType\":\"bigint\",\"createBy\":\"insmess\",\"createTime\":\"2025-09-28 07:24:20\",\"dictType\":\"\",\"edit\":true,\"htmlType\":\"input\",\"increment\":false,\"insert\":true,\"isEdit\":\"1\",\"isIncrement\":\"0\",\"isInsert\":\"1\",\"isList\":\"1\",\"isPk\":\"0\",\"isQuery\":\"1\",\"isRequired\":\"0\",\"javaField\":\"knowledgeId\",\"javaType\":\"Long\",\"list\":true,\"params\":{},\"pk\":false,\"query\":true,\"queryType\":\"EQ\",\"required\":false,\"sort\":3,\"superColumn\":false,\"tableId\":9,\"updateBy\":\"\",\"usableColumn\":false},{\"capJavaField\":\"ServiceType\",\"columnComment\":\"0 概念  1 关系 2 概念关系组合 3 实体数据\",\"columnId\":100,\"columnName\":\"service_type\",\"columnType\":\"int\",\"createBy\":\"insmess\",\"createTime\":\"2025-09-28 07:24:20\",\"dictType\":\"\",\"edit\":true,\"htmlType\":\"select\",\"increment\":false,\"insert\":true,\"isEdit\":\"1\",\"isIncrement\":\"0\",\"isInsert\":\"1\",\"isList\":\"1\",\"isPk\":\"0\",\"isQuery', NULL, 1, 'Could not open a new Neo4j session: Connection to the database failed', '2025-09-28 07:26:26', 19226);
INSERT INTO `system_oper_log` VALUES (430, '代码生成', 2, 'controller.com.insmess.knowledge.generator.GenController.editSave()', 'PUT', 1, 'insmess', '研发部门', '/tool/gen', '39.144.78.212', 'XX XX', '{\"businessName\":\"AppServiceApi\",\"className\":\"AppServiceApi\",\"columns\":[{\"capJavaField\":\"Id\",\"columnComment\":\"主键\",\"columnId\":97,\"columnName\":\"id\",\"columnType\":\"bigint\",\"createBy\":\"insmess\",\"createTime\":\"2025-09-28 07:24:19\",\"dictType\":\"\",\"edit\":false,\"htmlType\":\"input\",\"increment\":true,\"insert\":true,\"isIncrement\":\"1\",\"isInsert\":\"1\",\"isPk\":\"1\",\"isRequired\":\"0\",\"javaField\":\"id\",\"javaType\":\"Long\",\"list\":false,\"params\":{},\"pk\":true,\"query\":false,\"queryType\":\"EQ\",\"required\":false,\"sort\":1,\"superColumn\":false,\"tableId\":9,\"updateBy\":\"\",\"usableColumn\":false},{\"capJavaField\":\"Name\",\"columnComment\":\"数据服务名称\",\"columnId\":98,\"columnName\":\"name\",\"columnType\":\"varchar(255)\",\"createBy\":\"insmess\",\"createTime\":\"2025-09-28 07:24:20\",\"dictType\":\"\",\"edit\":true,\"htmlType\":\"input\",\"increment\":false,\"insert\":true,\"isEdit\":\"1\",\"isIncrement\":\"0\",\"isInsert\":\"1\",\"isList\":\"1\",\"isPk\":\"0\",\"isQuery\":\"1\",\"isRequired\":\"0\",\"javaField\":\"name\",\"javaType\":\"String\",\"list\":true,\"params\":{},\"pk\":false,\"query\":true,\"queryType\":\"LIKE\",\"required\":false,\"sort\":2,\"superColumn\":false,\"tableId\":9,\"updateBy\":\"\",\"usableColumn\":false},{\"capJavaField\":\"KnowledgeId\",\"columnComment\":\"知识库id\",\"columnId\":99,\"columnName\":\"knowledge_id\",\"columnType\":\"bigint\",\"createBy\":\"insmess\",\"createTime\":\"2025-09-28 07:24:20\",\"dictType\":\"\",\"edit\":true,\"htmlType\":\"input\",\"increment\":false,\"insert\":true,\"isEdit\":\"1\",\"isIncrement\":\"0\",\"isInsert\":\"1\",\"isList\":\"1\",\"isPk\":\"0\",\"isQuery\":\"1\",\"isRequired\":\"0\",\"javaField\":\"knowledgeId\",\"javaType\":\"Long\",\"list\":true,\"params\":{},\"pk\":false,\"query\":true,\"queryType\":\"EQ\",\"required\":false,\"sort\":3,\"superColumn\":false,\"tableId\":9,\"updateBy\":\"\",\"usableColumn\":false},{\"capJavaField\":\"ServiceType\",\"columnComment\":\"0 概念  1 关系 2 概念关系组合 3 实体数据\",\"columnId\":100,\"columnName\":\"service_type\",\"columnType\":\"int\",\"createBy\":\"insmess\",\"createTime\":\"2025-09-28 07:24:20\",\"dictType\":\"\",\"edit\":true,\"htmlType\":\"select\",\"increment\":false,\"insert\":true,\"isEdit\":\"1\",\"isIncrement\":\"0\",\"isInsert\":\"1\",\"isList\":\"1\",\"isPk\":\"0\",\"isQuery', '{\"msg\":\"操作成功\",\"code\":200}', 0, NULL, '2025-09-28 07:26:51', 1552);
INSERT INTO `system_oper_log` VALUES (431, '代码生成', 2, 'controller.com.insmess.knowledge.generator.GenController.editSave()', 'PUT', 1, 'insmess', '研发部门', '/tool/gen', '39.144.78.212', 'XX XX', '{\"businessName\":\"AppServiceApi\",\"className\":\"AppServiceApi\",\"columns\":[{\"capJavaField\":\"Id\",\"columnComment\":\"主键\",\"columnId\":97,\"columnName\":\"id\",\"columnType\":\"bigint\",\"createBy\":\"insmess\",\"createTime\":\"2025-09-28 07:24:19\",\"dictType\":\"\",\"edit\":false,\"htmlType\":\"input\",\"increment\":true,\"insert\":true,\"isIncrement\":\"1\",\"isInsert\":\"1\",\"isPk\":\"1\",\"isRequired\":\"0\",\"javaField\":\"id\",\"javaType\":\"Long\",\"list\":false,\"params\":{},\"pk\":true,\"query\":false,\"queryType\":\"EQ\",\"required\":false,\"sort\":1,\"superColumn\":false,\"tableId\":9,\"updateBy\":\"\",\"usableColumn\":false},{\"capJavaField\":\"Name\",\"columnComment\":\"数据服务名称\",\"columnId\":98,\"columnName\":\"name\",\"columnType\":\"varchar(255)\",\"createBy\":\"insmess\",\"createTime\":\"2025-09-28 07:24:20\",\"dictType\":\"\",\"edit\":true,\"htmlType\":\"input\",\"increment\":false,\"insert\":true,\"isEdit\":\"1\",\"isIncrement\":\"0\",\"isInsert\":\"1\",\"isList\":\"1\",\"isPk\":\"0\",\"isQuery\":\"1\",\"isRequired\":\"0\",\"javaField\":\"name\",\"javaType\":\"String\",\"list\":true,\"params\":{},\"pk\":false,\"query\":true,\"queryType\":\"LIKE\",\"required\":false,\"sort\":2,\"superColumn\":false,\"tableId\":9,\"updateBy\":\"\",\"usableColumn\":false},{\"capJavaField\":\"KnowledgeId\",\"columnComment\":\"知识库id\",\"columnId\":99,\"columnName\":\"knowledge_id\",\"columnType\":\"bigint\",\"createBy\":\"insmess\",\"createTime\":\"2025-09-28 07:24:20\",\"dictType\":\"\",\"edit\":true,\"htmlType\":\"input\",\"increment\":false,\"insert\":true,\"isEdit\":\"1\",\"isIncrement\":\"0\",\"isInsert\":\"1\",\"isList\":\"1\",\"isPk\":\"0\",\"isQuery\":\"1\",\"isRequired\":\"0\",\"javaField\":\"knowledgeId\",\"javaType\":\"Long\",\"list\":true,\"params\":{},\"pk\":false,\"query\":true,\"queryType\":\"EQ\",\"required\":false,\"sort\":3,\"superColumn\":false,\"tableId\":9,\"updateBy\":\"\",\"usableColumn\":false},{\"capJavaField\":\"ServiceType\",\"columnComment\":\"0 概念  1 关系 2 概念关系组合 3 实体数据\",\"columnId\":100,\"columnName\":\"service_type\",\"columnType\":\"int\",\"createBy\":\"insmess\",\"createTime\":\"2025-09-28 07:24:20\",\"dictType\":\"\",\"edit\":true,\"htmlType\":\"select\",\"increment\":false,\"insert\":true,\"isEdit\":\"1\",\"isIncrement\":\"0\",\"isInsert\":\"1\",\"isList\":\"1\",\"isPk\":\"0\",\"isQuery', NULL, 1, 'Could not open a new Neo4j session: Connection to the database failed', '2025-09-28 07:26:57', 19246);
INSERT INTO `system_oper_log` VALUES (432, '代码生成', 2, 'controller.com.insmess.knowledge.generator.GenController.editSave()', 'PUT', 1, 'insmess', '研发部门', '/tool/gen', '39.144.78.212', 'XX XX', '{\"businessName\":\"AppServiceApiLog\",\"className\":\"AppServiceApiLog\",\"columns\":[{\"capJavaField\":\"Id\",\"columnComment\":\"id\",\"columnId\":113,\"columnName\":\"id\",\"columnType\":\"bigint\",\"createBy\":\"insmess\",\"createTime\":\"2025-09-28 07:24:21\",\"dictType\":\"\",\"edit\":false,\"htmlType\":\"input\",\"increment\":true,\"insert\":true,\"isIncrement\":\"1\",\"isInsert\":\"1\",\"isPk\":\"1\",\"isRequired\":\"0\",\"javaField\":\"id\",\"javaType\":\"Long\",\"list\":false,\"params\":{},\"pk\":true,\"query\":false,\"queryType\":\"EQ\",\"required\":false,\"sort\":1,\"superColumn\":false,\"tableId\":10,\"updateBy\":\"\",\"usableColumn\":false},{\"capJavaField\":\"ServiceApiId\",\"columnComment\":\"接口id\",\"columnId\":114,\"columnName\":\"service_api_id\",\"columnType\":\"bigint\",\"createBy\":\"insmess\",\"createTime\":\"2025-09-28 07:24:21\",\"dictType\":\"\",\"edit\":true,\"htmlType\":\"input\",\"increment\":false,\"insert\":true,\"isEdit\":\"1\",\"isIncrement\":\"0\",\"isInsert\":\"1\",\"isList\":\"1\",\"isPk\":\"0\",\"isQuery\":\"1\",\"isRequired\":\"0\",\"javaField\":\"serviceApiId\",\"javaType\":\"Long\",\"list\":true,\"params\":{},\"pk\":false,\"query\":true,\"queryType\":\"EQ\",\"required\":false,\"sort\":2,\"superColumn\":false,\"tableId\":10,\"updateBy\":\"\",\"usableColumn\":false},{\"capJavaField\":\"InvokeTime\",\"columnComment\":\"接口调用时间\",\"columnId\":115,\"columnName\":\"invoke_time\",\"columnType\":\"datetime\",\"createBy\":\"insmess\",\"createTime\":\"2025-09-28 07:24:21\",\"dictType\":\"\",\"edit\":true,\"htmlType\":\"datetime\",\"increment\":false,\"insert\":true,\"isEdit\":\"1\",\"isIncrement\":\"0\",\"isInsert\":\"1\",\"isList\":\"1\",\"isPk\":\"0\",\"isQuery\":\"1\",\"isRequired\":\"0\",\"javaField\":\"invokeTime\",\"javaType\":\"Date\",\"list\":true,\"params\":{},\"pk\":false,\"query\":true,\"queryType\":\"EQ\",\"required\":false,\"sort\":3,\"superColumn\":false,\"tableId\":10,\"updateBy\":\"\",\"usableColumn\":false},{\"capJavaField\":\"HostIp\",\"columnComment\":\"接口调用的ip地址\",\"columnId\":116,\"columnName\":\"host_ip\",\"columnType\":\"varchar(255)\",\"createBy\":\"insmess\",\"createTime\":\"2025-09-28 07:24:21\",\"dictType\":\"\",\"edit\":true,\"htmlType\":\"input\",\"increment\":false,\"insert\":true,\"isEdit\":\"1\",\"isIncrement\":\"0\",\"isInsert\":\"1\",\"isList\":\"1\",\"isPk\":\"0', '{\"msg\":\"操作成功\",\"code\":200}', 0, NULL, '2025-09-28 07:27:35', 474);
INSERT INTO `system_oper_log` VALUES (433, '代码生成', 8, 'controller.com.insmess.knowledge.generator.GenController.batchGenCode()', 'GET', 1, 'insmess', '研发部门', '/tool/gen/batchGenCode', '39.144.78.212', 'XX XX', '{\"tables\":\"app_service_api,app_service_api_log\"}', NULL, 0, NULL, '2025-09-28 07:27:45', 1080);
INSERT INTO `system_oper_log` VALUES (434, '代码生成', 3, 'controller.com.insmess.knowledge.generator.GenController.remove()', 'DELETE', 1, 'insmess', '研发部门', '/tool/gen/9', '39.144.78.212', 'XX XX', '{}', '{\"msg\":\"操作成功\",\"code\":200}', 0, NULL, '2025-09-28 07:42:15', 306);
INSERT INTO `system_oper_log` VALUES (435, '代码生成', 6, 'controller.com.insmess.knowledge.generator.GenController.importTableSave()', 'POST', 1, 'insmess', '研发部门', '/tool/gen/importTable', '39.144.78.212', 'XX XX', '{\"tables\":\"app_service_api\"}', '{\"msg\":\"操作成功\",\"code\":200}', 0, NULL, '2025-09-28 07:42:22', 1444);
INSERT INTO `system_oper_log` VALUES (436, '代码生成', 6, 'controller.com.insmess.knowledge.generator.GenController.importTableSave()', 'POST', 1, 'insmess', '研发部门', '/tool/gen/importTable', '39.144.78.212', 'XX XX', '{\"tables\":\"app_service_api\"}', '{\"msg\":\"操作成功\",\"code\":200}', 0, NULL, '2025-09-28 07:42:24', 1538);
INSERT INTO `system_oper_log` VALUES (437, '代码生成', 3, 'controller.com.insmess.knowledge.generator.GenController.remove()', 'DELETE', 1, 'insmess', '研发部门', '/tool/gen/11,12', '39.144.78.212', 'XX XX', '{}', '{\"msg\":\"操作成功\",\"code\":200}', 0, NULL, '2025-09-28 07:42:38', 249);
INSERT INTO `system_oper_log` VALUES (438, '代码生成', 6, 'controller.com.insmess.knowledge.generator.GenController.importTableSave()', 'POST', 1, 'insmess', '研发部门', '/tool/gen/importTable', '39.144.78.212', 'XX XX', '{\"tables\":\"app_service_api\"}', '{\"msg\":\"操作成功\",\"code\":200}', 0, NULL, '2025-09-28 07:43:04', 1451);
INSERT INTO `system_oper_log` VALUES (439, '代码生成', 2, 'controller.com.insmess.knowledge.generator.GenController.editSave()', 'PUT', 1, 'insmess', '研发部门', '/tool/gen', '39.144.78.212', 'XX XX', '{\"businessName\":\"AppServiceApi\",\"className\":\"AppServiceApi\",\"columns\":[{\"capJavaField\":\"Id\",\"columnComment\":\"主键\",\"columnId\":149,\"columnName\":\"id\",\"columnType\":\"bigint\",\"createBy\":\"insmess\",\"createTime\":\"2025-09-28 07:43:03\",\"dictType\":\"\",\"edit\":false,\"htmlType\":\"input\",\"increment\":true,\"insert\":true,\"isIncrement\":\"1\",\"isInsert\":\"1\",\"isPk\":\"1\",\"isRequired\":\"0\",\"javaField\":\"id\",\"javaType\":\"Long\",\"list\":false,\"params\":{},\"pk\":true,\"query\":false,\"queryType\":\"EQ\",\"required\":false,\"sort\":1,\"superColumn\":false,\"tableId\":13,\"updateBy\":\"\",\"usableColumn\":false},{\"capJavaField\":\"Name\",\"columnComment\":\"数据服务名称\",\"columnId\":150,\"columnName\":\"name\",\"columnType\":\"varchar(255)\",\"createBy\":\"insmess\",\"createTime\":\"2025-09-28 07:43:03\",\"dictType\":\"\",\"edit\":true,\"htmlType\":\"input\",\"increment\":false,\"insert\":true,\"isEdit\":\"1\",\"isIncrement\":\"0\",\"isInsert\":\"1\",\"isList\":\"1\",\"isPk\":\"0\",\"isQuery\":\"1\",\"isRequired\":\"0\",\"javaField\":\"name\",\"javaType\":\"String\",\"list\":true,\"params\":{},\"pk\":false,\"query\":true,\"queryType\":\"LIKE\",\"required\":false,\"sort\":2,\"superColumn\":false,\"tableId\":13,\"updateBy\":\"\",\"usableColumn\":false},{\"capJavaField\":\"KnowledgeId\",\"columnComment\":\"知识库id\",\"columnId\":151,\"columnName\":\"knowledge_id\",\"columnType\":\"bigint\",\"createBy\":\"insmess\",\"createTime\":\"2025-09-28 07:43:03\",\"dictType\":\"\",\"edit\":true,\"htmlType\":\"input\",\"increment\":false,\"insert\":true,\"isEdit\":\"1\",\"isIncrement\":\"0\",\"isInsert\":\"1\",\"isList\":\"1\",\"isPk\":\"0\",\"isQuery\":\"1\",\"isRequired\":\"0\",\"javaField\":\"knowledgeId\",\"javaType\":\"Long\",\"list\":true,\"params\":{},\"pk\":false,\"query\":true,\"queryType\":\"EQ\",\"required\":false,\"sort\":3,\"superColumn\":false,\"tableId\":13,\"updateBy\":\"\",\"usableColumn\":false},{\"capJavaField\":\"ServiceType\",\"columnComment\":\"0 概念  1 关系 2 概念关系组合 3 实体数据\",\"columnId\":152,\"columnName\":\"service_type\",\"columnType\":\"int\",\"createBy\":\"insmess\",\"createTime\":\"2025-09-28 07:43:03\",\"dictType\":\"\",\"edit\":true,\"htmlType\":\"select\",\"increment\":false,\"insert\":true,\"isEdit\":\"1\",\"isIncrement\":\"0\",\"isInsert\":\"1\",\"isList\":\"1\",\"isPk\":\"0\",\"i', '{\"msg\":\"操作成功\",\"code\":200}', 0, NULL, '2025-09-28 07:44:42', 1610);
INSERT INTO `system_oper_log` VALUES (440, '代码生成', 8, 'controller.com.insmess.knowledge.generator.GenController.batchGenCode()', 'GET', 1, 'insmess', '研发部门', '/tool/gen/batchGenCode', '39.144.78.212', 'XX XX', '{\"tables\":\"app_service_api,app_service_api_log\"}', NULL, 0, NULL, '2025-09-28 07:44:58', 745);
INSERT INTO `system_oper_log` VALUES (441, '数据服务', 1, 'com.insmess.knowledge.module.app.controller.admin.AppServiceApi.AppServiceApiController.add()', 'POST', 1, 'insmess', '研发部门', '/app/AppServiceApi', '39.144.78.212', 'XX XX', '{\"knowledgeId\":2,\"name\":\"测试概念\",\"params\":{},\"remark\":\"测试概念\",\"serviceParams\":\"xx\",\"userId\":0}', '{\"code\":200,\"msg\":\"操作成功\"}', 0, NULL, '2025-09-28 08:41:45', 629);
INSERT INTO `system_oper_log` VALUES (442, '测试连接', 3, 'com.insmess.knowledge.module.dm.controller.admin.datasource.DmDatasourceController.clientsTest()', 'GET', 1, 'insmess', '研发部门', '/dm/dmDatasource/clientsTest/3', '39.144.78.113', 'XX XX', '{}', NULL, 1, '检测连通性出错', '2025-10-09 01:51:32', 1192);
INSERT INTO `system_oper_log` VALUES (443, '测试连接', 3, 'com.insmess.knowledge.module.dm.controller.admin.datasource.DmDatasourceController.clientsTest()', 'GET', 1, 'insmess', '研发部门', '/dm/dmDatasource/clientsTest/3', '39.144.78.113', 'XX XX', '{}', NULL, 1, '检测连通性出错', '2025-10-09 01:51:33', 1022);
INSERT INTO `system_oper_log` VALUES (444, '部门管理', 2, 'system.admin.controller.com.insmess.knowledge.module.system.SysDeptController.edit()', 'PUT', 1, 'insmess', '研发部门', '/system/dept', '127.0.0.1', '内网IP', '{\"ancestors\":\"0\",\"children\":[],\"deptId\":100,\"deptName\":\"中科星图\",\"email\":\"support@qiantong.tech\",\"leader\":\"中科星图\",\"orderNum\":0,\"params\":{},\"parentId\":0,\"phone\":\"15888888888\",\"status\":\"0\",\"updateBy\":\"星小图\"}', '{\"msg\":\"操作成功\",\"code\":200}', 0, NULL, '2025-10-10 06:52:59', 216);
INSERT INTO `system_oper_log` VALUES (445, '部门管理', 2, 'system.admin.controller.com.insmess.knowledge.module.system.SysDeptController.edit()', 'PUT', 1, 'insmess', '研发部门', '/system/dept', '127.0.0.1', '内网IP', '{\"ancestors\":\"0\",\"children\":[],\"deptId\":100,\"deptName\":\"中科星图\",\"email\":\"insmess@insmess.com\",\"leader\":\"中科星图\",\"orderNum\":0,\"params\":{},\"parentId\":0,\"phone\":\"15888888888\",\"status\":\"0\",\"updateBy\":\"星小图\"}', '{\"msg\":\"操作成功\",\"code\":200}', 0, NULL, '2025-10-10 06:53:10', 168);
INSERT INTO `system_oper_log` VALUES (446, '部门管理', 2, 'system.admin.controller.com.insmess.knowledge.module.system.SysDeptController.edit()', 'PUT', 1, 'insmess', '研发部门', '/system/dept', '127.0.0.1', '内网IP', '{\"ancestors\":\"0,100\",\"children\":[],\"deptId\":101,\"deptName\":\"北京总公司\",\"email\":\"support@qiantong.tech\",\"leader\":\"唐朝辉\",\"orderNum\":1,\"params\":{},\"parentId\":100,\"parentName\":\"中科星图\",\"phone\":\"15888888888\",\"status\":\"0\",\"updateBy\":\"星小图\"}', '{\"msg\":\"操作成功\",\"code\":200}', 0, NULL, '2025-10-10 06:53:20', 299);
INSERT INTO `system_oper_log` VALUES (447, '用户管理', 2, 'system.admin.controller.com.insmess.knowledge.module.system.SysUserController.resetPwd()', 'PUT', 1, 'insmess', '研发部门', '/system/user/resetPwd', '127.0.0.1', '内网IP', '{\"admin\":false,\"params\":{},\"updateBy\":\"星小图\",\"userId\":100}', '{\"msg\":\"操作成功\",\"code\":200}', 0, NULL, '2025-10-10 06:53:53', 137);
INSERT INTO `system_oper_log` VALUES (448, '代码生成', 6, 'controller.com.insmess.knowledge.generator.GenController.importTableSave()', 'POST', 1, 'insmess', '研发部门', '/tool/gen/importTable', '127.0.0.1', '内网IP', '{\"tables\":\"ext_word_antonym,ext_word\"}', '{\"msg\":\"操作成功\",\"code\":200}', 0, NULL, '2025-10-13 06:59:31', 2233);
INSERT INTO `system_oper_log` VALUES (449, '代码生成', 2, 'controller.com.insmess.knowledge.generator.GenController.editSave()', 'PUT', 1, 'insmess', '研发部门', '/tool/gen', '127.0.0.1', '内网IP', '{\"businessName\":\"extKnowledge\",\"className\":\"ExtKnowledge\",\"columns\":[{\"capJavaField\":\"Id\",\"columnComment\":\"ID\",\"columnId\":1,\"columnName\":\"id\",\"columnType\":\"bigint(20)\",\"createBy\":\"qKnow\",\"createTime\":\"2025-09-09 09:16:20\",\"dictType\":\"\",\"edit\":false,\"htmlType\":\"input\",\"increment\":true,\"insert\":true,\"isIncrement\":\"1\",\"isInsert\":\"1\",\"isPk\":\"1\",\"isRequired\":\"0\",\"javaField\":\"id\",\"javaType\":\"Long\",\"list\":false,\"params\":{},\"pk\":true,\"query\":false,\"queryType\":\"EQ\",\"required\":false,\"sort\":1,\"superColumn\":false,\"tableId\":1,\"updateBy\":\"\",\"updateTime\":\"2025-09-09 09:54:11\",\"usableColumn\":false},{\"capJavaField\":\"VidType\",\"columnComment\":\"vid类型\",\"columnId\":2,\"columnName\":\"vid_type\",\"columnType\":\"int(11)\",\"createBy\":\"qKnow\",\"createTime\":\"2025-09-09 09:16:20\",\"dictType\":\"\",\"edit\":true,\"htmlType\":\"select\",\"increment\":false,\"insert\":true,\"isEdit\":\"1\",\"isIncrement\":\"0\",\"isInsert\":\"1\",\"isList\":\"1\",\"isPk\":\"0\",\"isQuery\":\"1\",\"isRequired\":\"0\",\"javaField\":\"vidType\",\"javaType\":\"Long\",\"list\":true,\"params\":{},\"pk\":false,\"query\":true,\"queryType\":\"EQ\",\"required\":false,\"sort\":2,\"superColumn\":false,\"tableId\":1,\"updateBy\":\"\",\"updateTime\":\"2025-09-09 09:54:11\",\"usableColumn\":false},{\"capJavaField\":\"Name\",\"columnComment\":\"知识库名称\",\"columnId\":3,\"columnName\":\"name\",\"columnType\":\"varchar(50)\",\"createBy\":\"qKnow\",\"createTime\":\"2025-09-09 09:16:20\",\"dictType\":\"\",\"edit\":true,\"htmlType\":\"input\",\"increment\":false,\"insert\":true,\"isEdit\":\"1\",\"isIncrement\":\"0\",\"isInsert\":\"1\",\"isList\":\"1\",\"isPk\":\"0\",\"isQuery\":\"1\",\"isRequired\":\"0\",\"javaField\":\"name\",\"javaType\":\"String\",\"list\":true,\"params\":{},\"pk\":false,\"query\":true,\"queryType\":\"LIKE\",\"required\":false,\"sort\":3,\"superColumn\":false,\"tableId\":1,\"updateBy\":\"\",\"updateTime\":\"2025-09-09 09:54:11\",\"usableColumn\":false},{\"capJavaField\":\"Description\",\"columnComment\":\"知识库描述\",\"columnId\":4,\"columnName\":\"description\",\"columnType\":\"text\",\"createBy\":\"qKnow\",\"createTime\":\"2025-09-09 09:16:20\",\"dictType\":\"\",\"edit\":true,\"htmlType\":\"textarea\",\"increment\":false,\"insert\":true,\"isEdit\":\"1', '{\"msg\":\"操作成功\",\"code\":200}', 0, NULL, '2025-10-13 07:01:02', 1399);
INSERT INTO `system_oper_log` VALUES (450, '代码生成', 2, 'controller.com.insmess.knowledge.generator.GenController.editSave()', 'PUT', 1, 'insmess', '研发部门', '/tool/gen', '127.0.0.1', '内网IP', '{\"businessName\":\"extExtractDictData\",\"className\":\"ExtExtractDictData\",\"columns\":[{\"capJavaField\":\"Id\",\"columnComment\":\"id\",\"columnId\":29,\"columnName\":\"id\",\"columnType\":\"bigint(20)\",\"createBy\":\"insmess\",\"createTime\":\"2025-09-22 09:35:49\",\"dictType\":\"\",\"edit\":false,\"htmlType\":\"input\",\"increment\":true,\"insert\":true,\"isIncrement\":\"1\",\"isInsert\":\"1\",\"isPk\":\"1\",\"isRequired\":\"0\",\"javaField\":\"id\",\"javaType\":\"Long\",\"list\":false,\"params\":{},\"pk\":true,\"query\":false,\"queryType\":\"EQ\",\"required\":false,\"sort\":1,\"superColumn\":false,\"tableId\":3,\"updateBy\":\"\",\"updateTime\":\"2025-09-22 09:48:51\",\"usableColumn\":false},{\"capJavaField\":\"Name\",\"columnComment\":\"实体名称\",\"columnId\":30,\"columnName\":\"name\",\"columnType\":\"varchar(55)\",\"createBy\":\"insmess\",\"createTime\":\"2025-09-22 09:35:49\",\"dictType\":\"\",\"edit\":true,\"htmlType\":\"input\",\"increment\":false,\"insert\":true,\"isEdit\":\"1\",\"isIncrement\":\"0\",\"isInsert\":\"1\",\"isList\":\"1\",\"isPk\":\"0\",\"isQuery\":\"1\",\"isRequired\":\"0\",\"javaField\":\"name\",\"javaType\":\"String\",\"list\":true,\"params\":{},\"pk\":false,\"query\":true,\"queryType\":\"LIKE\",\"required\":false,\"sort\":2,\"superColumn\":false,\"tableId\":3,\"updateBy\":\"\",\"updateTime\":\"2025-09-22 09:48:51\",\"usableColumn\":false},{\"capJavaField\":\"DictTypeId\",\"columnComment\":\"实体类型id\",\"columnId\":31,\"columnName\":\"dict_type_id\",\"columnType\":\"bigint(20)\",\"createBy\":\"insmess\",\"createTime\":\"2025-09-22 09:35:49\",\"dictType\":\"\",\"edit\":true,\"htmlType\":\"input\",\"increment\":false,\"insert\":true,\"isEdit\":\"1\",\"isIncrement\":\"0\",\"isInsert\":\"1\",\"isList\":\"1\",\"isPk\":\"0\",\"isQuery\":\"1\",\"isRequired\":\"0\",\"javaField\":\"dictTypeId\",\"javaType\":\"Long\",\"list\":true,\"params\":{},\"pk\":false,\"query\":true,\"queryType\":\"EQ\",\"required\":false,\"sort\":3,\"superColumn\":false,\"tableId\":3,\"updateBy\":\"\",\"updateTime\":\"2025-09-22 09:48:51\",\"usableColumn\":false},{\"capJavaField\":\"ValidFlag\",\"columnComment\":\"是否有效 0 无效 1有效\",\"columnId\":32,\"columnName\":\"valid_flag\",\"columnType\":\"tinyint(4)\",\"createBy\":\"insmess\",\"createTime\":\"2025-09-22 09:35:49\",\"dictType\":\"\",\"edit\":false,\"htmlType\":\"input\",\"i', '{\"msg\":\"操作成功\",\"code\":200}', 0, NULL, '2025-10-13 07:02:33', 1061);
INSERT INTO `system_oper_log` VALUES (451, '代码生成', 2, 'controller.com.insmess.knowledge.generator.GenController.editSave()', 'PUT', 1, 'insmess', '研发部门', '/tool/gen', '127.0.0.1', '内网IP', '{\"businessName\":\"ExtWord\",\"className\":\"ExtWord\",\"columns\":[{\"capJavaField\":\"Id\",\"columnComment\":\"id\",\"columnId\":165,\"columnName\":\"id\",\"columnType\":\"bigint\",\"createBy\":\"insmess\",\"createTime\":\"2025-10-13 06:59:29\",\"dictType\":\"\",\"edit\":false,\"htmlType\":\"input\",\"increment\":true,\"insert\":true,\"isIncrement\":\"1\",\"isInsert\":\"1\",\"isPk\":\"1\",\"isRequired\":\"0\",\"javaField\":\"id\",\"javaType\":\"Long\",\"list\":false,\"params\":{},\"pk\":true,\"query\":false,\"queryType\":\"EQ\",\"required\":false,\"sort\":1,\"superColumn\":false,\"tableId\":14,\"updateBy\":\"\",\"usableColumn\":false},{\"capJavaField\":\"Name\",\"columnComment\":\"词汇名称\",\"columnId\":166,\"columnName\":\"name\",\"columnType\":\"varchar(255)\",\"createBy\":\"insmess\",\"createTime\":\"2025-10-13 06:59:29\",\"dictType\":\"\",\"edit\":true,\"htmlType\":\"input\",\"increment\":false,\"insert\":true,\"isEdit\":\"1\",\"isIncrement\":\"0\",\"isInsert\":\"1\",\"isList\":\"1\",\"isPk\":\"0\",\"isQuery\":\"1\",\"isRequired\":\"0\",\"javaField\":\"name\",\"javaType\":\"String\",\"list\":true,\"params\":{},\"pk\":false,\"query\":true,\"queryType\":\"LIKE\",\"required\":false,\"sort\":2,\"superColumn\":false,\"tableId\":14,\"updateBy\":\"\",\"usableColumn\":false},{\"capJavaField\":\"Domain\",\"columnComment\":\"所属领域\",\"columnId\":167,\"columnName\":\"domain\",\"columnType\":\"varchar(255)\",\"createBy\":\"insmess\",\"createTime\":\"2025-10-13 06:59:29\",\"dictType\":\"\",\"edit\":true,\"htmlType\":\"input\",\"increment\":false,\"insert\":true,\"isEdit\":\"1\",\"isIncrement\":\"0\",\"isInsert\":\"1\",\"isList\":\"1\",\"isPk\":\"0\",\"isQuery\":\"1\",\"isRequired\":\"0\",\"javaField\":\"domain\",\"javaType\":\"String\",\"list\":true,\"params\":{},\"pk\":false,\"query\":true,\"queryType\":\"EQ\",\"required\":false,\"sort\":3,\"superColumn\":false,\"tableId\":14,\"updateBy\":\"\",\"usableColumn\":false},{\"capJavaField\":\"Description\",\"columnComment\":\"词汇描述\",\"columnId\":168,\"columnName\":\"description\",\"columnType\":\"varchar(1000)\",\"createBy\":\"insmess\",\"createTime\":\"2025-10-13 06:59:29\",\"dictType\":\"\",\"edit\":true,\"htmlType\":\"textarea\",\"increment\":false,\"insert\":true,\"isEdit\":\"1\",\"isIncrement\":\"0\",\"isInsert\":\"1\",\"isList\":\"1\",\"isPk\":\"0\",\"isQuery\":\"1\",\"isRequired\":\"0\",\"java', '{\"msg\":\"操作成功\",\"code\":200}', 0, NULL, '2025-10-13 07:04:20', 1389);
INSERT INTO `system_oper_log` VALUES (452, '代码生成', 2, 'controller.com.insmess.knowledge.generator.GenController.editSave()', 'PUT', 1, 'insmess', '研发部门', '/tool/gen', '127.0.0.1', '内网IP', '{\"businessName\":\"ExtWordAntonym\",\"className\":\"ExtWordAntonym\",\"columns\":[{\"capJavaField\":\"Id\",\"columnComment\":\"id\",\"columnId\":178,\"columnName\":\"id\",\"columnType\":\"bigint\",\"createBy\":\"insmess\",\"createTime\":\"2025-10-13 06:59:30\",\"dictType\":\"\",\"edit\":false,\"htmlType\":\"input\",\"increment\":true,\"insert\":true,\"isIncrement\":\"1\",\"isInsert\":\"1\",\"isPk\":\"1\",\"isRequired\":\"0\",\"javaField\":\"id\",\"javaType\":\"Long\",\"list\":false,\"params\":{},\"pk\":true,\"query\":false,\"queryType\":\"EQ\",\"required\":false,\"sort\":1,\"superColumn\":false,\"tableId\":15,\"updateBy\":\"\",\"usableColumn\":false},{\"capJavaField\":\"Name\",\"columnComment\":\"同义词名称\",\"columnId\":179,\"columnName\":\"name\",\"columnType\":\"varchar(255)\",\"createBy\":\"insmess\",\"createTime\":\"2025-10-13 06:59:30\",\"dictType\":\"\",\"edit\":true,\"htmlType\":\"input\",\"increment\":false,\"insert\":true,\"isEdit\":\"1\",\"isIncrement\":\"0\",\"isInsert\":\"1\",\"isList\":\"1\",\"isPk\":\"0\",\"isQuery\":\"1\",\"isRequired\":\"0\",\"javaField\":\"name\",\"javaType\":\"String\",\"list\":true,\"params\":{},\"pk\":false,\"query\":true,\"queryType\":\"LIKE\",\"required\":false,\"sort\":2,\"superColumn\":false,\"tableId\":15,\"updateBy\":\"\",\"usableColumn\":false},{\"capJavaField\":\"WordId\",\"columnComment\":\"主词id\",\"columnId\":180,\"columnName\":\"word_id\",\"columnType\":\"bigint\",\"createBy\":\"insmess\",\"createTime\":\"2025-10-13 06:59:30\",\"dictType\":\"\",\"edit\":true,\"htmlType\":\"input\",\"increment\":false,\"insert\":true,\"isEdit\":\"1\",\"isIncrement\":\"0\",\"isInsert\":\"1\",\"isList\":\"1\",\"isPk\":\"0\",\"isQuery\":\"1\",\"isRequired\":\"0\",\"javaField\":\"wordId\",\"javaType\":\"Long\",\"list\":true,\"params\":{},\"pk\":false,\"query\":true,\"queryType\":\"EQ\",\"required\":false,\"sort\":3,\"superColumn\":false,\"tableId\":15,\"updateBy\":\"\",\"usableColumn\":false},{\"capJavaField\":\"ValidFlag\",\"columnComment\":\"是否有效\",\"columnId\":181,\"columnName\":\"valid_flag\",\"columnType\":\"tinyint(1)\",\"createBy\":\"insmess\",\"createTime\":\"2025-10-13 06:59:31\",\"dictType\":\"\",\"edit\":false,\"htmlType\":\"input\",\"increment\":false,\"insert\":true,\"isIncrement\":\"0\",\"isInsert\":\"1\",\"isPk\":\"0\",\"isRequired\":\"1\",\"javaField\":\"validFlag\",\"javaType\":\"Boolean\",', '{\"msg\":\"操作成功\",\"code\":200}', 0, NULL, '2025-10-13 07:05:52', 1081);
INSERT INTO `system_oper_log` VALUES (453, '代码生成', 2, 'controller.com.insmess.knowledge.generator.GenController.editSave()', 'PUT', 1, 'insmess', '研发部门', '/tool/gen', '127.0.0.1', '内网IP', '{\"businessName\":\"ExtWord\",\"className\":\"ExtWord\",\"columns\":[{\"capJavaField\":\"Id\",\"columnComment\":\"id\",\"columnId\":165,\"columnName\":\"id\",\"columnType\":\"bigint\",\"createBy\":\"insmess\",\"createTime\":\"2025-10-13 06:59:29\",\"dictType\":\"\",\"edit\":false,\"htmlType\":\"input\",\"increment\":true,\"insert\":true,\"isIncrement\":\"1\",\"isInsert\":\"1\",\"isPk\":\"1\",\"isRequired\":\"0\",\"javaField\":\"id\",\"javaType\":\"Long\",\"list\":false,\"params\":{},\"pk\":true,\"query\":false,\"queryType\":\"EQ\",\"required\":false,\"sort\":1,\"superColumn\":false,\"tableId\":14,\"updateBy\":\"\",\"updateTime\":\"2025-10-13 07:04:19\",\"usableColumn\":false},{\"capJavaField\":\"Name\",\"columnComment\":\"词汇名称\",\"columnId\":166,\"columnName\":\"name\",\"columnType\":\"varchar(255)\",\"createBy\":\"insmess\",\"createTime\":\"2025-10-13 06:59:29\",\"dictType\":\"\",\"edit\":true,\"htmlType\":\"input\",\"increment\":false,\"insert\":true,\"isEdit\":\"1\",\"isIncrement\":\"0\",\"isInsert\":\"1\",\"isList\":\"1\",\"isPk\":\"0\",\"isQuery\":\"1\",\"isRequired\":\"0\",\"javaField\":\"name\",\"javaType\":\"String\",\"list\":true,\"params\":{},\"pk\":false,\"query\":true,\"queryType\":\"LIKE\",\"required\":false,\"sort\":2,\"superColumn\":false,\"tableId\":14,\"updateBy\":\"\",\"updateTime\":\"2025-10-13 07:04:19\",\"usableColumn\":false},{\"capJavaField\":\"Domain\",\"columnComment\":\"所属领域\",\"columnId\":167,\"columnName\":\"domain\",\"columnType\":\"varchar(255)\",\"createBy\":\"insmess\",\"createTime\":\"2025-10-13 06:59:29\",\"dictType\":\"\",\"edit\":true,\"htmlType\":\"input\",\"increment\":false,\"insert\":true,\"isEdit\":\"1\",\"isIncrement\":\"0\",\"isInsert\":\"1\",\"isList\":\"1\",\"isPk\":\"0\",\"isQuery\":\"1\",\"isRequired\":\"0\",\"javaField\":\"domain\",\"javaType\":\"String\",\"list\":true,\"params\":{},\"pk\":false,\"query\":true,\"queryType\":\"EQ\",\"required\":false,\"sort\":3,\"superColumn\":false,\"tableId\":14,\"updateBy\":\"\",\"updateTime\":\"2025-10-13 07:04:19\",\"usableColumn\":false},{\"capJavaField\":\"Description\",\"columnComment\":\"词汇描述\",\"columnId\":168,\"columnName\":\"description\",\"columnType\":\"varchar(1000)\",\"createBy\":\"insmess\",\"createTime\":\"2025-10-13 06:59:29\",\"dictType\":\"\",\"edit\":true,\"htmlType\":\"textarea\",\"increment\":false,\"insert\":true,\"', '{\"msg\":\"操作成功\",\"code\":200}', 0, NULL, '2025-10-13 07:06:38', 1216);
INSERT INTO `system_oper_log` VALUES (454, '代码生成', 8, 'controller.com.insmess.knowledge.generator.GenController.batchGenCode()', 'GET', 1, 'insmess', '研发部门', '/tool/gen/batchGenCode', '127.0.0.1', '内网IP', '{\"tables\":\"ext_word,ext_word_antonym\"}', NULL, 0, NULL, '2025-10-13 07:06:48', 1842);
INSERT INTO `system_oper_log` VALUES (455, '测试连接', 3, 'com.insmess.knowledge.module.dm.controller.admin.datasource.DmDatasourceController.clientsTest()', 'GET', 1, 'insmess', '研发部门', '/dm/dmDatasource/clientsTest/3', '127.0.0.1', '内网IP', '{}', '{\"msg\":\"数据库连接成功\",\"code\":200}', 0, NULL, '2025-10-13 08:33:45', 136);
INSERT INTO `system_oper_log` VALUES (456, '主词汇', 1, 'com.insmess.knowledge.module.ext.controller.admin.ExtWord.ExtWordController.add()', 'POST', 1, 'insmess', '研发部门', '/ext/ExtWord', '127.0.0.1', '内网IP', '{\"description\":\"美利坚合众国\",\"domain\":\"国家\",\"name\":\"美国\",\"params\":{},\"remark\":\"美利坚合众国\"}', '{\"code\":200,\"msg\":\"操作成功\"}', 0, NULL, '2025-10-13 08:54:57', 230);
INSERT INTO `system_oper_log` VALUES (457, '同义词', 1, 'com.insmess.knowledge.module.ext.controller.admin.ExtWordAntonym.ExtWordAntonymController.add()', 'POST', 1, 'insmess', '研发部门', '/ext/ExtWordAntonym', '127.0.0.1', '内网IP', '{\"name\":\"漂亮国\",\"params\":{},\"remark\":\"漂亮国\",\"wordId\":1}', '{\"code\":200,\"msg\":\"操作成功\"}', 0, NULL, '2025-10-13 08:55:10', 200);
INSERT INTO `system_oper_log` VALUES (458, '同义词', 1, 'com.insmess.knowledge.module.ext.controller.admin.ExtWordAntonym.ExtWordAntonymController.add()', 'POST', 1, 'insmess', '研发部门', '/ext/ExtWordAntonym', '127.0.0.1', '内网IP', '{\"name\":\"丑国\",\"params\":{},\"remark\":\"丑国\",\"wordId\":1}', '{\"code\":200,\"msg\":\"操作成功\"}', 0, NULL, '2025-10-13 08:55:22', 158);
INSERT INTO `system_oper_log` VALUES (459, '同义词', 1, 'com.insmess.knowledge.module.ext.controller.admin.ExtWordAntonym.ExtWordAntonymController.add()', 'POST', 1, 'insmess', '研发部门', '/ext/ExtWordAntonym', '127.0.0.1', '内网IP', '{\"name\":\"美利坚合众国\",\"params\":{},\"remark\":\"美利坚合众国\",\"wordId\":1}', '{\"code\":200,\"msg\":\"操作成功\"}', 0, NULL, '2025-10-13 08:55:36', 178);
INSERT INTO `system_oper_log` VALUES (460, '数据服务', 1, 'com.insmess.knowledge.module.app.controller.admin.AppServiceApi.AppServiceApiController.add()', 'POST', 1, 'insmess', '研发部门', '/app/AppServiceApi', '127.0.0.1', '内网IP', '{\"knowledgeId\":2,\"name\":\"概念查询服务\",\"params\":{},\"queryCondition\":[{\"option\":\"LIKE\",\"paramAlias\":\"name\"}],\"remark\":\"查询知识库中的概念数据\",\"serviceParams\":[{\"paramAlias\":\"num\",\"paramDesc\":\"分页查询页码\",\"paramName\":\"pageNum\"}],\"serviceType\":0}', NULL, 1, 'Could not open a new Neo4j session: Connection to the database failed', '2025-10-14 06:49:29', 21677);
INSERT INTO `system_oper_log` VALUES (461, '数据服务', 1, 'com.insmess.knowledge.module.app.controller.admin.AppServiceApi.AppServiceApiController.add()', 'POST', 1, 'insmess', '研发部门', '/app/AppServiceApi', '127.0.0.1', '内网IP', '{\"knowledgeId\":2,\"name\":\"概念查询服务\",\"params\":{},\"queryCondition\":[{\"option\":\"LIKE\",\"paramAlias\":\"name\"}],\"remark\":\"查询知识库中的概念数据\",\"serviceParams\":[{\"paramAlias\":\"num\",\"paramDesc\":\"分页查询页码\",\"paramName\":\"pageNum\"}],\"serviceType\":0}', '{\"code\":200,\"msg\":\"操作成功\"}', 0, NULL, '2025-10-14 06:50:09', 98644);
INSERT INTO `system_oper_log` VALUES (462, '数据服务', 1, 'com.insmess.knowledge.module.app.controller.admin.AppServiceApi.AppServiceApiController.add()', 'POST', 1, 'insmess', '研发部门', '/app/AppServiceApi', '127.0.0.1', '内网IP', '{\"knowledgeId\":2,\"name\":\"关系查询服务\",\"params\":{},\"queryCondition\":[{\"option\":\"LIKE\",\"paramAlias\":\"name\"}],\"remark\":\"查询知识库中的概念数据\",\"serviceParams\":[{\"paramAlias\":\"num\",\"paramDesc\":\"分页查询页码\",\"paramName\":\"pageNum\"}],\"serviceType\":1,\"userId\":0}', '{\"code\":200,\"msg\":\"操作成功\"}', 0, NULL, '2025-10-14 06:51:32', 2654);
INSERT INTO `system_oper_log` VALUES (463, '数据服务', 1, 'com.insmess.knowledge.module.app.controller.admin.AppServiceApi.AppServiceApiController.add()', 'POST', 1, 'insmess', '研发部门', '/app/AppServiceApi', '127.0.0.1', '内网IP', '{\"knowledgeId\":2,\"name\":\"关系查询服务\",\"params\":{},\"queryCondition\":[{\"option\":\"LIKE\",\"paramAlias\":\"name\"}],\"remark\":\"查询知识库中的概念数据\",\"serviceParams\":[{\"paramAlias\":\"num\",\"paramDesc\":\"分页查询页码\",\"paramName\":\"pageNum\"}],\"serviceType\":1,\"userId\":0}', '{\"code\":200,\"msg\":\"操作成功\"}', 0, NULL, '2025-10-14 07:00:03', 10049);
INSERT INTO `system_oper_log` VALUES (464, '数据服务', 1, 'com.insmess.knowledge.module.app.controller.admin.AppServiceApi.AppServiceApiController.add()', 'POST', 1, 'insmess', '研发部门', '/app/AppServiceApi', '127.0.0.1', '内网IP', '{\"knowledgeId\":2,\"name\":\"关系查询服务\",\"params\":{},\"queryCondition\":[{\"option\":\"LIKE\",\"paramAlias\":\"name\"}],\"remark\":\"查询知识库中的概念数据\",\"serviceParams\":[{\"paramAlias\":\"num\",\"paramDesc\":\"分页查询页码\",\"paramName\":\"pageNum\"}],\"serviceType\":1,\"userId\":0}', '{\"code\":200,\"msg\":\"操作成功\"}', 0, NULL, '2025-10-14 07:03:47', 67059);
INSERT INTO `system_oper_log` VALUES (465, '数据服务', 2, 'com.insmess.knowledge.module.app.controller.admin.AppServiceApi.AppServiceApiController.resetToken()', 'POST', 1, 'insmess', '研发部门', '/app/AppServiceApi/resetToken/7', '127.0.0.1', '内网IP', '7', '{\"code\":200,\"data\":\"ce16b10a5c7b4206ae900f9be54d1839\",\"msg\":\"操作成功\"}', 0, NULL, '2025-10-14 07:12:33', 767);
INSERT INTO `system_oper_log` VALUES (466, '数据服务', 2, 'com.insmess.knowledge.module.app.controller.admin.AppServiceApi.AppServiceApiController.resetToken()', 'POST', 1, 'insmess', '研发部门', '/app/AppServiceApi/resetToken/1', '127.0.0.1', '内网IP', '1', '{\"code\":200,\"data\":\"f107cd76bdc846e4ab31edfff6706b94\",\"msg\":\"操作成功\"}', 0, NULL, '2025-10-14 07:24:29', 412);
INSERT INTO `system_oper_log` VALUES (467, '测试连接', 3, 'com.insmess.knowledge.module.dm.controller.admin.datasource.DmDatasourceController.clientsTest()', 'GET', 1, 'insmess', '研发部门', '/dm/dmDatasource/clientsTest/3', '127.0.0.1', '内网IP', '{}', '{\"msg\":\"数据库连接成功\",\"code\":200}', 0, NULL, '2025-10-16 07:21:03', 425);
INSERT INTO `system_oper_log` VALUES (468, '定时任务', 2, 'controller.com.insmess.knowledge.quartz.SysJobController.run()', 'PUT', 1, 'insmess', '研发部门', '/monitor/job/run', '127.0.0.1', '内网IP', '{\"jobGroup\":\"DEFAULT\",\"jobId\":100,\"misfirePolicy\":\"0\",\"params\":{}}', '{\"msg\":\"操作成功\",\"code\":200}', 0, NULL, '2025-10-16 07:24:54', 250);
INSERT INTO `system_oper_log` VALUES (469, '定时任务', 2, 'controller.com.insmess.knowledge.quartz.SysJobController.run()', 'PUT', 1, 'insmess', '研发部门', '/monitor/job/run', '127.0.0.1', '内网IP', '{\"jobGroup\":\"DEFAULT\",\"jobId\":100,\"misfirePolicy\":\"0\",\"params\":{}}', '{\"msg\":\"操作成功\",\"code\":200}', 0, NULL, '2025-10-16 07:37:53', 255);
INSERT INTO `system_oper_log` VALUES (470, '定时任务', 2, 'controller.com.insmess.knowledge.quartz.SysJobController.run()', 'PUT', 1, 'insmess', '研发部门', '/monitor/job/run', '127.0.0.1', '内网IP', '{\"jobGroup\":\"DEFAULT\",\"jobId\":100,\"misfirePolicy\":\"0\",\"params\":{}}', '{\"msg\":\"操作成功\",\"code\":200}', 0, NULL, '2025-10-16 07:40:25', 236);
INSERT INTO `system_oper_log` VALUES (471, '定时任务', 2, 'controller.com.insmess.knowledge.quartz.SysJobController.run()', 'PUT', 1, 'insmess', '研发部门', '/monitor/job/run', '127.0.0.1', '内网IP', '{\"jobGroup\":\"DEFAULT\",\"jobId\":100,\"misfirePolicy\":\"0\",\"params\":{}}', '{\"msg\":\"操作成功\",\"code\":200}', 0, NULL, '2025-10-16 07:44:19', 226);
INSERT INTO `system_oper_log` VALUES (472, '定时任务', 2, 'controller.com.insmess.knowledge.quartz.SysJobController.run()', 'PUT', 1, 'insmess', '研发部门', '/monitor/job/run', '127.0.0.1', '内网IP', '{\"jobGroup\":\"DEFAULT\",\"jobId\":100,\"misfirePolicy\":\"0\",\"params\":{}}', '{\"msg\":\"操作成功\",\"code\":200}', 0, NULL, '2025-10-16 08:07:53', 322);
INSERT INTO `system_oper_log` VALUES (473, '定时任务', 2, 'controller.com.insmess.knowledge.quartz.SysJobController.run()', 'PUT', 1, 'insmess', '研发部门', '/monitor/job/run', '127.0.0.1', '内网IP', '{\"jobGroup\":\"DEFAULT\",\"jobId\":100,\"misfirePolicy\":\"0\",\"params\":{}}', '{\"msg\":\"操作成功\",\"code\":200}', 0, NULL, '2025-10-16 08:12:17', 232);
INSERT INTO `system_oper_log` VALUES (474, '定时任务', 2, 'controller.com.insmess.knowledge.quartz.SysJobController.run()', 'PUT', 1, 'insmess', '研发部门', '/monitor/job/run', '127.0.0.1', '内网IP', '{\"jobGroup\":\"DEFAULT\",\"jobId\":100,\"misfirePolicy\":\"0\",\"params\":{}}', '{\"msg\":\"操作成功\",\"code\":200}', 0, NULL, '2025-10-16 08:13:48', 238);
INSERT INTO `system_oper_log` VALUES (475, '定时任务', 2, 'controller.com.insmess.knowledge.quartz.SysJobController.run()', 'PUT', 1, 'insmess', '研发部门', '/monitor/job/run', '127.0.0.1', '内网IP', '{\"jobGroup\":\"DEFAULT\",\"jobId\":100,\"misfirePolicy\":\"0\",\"params\":{}}', '{\"msg\":\"操作成功\",\"code\":200}', 0, NULL, '2025-10-16 08:19:24', 278);
INSERT INTO `system_oper_log` VALUES (476, '定时任务', 2, 'controller.com.insmess.knowledge.quartz.SysJobController.run()', 'PUT', 1, 'insmess', '研发部门', '/monitor/job/run', '127.0.0.1', '内网IP', '{\"jobGroup\":\"DEFAULT\",\"jobId\":100,\"misfirePolicy\":\"0\",\"params\":{}}', '{\"msg\":\"操作成功\",\"code\":200}', 0, NULL, '2025-10-16 08:22:31', 238);
INSERT INTO `system_oper_log` VALUES (477, '定时任务', 2, 'controller.com.insmess.knowledge.quartz.SysJobController.run()', 'PUT', 1, 'insmess', '研发部门', '/monitor/job/run', '127.0.0.1', '内网IP', '{\"jobGroup\":\"DEFAULT\",\"jobId\":100,\"misfirePolicy\":\"0\",\"params\":{}}', '{\"msg\":\"操作成功\",\"code\":200}', 0, NULL, '2025-10-16 08:22:45', 238);
INSERT INTO `system_oper_log` VALUES (478, '定时任务', 2, 'controller.com.insmess.knowledge.quartz.SysJobController.run()', 'PUT', 1, 'insmess', '研发部门', '/monitor/job/run', '127.0.0.1', '内网IP', '{\"jobGroup\":\"DEFAULT\",\"jobId\":100,\"misfirePolicy\":\"0\",\"params\":{}}', '{\"msg\":\"操作成功\",\"code\":200}', 0, NULL, '2025-10-16 08:23:23', 238);
INSERT INTO `system_oper_log` VALUES (479, '定时任务', 2, 'controller.com.insmess.knowledge.quartz.SysJobController.run()', 'PUT', 1, 'insmess', '研发部门', '/monitor/job/run', '127.0.0.1', '内网IP', '{\"jobGroup\":\"DEFAULT\",\"jobId\":100,\"misfirePolicy\":\"0\",\"params\":{}}', '{\"msg\":\"操作成功\",\"code\":200}', 0, NULL, '2025-10-16 08:24:01', 237);
INSERT INTO `system_oper_log` VALUES (480, '定时任务', 2, 'controller.com.insmess.knowledge.quartz.SysJobController.run()', 'PUT', 1, 'insmess', '研发部门', '/monitor/job/run', '127.0.0.1', '内网IP', '{\"jobGroup\":\"DEFAULT\",\"jobId\":100,\"misfirePolicy\":\"0\",\"params\":{}}', '{\"msg\":\"操作成功\",\"code\":200}', 0, NULL, '2025-10-16 08:32:42', 232);
INSERT INTO `system_oper_log` VALUES (481, '定时任务', 2, 'controller.com.insmess.knowledge.quartz.SysJobController.run()', 'PUT', 1, 'insmess', '研发部门', '/monitor/job/run', '127.0.0.1', '内网IP', '{\"jobGroup\":\"DEFAULT\",\"jobId\":100,\"misfirePolicy\":\"0\",\"params\":{}}', '{\"msg\":\"操作成功\",\"code\":200}', 0, NULL, '2025-10-16 08:48:52', 282);
INSERT INTO `system_oper_log` VALUES (482, '定时任务', 2, 'controller.com.insmess.knowledge.quartz.SysJobController.run()', 'PUT', 1, 'insmess', '研发部门', '/monitor/job/run', '127.0.0.1', '内网IP', '{\"jobGroup\":\"DEFAULT\",\"jobId\":100,\"misfirePolicy\":\"0\",\"params\":{}}', '{\"msg\":\"操作成功\",\"code\":200}', 0, NULL, '2025-10-16 08:49:14', 255);
INSERT INTO `system_oper_log` VALUES (483, '定时任务', 2, 'controller.com.insmess.knowledge.quartz.SysJobController.run()', 'PUT', 1, 'insmess', '研发部门', '/monitor/job/run', '127.0.0.1', '内网IP', '{\"jobGroup\":\"DEFAULT\",\"jobId\":100,\"misfirePolicy\":\"0\",\"params\":{}}', '{\"msg\":\"操作成功\",\"code\":200}', 0, NULL, '2025-10-16 08:51:53', 269);
INSERT INTO `system_oper_log` VALUES (484, '定时任务', 2, 'controller.com.insmess.knowledge.quartz.SysJobController.run()', 'PUT', 1, 'insmess', '研发部门', '/monitor/job/run', '127.0.0.1', '内网IP', '{\"jobGroup\":\"DEFAULT\",\"jobId\":100,\"misfirePolicy\":\"0\",\"params\":{}}', '{\"msg\":\"操作成功\",\"code\":200}', 0, NULL, '2025-10-16 08:53:43', 254);
INSERT INTO `system_oper_log` VALUES (485, '定时任务', 2, 'controller.com.insmess.knowledge.quartz.SysJobController.run()', 'PUT', 1, 'insmess', '研发部门', '/monitor/job/run', '127.0.0.1', '内网IP', '{\"jobGroup\":\"DEFAULT\",\"jobId\":100,\"misfirePolicy\":\"0\",\"params\":{}}', '{\"msg\":\"操作成功\",\"code\":200}', 0, NULL, '2025-10-16 08:55:36', 242);
INSERT INTO `system_oper_log` VALUES (486, '定时任务', 2, 'controller.com.insmess.knowledge.quartz.SysJobController.run()', 'PUT', 1, 'insmess', '研发部门', '/monitor/job/run', '127.0.0.1', '内网IP', '{\"jobGroup\":\"DEFAULT\",\"jobId\":100,\"misfirePolicy\":\"0\",\"params\":{}}', '{\"msg\":\"操作成功\",\"code\":200}', 0, NULL, '2025-10-16 09:00:52', 280);
INSERT INTO `system_oper_log` VALUES (487, '定时任务', 2, 'controller.com.insmess.knowledge.quartz.SysJobController.run()', 'PUT', 1, 'insmess', '研发部门', '/monitor/job/run', '127.0.0.1', '内网IP', '{\"jobGroup\":\"DEFAULT\",\"jobId\":100,\"misfirePolicy\":\"0\",\"params\":{}}', '{\"msg\":\"操作成功\",\"code\":200}', 0, NULL, '2025-10-16 09:06:38', 304);
INSERT INTO `system_oper_log` VALUES (488, '定时任务', 2, 'controller.com.insmess.knowledge.quartz.SysJobController.run()', 'PUT', 1, 'insmess', '研发部门', '/monitor/job/run', '127.0.0.1', '内网IP', '{\"jobGroup\":\"DEFAULT\",\"jobId\":100,\"misfirePolicy\":\"0\",\"params\":{}}', '{\"msg\":\"操作成功\",\"code\":200}', 0, NULL, '2025-10-16 09:11:34', 271);
INSERT INTO `system_oper_log` VALUES (489, '定时任务', 2, 'controller.com.insmess.knowledge.quartz.SysJobController.run()', 'PUT', 1, 'insmess', '研发部门', '/monitor/job/run', '127.0.0.1', '内网IP', '{\"jobGroup\":\"DEFAULT\",\"jobId\":100,\"misfirePolicy\":\"0\",\"params\":{}}', '{\"msg\":\"操作成功\",\"code\":200}', 0, NULL, '2025-10-16 09:12:17', 242);
INSERT INTO `system_oper_log` VALUES (490, '定时任务', 2, 'controller.com.insmess.knowledge.quartz.SysJobController.run()', 'PUT', 1, 'insmess', '研发部门', '/monitor/job/run', '127.0.0.1', '内网IP', '{\"jobGroup\":\"DEFAULT\",\"jobId\":100,\"misfirePolicy\":\"0\",\"params\":{}}', '{\"msg\":\"操作成功\",\"code\":200}', 0, NULL, '2025-10-16 09:16:34', 269);
INSERT INTO `system_oper_log` VALUES (491, '定时任务', 2, 'controller.com.insmess.knowledge.quartz.SysJobController.run()', 'PUT', 1, 'insmess', '研发部门', '/monitor/job/run', '127.0.0.1', '内网IP', '{\"jobGroup\":\"DEFAULT\",\"jobId\":100,\"misfirePolicy\":\"0\",\"params\":{}}', '{\"msg\":\"操作成功\",\"code\":200}', 0, NULL, '2025-10-16 09:20:44', 253);
INSERT INTO `system_oper_log` VALUES (492, '定时任务', 2, 'controller.com.insmess.knowledge.quartz.SysJobController.run()', 'PUT', 1, 'insmess', '研发部门', '/monitor/job/run', '127.0.0.1', '内网IP', '{\"jobGroup\":\"DEFAULT\",\"jobId\":100,\"misfirePolicy\":\"0\",\"params\":{}}', '{\"msg\":\"操作成功\",\"code\":200}', 0, NULL, '2025-10-16 09:21:44', 235);
INSERT INTO `system_oper_log` VALUES (493, '定时任务', 2, 'controller.com.insmess.knowledge.quartz.SysJobController.run()', 'PUT', 1, 'insmess', '研发部门', '/monitor/job/run', '127.0.0.1', '内网IP', '{\"jobGroup\":\"DEFAULT\",\"jobId\":100,\"misfirePolicy\":\"0\",\"params\":{}}', '{\"msg\":\"操作成功\",\"code\":200}', 0, NULL, '2025-10-16 09:23:17', 238);
INSERT INTO `system_oper_log` VALUES (494, '定时任务', 2, 'controller.com.insmess.knowledge.quartz.SysJobController.run()', 'PUT', 1, 'insmess', '研发部门', '/monitor/job/run', '127.0.0.1', '内网IP', '{\"jobGroup\":\"DEFAULT\",\"jobId\":100,\"misfirePolicy\":\"0\",\"params\":{}}', '{\"msg\":\"操作成功\",\"code\":200}', 0, NULL, '2025-10-16 09:27:38', 274);
INSERT INTO `system_oper_log` VALUES (495, '定时任务', 2, 'controller.com.insmess.knowledge.quartz.SysJobController.run()', 'PUT', 1, 'insmess', '研发部门', '/monitor/job/run', '127.0.0.1', '内网IP', '{\"jobGroup\":\"DEFAULT\",\"jobId\":100,\"misfirePolicy\":\"0\",\"params\":{}}', '{\"msg\":\"操作成功\",\"code\":200}', 0, NULL, '2025-10-16 09:28:02', 236);
INSERT INTO `system_oper_log` VALUES (496, '定时任务', 2, 'controller.com.insmess.knowledge.quartz.SysJobController.run()', 'PUT', 1, 'insmess', '研发部门', '/monitor/job/run', '127.0.0.1', '内网IP', '{\"jobGroup\":\"DEFAULT\",\"jobId\":100,\"misfirePolicy\":\"0\",\"params\":{}}', '{\"msg\":\"操作成功\",\"code\":200}', 0, NULL, '2025-10-16 09:30:23', 253);
INSERT INTO `system_oper_log` VALUES (497, '定时任务', 2, 'controller.com.insmess.knowledge.quartz.SysJobController.run()', 'PUT', 1, 'insmess', '研发部门', '/monitor/job/run', '127.0.0.1', '内网IP', '{\"jobGroup\":\"DEFAULT\",\"jobId\":100,\"misfirePolicy\":\"0\",\"params\":{}}', '{\"msg\":\"操作成功\",\"code\":200}', 0, NULL, '2025-10-16 09:32:37', 266);
INSERT INTO `system_oper_log` VALUES (498, '定时任务', 2, 'controller.com.insmess.knowledge.quartz.SysJobController.run()', 'PUT', 1, 'insmess', '研发部门', '/monitor/job/run', '127.0.0.1', '内网IP', '{\"jobGroup\":\"DEFAULT\",\"jobId\":100,\"misfirePolicy\":\"0\",\"params\":{}}', '{\"msg\":\"操作成功\",\"code\":200}', 0, NULL, '2025-10-16 09:40:42', 294);
INSERT INTO `system_oper_log` VALUES (499, '定时任务', 2, 'controller.com.insmess.knowledge.quartz.SysJobController.run()', 'PUT', 1, 'insmess', '研发部门', '/monitor/job/run', '127.0.0.1', '内网IP', '{\"jobGroup\":\"DEFAULT\",\"jobId\":100,\"misfirePolicy\":\"0\",\"params\":{}}', '{\"msg\":\"操作成功\",\"code\":200}', 0, NULL, '2025-10-16 09:56:14', 268);
INSERT INTO `system_oper_log` VALUES (500, '定时任务', 2, 'controller.com.insmess.knowledge.quartz.SysJobController.run()', 'PUT', 1, 'insmess', '研发部门', '/monitor/job/run', '127.0.0.1', '内网IP', '{\"jobGroup\":\"DEFAULT\",\"jobId\":100,\"misfirePolicy\":\"0\",\"params\":{}}', '{\"msg\":\"操作成功\",\"code\":200}', 0, NULL, '2025-10-16 10:05:00', 283);
INSERT INTO `system_oper_log` VALUES (501, '定时任务', 2, 'controller.com.insmess.knowledge.quartz.SysJobController.run()', 'PUT', 1, 'insmess', '研发部门', '/monitor/job/run', '127.0.0.1', '内网IP', '{\"jobGroup\":\"DEFAULT\",\"jobId\":100,\"misfirePolicy\":\"0\",\"params\":{}}', '{\"msg\":\"操作成功\",\"code\":200}', 0, NULL, '2025-10-16 10:06:40', 267);
INSERT INTO `system_oper_log` VALUES (502, '定时任务', 2, 'controller.com.insmess.knowledge.quartz.SysJobController.run()', 'PUT', 1, 'insmess', '研发部门', '/monitor/job/run', '127.0.0.1', '内网IP', '{\"jobGroup\":\"DEFAULT\",\"jobId\":100,\"misfirePolicy\":\"0\",\"params\":{}}', '{\"msg\":\"操作成功\",\"code\":200}', 0, NULL, '2025-10-16 10:12:38', 266);
INSERT INTO `system_oper_log` VALUES (503, '定时任务', 2, 'controller.com.insmess.knowledge.quartz.SysJobController.run()', 'PUT', 1, 'insmess', '研发部门', '/monitor/job/run', '127.0.0.1', '内网IP', '{\"jobGroup\":\"DEFAULT\",\"jobId\":100,\"misfirePolicy\":\"0\",\"params\":{}}', '{\"msg\":\"操作成功\",\"code\":200}', 0, NULL, '2025-10-16 10:13:08', 242);
INSERT INTO `system_oper_log` VALUES (504, '定时任务', 2, 'controller.com.insmess.knowledge.quartz.SysJobController.run()', 'PUT', 1, 'insmess', '研发部门', '/monitor/job/run', '127.0.0.1', '内网IP', '{\"jobGroup\":\"DEFAULT\",\"jobId\":100,\"misfirePolicy\":\"0\",\"params\":{}}', '{\"msg\":\"操作成功\",\"code\":200}', 0, NULL, '2025-10-16 10:14:29', 250);
INSERT INTO `system_oper_log` VALUES (505, '定时任务', 2, 'controller.com.insmess.knowledge.quartz.SysJobController.run()', 'PUT', 1, 'insmess', '研发部门', '/monitor/job/run', '127.0.0.1', '内网IP', '{\"jobGroup\":\"DEFAULT\",\"jobId\":100,\"misfirePolicy\":\"0\",\"params\":{}}', '{\"msg\":\"操作成功\",\"code\":200}', 0, NULL, '2025-10-16 10:18:00', 288);
INSERT INTO `system_oper_log` VALUES (506, '字典数据', 2, 'system.admin.controller.com.insmess.knowledge.module.system.SysDictDataController.edit()', 'PUT', 1, 'insmess', '研发部门', '/system/dict/data', '127.0.0.1', '内网IP', '{\"createBy\":\"星小图\",\"createTime\":\"2025-09-19 07:27:52\",\"default\":false,\"dictCode\":50,\"dictLabel\":\"Postgresql\",\"dictSort\":20,\"dictType\":\"datasource_type\",\"dictValue\":\"Postgresql\",\"isDefault\":\"N\",\"listClass\":\"primary\",\"params\":{},\"remark\":\"PostgreSql数据库\",\"status\":\"0\",\"updateBy\":\"星小图\"}', '{\"msg\":\"操作成功\",\"code\":200}', 0, NULL, '2025-10-16 10:22:34', 276);
INSERT INTO `system_oper_log` VALUES (507, '字典数据', 1, 'system.admin.controller.com.insmess.knowledge.module.system.SysDictDataController.add()', 'POST', 1, 'insmess', '研发部门', '/system/dict/data', '127.0.0.1', '内网IP', '{\"createBy\":\"星小图\",\"default\":false,\"dictLabel\":\"SQLServer2008及以下\",\"dictSort\":0,\"dictType\":\"datasource_type\",\"dictValue\":\"SQLServer2008-\",\"listClass\":\"default\",\"params\":{},\"status\":\"0\"}', '{\"msg\":\"操作成功\",\"code\":200}', 0, NULL, '2025-10-16 10:23:09', 282);
INSERT INTO `system_oper_log` VALUES (508, '字典数据', 2, 'system.admin.controller.com.insmess.knowledge.module.system.SysDictDataController.edit()', 'PUT', 1, 'insmess', '研发部门', '/system/dict/data', '127.0.0.1', '内网IP', '{\"createBy\":\"星小图\",\"createTime\":\"2025-10-16 10:23:09\",\"default\":false,\"dictCode\":51,\"dictLabel\":\"SQLServer2008及以下\",\"dictSort\":0,\"dictType\":\"datasource_type\",\"dictValue\":\"SQLServer2008-\",\"isDefault\":\"N\",\"listClass\":\"primary\",\"params\":{},\"status\":\"0\",\"updateBy\":\"星小图\"}', '{\"msg\":\"操作成功\",\"code\":200}', 0, NULL, '2025-10-16 10:23:17', 251);
INSERT INTO `system_oper_log` VALUES (509, '字典类型', 3, 'system.admin.controller.com.insmess.knowledge.module.system.SysDictDataController.remove()', 'DELETE', 1, 'insmess', '研发部门', '/system/dict/data/51', '127.0.0.1', '内网IP', '{}', '{\"msg\":\"操作成功\",\"code\":200}', 0, NULL, '2025-10-16 10:23:35', 325);
INSERT INTO `system_oper_log` VALUES (510, '字典数据', 1, 'system.admin.controller.com.insmess.knowledge.module.system.SysDictDataController.add()', 'POST', 1, 'insmess', '研发部门', '/system/dict/data', '127.0.0.1', '内网IP', '{\"createBy\":\"星小图\",\"default\":false,\"dictLabel\":\"GBase\",\"dictSort\":0,\"dictType\":\"datasource_type\",\"dictValue\":\"GBase\",\"listClass\":\"primary\",\"params\":{},\"status\":\"0\"}', '{\"msg\":\"操作成功\",\"code\":200}', 0, NULL, '2025-10-16 10:43:15', 19517);
INSERT INTO `system_oper_log` VALUES (511, '字典数据', 1, 'system.admin.controller.com.insmess.knowledge.module.system.SysDictDataController.add()', 'POST', 1, 'insmess', '研发部门', '/system/dict/data', '127.0.0.1', '内网IP', '{\"createBy\":\"星小图\",\"default\":false,\"dictLabel\":\"GBase\",\"dictSort\":0,\"dictType\":\"datasource_type\",\"dictValue\":\"GBase\",\"listClass\":\"default\",\"params\":{},\"status\":\"0\"}', '{\"msg\":\"操作成功\",\"code\":200}', 0, NULL, '2025-10-16 10:43:25', 38811);
INSERT INTO `system_oper_log` VALUES (512, '字典数据', 1, 'system.admin.controller.com.insmess.knowledge.module.system.SysDictDataController.add()', 'POST', 1, 'insmess', '研发部门', '/system/dict/data', '127.0.0.1', '内网IP', '{\"createBy\":\"星小图\",\"default\":false,\"dictLabel\":\"GBase\",\"dictSort\":0,\"dictType\":\"datasource_type\",\"dictValue\":\"GBase\",\"listClass\":\"primary\",\"params\":{},\"status\":\"0\"}', '{\"msg\":\"操作成功\",\"code\":200}', 0, NULL, '2025-10-16 10:45:11', 289);
INSERT INTO `system_oper_log` VALUES (513, '字典类型', 3, 'system.admin.controller.com.insmess.knowledge.module.system.SysDictDataController.remove()', 'DELETE', 1, 'insmess', '研发部门', '/system/dict/data/53', '127.0.0.1', '内网IP', '{}', '{\"msg\":\"操作成功\",\"code\":200}', 0, NULL, '2025-10-16 10:45:17', 336);
INSERT INTO `system_oper_log` VALUES (514, '字典类型', 3, 'system.admin.controller.com.insmess.knowledge.module.system.SysDictDataController.remove()', 'DELETE', 1, 'insmess', '研发部门', '/system/dict/data/52', '127.0.0.1', '内网IP', '{}', '{\"msg\":\"操作成功\",\"code\":200}', 0, NULL, '2025-10-16 10:45:22', 327);
INSERT INTO `system_oper_log` VALUES (515, '字典数据', 2, 'system.admin.controller.com.insmess.knowledge.module.system.SysDictDataController.edit()', 'PUT', 1, 'insmess', '研发部门', '/system/dict/data', '127.0.0.1', '内网IP', '{\"createBy\":\"星小图\",\"createTime\":\"2025-10-16 10:45:11\",\"default\":false,\"dictCode\":54,\"dictLabel\":\"GBase\",\"dictSort\":9,\"dictType\":\"datasource_type\",\"dictValue\":\"GBase\",\"isDefault\":\"N\",\"listClass\":\"primary\",\"params\":{},\"status\":\"0\",\"updateBy\":\"星小图\"}', '{\"msg\":\"操作成功\",\"code\":200}', 0, NULL, '2025-10-16 10:45:28', 289);
INSERT INTO `system_oper_log` VALUES (516, '字典数据', 2, 'system.admin.controller.com.insmess.knowledge.module.system.SysDictDataController.edit()', 'PUT', 1, 'insmess', '研发部门', '/system/dict/data', '127.0.0.1', '内网IP', '{\"createBy\":\"星小图\",\"createTime\":\"2025-10-16 10:45:11\",\"default\":false,\"dictCode\":54,\"dictLabel\":\"GBase\",\"dictSort\":90,\"dictType\":\"datasource_type\",\"dictValue\":\"GBase\",\"isDefault\":\"N\",\"listClass\":\"primary\",\"params\":{},\"status\":\"0\",\"updateBy\":\"星小图\"}', '{\"msg\":\"操作成功\",\"code\":200}', 0, NULL, '2025-10-16 10:45:34', 272);
INSERT INTO `system_oper_log` VALUES (517, '字典数据', 2, 'system.admin.controller.com.insmess.knowledge.module.system.SysDictDataController.edit()', 'PUT', 1, 'insmess', '研发部门', '/system/dict/data', '127.0.0.1', '内网IP', '{\"createBy\":\"小桐\",\"createTime\":\"2025-09-04 18:14:57\",\"cssClass\":\"\",\"default\":false,\"dictCode\":48,\"dictLabel\":\"Oracle11\",\"dictSort\":4,\"dictType\":\"datasource_type\",\"dictValue\":\"Oracle11\",\"isDefault\":\"N\",\"listClass\":\"primary\",\"params\":{},\"remark\":\"Oracle11数据库\",\"status\":\"0\",\"updateBy\":\"星小图\"}', '{\"msg\":\"操作成功\",\"code\":200}', 0, NULL, '2025-10-16 10:46:14', 289);
INSERT INTO `system_oper_log` VALUES (518, '字典数据', 2, 'system.admin.controller.com.insmess.knowledge.module.system.SysDictDataController.edit()', 'PUT', 1, 'insmess', '研发部门', '/system/dict/data', '127.0.0.1', '内网IP', '{\"createBy\":\"小桐\",\"createTime\":\"2025-09-04 18:14:57\",\"cssClass\":\"\",\"default\":false,\"dictCode\":49,\"dictLabel\":\"Kingbase8\",\"dictSort\":5,\"dictType\":\"datasource_type\",\"dictValue\":\"Kingbase8\",\"isDefault\":\"N\",\"listClass\":\"primary\",\"params\":{},\"remark\":\"人大金仓8数据库\",\"status\":\"0\",\"updateBy\":\"星小图\"}', '{\"msg\":\"操作成功\",\"code\":200}', 0, NULL, '2025-10-16 10:46:18', 280);
INSERT INTO `system_oper_log` VALUES (519, '知识库', 1, 'com.insmess.knowledge.module.ext.controller.admin.extKnowledge.ExtKnowledgeController.add()', 'POST', 1, 'insmess', '研发部门', '/ext/extKnowledge', '127.0.0.1', '内网IP', '{\"description\":\"第二次世界大战图谱模型\",\"name\":\"二战知识库\",\"params\":{},\"remark\":\"二战知识库\"}', '{\"code\":200,\"msg\":\"操作成功\"}', 0, NULL, '2025-10-17 00:45:14', 342);
INSERT INTO `system_oper_log` VALUES (520, '概念配置', 1, 'com.insmess.knowledge.module.ext.controller.admin.extSchema.ExtSchemaController.add()', 'POST', 1, 'insmess', '研发部门', '/ext/schema', '127.0.0.1', '内网IP', '{\"color\":\"rgba(255, 69, 0, 1)\",\"createBy\":\"\",\"description\":\"国家\",\"knowledgeId\":4,\"name\":\"国家\",\"params\":{},\"updateBy\":\"\"}', '{\"code\":500,\"msg\":\"概念名称已存在，不可重复添加\"}', 0, NULL, '2025-10-17 00:46:27', 356);
INSERT INTO `system_oper_log` VALUES (521, '概念配置', 1, 'com.insmess.knowledge.module.ext.controller.admin.extSchema.ExtSchemaController.add()', 'POST', 1, 'insmess', '研发部门', '/ext/schema', '127.0.0.1', '内网IP', '{\"color\":\"rgba(255, 69, 0, 1)\",\"createBy\":\"\",\"description\":\"国家\",\"knowledgeId\":4,\"name\":\"国家\",\"params\":{},\"updateBy\":\"\"}', '{\"code\":500,\"msg\":\"概念名称已存在，不可重复添加\"}', 0, NULL, '2025-10-17 00:46:51', 419);
INSERT INTO `system_oper_log` VALUES (522, '概念配置', 1, 'com.insmess.knowledge.module.ext.controller.admin.extSchema.ExtSchemaController.add()', 'POST', 1, 'insmess', '研发部门', '/ext/schema', '127.0.0.1', '内网IP', '{\"color\":\"rgba(255, 69, 0, 1)\",\"createBy\":\"\",\"description\":\"国家\",\"knowledgeId\":4,\"name\":\"国家\",\"params\":{},\"updateBy\":\"\"}', '{\"code\":500,\"msg\":\"概念名称已存在，不可重复添加\"}', 0, NULL, '2025-10-17 00:47:07', 318);
INSERT INTO `system_oper_log` VALUES (523, '概念配置', 1, 'com.insmess.knowledge.module.ext.controller.admin.extSchema.ExtSchemaController.add()', 'POST', 1, 'insmess', '研发部门', '/ext/schema', '127.0.0.1', '内网IP', '{\"color\":\"rgba(255, 69, 0, 1)\",\"createBy\":\"\",\"description\":\"国家\",\"knowledgeId\":4,\"name\":\"国家\",\"params\":{},\"updateBy\":\"\"}', '{\"code\":500,\"msg\":\"概念名称已存在，不可重复添加\"}', 0, NULL, '2025-10-17 00:47:49', 12844);
INSERT INTO `system_oper_log` VALUES (524, '概念配置', 2, 'com.insmess.knowledge.module.ext.controller.admin.extSchema.ExtSchemaController.edit()', 'PUT', 1, 'insmess', '研发部门', '/ext/schema', '127.0.0.1', '内网IP', '{\"color\":\"rgba(255, 69, 0, 1)\",\"createBy\":\"\",\"description\":\"国家\",\"name\":\"国家\",\"params\":{},\"updateBy\":\"星小图\",\"updateTime\":\"2025-10-17 08:56:41\",\"updaterId\":1}', '{\"code\":500,\"msg\":\"操作失败\"}', 0, NULL, '2025-10-17 00:56:39', 371);
INSERT INTO `system_oper_log` VALUES (525, '概念配置', 2, 'com.insmess.knowledge.module.ext.controller.admin.extSchema.ExtSchemaController.edit()', 'PUT', 1, 'insmess', '研发部门', '/ext/schema', '127.0.0.1', '内网IP', '{\"color\":\"rgba(255, 69, 0, 1)\",\"createBy\":\"\",\"description\":\"国家\",\"name\":\"国家\",\"params\":{},\"updateBy\":\"星小图\",\"updateTime\":\"2025-10-17 08:56:46\",\"updaterId\":1}', '{\"code\":500,\"msg\":\"操作失败\"}', 0, NULL, '2025-10-17 00:56:44', 304);
INSERT INTO `system_oper_log` VALUES (526, '概念配置', 1, 'com.insmess.knowledge.module.ext.controller.admin.extSchema.ExtSchemaController.add()', 'POST', 1, 'insmess', '研发部门', '/ext/schema', '127.0.0.1', '内网IP', '{\"color\":\"rgba(255, 69, 0, 1)\",\"createBy\":\"\",\"description\":\"国家\",\"knowledgeId\":4,\"name\":\"国家\",\"params\":{},\"updateBy\":\"\"}', '{\"code\":500,\"msg\":\"概念名称已存在，不可重复添加\"}', 0, NULL, '2025-10-17 01:01:14', 378);
INSERT INTO `system_oper_log` VALUES (527, '概念配置', 1, 'com.insmess.knowledge.module.ext.controller.admin.extSchema.ExtSchemaController.add()', 'POST', 1, 'insmess', '研发部门', '/ext/schema', '127.0.0.1', '内网IP', '{\"color\":\"rgba(255, 69, 0, 1)\",\"createBy\":\"星小图\",\"createTime\":\"2025-10-17 09:03:08\",\"creatorId\":1,\"description\":\"国家\",\"knowledgeId\":4,\"name\":\"国家\",\"params\":{},\"updateBy\":\"\",\"workspaceId\":1001}', '{\"code\":200,\"msg\":\"操作成功\"}', 0, NULL, '2025-10-17 01:03:06', 1121);
INSERT INTO `system_oper_log` VALUES (528, '概念配置', 1, 'com.insmess.knowledge.module.ext.controller.admin.extSchema.ExtSchemaController.add()', 'POST', 1, 'insmess', '研发部门', '/ext/schema', '127.0.0.1', '内网IP', '{\"color\":\"rgba(255, 140, 0, 1)\",\"createBy\":\"星小图\",\"createTime\":\"2025-10-17 09:06:22\",\"creatorId\":1,\"description\":\"事件\",\"knowledgeId\":4,\"name\":\"事件\",\"params\":{},\"updateBy\":\"\",\"workspaceId\":1001}', '{\"code\":200,\"msg\":\"操作成功\"}', 0, NULL, '2025-10-17 01:06:20', 613);
INSERT INTO `system_oper_log` VALUES (529, '概念配置', 1, 'com.insmess.knowledge.module.ext.controller.admin.extSchema.ExtSchemaController.add()', 'POST', 1, 'insmess', '研发部门', '/ext/schema', '127.0.0.1', '内网IP', '{\"color\":\"rgba(255, 215, 0, 1)\",\"createBy\":\"星小图\",\"createTime\":\"2025-10-17 09:09:43\",\"creatorId\":1,\"description\":\"阵营\",\"knowledgeId\":4,\"name\":\"阵营\",\"params\":{},\"updateBy\":\"\",\"workspaceId\":1001}', '{\"code\":200,\"msg\":\"操作成功\"}', 0, NULL, '2025-10-17 01:09:42', 578);
INSERT INTO `system_oper_log` VALUES (530, '概念配置', 1, 'com.insmess.knowledge.module.ext.controller.admin.extSchema.ExtSchemaController.add()', 'POST', 1, 'insmess', '研发部门', '/ext/schema', '127.0.0.1', '内网IP', '{\"color\":\"rgba(255, 69, 0, 1)\",\"createBy\":\"星小图\",\"createTime\":\"2025-10-17 09:10:34\",\"creatorId\":1,\"description\":\"地点\",\"knowledgeId\":4,\"name\":\"地点\",\"params\":{},\"updateBy\":\"\",\"workspaceId\":1001}', '{\"code\":200,\"msg\":\"操作成功\"}', 0, NULL, '2025-10-17 01:10:32', 573);
INSERT INTO `system_oper_log` VALUES (531, '概念配置', 3, 'com.insmess.knowledge.module.ext.controller.admin.extSchema.ExtSchemaController.remove()', 'DELETE', 1, 'insmess', '研发部门', '/ext/schema/1760663448499', '127.0.0.1', '内网IP', '{}', '{\"code\":500,\"msg\":\"操作失败\"}', 0, NULL, '2025-10-17 01:10:50', 347);
INSERT INTO `system_oper_log` VALUES (532, '概念配置', 1, 'com.insmess.knowledge.module.ext.controller.admin.extSchema.ExtSchemaController.add()', 'POST', 1, 'insmess', '研发部门', '/ext/schema', '127.0.0.1', '内网IP', '{\"color\":\"rgba(144, 238, 144, 1)\",\"createBy\":\"星小图\",\"createTime\":\"2025-10-17 09:11:27\",\"creatorId\":1,\"description\":\"部队\",\"knowledgeId\":4,\"name\":\"部队\",\"params\":{},\"updateBy\":\"\",\"workspaceId\":1001}', '{\"code\":200,\"msg\":\"操作成功\"}', 0, NULL, '2025-10-17 01:11:25', 594);
INSERT INTO `system_oper_log` VALUES (533, '概念配置', 2, 'com.insmess.knowledge.module.ext.controller.admin.extSchema.ExtSchemaController.edit()', 'PUT', 1, 'insmess', '研发部门', '/ext/schema', '127.0.0.1', '内网IP', '{\"color\":\"rgba(144, 238, 144, 1)\",\"createBy\":\"星小图\",\"createTime\":\"2025-10-17 09:11:27\",\"creatorId\":1,\"description\":\"单位\",\"id\":53,\"knowledgeId\":4,\"name\":\"单位\",\"params\":{},\"pid\":0,\"updateBy\":\"星小图\",\"updateTime\":\"2025-10-17 09:11:52\",\"updaterId\":1,\"workspaceId\":1001}', '{\"code\":200,\"msg\":\"操作成功\"}', 0, NULL, '2025-10-17 01:11:51', 341);
INSERT INTO `system_oper_log` VALUES (534, '概念配置', 1, 'com.insmess.knowledge.module.ext.controller.admin.extSchema.ExtSchemaController.add()', 'POST', 1, 'insmess', '研发部门', '/ext/schema', '127.0.0.1', '内网IP', '{\"color\":\"rgba(0, 206, 209, 1)\",\"createBy\":\"星小图\",\"createTime\":\"2025-10-17 09:12:37\",\"creatorId\":1,\"description\":\"人物\",\"knowledgeId\":4,\"name\":\"人物\",\"params\":{},\"updateBy\":\"\",\"workspaceId\":1001}', '{\"code\":200,\"msg\":\"操作成功\"}', 0, NULL, '2025-10-17 01:12:36', 578);
INSERT INTO `system_oper_log` VALUES (535, '概念配置', 1, 'com.insmess.knowledge.module.ext.controller.admin.extSchema.ExtSchemaController.add()', 'POST', 1, 'insmess', '研发部门', '/ext/schema', '127.0.0.1', '内网IP', '{\"color\":\"rgba(30, 144, 255, 1)\",\"createBy\":\"星小图\",\"createTime\":\"2025-10-17 09:13:18\",\"creatorId\":1,\"description\":\"战略\",\"knowledgeId\":4,\"name\":\"战略\",\"params\":{},\"updateBy\":\"\",\"workspaceId\":1001}', '{\"code\":200,\"msg\":\"操作成功\"}', 0, NULL, '2025-10-17 01:13:17', 568);
INSERT INTO `system_oper_log` VALUES (536, '概念配置', 1, 'com.insmess.knowledge.module.ext.controller.admin.extSchema.ExtSchemaController.add()', 'POST', 1, 'insmess', '研发部门', '/ext/schema', '127.0.0.1', '内网IP', '{\"color\":\"rgba(199, 21, 133, 1)\",\"createBy\":\"星小图\",\"createTime\":\"2025-10-17 09:13:49\",\"creatorId\":1,\"description\":\"\",\"knowledgeId\":4,\"name\":\"条约\",\"params\":{},\"updateBy\":\"\",\"workspaceId\":1001}', '{\"code\":200,\"msg\":\"操作成功\"}', 0, NULL, '2025-10-17 01:13:48', 578);
INSERT INTO `system_oper_log` VALUES (537, '概念属性', 1, 'com.insmess.knowledge.module.ext.controller.admin.extSchemaAttribute.ExtSchemaAttributeController.add()', 'POST', 1, 'insmess', '研发部门', '/ext/attribute', '127.0.0.1', '内网IP', '{\"createBy\":\"星小图\",\"createTime\":\"2025-10-17 09:14:52\",\"creatorId\":1,\"dataType\":0,\"multipleFlag\":0,\"name\":\"国家名称\",\"nameCode\":\"name\",\"params\":{},\"requireFlag\":0,\"schemaId\":49,\"schemaName\":\"国家\",\"workspaceId\":1001}', '{\"code\":200,\"msg\":\"操作成功\"}', 0, NULL, '2025-10-17 01:14:51', 342);
INSERT INTO `system_oper_log` VALUES (538, '概念属性', 1, 'com.insmess.knowledge.module.ext.controller.admin.extSchemaAttribute.ExtSchemaAttributeController.add()', 'POST', 1, 'insmess', '研发部门', '/ext/attribute', '127.0.0.1', '内网IP', '{\"createBy\":\"星小图\",\"createTime\":\"2025-10-17 09:15:14\",\"creatorId\":1,\"dataType\":0,\"multipleFlag\":0,\"name\":\"首都\",\"nameCode\":\"capital\",\"params\":{},\"requireFlag\":0,\"schemaId\":49,\"schemaName\":\"国家\",\"workspaceId\":1001}', '{\"code\":200,\"msg\":\"操作成功\"}', 0, NULL, '2025-10-17 01:15:13', 293);
INSERT INTO `system_oper_log` VALUES (539, '概念属性', 2, 'com.insmess.knowledge.module.ext.controller.admin.extSchemaAttribute.ExtSchemaAttributeController.edit()', 'PUT', 1, 'insmess', '研发部门', '/ext/attribute', '127.0.0.1', '内网IP', '{\"createBy\":\"星小图\",\"createTime\":\"2025-10-17 09:14:53\",\"creatorId\":1,\"dataType\":0,\"id\":27,\"multipleFlag\":0,\"name\":\"国家名称\",\"nameCode\":\"name\",\"params\":{},\"requireFlag\":1,\"schemaId\":49,\"schemaName\":\"国家\",\"updateBy\":\"星小图\",\"updateTime\":\"2025-10-17 09:15:19\",\"updaterId\":1,\"workspaceId\":1001}', '{\"code\":200,\"msg\":\"操作成功\"}', 0, NULL, '2025-10-17 01:15:17', 463);
INSERT INTO `system_oper_log` VALUES (540, '概念属性', 1, 'com.insmess.knowledge.module.ext.controller.admin.extSchemaAttribute.ExtSchemaAttributeController.add()', 'POST', 1, 'insmess', '研发部门', '/ext/attribute', '127.0.0.1', '内网IP', '{\"createBy\":\"星小图\",\"createTime\":\"2025-10-17 09:15:34\",\"creatorId\":1,\"dataType\":0,\"multipleFlag\":0,\"name\":\"领导人\",\"nameCode\":\"leader_name\",\"params\":{},\"requireFlag\":0,\"schemaId\":49,\"schemaName\":\"国家\",\"workspaceId\":1001}', '{\"code\":200,\"msg\":\"操作成功\"}', 0, NULL, '2025-10-17 01:15:32', 308);
INSERT INTO `system_oper_log` VALUES (541, '概念属性', 1, 'com.insmess.knowledge.module.ext.controller.admin.extSchemaAttribute.ExtSchemaAttributeController.add()', 'POST', 1, 'insmess', '研发部门', '/ext/attribute', '127.0.0.1', '内网IP', '{\"createBy\":\"星小图\",\"createTime\":\"2025-10-17 09:16:02\",\"creatorId\":1,\"dataType\":1,\"multipleFlag\":0,\"name\":\"人口\",\"nameCode\":\"population_1940\",\"params\":{},\"requireFlag\":0,\"schemaId\":49,\"schemaName\":\"国家\",\"workspaceId\":1001}', '{\"code\":200,\"msg\":\"操作成功\"}', 0, NULL, '2025-10-17 01:16:00', 298);
INSERT INTO `system_oper_log` VALUES (542, '概念属性', 1, 'com.insmess.knowledge.module.ext.controller.admin.extSchemaAttribute.ExtSchemaAttributeController.add()', 'POST', 1, 'insmess', '研发部门', '/ext/attribute', '127.0.0.1', '内网IP', '{\"createBy\":\"星小图\",\"createTime\":\"2025-10-17 09:16:29\",\"creatorId\":1,\"dataType\":1,\"multipleFlag\":0,\"name\":\"面积（km²）\",\"nameCode\":\"area_km2\",\"params\":{},\"requireFlag\":0,\"schemaId\":49,\"schemaName\":\"国家\",\"workspaceId\":1001}', '{\"code\":200,\"msg\":\"操作成功\"}', 0, NULL, '2025-10-17 01:16:28', 313);
INSERT INTO `system_oper_log` VALUES (543, '概念属性', 1, 'com.insmess.knowledge.module.ext.controller.admin.extSchemaAttribute.ExtSchemaAttributeController.add()', 'POST', 1, 'insmess', '研发部门', '/ext/attribute', '127.0.0.1', '内网IP', '{\"createBy\":\"星小图\",\"createTime\":\"2025-10-17 09:16:44\",\"creatorId\":1,\"dataType\":0,\"multipleFlag\":0,\"name\":\"政体\",\"nameCode\":\"government_type\",\"params\":{},\"requireFlag\":0,\"schemaId\":49,\"schemaName\":\"国家\",\"workspaceId\":1001}', '{\"code\":200,\"msg\":\"操作成功\"}', 0, NULL, '2025-10-17 01:16:43', 325);
INSERT INTO `system_oper_log` VALUES (544, '概念属性', 1, 'com.insmess.knowledge.module.ext.controller.admin.extSchemaAttribute.ExtSchemaAttributeController.add()', 'POST', 1, 'insmess', '研发部门', '/ext/attribute', '127.0.0.1', '内网IP', '{\"createBy\":\"星小图\",\"createTime\":\"2025-10-17 09:17:03\",\"creatorId\":1,\"dataType\":0,\"multipleFlag\":0,\"name\":\"洲别\",\"nameCode\":\"continent\",\"params\":{},\"requireFlag\":0,\"schemaId\":49,\"schemaName\":\"国家\",\"workspaceId\":1001}', '{\"code\":200,\"msg\":\"操作成功\"}', 0, NULL, '2025-10-17 01:17:01', 318);
INSERT INTO `system_oper_log` VALUES (545, '概念属性', 1, 'com.insmess.knowledge.module.ext.controller.admin.extSchemaAttribute.ExtSchemaAttributeController.add()', 'POST', 1, 'insmess', '研发部门', '/ext/attribute', '127.0.0.1', '内网IP', '{\"createBy\":\"星小图\",\"createTime\":\"2025-10-17 09:17:33\",\"creatorId\":1,\"dataType\":0,\"multipleFlag\":0,\"name\":\"备注\",\"nameCode\":\"notes\",\"params\":{},\"requireFlag\":0,\"schemaId\":49,\"schemaName\":\"国家\",\"workspaceId\":1001}', '{\"code\":200,\"msg\":\"操作成功\"}', 0, NULL, '2025-10-17 01:17:31', 319);
INSERT INTO `system_oper_log` VALUES (546, '概念属性', 1, 'com.insmess.knowledge.module.ext.controller.admin.extSchemaAttribute.ExtSchemaAttributeController.add()', 'POST', 1, 'insmess', '研发部门', '/ext/attribute', '127.0.0.1', '内网IP', '{\"createBy\":\"星小图\",\"createTime\":\"2025-10-17 09:18:15\",\"creatorId\":1,\"dataType\":0,\"multipleFlag\":0,\"name\":\"事件名称\",\"nameCode\":\"name\",\"params\":{},\"requireFlag\":1,\"schemaId\":50,\"schemaName\":\"事件\",\"workspaceId\":1001}', '{\"code\":200,\"msg\":\"操作成功\"}', 0, NULL, '2025-10-17 01:18:14', 294);
INSERT INTO `system_oper_log` VALUES (547, '概念属性', 1, 'com.insmess.knowledge.module.ext.controller.admin.extSchemaAttribute.ExtSchemaAttributeController.add()', 'POST', 1, 'insmess', '研发部门', '/ext/attribute', '127.0.0.1', '内网IP', '{\"createBy\":\"星小图\",\"createTime\":\"2025-10-17 09:18:35\",\"creatorId\":1,\"dataType\":0,\"multipleFlag\":0,\"name\":\"类型\",\"nameCode\":\"event_type\",\"params\":{},\"requireFlag\":0,\"schemaId\":50,\"schemaName\":\"事件\",\"workspaceId\":1001}', '{\"code\":200,\"msg\":\"操作成功\"}', 0, NULL, '2025-10-17 01:18:33', 318);
INSERT INTO `system_oper_log` VALUES (548, '概念属性', 1, 'com.insmess.knowledge.module.ext.controller.admin.extSchemaAttribute.ExtSchemaAttributeController.add()', 'POST', 1, 'insmess', '研发部门', '/ext/attribute', '127.0.0.1', '内网IP', '{\"createBy\":\"星小图\",\"createTime\":\"2025-10-17 09:19:18\",\"creatorId\":1,\"dataType\":3,\"multipleFlag\":0,\"name\":\"开始时间\",\"nameCode\":\"start_datetime\",\"params\":{},\"requireFlag\":0,\"schemaId\":50,\"schemaName\":\"事件\",\"workspaceId\":1001}', '{\"code\":200,\"msg\":\"操作成功\"}', 0, NULL, '2025-10-17 01:19:16', 319);
INSERT INTO `system_oper_log` VALUES (549, '概念属性', 1, 'com.insmess.knowledge.module.ext.controller.admin.extSchemaAttribute.ExtSchemaAttributeController.add()', 'POST', 1, 'insmess', '研发部门', '/ext/attribute', '127.0.0.1', '内网IP', '{\"createBy\":\"星小图\",\"createTime\":\"2025-10-17 09:19:29\",\"creatorId\":1,\"dataType\":3,\"multipleFlag\":0,\"name\":\"结束时间\",\"nameCode\":\"end_datetime\",\"params\":{},\"requireFlag\":0,\"schemaId\":50,\"schemaName\":\"事件\",\"workspaceId\":1001}', '{\"code\":200,\"msg\":\"操作成功\"}', 0, NULL, '2025-10-17 01:19:28', 309);
INSERT INTO `system_oper_log` VALUES (550, '概念属性', 1, 'com.insmess.knowledge.module.ext.controller.admin.extSchemaAttribute.ExtSchemaAttributeController.add()', 'POST', 1, 'insmess', '研发部门', '/ext/attribute', '127.0.0.1', '内网IP', '{\"createBy\":\"星小图\",\"createTime\":\"2025-10-17 09:20:18\",\"creatorId\":1,\"dataType\":0,\"multipleFlag\":0,\"name\":\"结果归属\",\"nameCode\":\"outcome\",\"params\":{},\"requireFlag\":0,\"schemaId\":50,\"schemaName\":\"事件\",\"workspaceId\":1001}', '{\"code\":200,\"msg\":\"操作成功\"}', 0, NULL, '2025-10-17 01:20:16', 323);
INSERT INTO `system_oper_log` VALUES (551, '概念属性', 1, 'com.insmess.knowledge.module.ext.controller.admin.extSchemaAttribute.ExtSchemaAttributeController.add()', 'POST', 1, 'insmess', '研发部门', '/ext/attribute', '127.0.0.1', '内网IP', '{\"createBy\":\"星小图\",\"createTime\":\"2025-10-17 09:20:42\",\"creatorId\":1,\"dataType\":1,\"multipleFlag\":0,\"name\":\"伤亡估计\",\"nameCode\":\"casualties_estimate\",\"params\":{},\"requireFlag\":0,\"schemaId\":50,\"schemaName\":\"事件\",\"workspaceId\":1001}', '{\"code\":200,\"msg\":\"操作成功\"}', 0, NULL, '2025-10-17 01:20:40', 298);
INSERT INTO `system_oper_log` VALUES (552, '概念属性', 1, 'com.insmess.knowledge.module.ext.controller.admin.extSchemaAttribute.ExtSchemaAttributeController.add()', 'POST', 1, 'insmess', '研发部门', '/ext/attribute', '127.0.0.1', '内网IP', '{\"createBy\":\"星小图\",\"createTime\":\"2025-10-17 09:21:03\",\"creatorId\":1,\"dataType\":0,\"multipleFlag\":0,\"name\":\"摘要\",\"nameCode\":\"summary\",\"params\":{},\"requireFlag\":0,\"schemaId\":50,\"schemaName\":\"事件\",\"workspaceId\":1001}', '{\"code\":200,\"msg\":\"操作成功\"}', 0, NULL, '2025-10-17 01:21:01', 319);
INSERT INTO `system_oper_log` VALUES (553, '概念属性', 1, 'com.insmess.knowledge.module.ext.controller.admin.extSchemaAttribute.ExtSchemaAttributeController.add()', 'POST', 1, 'insmess', '研发部门', '/ext/attribute', '127.0.0.1', '内网IP', '{\"createBy\":\"星小图\",\"createTime\":\"2025-10-17 09:22:25\",\"creatorId\":1,\"dataType\":0,\"multipleFlag\":0,\"name\":\"阵营名称\",\"nameCode\":\"name\",\"params\":{},\"requireFlag\":1,\"schemaId\":51,\"schemaName\":\"阵营\",\"workspaceId\":1001}', '{\"code\":200,\"msg\":\"操作成功\"}', 0, NULL, '2025-10-17 01:22:23', 319);
INSERT INTO `system_oper_log` VALUES (554, '概念属性', 1, 'com.insmess.knowledge.module.ext.controller.admin.extSchemaAttribute.ExtSchemaAttributeController.add()', 'POST', 1, 'insmess', '研发部门', '/ext/attribute', '127.0.0.1', '内网IP', '{\"createBy\":\"星小图\",\"createTime\":\"2025-10-17 09:22:40\",\"creatorId\":1,\"dataType\":0,\"multipleFlag\":0,\"name\":\"类型\",\"nameCode\":\"type\",\"params\":{},\"requireFlag\":0,\"schemaId\":51,\"schemaName\":\"阵营\",\"workspaceId\":1001}', '{\"code\":200,\"msg\":\"操作成功\"}', 0, NULL, '2025-10-17 01:22:39', 293);
INSERT INTO `system_oper_log` VALUES (555, '概念属性', 1, 'com.insmess.knowledge.module.ext.controller.admin.extSchemaAttribute.ExtSchemaAttributeController.add()', 'POST', 1, 'insmess', '研发部门', '/ext/attribute', '127.0.0.1', '内网IP', '{\"createBy\":\"星小图\",\"createTime\":\"2025-10-17 09:23:00\",\"creatorId\":1,\"dataType\":0,\"multipleFlag\":0,\"name\":\"领导人\",\"nameCode\":\"leader_name\",\"params\":{},\"requireFlag\":0,\"schemaId\":51,\"schemaName\":\"阵营\",\"workspaceId\":1001}', '{\"code\":200,\"msg\":\"操作成功\"}', 0, NULL, '2025-10-17 01:22:58', 292);
INSERT INTO `system_oper_log` VALUES (556, '概念属性', 1, 'com.insmess.knowledge.module.ext.controller.admin.extSchemaAttribute.ExtSchemaAttributeController.add()', 'POST', 1, 'insmess', '研发部门', '/ext/attribute', '127.0.0.1', '内网IP', '{\"createBy\":\"星小图\",\"createTime\":\"2025-10-17 09:23:19\",\"creatorId\":1,\"dataType\":0,\"multipleFlag\":0,\"name\":\"意识形态\",\"nameCode\":\"ideology\",\"params\":{},\"requireFlag\":0,\"schemaId\":51,\"schemaName\":\"阵营\",\"workspaceId\":1001}', '{\"code\":200,\"msg\":\"操作成功\"}', 0, NULL, '2025-10-17 01:23:17', 314);
INSERT INTO `system_oper_log` VALUES (557, '概念属性', 1, 'com.insmess.knowledge.module.ext.controller.admin.extSchemaAttribute.ExtSchemaAttributeController.add()', 'POST', 1, 'insmess', '研发部门', '/ext/attribute', '127.0.0.1', '内网IP', '{\"createBy\":\"星小图\",\"createTime\":\"2025-10-17 09:23:40\",\"creatorId\":1,\"dataType\":0,\"multipleFlag\":0,\"name\":\"总部\",\"nameCode\":\"headquarters\",\"params\":{},\"requireFlag\":0,\"schemaId\":51,\"schemaName\":\"阵营\",\"workspaceId\":1001}', '{\"code\":200,\"msg\":\"操作成功\"}', 0, NULL, '2025-10-17 01:23:39', 294);
INSERT INTO `system_oper_log` VALUES (558, '概念属性', 1, 'com.insmess.knowledge.module.ext.controller.admin.extSchemaAttribute.ExtSchemaAttributeController.add()', 'POST', 1, 'insmess', '研发部门', '/ext/attribute', '127.0.0.1', '内网IP', '{\"createBy\":\"星小图\",\"createTime\":\"2025-10-17 09:23:53\",\"creatorId\":1,\"dataType\":0,\"multipleFlag\":0,\"name\":\"标志\",\"nameCode\":\"symbol\",\"params\":{},\"requireFlag\":0,\"schemaId\":51,\"schemaName\":\"阵营\",\"workspaceId\":1001}', '{\"code\":200,\"msg\":\"操作成功\"}', 0, NULL, '2025-10-17 01:23:51', 307);
INSERT INTO `system_oper_log` VALUES (559, '概念属性', 1, 'com.insmess.knowledge.module.ext.controller.admin.extSchemaAttribute.ExtSchemaAttributeController.add()', 'POST', 1, 'insmess', '研发部门', '/ext/attribute', '127.0.0.1', '内网IP', '{\"createBy\":\"星小图\",\"createTime\":\"2025-10-17 09:24:06\",\"creatorId\":1,\"dataType\":1,\"multipleFlag\":0,\"name\":\"成员数量\",\"nameCode\":\"member_count\",\"params\":{},\"requireFlag\":0,\"schemaId\":51,\"schemaName\":\"阵营\",\"workspaceId\":1001}', '{\"code\":200,\"msg\":\"操作成功\"}', 0, NULL, '2025-10-17 01:24:05', 324);
INSERT INTO `system_oper_log` VALUES (560, '概念属性', 1, 'com.insmess.knowledge.module.ext.controller.admin.extSchemaAttribute.ExtSchemaAttributeController.add()', 'POST', 1, 'insmess', '研发部门', '/ext/attribute', '127.0.0.1', '内网IP', '{\"createBy\":\"星小图\",\"createTime\":\"2025-10-17 09:24:20\",\"creatorId\":1,\"dataType\":1,\"multipleFlag\":0,\"name\":\"描述\",\"nameCode\":\"description\",\"params\":{},\"requireFlag\":0,\"schemaId\":51,\"schemaName\":\"阵营\",\"workspaceId\":1001}', '{\"code\":200,\"msg\":\"操作成功\"}', 0, NULL, '2025-10-17 01:24:19', 318);
INSERT INTO `system_oper_log` VALUES (561, '概念属性', 1, 'com.insmess.knowledge.module.ext.controller.admin.extSchemaAttribute.ExtSchemaAttributeController.add()', 'POST', 1, 'insmess', '研发部门', '/ext/attribute', '127.0.0.1', '内网IP', '{\"createBy\":\"星小图\",\"createTime\":\"2025-10-17 09:25:02\",\"creatorId\":1,\"dataType\":0,\"multipleFlag\":0,\"name\":\"地点名称\",\"nameCode\":\"name\",\"params\":{},\"requireFlag\":1,\"schemaId\":52,\"schemaName\":\"地点\",\"workspaceId\":1001}', '{\"code\":200,\"msg\":\"操作成功\"}', 0, NULL, '2025-10-17 01:25:00', 295);
INSERT INTO `system_oper_log` VALUES (562, '概念属性', 1, 'com.insmess.knowledge.module.ext.controller.admin.extSchemaAttribute.ExtSchemaAttributeController.add()', 'POST', 1, 'insmess', '研发部门', '/ext/attribute', '127.0.0.1', '内网IP', '{\"createBy\":\"星小图\",\"createTime\":\"2025-10-17 09:25:17\",\"creatorId\":1,\"dataType\":2,\"multipleFlag\":0,\"name\":\"经度\",\"nameCode\":\"latitude\",\"params\":{},\"requireFlag\":0,\"schemaId\":52,\"schemaName\":\"地点\",\"workspaceId\":1001}', '{\"code\":200,\"msg\":\"操作成功\"}', 0, NULL, '2025-10-17 01:25:15', 323);
INSERT INTO `system_oper_log` VALUES (563, '概念属性', 1, 'com.insmess.knowledge.module.ext.controller.admin.extSchemaAttribute.ExtSchemaAttributeController.add()', 'POST', 1, 'insmess', '研发部门', '/ext/attribute', '127.0.0.1', '内网IP', '{\"createBy\":\"星小图\",\"createTime\":\"2025-10-17 09:25:28\",\"creatorId\":1,\"dataType\":2,\"multipleFlag\":0,\"name\":\"维度\",\"nameCode\":\"longitude\",\"params\":{},\"requireFlag\":0,\"schemaId\":52,\"schemaName\":\"地点\",\"workspaceId\":1001}', '{\"code\":200,\"msg\":\"操作成功\"}', 0, NULL, '2025-10-17 01:25:26', 295);
INSERT INTO `system_oper_log` VALUES (564, '概念属性', 1, 'com.insmess.knowledge.module.ext.controller.admin.extSchemaAttribute.ExtSchemaAttributeController.add()', 'POST', 1, 'insmess', '研发部门', '/ext/attribute', '127.0.0.1', '内网IP', '{\"createBy\":\"星小图\",\"createTime\":\"2025-10-17 09:25:44\",\"creatorId\":1,\"dataType\":0,\"multipleFlag\":0,\"name\":\"地形类型\",\"nameCode\":\"terrain_type\",\"params\":{},\"requireFlag\":0,\"schemaId\":52,\"schemaName\":\"地点\",\"workspaceId\":1001}', '{\"code\":200,\"msg\":\"操作成功\"}', 0, NULL, '2025-10-17 01:25:42', 318);
INSERT INTO `system_oper_log` VALUES (565, '概念属性', 1, 'com.insmess.knowledge.module.ext.controller.admin.extSchemaAttribute.ExtSchemaAttributeController.add()', 'POST', 1, 'insmess', '研发部门', '/ext/attribute', '127.0.0.1', '内网IP', '{\"createBy\":\"星小图\",\"createTime\":\"2025-10-17 09:26:19\",\"creatorId\":1,\"dataType\":2,\"multipleFlag\":0,\"name\":\"地形类型\",\"nameCode\":\"importance_level\",\"params\":{},\"requireFlag\":0,\"schemaId\":52,\"schemaName\":\"地点\",\"workspaceId\":1001}', '{\"code\":200,\"msg\":\"操作成功\"}', 0, NULL, '2025-10-17 01:26:17', 313);
INSERT INTO `system_oper_log` VALUES (566, '概念属性', 2, 'com.insmess.knowledge.module.ext.controller.admin.extSchemaAttribute.ExtSchemaAttributeController.edit()', 'PUT', 1, 'insmess', '研发部门', '/ext/attribute', '127.0.0.1', '内网IP', '{\"createBy\":\"星小图\",\"createTime\":\"2025-10-17 09:26:20\",\"creatorId\":1,\"dataType\":2,\"id\":54,\"multipleFlag\":0,\"name\":\"重要程度\",\"nameCode\":\"importance_level\",\"params\":{},\"requireFlag\":0,\"schemaId\":52,\"schemaName\":\"地点\",\"updateBy\":\"星小图\",\"updateTime\":\"2025-10-17 09:26:33\",\"updaterId\":1,\"workspaceId\":1001}', '{\"code\":200,\"msg\":\"操作成功\"}', 0, NULL, '2025-10-17 01:26:32', 453);
INSERT INTO `system_oper_log` VALUES (567, '概念属性', 1, 'com.insmess.knowledge.module.ext.controller.admin.extSchemaAttribute.ExtSchemaAttributeController.add()', 'POST', 1, 'insmess', '研发部门', '/ext/attribute', '127.0.0.1', '内网IP', '{\"createBy\":\"星小图\",\"createTime\":\"2025-10-17 09:28:04\",\"creatorId\":1,\"dataType\":0,\"multipleFlag\":0,\"name\":\"备注\",\"nameCode\":\"notes\",\"params\":{},\"requireFlag\":0,\"schemaId\":52,\"schemaName\":\"地点\",\"workspaceId\":1001}', '{\"code\":200,\"msg\":\"操作成功\"}', 0, NULL, '2025-10-17 01:28:02', 350);
INSERT INTO `system_oper_log` VALUES (568, '概念属性', 1, 'com.insmess.knowledge.module.ext.controller.admin.extSchemaAttribute.ExtSchemaAttributeController.add()', 'POST', 1, 'insmess', '研发部门', '/ext/attribute', '127.0.0.1', '内网IP', '{\"createBy\":\"星小图\",\"createTime\":\"2025-10-17 09:28:39\",\"creatorId\":1,\"dataType\":0,\"multipleFlag\":0,\"name\":\"部队名称\",\"nameCode\":\"name\",\"params\":{},\"requireFlag\":1,\"schemaId\":53,\"schemaName\":\"单位\",\"workspaceId\":1001}', '{\"code\":200,\"msg\":\"操作成功\"}', 0, NULL, '2025-10-17 01:28:38', 318);
INSERT INTO `system_oper_log` VALUES (569, '概念属性', 1, 'com.insmess.knowledge.module.ext.controller.admin.extSchemaAttribute.ExtSchemaAttributeController.add()', 'POST', 1, 'insmess', '研发部门', '/ext/attribute', '127.0.0.1', '内网IP', '{\"createBy\":\"星小图\",\"createTime\":\"2025-10-17 09:28:55\",\"creatorId\":1,\"dataType\":0,\"multipleFlag\":0,\"name\":\"军中\",\"nameCode\":\"branch\",\"params\":{},\"requireFlag\":0,\"schemaId\":53,\"schemaName\":\"单位\",\"workspaceId\":1001}', '{\"code\":200,\"msg\":\"操作成功\"}', 0, NULL, '2025-10-17 01:28:53', 307);
INSERT INTO `system_oper_log` VALUES (570, '概念属性', 1, 'com.insmess.knowledge.module.ext.controller.admin.extSchemaAttribute.ExtSchemaAttributeController.add()', 'POST', 1, 'insmess', '研发部门', '/ext/attribute', '127.0.0.1', '内网IP', '{\"createBy\":\"星小图\",\"createTime\":\"2025-10-17 09:29:14\",\"creatorId\":1,\"dataType\":1,\"multipleFlag\":0,\"name\":\"strength\",\"nameCode\":\"兵力\",\"params\":{},\"requireFlag\":0,\"schemaId\":53,\"schemaName\":\"单位\",\"workspaceId\":1001}', '{\"code\":200,\"msg\":\"操作成功\"}', 0, NULL, '2025-10-17 01:29:13', 340);
INSERT INTO `system_oper_log` VALUES (571, '概念属性', 2, 'com.insmess.knowledge.module.ext.controller.admin.extSchemaAttribute.ExtSchemaAttributeController.edit()', 'PUT', 1, 'insmess', '研发部门', '/ext/attribute', '127.0.0.1', '内网IP', '{\"createBy\":\"星小图\",\"createTime\":\"2025-10-17 09:29:15\",\"creatorId\":1,\"dataType\":1,\"id\":58,\"multipleFlag\":0,\"name\":\"兵力\",\"nameCode\":\"strength\",\"params\":{},\"requireFlag\":0,\"schemaId\":53,\"schemaName\":\"单位\",\"updateBy\":\"星小图\",\"updateTime\":\"2025-10-17 09:29:24\",\"updaterId\":1,\"workspaceId\":1001}', '{\"code\":200,\"msg\":\"操作成功\"}', 0, NULL, '2025-10-17 01:29:22', 463);
INSERT INTO `system_oper_log` VALUES (572, '概念属性', 1, 'com.insmess.knowledge.module.ext.controller.admin.extSchemaAttribute.ExtSchemaAttributeController.add()', 'POST', 1, 'insmess', '研发部门', '/ext/attribute', '127.0.0.1', '内网IP', '{\"createBy\":\"星小图\",\"createTime\":\"2025-10-17 09:29:44\",\"creatorId\":1,\"dataType\":0,\"multipleFlag\":0,\"name\":\"装备\",\"nameCode\":\"equipment_type\",\"params\":{},\"requireFlag\":0,\"schemaId\":53,\"schemaName\":\"单位\",\"workspaceId\":1001}', '{\"code\":200,\"msg\":\"操作成功\"}', 0, NULL, '2025-10-17 01:29:42', 292);
INSERT INTO `system_oper_log` VALUES (573, '概念属性', 1, 'com.insmess.knowledge.module.ext.controller.admin.extSchemaAttribute.ExtSchemaAttributeController.add()', 'POST', 1, 'insmess', '研发部门', '/ext/attribute', '127.0.0.1', '内网IP', '{\"createBy\":\"星小图\",\"createTime\":\"2025-10-17 09:29:59\",\"creatorId\":1,\"dataType\":0,\"multipleFlag\":0,\"name\":\"描述\",\"nameCode\":\"description\",\"params\":{},\"requireFlag\":0,\"schemaId\":53,\"schemaName\":\"单位\",\"workspaceId\":1001}', '{\"code\":200,\"msg\":\"操作成功\"}', 0, NULL, '2025-10-17 01:29:57', 313);
INSERT INTO `system_oper_log` VALUES (574, '概念属性', 1, 'com.insmess.knowledge.module.ext.controller.admin.extSchemaAttribute.ExtSchemaAttributeController.add()', 'POST', 1, 'insmess', '研发部门', '/ext/attribute', '127.0.0.1', '内网IP', '{\"createBy\":\"星小图\",\"createTime\":\"2025-10-17 09:30:30\",\"creatorId\":1,\"dataType\":0,\"multipleFlag\":0,\"name\":\"姓名\",\"nameCode\":\"full_name\",\"params\":{},\"requireFlag\":1,\"schemaId\":54,\"schemaName\":\"人物\",\"workspaceId\":1001}', '{\"code\":200,\"msg\":\"操作成功\"}', 0, NULL, '2025-10-17 01:30:28', 309);
INSERT INTO `system_oper_log` VALUES (575, '概念属性', 1, 'com.insmess.knowledge.module.ext.controller.admin.extSchemaAttribute.ExtSchemaAttributeController.add()', 'POST', 1, 'insmess', '研发部门', '/ext/attribute', '127.0.0.1', '内网IP', '{\"createBy\":\"星小图\",\"createTime\":\"2025-10-17 09:30:45\",\"creatorId\":1,\"dataType\":0,\"multipleFlag\":0,\"name\":\"性别\",\"nameCode\":\"gender\",\"params\":{},\"requireFlag\":0,\"schemaId\":54,\"schemaName\":\"人物\",\"workspaceId\":1001}', '{\"code\":200,\"msg\":\"操作成功\"}', 0, NULL, '2025-10-17 01:30:44', 309);
INSERT INTO `system_oper_log` VALUES (576, '概念属性', 1, 'com.insmess.knowledge.module.ext.controller.admin.extSchemaAttribute.ExtSchemaAttributeController.add()', 'POST', 1, 'insmess', '研发部门', '/ext/attribute', '127.0.0.1', '内网IP', '{\"createBy\":\"星小图\",\"createTime\":\"2025-10-17 09:31:16\",\"creatorId\":1,\"dataType\":3,\"multipleFlag\":0,\"name\":\"出生日期\",\"nameCode\":\"birth_date\",\"params\":{},\"requireFlag\":0,\"schemaId\":54,\"schemaName\":\"人物\",\"workspaceId\":1001}', '{\"code\":200,\"msg\":\"操作成功\"}', 0, NULL, '2025-10-17 01:31:15', 295);
INSERT INTO `system_oper_log` VALUES (577, '概念属性', 1, 'com.insmess.knowledge.module.ext.controller.admin.extSchemaAttribute.ExtSchemaAttributeController.add()', 'POST', 1, 'insmess', '研发部门', '/ext/attribute', '127.0.0.1', '内网IP', '{\"createBy\":\"星小图\",\"createTime\":\"2025-10-17 09:31:29\",\"creatorId\":1,\"dataType\":3,\"multipleFlag\":0,\"name\":\"死亡日期\",\"nameCode\":\"death_date\",\"params\":{},\"requireFlag\":0,\"schemaId\":54,\"schemaName\":\"人物\",\"workspaceId\":1001}', '{\"code\":200,\"msg\":\"操作成功\"}', 0, NULL, '2025-10-17 01:31:27', 294);
INSERT INTO `system_oper_log` VALUES (578, '概念属性', 1, 'com.insmess.knowledge.module.ext.controller.admin.extSchemaAttribute.ExtSchemaAttributeController.add()', 'POST', 1, 'insmess', '研发部门', '/ext/attribute', '127.0.0.1', '内网IP', '{\"createBy\":\"星小图\",\"createTime\":\"2025-10-17 09:31:44\",\"creatorId\":1,\"dataType\":0,\"multipleFlag\":0,\"name\":\"出生地\",\"nameCode\":\"birth_place\",\"params\":{},\"requireFlag\":0,\"schemaId\":54,\"schemaName\":\"人物\",\"workspaceId\":1001}', '{\"code\":200,\"msg\":\"操作成功\"}', 0, NULL, '2025-10-17 01:31:42', 319);
INSERT INTO `system_oper_log` VALUES (579, '概念属性', 1, 'com.insmess.knowledge.module.ext.controller.admin.extSchemaAttribute.ExtSchemaAttributeController.add()', 'POST', 1, 'insmess', '研发部门', '/ext/attribute', '127.0.0.1', '内网IP', '{\"createBy\":\"星小图\",\"createTime\":\"2025-10-17 09:32:04\",\"creatorId\":1,\"dataType\":0,\"multipleFlag\":0,\"name\":\"军衔职务\",\"nameCode\":\"rank_title\",\"params\":{},\"requireFlag\":0,\"schemaId\":54,\"schemaName\":\"人物\",\"workspaceId\":1001}', '{\"code\":200,\"msg\":\"操作成功\"}', 0, NULL, '2025-10-17 01:32:02', 361);
INSERT INTO `system_oper_log` VALUES (580, '概念属性', 1, 'com.insmess.knowledge.module.ext.controller.admin.extSchemaAttribute.ExtSchemaAttributeController.add()', 'POST', 1, 'insmess', '研发部门', '/ext/attribute', '127.0.0.1', '内网IP', '{\"createBy\":\"星小图\",\"createTime\":\"2025-10-17 09:32:15\",\"creatorId\":1,\"dataType\":0,\"multipleFlag\":0,\"name\":\"简介\",\"nameCode\":\"bio\",\"params\":{},\"requireFlag\":0,\"schemaId\":54,\"schemaName\":\"人物\",\"workspaceId\":1001}', '{\"code\":200,\"msg\":\"操作成功\"}', 0, NULL, '2025-10-17 01:32:13', 320);
INSERT INTO `system_oper_log` VALUES (581, '概念属性', 1, 'com.insmess.knowledge.module.ext.controller.admin.extSchemaAttribute.ExtSchemaAttributeController.add()', 'POST', 1, 'insmess', '研发部门', '/ext/attribute', '127.0.0.1', '内网IP', '{\"createBy\":\"星小图\",\"createTime\":\"2025-10-17 09:32:42\",\"creatorId\":1,\"dataType\":0,\"multipleFlag\":0,\"name\":\"战略名称\",\"nameCode\":\"name\",\"params\":{},\"requireFlag\":1,\"schemaId\":55,\"schemaName\":\"战略\",\"workspaceId\":1001}', '{\"code\":200,\"msg\":\"操作成功\"}', 0, NULL, '2025-10-17 01:32:40', 363);
INSERT INTO `system_oper_log` VALUES (582, '概念属性', 1, 'com.insmess.knowledge.module.ext.controller.admin.extSchemaAttribute.ExtSchemaAttributeController.add()', 'POST', 1, 'insmess', '研发部门', '/ext/attribute', '127.0.0.1', '内网IP', '{\"createBy\":\"星小图\",\"createTime\":\"2025-10-17 09:33:13\",\"creatorId\":1,\"dataType\":0,\"multipleFlag\":0,\"name\":\"战略目标\",\"nameCode\":\"goal\",\"params\":{},\"requireFlag\":0,\"schemaId\":55,\"schemaName\":\"战略\",\"workspaceId\":1001}', '{\"code\":200,\"msg\":\"操作成功\"}', 0, NULL, '2025-10-17 01:33:11', 287);
INSERT INTO `system_oper_log` VALUES (583, '概念属性', 1, 'com.insmess.knowledge.module.ext.controller.admin.extSchemaAttribute.ExtSchemaAttributeController.add()', 'POST', 1, 'insmess', '研发部门', '/ext/attribute', '127.0.0.1', '内网IP', '{\"createBy\":\"星小图\",\"createTime\":\"2025-10-17 09:33:31\",\"creatorId\":1,\"dataType\":2,\"multipleFlag\":0,\"name\":\"成功率\",\"nameCode\":\"success_rate\",\"params\":{},\"requireFlag\":0,\"schemaId\":55,\"schemaName\":\"战略\",\"workspaceId\":1001}', '{\"code\":200,\"msg\":\"操作成功\"}', 0, NULL, '2025-10-17 01:33:29', 314);
INSERT INTO `system_oper_log` VALUES (584, '概念属性', 1, 'com.insmess.knowledge.module.ext.controller.admin.extSchemaAttribute.ExtSchemaAttributeController.add()', 'POST', 1, 'insmess', '研发部门', '/ext/attribute', '127.0.0.1', '内网IP', '{\"createBy\":\"星小图\",\"createTime\":\"2025-10-17 09:33:48\",\"creatorId\":1,\"dataType\":0,\"multipleFlag\":0,\"name\":\"描述\",\"nameCode\":\"description\",\"params\":{},\"requireFlag\":0,\"schemaId\":55,\"schemaName\":\"战略\",\"workspaceId\":1001}', '{\"code\":200,\"msg\":\"操作成功\"}', 0, NULL, '2025-10-17 01:33:46', 315);
INSERT INTO `system_oper_log` VALUES (585, '概念属性', 1, 'com.insmess.knowledge.module.ext.controller.admin.extSchemaAttribute.ExtSchemaAttributeController.add()', 'POST', 1, 'insmess', '研发部门', '/ext/attribute', '127.0.0.1', '内网IP', '{\"createBy\":\"星小图\",\"createTime\":\"2025-10-17 09:34:13\",\"creatorId\":1,\"dataType\":0,\"multipleFlag\":0,\"name\":\"条约名称\",\"nameCode\":\"name\",\"params\":{},\"requireFlag\":0,\"schemaId\":56,\"schemaName\":\"条约\",\"workspaceId\":1001}', '{\"code\":200,\"msg\":\"操作成功\"}', 0, NULL, '2025-10-17 01:34:11', 298);
INSERT INTO `system_oper_log` VALUES (586, '概念属性', 1, 'com.insmess.knowledge.module.ext.controller.admin.extSchemaAttribute.ExtSchemaAttributeController.add()', 'POST', 1, 'insmess', '研发部门', '/ext/attribute', '127.0.0.1', '内网IP', '{\"createBy\":\"星小图\",\"createTime\":\"2025-10-17 09:34:31\",\"creatorId\":1,\"dataType\":3,\"multipleFlag\":0,\"name\":\"签署日期\",\"nameCode\":\"sign_date\",\"params\":{},\"requireFlag\":0,\"schemaId\":56,\"schemaName\":\"条约\",\"workspaceId\":1001}', '{\"code\":200,\"msg\":\"操作成功\"}', 0, NULL, '2025-10-17 01:34:29', 309);
INSERT INTO `system_oper_log` VALUES (587, '概念属性', 1, 'com.insmess.knowledge.module.ext.controller.admin.extSchemaAttribute.ExtSchemaAttributeController.add()', 'POST', 1, 'insmess', '研发部门', '/ext/attribute', '127.0.0.1', '内网IP', '{\"createBy\":\"星小图\",\"createTime\":\"2025-10-17 09:34:47\",\"creatorId\":1,\"dataType\":0,\"multipleFlag\":0,\"name\":\"摘要\",\"nameCode\":\"summary\",\"params\":{},\"requireFlag\":0,\"schemaId\":56,\"schemaName\":\"条约\",\"workspaceId\":1001}', '{\"code\":200,\"msg\":\"操作成功\"}', 0, NULL, '2025-10-17 01:34:45', 318);
INSERT INTO `system_oper_log` VALUES (588, '关系配置', 1, 'com.insmess.knowledge.module.ext.controller.admin.extSchemaRelation.ExtSchemaRelationController.add()', 'POST', 1, 'insmess', '研发部门', '/ext/relation', '127.0.0.1', '内网IP', '{\"createBy\":\"星小图\",\"createTime\":\"2025-10-17 09:40:42\",\"creatorId\":1,\"endSchemaId\":50,\"inverseFlag\":0,\"params\":{},\"relation\":\"发生事件\",\"startSchemaId\":52,\"workspaceId\":1001}', '{\"code\":200,\"msg\":\"操作成功\"}', 0, NULL, '2025-10-17 01:40:40', 396);
INSERT INTO `system_oper_log` VALUES (589, '关系配置', 2, 'com.insmess.knowledge.module.ext.controller.admin.extSchemaRelation.ExtSchemaRelationController.edit()', 'PUT', 1, 'insmess', '研发部门', '/ext/relation', '127.0.0.1', '内网IP', '{\"createBy\":\"星小图\",\"createTime\":\"2025-10-17 09:40:42\",\"creatorId\":1,\"endSchemaId\":50,\"id\":23,\"inverseFlag\":0,\"params\":{},\"relation\":\"发生事件\",\"startSchemaId\":52,\"updateBy\":\"星小图\",\"updateTime\":\"2025-10-17 09:42:59\",\"updaterId\":1,\"workspaceId\":1001}', '{\"code\":200,\"msg\":\"操作成功\"}', 0, NULL, '2025-10-17 01:42:57', 313);
INSERT INTO `system_oper_log` VALUES (590, '关系配置', 1, 'com.insmess.knowledge.module.ext.controller.admin.extSchemaRelation.ExtSchemaRelationController.add()', 'POST', 1, 'insmess', '研发部门', '/ext/relation', '127.0.0.1', '内网IP', '{\"createBy\":\"星小图\",\"createTime\":\"2025-10-17 09:43:20\",\"creatorId\":1,\"endSchemaId\":56,\"inverseFlag\":0,\"params\":{},\"relation\":\"test\",\"startSchemaId\":52,\"workspaceId\":1001}', '{\"code\":200,\"msg\":\"操作成功\"}', 0, NULL, '2025-10-17 01:43:18', 293);
INSERT INTO `system_oper_log` VALUES (591, '关系配置', 3, 'com.insmess.knowledge.module.ext.controller.admin.extSchemaRelation.ExtSchemaRelationController.remove()', 'DELETE', 1, 'insmess', '研发部门', '/ext/relation/24', '127.0.0.1', '内网IP', '{}', '{\"code\":200,\"msg\":\"操作成功\"}', 0, NULL, '2025-10-17 01:43:37', 322);
INSERT INTO `system_oper_log` VALUES (592, '关系配置', 1, 'com.insmess.knowledge.module.ext.controller.admin.extSchemaRelation.ExtSchemaRelationController.add()', 'POST', 1, 'insmess', '研发部门', '/ext/relation', '127.0.0.1', '内网IP', '{\"createBy\":\"星小图\",\"createTime\":\"2025-10-17 09:48:59\",\"creatorId\":1,\"endSchemaId\":55,\"inverseFlag\":0,\"params\":{},\"relation\":\"采用战略\",\"startSchemaId\":50,\"workspaceId\":1001}', '{\"code\":200,\"msg\":\"操作成功\"}', 0, NULL, '2025-10-17 01:48:57', 329);
INSERT INTO `system_oper_log` VALUES (593, '关系配置', 1, 'com.insmess.knowledge.module.ext.controller.admin.extSchemaRelation.ExtSchemaRelationController.add()', 'POST', 1, 'insmess', '研发部门', '/ext/relation', '127.0.0.1', '内网IP', '{\"createBy\":\"星小图\",\"createTime\":\"2025-10-17 09:49:34\",\"creatorId\":1,\"endSchemaId\":49,\"inverseFlag\":0,\"params\":{},\"relation\":\"所属\",\"startSchemaId\":51,\"workspaceId\":1001}', '{\"code\":200,\"msg\":\"操作成功\"}', 0, NULL, '2025-10-17 01:49:33', 334);
INSERT INTO `system_oper_log` VALUES (594, '关系配置', 1, 'com.insmess.knowledge.module.ext.controller.admin.extSchemaRelation.ExtSchemaRelationController.add()', 'POST', 1, 'insmess', '研发部门', '/ext/relation', '127.0.0.1', '内网IP', '{\"createBy\":\"星小图\",\"createTime\":\"2025-10-17 09:50:43\",\"creatorId\":1,\"endSchemaId\":51,\"inverseFlag\":0,\"params\":{},\"relation\":\"所属\",\"startSchemaId\":54,\"workspaceId\":1001}', '{\"code\":200,\"msg\":\"操作成功\"}', 0, NULL, '2025-10-17 01:50:41', 313);
INSERT INTO `system_oper_log` VALUES (595, '关系配置', 1, 'com.insmess.knowledge.module.ext.controller.admin.extSchemaRelation.ExtSchemaRelationController.add()', 'POST', 1, 'insmess', '研发部门', '/ext/relation', '127.0.0.1', '内网IP', '{\"createBy\":\"星小图\",\"createTime\":\"2025-10-17 09:51:10\",\"creatorId\":1,\"endSchemaId\":49,\"inverseFlag\":0,\"params\":{},\"relation\":\"所属\",\"startSchemaId\":52,\"workspaceId\":1001}', '{\"code\":200,\"msg\":\"操作成功\"}', 0, NULL, '2025-10-17 01:51:08', 324);
INSERT INTO `system_oper_log` VALUES (596, '关系配置', 1, 'com.insmess.knowledge.module.ext.controller.admin.extSchemaRelation.ExtSchemaRelationController.add()', 'POST', 1, 'insmess', '研发部门', '/ext/relation', '127.0.0.1', '内网IP', '{\"createBy\":\"星小图\",\"createTime\":\"2025-10-17 09:51:41\",\"creatorId\":1,\"endSchemaId\":49,\"inverseFlag\":0,\"params\":{},\"relation\":\"所属国家\",\"startSchemaId\":53,\"workspaceId\":1001}', '{\"code\":200,\"msg\":\"操作成功\"}', 0, NULL, '2025-10-17 01:51:39', 298);
INSERT INTO `system_oper_log` VALUES (597, '关系配置', 1, 'com.insmess.knowledge.module.ext.controller.admin.extSchemaRelation.ExtSchemaRelationController.add()', 'POST', 1, 'insmess', '研发部门', '/ext/relation', '127.0.0.1', '内网IP', '{\"createBy\":\"星小图\",\"createTime\":\"2025-10-17 09:51:51\",\"creatorId\":1,\"endSchemaId\":51,\"inverseFlag\":0,\"params\":{},\"relation\":\"所属阵营\",\"startSchemaId\":53,\"workspaceId\":1001}', '{\"code\":200,\"msg\":\"操作成功\"}', 0, NULL, '2025-10-17 01:51:49', 309);
INSERT INTO `system_oper_log` VALUES (598, '关系配置', 1, 'com.insmess.knowledge.module.ext.controller.admin.extSchemaRelation.ExtSchemaRelationController.add()', 'POST', 1, 'insmess', '研发部门', '/ext/relation', '127.0.0.1', '内网IP', '{\"createBy\":\"星小图\",\"createTime\":\"2025-10-17 09:52:10\",\"creatorId\":1,\"endSchemaId\":54,\"inverseFlag\":0,\"params\":{},\"relation\":\"指挥官\",\"startSchemaId\":53,\"workspaceId\":1001}', '{\"code\":200,\"msg\":\"操作成功\"}', 0, NULL, '2025-10-17 01:52:09', 294);
INSERT INTO `system_oper_log` VALUES (599, '关系配置', 1, 'com.insmess.knowledge.module.ext.controller.admin.extSchemaRelation.ExtSchemaRelationController.add()', 'POST', 1, 'insmess', '研发部门', '/ext/relation', '127.0.0.1', '内网IP', '{\"createBy\":\"星小图\",\"createTime\":\"2025-10-17 09:52:53\",\"creatorId\":1,\"endSchemaId\":50,\"inverseFlag\":0,\"params\":{},\"relation\":\"参与\",\"startSchemaId\":54,\"workspaceId\":1001}', '{\"code\":200,\"msg\":\"操作成功\"}', 0, NULL, '2025-10-17 01:52:51', 314);
INSERT INTO `system_oper_log` VALUES (600, '关系配置', 1, 'com.insmess.knowledge.module.ext.controller.admin.extSchemaRelation.ExtSchemaRelationController.add()', 'POST', 1, 'insmess', '研发部门', '/ext/relation', '127.0.0.1', '内网IP', '{\"createBy\":\"星小图\",\"createTime\":\"2025-10-17 09:54:09\",\"creatorId\":1,\"endSchemaId\":51,\"inverseFlag\":0,\"params\":{},\"relation\":\"执行阵营\",\"startSchemaId\":55,\"workspaceId\":1001}', '{\"code\":200,\"msg\":\"操作成功\"}', 0, NULL, '2025-10-17 01:54:08', 320);
INSERT INTO `system_oper_log` VALUES (601, '关系配置', 1, 'com.insmess.knowledge.module.ext.controller.admin.extSchemaRelation.ExtSchemaRelationController.add()', 'POST', 1, 'insmess', '研发部门', '/ext/relation', '127.0.0.1', '内网IP', '{\"createBy\":\"星小图\",\"createTime\":\"2025-10-17 09:54:30\",\"creatorId\":1,\"endSchemaId\":52,\"inverseFlag\":0,\"params\":{},\"relation\":\"签署地点\",\"startSchemaId\":56,\"workspaceId\":1001}', '{\"code\":200,\"msg\":\"操作成功\"}', 0, NULL, '2025-10-17 01:54:29', 309);
INSERT INTO `system_oper_log` VALUES (602, '关系配置', 1, 'com.insmess.knowledge.module.ext.controller.admin.extSchemaRelation.ExtSchemaRelationController.add()', 'POST', 1, 'insmess', '研发部门', '/ext/relation', '127.0.0.1', '内网IP', '{\"createBy\":\"星小图\",\"createTime\":\"2025-10-17 09:54:48\",\"creatorId\":1,\"endSchemaId\":49,\"inverseFlag\":0,\"params\":{},\"relation\":\"签署国家\",\"startSchemaId\":56,\"workspaceId\":1001}', '{\"code\":200,\"msg\":\"操作成功\"}', 0, NULL, '2025-10-17 01:54:47', 320);
INSERT INTO `system_oper_log` VALUES (603, '关系配置', 1, 'com.insmess.knowledge.module.ext.controller.admin.extSchemaRelation.ExtSchemaRelationController.add()', 'POST', 1, 'insmess', '研发部门', '/ext/relation', '127.0.0.1', '内网IP', '{\"createBy\":\"星小图\",\"createTime\":\"2025-10-17 09:55:29\",\"creatorId\":1,\"endSchemaId\":50,\"inverseFlag\":0,\"params\":{},\"relation\":\"参与\",\"startSchemaId\":53,\"workspaceId\":1001}', '{\"code\":200,\"msg\":\"操作成功\"}', 0, NULL, '2025-10-17 01:55:27', 307);
INSERT INTO `system_oper_log` VALUES (604, '数据源', 1, 'com.insmess.knowledge.module.dm.controller.admin.datasource.DmDatasourceController.add()', 'POST', 1, 'insmess', '研发部门', '/dm/dmDatasource', '127.0.0.1', '内网IP', '{\"createBy\":\"星小图\",\"createTime\":\"2025-10-17 09:59:49\",\"creatorId\":1,\"datasourceConfig\":\"{\\\"username\\\":\\\"root\\\",\\\"password\\\":\\\"geovis123\\\",\\\"dbname\\\":\\\"dubheknow\\\"}\",\"datasourceName\":\"二战模型数据库\",\"datasourceType\":\"MySql\",\"ip\":\"113.44.134.206\",\"params\":{},\"port\":3306}', '{\"code\":200,\"msg\":\"操作成功\"}', 0, NULL, '2025-10-17 01:59:47', 389);
INSERT INTO `system_oper_log` VALUES (605, '测试连接', 3, 'com.insmess.knowledge.module.dm.controller.admin.datasource.DmDatasourceController.clientsTest()', 'GET', 1, 'insmess', '研发部门', '/dm/dmDatasource/clientsTest/4', '127.0.0.1', '内网IP', '{}', '{\"msg\":\"数据库连接成功\",\"code\":200}', 0, NULL, '2025-10-17 01:59:51', 1343);
INSERT INTO `system_oper_log` VALUES (606, '测试连接', 3, 'com.insmess.knowledge.module.dm.controller.admin.datasource.DmDatasourceController.clientsTest()', 'GET', 1, 'insmess', '研发部门', '/dm/dmDatasource/clientsTest/4', '127.0.0.1', '内网IP', '{}', '{\"msg\":\"数据库连接成功\",\"code\":200}', 0, NULL, '2025-10-17 02:00:30', 911);
INSERT INTO `system_oper_log` VALUES (607, '数据源', 2, 'com.insmess.knowledge.module.dm.controller.admin.datasource.DmDatasourceController.edit()', 'PUT', 1, 'insmess', '研发部门', '/dm/dmDatasource', '127.0.0.1', '内网IP', '{\"createBy\":\"星小图\",\"createTime\":\"2025-10-17 09:59:49\",\"creatorId\":1,\"datasourceConfig\":\"{\\\"username\\\":\\\"root\\\",\\\"password\\\":\\\"geovis123\\\",\\\"dbname\\\":\\\"ww2_kg\\\"}\",\"datasourceName\":\"二战模型数据库\",\"datasourceType\":\"MySql\",\"id\":4,\"ip\":\"113.44.134.206\",\"params\":{},\"port\":3306,\"updateBy\":\"星小图\",\"updateTime\":\"2025-10-17 10:01:12\",\"updaterId\":1}', '{\"code\":200,\"msg\":\"操作成功\"}', 0, NULL, '2025-10-17 02:01:11', 319);
INSERT INTO `system_oper_log` VALUES (608, '测试连接', 3, 'com.insmess.knowledge.module.dm.controller.admin.datasource.DmDatasourceController.clientsTest()', 'GET', 1, 'insmess', '研发部门', '/dm/dmDatasource/clientsTest/4', '127.0.0.1', '内网IP', '{}', '{\"msg\":\"数据库连接成功\",\"code\":200}', 0, NULL, '2025-10-17 02:01:44', 932);
INSERT INTO `system_oper_log` VALUES (609, '测试连接', 3, 'com.insmess.knowledge.module.dm.controller.admin.datasource.DmDatasourceController.clientsTest()', 'GET', 1, 'insmess', '研发部门', '/dm/dmDatasource/clientsTest/4', '127.0.0.1', '内网IP', '{}', '{\"msg\":\"数据库连接成功\",\"code\":200}', 0, NULL, '2025-10-17 02:02:20', 913);
INSERT INTO `system_oper_log` VALUES (610, '测试连接', 3, 'com.insmess.knowledge.module.dm.controller.admin.datasource.DmDatasourceController.clientsTest()', 'GET', 1, 'insmess', '研发部门', '/dm/dmDatasource/clientsTest/4', '127.0.0.1', '内网IP', '{}', '{\"msg\":\"数据库连接成功\",\"code\":200}', 0, NULL, '2025-10-17 07:37:49', 975);
INSERT INTO `system_oper_log` VALUES (611, '测试连接', 3, 'com.insmess.knowledge.module.dm.controller.admin.datasource.DmDatasourceController.clientsTest()', 'GET', 1, 'insmess', '研发部门', '/dm/dmDatasource/clientsTest/4', '127.0.0.1', '内网IP', '{}', '{\"msg\":\"数据库连接成功\",\"code\":200}', 0, NULL, '2025-10-17 07:40:06', 990);
INSERT INTO `system_oper_log` VALUES (612, '概念属性', 2, 'com.insmess.knowledge.module.ext.controller.admin.extSchemaAttribute.ExtSchemaAttributeController.edit()', 'PUT', 1, 'insmess', '研发部门', '/ext/attribute', '127.0.0.1', '内网IP', '{\"createBy\":\"星小图\",\"createTime\":\"2025-10-17 09:28:55\",\"creatorId\":1,\"dataType\":0,\"id\":57,\"multipleFlag\":0,\"name\":\"军种\",\"nameCode\":\"branch\",\"params\":{},\"requireFlag\":0,\"schemaId\":53,\"schemaName\":\"单位\",\"updateBy\":\"星小图\",\"updateTime\":\"2025-10-17 15:42:36\",\"updaterId\":1,\"workspaceId\":1001}', '{\"code\":200,\"msg\":\"操作成功\"}', 0, NULL, '2025-10-17 07:42:35', 409);
INSERT INTO `system_oper_log` VALUES (613, '关系配置', 3, 'com.insmess.knowledge.module.ext.controller.admin.extSchemaRelation.ExtSchemaRelationController.remove()', 'DELETE', 1, 'insmess', '研发部门', '/ext/relation/23', '127.0.0.1', '内网IP', '{}', '{\"code\":200,\"msg\":\"操作成功\"}', 0, NULL, '2025-10-17 07:43:04', 304);
INSERT INTO `system_oper_log` VALUES (614, '关系配置', 1, 'com.insmess.knowledge.module.ext.controller.admin.extSchemaRelation.ExtSchemaRelationController.add()', 'POST', 1, 'insmess', '研发部门', '/ext/relation', '127.0.0.1', '内网IP', '{\"createBy\":\"星小图\",\"createTime\":\"2025-10-17 15:43:24\",\"creatorId\":1,\"endSchemaId\":52,\"inverseFlag\":0,\"params\":{},\"relation\":\"发生地点\",\"startSchemaId\":50,\"workspaceId\":1001}', '{\"code\":200,\"msg\":\"操作成功\"}', 0, NULL, '2025-10-17 07:43:23', 307);
INSERT INTO `system_oper_log` VALUES (615, '测试连接', 3, 'com.insmess.knowledge.module.dm.controller.admin.datasource.DmDatasourceController.clientsTest()', 'GET', 1, 'insmess', '研发部门', '/dm/dmDatasource/clientsTest/4', '127.0.0.1', '内网IP', '{}', '{\"msg\":\"数据库连接成功\",\"code\":200}', 0, NULL, '2025-10-17 07:45:29', 884);
INSERT INTO `system_oper_log` VALUES (616, '测试连接', 3, 'com.insmess.knowledge.module.dm.controller.admin.datasource.DmDatasourceController.clientsTest()', 'GET', 1, 'insmess', '研发部门', '/dm/dmDatasource/clientsTest/4', '127.0.0.1', '内网IP', '{}', '{\"msg\":\"数据库连接成功\",\"code\":200}', 0, NULL, '2025-10-17 07:47:24', 897);
INSERT INTO `system_oper_log` VALUES (617, '测试连接', 3, 'com.insmess.knowledge.module.dm.controller.admin.datasource.DmDatasourceController.clientsTest()', 'GET', 1, 'insmess', '研发部门', '/dm/dmDatasource/clientsTest/4', '127.0.0.1', '内网IP', '{}', '{\"msg\":\"数据库连接成功\",\"code\":200}', 0, NULL, '2025-10-17 07:49:36', 890);
INSERT INTO `system_oper_log` VALUES (618, '测试连接', 3, 'com.insmess.knowledge.module.dm.controller.admin.datasource.DmDatasourceController.clientsTest()', 'GET', 1, 'insmess', '研发部门', '/dm/dmDatasource/clientsTest/4', '127.0.0.1', '内网IP', '{}', '{\"msg\":\"数据库连接成功\",\"code\":200}', 0, NULL, '2025-10-17 07:50:56', 905);
INSERT INTO `system_oper_log` VALUES (619, '定时任务', 2, 'controller.com.insmess.knowledge.quartz.SysJobController.run()', 'PUT', 1, 'insmess', '研发部门', '/monitor/job/run', '127.0.0.1', '内网IP', '{\"jobGroup\":\"DEFAULT\",\"jobId\":100,\"misfirePolicy\":\"0\",\"params\":{}}', '{\"msg\":\"操作成功\",\"code\":200}', 0, NULL, '2025-10-17 07:55:30', 265);
INSERT INTO `system_oper_log` VALUES (620, '定时任务', 2, 'controller.com.insmess.knowledge.quartz.SysJobController.run()', 'PUT', 1, 'insmess', '研发部门', '/monitor/job/run', '127.0.0.1', '内网IP', '{\"jobGroup\":\"DEFAULT\",\"jobId\":100,\"misfirePolicy\":\"0\",\"params\":{}}', '{\"msg\":\"操作成功\",\"code\":200}', 0, NULL, '2025-10-17 07:57:09', 275);
INSERT INTO `system_oper_log` VALUES (621, '定时任务', 2, 'controller.com.insmess.knowledge.quartz.SysJobController.run()', 'PUT', 1, 'insmess', '研发部门', '/monitor/job/run', '127.0.0.1', '内网IP', '{\"jobGroup\":\"DEFAULT\",\"jobId\":100,\"misfirePolicy\":\"0\",\"params\":{}}', '{\"msg\":\"操作成功\",\"code\":200}', 0, NULL, '2025-10-17 08:03:02', 291);
INSERT INTO `system_oper_log` VALUES (622, '定时任务', 2, 'controller.com.insmess.knowledge.quartz.SysJobController.run()', 'PUT', 1, 'insmess', '研发部门', '/monitor/job/run', '127.0.0.1', '内网IP', '{\"jobGroup\":\"DEFAULT\",\"jobId\":100,\"misfirePolicy\":\"0\",\"params\":{}}', '{\"msg\":\"操作成功\",\"code\":200}', 0, NULL, '2025-10-17 08:18:44', 282);
INSERT INTO `system_oper_log` VALUES (623, '定时任务', 2, 'controller.com.insmess.knowledge.quartz.SysJobController.run()', 'PUT', 1, 'insmess', '研发部门', '/monitor/job/run', '127.0.0.1', '内网IP', '{\"jobGroup\":\"DEFAULT\",\"jobId\":100,\"misfirePolicy\":\"0\",\"params\":{}}', '{\"msg\":\"操作成功\",\"code\":200}', 0, NULL, '2025-10-17 08:31:00', 282);
INSERT INTO `system_oper_log` VALUES (624, '定时任务', 2, 'controller.com.insmess.knowledge.quartz.SysJobController.run()', 'PUT', 1, 'insmess', '研发部门', '/monitor/job/run', '127.0.0.1', '内网IP', '{\"jobGroup\":\"DEFAULT\",\"jobId\":100,\"misfirePolicy\":\"0\",\"params\":{}}', '{\"msg\":\"操作成功\",\"code\":200}', 0, NULL, '2025-10-17 08:39:54', 239);
INSERT INTO `system_oper_log` VALUES (625, '定时任务', 2, 'controller.com.insmess.knowledge.quartz.SysJobController.run()', 'PUT', 1, 'insmess', '研发部门', '/monitor/job/run', '127.0.0.1', '内网IP', '{\"jobGroup\":\"DEFAULT\",\"jobId\":100,\"misfirePolicy\":\"0\",\"params\":{}}', '{\"msg\":\"操作成功\",\"code\":200}', 0, NULL, '2025-10-17 08:49:29', 283);
INSERT INTO `system_oper_log` VALUES (626, '定时任务', 2, 'controller.com.insmess.knowledge.quartz.SysJobController.run()', 'PUT', 1, 'insmess', '研发部门', '/monitor/job/run', '127.0.0.1', '内网IP', '{\"jobGroup\":\"DEFAULT\",\"jobId\":100,\"misfirePolicy\":\"0\",\"params\":{}}', '{\"msg\":\"操作成功\",\"code\":200}', 0, NULL, '2025-10-17 09:41:14', 288);
INSERT INTO `system_oper_log` VALUES (627, '定时任务', 2, 'controller.com.insmess.knowledge.quartz.SysJobController.run()', 'PUT', 1, 'insmess', '研发部门', '/monitor/job/run', '127.0.0.1', '内网IP', '{\"jobGroup\":\"DEFAULT\",\"jobId\":100,\"misfirePolicy\":\"0\",\"params\":{}}', '{\"msg\":\"操作成功\",\"code\":200}', 0, NULL, '2025-10-17 10:07:45', 280);
INSERT INTO `system_oper_log` VALUES (628, '定时任务', 2, 'controller.com.insmess.knowledge.quartz.SysJobController.run()', 'PUT', 1, 'insmess', '研发部门', '/monitor/job/run', '127.0.0.1', '内网IP', '{\"jobGroup\":\"DEFAULT\",\"jobId\":100,\"misfirePolicy\":\"0\",\"params\":{}}', '{\"msg\":\"操作成功\",\"code\":200}', 0, NULL, '2025-10-21 06:26:04', 86);
INSERT INTO `system_oper_log` VALUES (629, '定时任务', 2, 'controller.com.insmess.knowledge.quartz.SysJobController.run()', 'PUT', 1, 'insmess', '研发部门', '/monitor/job/run', '127.0.0.1', '内网IP', '{\"jobGroup\":\"DEFAULT\",\"jobId\":100,\"misfirePolicy\":\"0\",\"params\":{}}', '{\"msg\":\"操作成功\",\"code\":200}', 0, NULL, '2025-10-21 08:30:02', 86);
INSERT INTO `system_oper_log` VALUES (630, '定时任务', 2, 'controller.com.insmess.knowledge.quartz.SysJobController.run()', 'PUT', 1, 'insmess', '研发部门', '/monitor/job/run', '127.0.0.1', '内网IP', '{\"jobGroup\":\"DEFAULT\",\"jobId\":100,\"misfirePolicy\":\"0\",\"params\":{}}', '{\"msg\":\"操作成功\",\"code\":200}', 0, NULL, '2025-10-21 09:33:43', 88);
INSERT INTO `system_oper_log` VALUES (631, '定时任务', 2, 'controller.com.insmess.knowledge.quartz.SysJobController.run()', 'PUT', 1, 'insmess', '研发部门', '/monitor/job/run', '127.0.0.1', '内网IP', '{\"jobGroup\":\"DEFAULT\",\"jobId\":100,\"misfirePolicy\":\"0\",\"params\":{}}', '{\"msg\":\"操作成功\",\"code\":200}', 0, NULL, '2025-10-21 09:42:58', 67);
INSERT INTO `system_oper_log` VALUES (632, '定时任务', 2, 'controller.com.insmess.knowledge.quartz.SysJobController.run()', 'PUT', 1, 'insmess', '研发部门', '/monitor/job/run', '127.0.0.1', '内网IP', '{\"jobGroup\":\"DEFAULT\",\"jobId\":100,\"misfirePolicy\":\"0\",\"params\":{}}', '{\"msg\":\"操作成功\",\"code\":200}', 0, NULL, '2025-10-21 09:46:29', 138);
INSERT INTO `system_oper_log` VALUES (633, '概念配置', 2, 'com.insmess.knowledge.module.ext.controller.admin.extSchema.ExtSchemaController.edit()', 'PUT', 1, 'insmess', '研发部门', '/ext/schema', '127.0.0.1', '内网IP', '{\"color\":\"#C86C4A\",\"createBy\":\"星小图\",\"createTime\":\"2025-10-17 09:03:08\",\"creatorId\":1,\"description\":\"国家\",\"id\":49,\"knowledgeId\":4,\"name\":\"国家\",\"params\":{},\"pid\":0,\"updateBy\":\"星小图\",\"updateTime\":\"2025-10-21 22:16:45\",\"updaterId\":1,\"workspaceId\":1001}', '{\"code\":200,\"msg\":\"操作成功\"}', 0, NULL, '2025-10-21 14:16:46', 127);
INSERT INTO `system_oper_log` VALUES (634, '概念配置', 2, 'com.insmess.knowledge.module.ext.controller.admin.extSchema.ExtSchemaController.edit()', 'PUT', 1, 'insmess', '研发部门', '/ext/schema', '127.0.0.1', '内网IP', '{\"color\":\"#245787\",\"createBy\":\"星小图\",\"createTime\":\"2025-10-17 09:06:22\",\"creatorId\":1,\"description\":\"事件\",\"id\":50,\"knowledgeId\":4,\"name\":\"事件\",\"params\":{},\"pid\":0,\"updateBy\":\"星小图\",\"updateTime\":\"2025-10-21 22:16:55\",\"updaterId\":1,\"workspaceId\":1001}', '{\"code\":200,\"msg\":\"操作成功\"}', 0, NULL, '2025-10-21 14:16:55', 132);
INSERT INTO `system_oper_log` VALUES (635, '概念配置', 2, 'com.insmess.knowledge.module.ext.controller.admin.extSchema.ExtSchemaController.edit()', 'PUT', 1, 'insmess', '研发部门', '/ext/schema', '127.0.0.1', '内网IP', '{\"color\":\"rgba(144, 238, 144, 1)\",\"createBy\":\"星小图\",\"createTime\":\"2025-10-17 09:03:08\",\"creatorId\":1,\"description\":\"国家\",\"id\":49,\"knowledgeId\":4,\"name\":\"国家\",\"params\":{},\"pid\":0,\"updateBy\":\"星小图\",\"updateTime\":\"2025-10-21 22:17:40\",\"updaterId\":1,\"workspaceId\":1001}', '{\"code\":200,\"msg\":\"操作成功\"}', 0, NULL, '2025-10-21 14:17:40', 63);
INSERT INTO `system_oper_log` VALUES (636, '定时任务', 2, 'controller.com.insmess.knowledge.quartz.SysJobController.run()', 'PUT', 1, 'insmess', '研发部门', '/monitor/job/run', '127.0.0.1', '内网IP', '{\"jobGroup\":\"DEFAULT\",\"jobId\":100,\"misfirePolicy\":\"0\",\"params\":{}}', '{\"msg\":\"操作成功\",\"code\":200}', 0, NULL, '2025-10-21 14:20:50', 70);
INSERT INTO `system_oper_log` VALUES (637, '定时任务', 2, 'controller.com.insmess.knowledge.quartz.SysJobController.run()', 'PUT', 1, 'insmess', '研发部门', '/monitor/job/run', '127.0.0.1', '内网IP', '{\"jobGroup\":\"DEFAULT\",\"jobId\":100,\"misfirePolicy\":\"0\",\"params\":{}}', '{\"msg\":\"操作成功\",\"code\":200}', 0, NULL, '2025-10-21 14:22:03', 113);
INSERT INTO `system_oper_log` VALUES (638, '定时任务', 2, 'controller.com.insmess.knowledge.quartz.SysJobController.run()', 'PUT', 1, 'insmess', '研发部门', '/monitor/job/run', '127.0.0.1', '内网IP', '{\"jobGroup\":\"DEFAULT\",\"jobId\":100,\"misfirePolicy\":\"0\",\"params\":{}}', '{\"msg\":\"操作成功\",\"code\":200}', 0, NULL, '2025-10-21 14:25:40', 82);
INSERT INTO `system_oper_log` VALUES (639, '定时任务', 2, 'controller.com.insmess.knowledge.quartz.SysJobController.run()', 'PUT', 1, 'insmess', '研发部门', '/monitor/job/run', '127.0.0.1', '内网IP', '{\"jobGroup\":\"DEFAULT\",\"jobId\":100,\"misfirePolicy\":\"0\",\"params\":{}}', '{\"msg\":\"操作成功\",\"code\":200}', 0, NULL, '2025-10-21 14:28:05', 132);
INSERT INTO `system_oper_log` VALUES (640, '定时任务', 2, 'controller.com.insmess.knowledge.quartz.SysJobController.run()', 'PUT', 1, 'insmess', '研发部门', '/monitor/job/run', '127.0.0.1', '内网IP', '{\"jobGroup\":\"DEFAULT\",\"jobId\":100,\"misfirePolicy\":\"0\",\"params\":{}}', '{\"msg\":\"操作成功\",\"code\":200}', 0, NULL, '2025-10-22 02:41:53', 317);
INSERT INTO `system_oper_log` VALUES (641, '菜单管理', 2, 'system.admin.controller.com.insmess.knowledge.module.system.SysMenuController.edit()', 'PUT', 1, 'insmess', '研发部门', '/system/menu', '127.0.0.1', '内网IP', '{\"children\":[],\"component\":\"ext/extSchema/index\",\"createTime\":\"2025-09-04 18:14:56\",\"icon\":\"#\",\"isCache\":\"0\",\"isFrame\":\"1\",\"menuId\":2016,\"menuName\":\"概念配置\",\"menuType\":\"C\",\"orderNum\":1,\"params\":{},\"parentId\":2015,\"path\":\"schema\",\"perms\":\"ext:extSchema:schema:list\",\"status\":\"0\",\"updateBy\":\"星小图\",\"visible\":\"1\"}', '{\"msg\":\"操作成功\",\"code\":200}', 0, NULL, '2025-10-22 05:55:36', 130);
INSERT INTO `system_oper_log` VALUES (642, '菜单管理', 2, 'system.admin.controller.com.insmess.knowledge.module.system.SysMenuController.edit()', 'PUT', 1, 'insmess', '研发部门', '/system/menu', '127.0.0.1', '内网IP', '{\"children\":[],\"component\":\"ext/extSchemaRelation/index\",\"createTime\":\"2025-09-04 18:14:56\",\"icon\":\"#\",\"isCache\":\"0\",\"isFrame\":\"1\",\"menuId\":2023,\"menuName\":\"关系配置\",\"menuType\":\"C\",\"orderNum\":2,\"params\":{},\"parentId\":2015,\"path\":\"relation\",\"perms\":\"ext:extSchemaRelation:relation:list\",\"status\":\"0\",\"updateBy\":\"星小图\",\"visible\":\"1\"}', '{\"msg\":\"操作成功\",\"code\":200}', 0, NULL, '2025-10-22 05:55:44', 160);
INSERT INTO `system_oper_log` VALUES (643, '定时任务', 2, 'controller.com.insmess.knowledge.quartz.SysJobController.run()', 'PUT', 1, 'insmess', '研发部门', '/monitor/job/run', '127.0.0.1', '内网IP', '{\"jobGroup\":\"DEFAULT\",\"jobId\":100,\"misfirePolicy\":\"0\",\"params\":{}}', '{\"msg\":\"操作成功\",\"code\":200}', 0, NULL, '2025-10-22 05:56:25', 52);
INSERT INTO `system_oper_log` VALUES (644, '定时任务', 2, 'controller.com.insmess.knowledge.quartz.SysJobController.run()', 'PUT', 1, 'insmess', '研发部门', '/monitor/job/run', '127.0.0.1', '内网IP', '{\"jobGroup\":\"DEFAULT\",\"jobId\":101,\"misfirePolicy\":\"0\",\"params\":{}}', '{\"msg\":\"操作成功\",\"code\":200}', 0, NULL, '2025-10-22 05:56:30', 33);
INSERT INTO `system_oper_log` VALUES (645, '定时任务', 2, 'controller.com.insmess.knowledge.quartz.SysJobController.run()', 'PUT', 1, 'insmess', '研发部门', '/monitor/job/run', '127.0.0.1', '内网IP', '{\"jobGroup\":\"DEFAULT\",\"jobId\":101,\"misfirePolicy\":\"0\",\"params\":{}}', '{\"msg\":\"操作成功\",\"code\":200}', 0, NULL, '2025-10-22 06:01:44', 221);
INSERT INTO `system_oper_log` VALUES (646, '知识文件', 1, 'com.insmess.knowledge.module.kmc.controller.admin.kmcDocument.KmcDocumentController.add()', 'POST', 1, 'insmess', '研发部门', '/kmcDocument/document', '127.0.0.1', '内网IP', '{\"categoryId\":6,\"categoryName\":\"健康与医疗\",\"createBy\":\"星小图\",\"createTime\":\"2025-10-22 16:40:45\",\"creatorId\":1,\"name\":\"美攻打伊拉克.docx\",\"params\":{},\"path\":\"http://localhost:8090/upload/20251022/file_60038.\",\"workspaceId\":1001}', '{\"code\":200,\"msg\":\"操作成功\"}', 0, NULL, '2025-10-22 08:40:46', 148);
INSERT INTO `system_oper_log` VALUES (647, '知识文件', 3, 'com.insmess.knowledge.module.kmc.controller.admin.kmcDocument.KmcDocumentController.remove()', 'DELETE', 1, 'insmess', '研发部门', '/kmcDocument/document/4', '127.0.0.1', '内网IP', '{}', '{\"code\":200,\"msg\":\"操作成功\"}', 0, NULL, '2025-10-22 08:43:05', 125);
INSERT INTO `system_oper_log` VALUES (648, '知识文件', 1, 'com.insmess.knowledge.module.kmc.controller.admin.kmcDocument.KmcDocumentController.add()', 'POST', 1, 'insmess', '研发部门', '/kmcDocument/document', '127.0.0.1', '内网IP', '{\"categoryId\":6,\"categoryName\":\"健康与医疗\",\"createBy\":\"星小图\",\"createTime\":\"2025-10-22 16:44:29\",\"creatorId\":1,\"name\":\"美攻打伊拉克.docx\",\"params\":{},\"path\":\"http://localhost:8090/upload/20251022/美攻打伊拉克_60265.docx\",\"workspaceId\":1001}', '{\"code\":200,\"msg\":\"操作成功\"}', 0, NULL, '2025-10-22 08:44:30', 345);
INSERT INTO `system_oper_log` VALUES (649, '知识文件', 3, 'com.insmess.knowledge.module.kmc.controller.admin.kmcDocument.KmcDocumentController.remove()', 'DELETE', 1, 'insmess', '研发部门', '/kmcDocument/document/5', '127.0.0.1', '内网IP', '{}', '{\"code\":200,\"msg\":\"操作成功\"}', 0, NULL, '2025-10-22 08:46:17', 336);
INSERT INTO `system_oper_log` VALUES (650, '知识文件', 1, 'com.insmess.knowledge.module.kmc.controller.admin.kmcDocument.KmcDocumentController.add()', 'POST', 1, 'insmess', '研发部门', '/kmcDocument/document', '127.0.0.1', '内网IP', '{\"categoryId\":5,\"categoryName\":\"经济与发展\",\"createBy\":\"星小图\",\"createTime\":\"2025-10-22 16:46:29\",\"creatorId\":1,\"name\":\"美攻打伊拉克.docx\",\"params\":{},\"path\":\"http://localhost:8090/upload/20251022/美攻打伊拉克_60383_60383.docx\",\"workspaceId\":1001}', '{\"code\":200,\"msg\":\"操作成功\"}', 0, NULL, '2025-10-22 08:46:30', 111);
INSERT INTO `system_oper_log` VALUES (651, '知识文件', 3, 'com.insmess.knowledge.module.kmc.controller.admin.kmcDocument.KmcDocumentController.remove()', 'DELETE', 1, 'insmess', '研发部门', '/kmcDocument/document/6', '127.0.0.1', '内网IP', '{}', '{\"code\":200,\"msg\":\"操作成功\"}', 0, NULL, '2025-10-22 08:47:01', 138);
INSERT INTO `system_oper_log` VALUES (652, '知识文件', 1, 'com.insmess.knowledge.module.kmc.controller.admin.kmcDocument.KmcDocumentController.add()', 'POST', 1, 'insmess', '研发部门', '/kmcDocument/document', '127.0.0.1', '内网IP', '{\"categoryId\":6,\"categoryName\":\"健康与医疗\",\"createBy\":\"星小图\",\"createTime\":\"2025-10-22 16:49:21\",\"creatorId\":1,\"name\":\"美攻打伊拉克.docx\",\"params\":{},\"path\":\"http://localhost:8090/upload/20251022/abf4485b98c24a31bdf8543d54e2de6e.docx\",\"workspaceId\":1001}', '{\"code\":200,\"msg\":\"操作成功\"}', 0, NULL, '2025-10-22 08:49:22', 131);
INSERT INTO `system_oper_log` VALUES (653, '知识文件', 3, 'com.insmess.knowledge.module.kmc.controller.admin.kmcDocument.KmcDocumentController.remove()', 'DELETE', 1, 'insmess', '研发部门', '/kmcDocument/document/7', '127.0.0.1', '内网IP', '{}', '{\"code\":200,\"msg\":\"操作成功\"}', 0, NULL, '2025-10-22 08:53:35', 139);
INSERT INTO `system_oper_log` VALUES (654, '知识文件', 1, 'com.insmess.knowledge.module.kmc.controller.admin.kmcDocument.KmcDocumentController.add()', 'POST', 1, 'insmess', '研发部门', '/kmcDocument/document', '127.0.0.1', '内网IP', '{\"categoryId\":7,\"categoryName\":\"科技创新与应用\",\"createBy\":\"星小图\",\"createTime\":\"2025-10-22 17:24:44\",\"creatorId\":1,\"name\":\"美攻打伊拉克.docx\",\"params\":{},\"path\":\"http://localhost:8090/file/20251022/9adeb9355fe7480cab886faad6ea802d.docx\",\"workspaceId\":1001}', '{\"code\":200,\"msg\":\"操作成功\"}', 0, NULL, '2025-10-22 09:24:45', 194);
INSERT INTO `system_oper_log` VALUES (655, '知识文件', 3, 'com.insmess.knowledge.module.kmc.controller.admin.kmcDocument.KmcDocumentController.remove()', 'DELETE', 1, 'insmess', '研发部门', '/kmcDocument/document/8', '127.0.0.1', '内网IP', '{}', '{\"code\":200,\"msg\":\"操作成功\"}', 0, NULL, '2025-10-22 09:27:42', 89);
INSERT INTO `system_oper_log` VALUES (656, '知识文件', 1, 'com.insmess.knowledge.module.kmc.controller.admin.kmcDocument.KmcDocumentController.add()', 'POST', 1, 'insmess', '研发部门', '/kmcDocument/document', '127.0.0.1', '内网IP', '{\"categoryId\":6,\"categoryName\":\"健康与医疗\",\"createBy\":\"星小图\",\"createTime\":\"2025-10-22 17:27:56\",\"creatorId\":1,\"name\":\"美攻打伊拉克.docx\",\"params\":{},\"path\":\"http://localhost:8090/file/20251022/bb824d5007084feb82435761971557ed.docx\",\"workspaceId\":1001}', '{\"code\":200,\"msg\":\"操作成功\"}', 0, NULL, '2025-10-22 09:27:57', 84);
INSERT INTO `system_oper_log` VALUES (657, '知识文件', 3, 'com.insmess.knowledge.module.kmc.controller.admin.kmcDocument.KmcDocumentController.remove()', 'DELETE', 1, 'insmess', '研发部门', '/kmcDocument/document/9', '127.0.0.1', '内网IP', '{}', '{\"code\":200,\"msg\":\"操作成功\"}', 0, NULL, '2025-10-22 09:35:05', 119);
INSERT INTO `system_oper_log` VALUES (658, '知识文件', 1, 'com.insmess.knowledge.module.kmc.controller.admin.kmcDocument.KmcDocumentController.add()', 'POST', 1, 'insmess', '研发部门', '/kmcDocument/document', '127.0.0.1', '内网IP', '{\"categoryId\":5,\"categoryName\":\"经济与发展\",\"createBy\":\"星小图\",\"createTime\":\"2025-10-22 17:35:19\",\"creatorId\":1,\"description\":\"test\",\"name\":\"美攻打伊拉克.docx\",\"params\":{},\"path\":\"http://localhost:8090/file/68228dd69bed4f6396297bedfdf223c4.docx\",\"workspaceId\":1001}', '{\"code\":200,\"msg\":\"操作成功\"}', 0, NULL, '2025-10-22 09:35:21', 157);
INSERT INTO `system_oper_log` VALUES (659, '知识文件', 3, 'com.insmess.knowledge.module.kmc.controller.admin.kmcDocument.KmcDocumentController.remove()', 'DELETE', 1, 'insmess', '研发部门', '/kmcDocument/document/10', '127.0.0.1', '内网IP', '{}', '{\"code\":200,\"msg\":\"操作成功\"}', 0, NULL, '2025-10-22 09:38:11', 102);
INSERT INTO `system_oper_log` VALUES (660, '知识文件', 1, 'com.insmess.knowledge.module.kmc.controller.admin.kmcDocument.KmcDocumentController.add()', 'POST', 1, 'insmess', '研发部门', '/kmcDocument/document', '127.0.0.1', '内网IP', '{\"categoryId\":5,\"categoryName\":\"经济与发展\",\"createBy\":\"星小图\",\"createTime\":\"2025-10-22 17:38:22\",\"creatorId\":1,\"name\":\"美攻打伊拉克.docx\",\"params\":{},\"path\":\"http://localhost:8090/file/76862ab591b24cf58acbc49c7f384848.docx\",\"workspaceId\":1001}', '{\"code\":200,\"msg\":\"操作成功\"}', 0, NULL, '2025-10-22 09:38:24', 133);
INSERT INTO `system_oper_log` VALUES (661, '知识文件', 1, 'com.insmess.knowledge.module.kmc.controller.admin.kmcDocument.KmcDocumentController.add()', 'POST', 1, 'insmess', '研发部门', '/kmcDocument/document', '127.0.0.1', '内网IP', '{\"categoryId\":3,\"categoryName\":\"体育与娱乐\",\"createBy\":\"星小图\",\"createTime\":\"2025-10-22 17:39:53\",\"creatorId\":1,\"name\":\"美攻打伊拉克.docx\",\"params\":{},\"path\":\"http://localhost:8090/file/6c96d16de7214e8bbac73adeb8e17ad4.docx\",\"workspaceId\":1001}', '{\"code\":200,\"msg\":\"操作成功\"}', 0, NULL, '2025-10-22 09:39:54', 131);
INSERT INTO `system_oper_log` VALUES (662, '知识文件', 3, 'com.insmess.knowledge.module.kmc.controller.admin.kmcDocument.KmcDocumentController.remove()', 'DELETE', 1, 'insmess', '研发部门', '/kmcDocument/document/12', '127.0.0.1', '内网IP', '{}', '{\"code\":200,\"msg\":\"操作成功\"}', 0, NULL, '2025-10-22 09:48:21', 113);
INSERT INTO `system_oper_log` VALUES (663, '知识文件', 3, 'com.insmess.knowledge.module.kmc.controller.admin.kmcDocument.KmcDocumentController.remove()', 'DELETE', 1, 'insmess', '研发部门', '/kmcDocument/document/11', '127.0.0.1', '内网IP', '{}', '{\"code\":200,\"msg\":\"操作成功\"}', 0, NULL, '2025-10-22 09:48:24', 123);
INSERT INTO `system_oper_log` VALUES (664, '知识文件', 1, 'com.insmess.knowledge.module.kmc.controller.admin.kmcDocument.KmcDocumentController.add()', 'POST', 1, 'insmess', '研发部门', '/kmcDocument/document', '127.0.0.1', '内网IP', '{\"categoryId\":5,\"categoryName\":\"经济与发展\",\"createBy\":\"星小图\",\"createTime\":\"2025-10-22 17:48:37\",\"creatorId\":1,\"description\":\"testtest\",\"name\":\"美攻打伊拉克.docx\",\"params\":{},\"path\":\"http://localhost:8090/file/992b33a5dd0445ad8fcdf4c4ab8e580d.docx\",\"workspaceId\":1001}', NULL, 1, '\r\n### Error updating database.  Cause: java.sql.SQLException: Field \'url\' doesn\'t have a default value\r\n### The error may exist in com/insmess/knowledge/module/kmc/dal/mapper/kmcDocument/KmcDocumentMapper.java (best guess)\r\n### The error may involve com.insmess.knowledge.module.kmc.dal.mapper.kmcDocument.KmcDocumentMapper.insert-Inline\r\n### The error occurred while setting parameters\r\n### SQL: INSERT INTO kmc_document  ( workspace_id, category_id, category_name, name,  description,   creator_id, create_by, create_time, updater_id, update_by, update_time )  VALUES (  ?, ?, ?, ?,  ?,   ?, ?, ?, ?, ?, ?  )\r\n### Cause: java.sql.SQLException: Field \'url\' doesn\'t have a default value\n; Field \'url\' doesn\'t have a default value', '2025-10-22 09:48:38', 642);
INSERT INTO `system_oper_log` VALUES (665, '知识文件', 1, 'com.insmess.knowledge.module.kmc.controller.admin.kmcDocument.KmcDocumentController.add()', 'POST', 1, 'insmess', '研发部门', '/kmcDocument/document', '127.0.0.1', '内网IP', '{\"categoryId\":5,\"categoryName\":\"经济与发展\",\"createBy\":\"星小图\",\"createTime\":\"2025-10-22 17:56:02\",\"creatorId\":1,\"name\":\"美攻打伊拉克.docx\",\"params\":{},\"url\":\"http://localhost:8090/file/5c60001d3f974c01a18065b3947941e1.docx\",\"workspaceId\":1001}', '{\"code\":200,\"msg\":\"操作成功\"}', 0, NULL, '2025-10-22 09:56:04', 356);
INSERT INTO `system_oper_log` VALUES (666, '知识文件', 3, 'com.insmess.knowledge.module.kmc.controller.admin.kmcDocument.KmcDocumentController.remove()', 'DELETE', 1, 'insmess', '研发部门', '/kmcDocument/document/13', '127.0.0.1', '内网IP', '{}', '{\"code\":200,\"msg\":\"操作成功\"}', 0, NULL, '2025-10-22 09:56:19', 75);
INSERT INTO `system_oper_log` VALUES (667, '用户头像', 2, 'system.admin.controller.com.insmess.knowledge.module.system.SysProfileController.avatar()', 'POST', 1, 'insmess', '研发部门', '/system/user/profile/avatar', '221.216.116.165', 'XX XX', '', NULL, 1, '暂不支持上传图片', '2025-10-24 16:33:25', 1);
INSERT INTO `system_oper_log` VALUES (668, '通知公告', 3, 'system.admin.controller.com.insmess.knowledge.module.system.SysNoticeController.remove()', 'DELETE', 1, 'insmess', '研发部门', '/system/notice/1', '127.0.0.1', '内网IP', '{}', '{\"msg\":\"操作成功\",\"code\":200}', 0, NULL, '2025-10-25 14:20:13', 17);
INSERT INTO `system_oper_log` VALUES (669, '通知公告', 3, 'system.admin.controller.com.insmess.knowledge.module.system.SysNoticeController.remove()', 'DELETE', 1, 'insmess', '研发部门', '/system/notice/2', '127.0.0.1', '内网IP', '{}', '{\"msg\":\"操作成功\",\"code\":200}', 0, NULL, '2025-10-25 14:20:15', 4);
INSERT INTO `system_oper_log` VALUES (670, '菜单管理', 2, 'system.admin.controller.com.insmess.knowledge.module.system.SysMenuController.edit()', 'PUT', 1, 'insmess', '研发部门', '/system/menu', '127.0.0.1', '内网IP', '{\"children\":[],\"createTime\":\"2025-09-23 00:39:43\",\"icon\":\"#\",\"isCache\":\"0\",\"isFrame\":\"1\",\"menuId\":2090,\"menuName\":\"算法抽取\",\"menuType\":\"M\",\"orderNum\":0,\"params\":{},\"parentId\":2088,\"path\":\"/nlpExtract\",\"perms\":\"\",\"routeName\":\"\",\"status\":\"0\",\"updateBy\":\"星小图\",\"visible\":\"1\"}', '{\"msg\":\"操作成功\",\"code\":200}', 0, NULL, '2025-10-27 11:28:25', 49);
INSERT INTO `system_oper_log` VALUES (671, '菜单管理', 2, 'system.admin.controller.com.insmess.knowledge.module.system.SysMenuController.edit()', 'PUT', 1, 'insmess', '研发部门', '/system/menu', '127.0.0.1', '内网IP', '{\"children\":[],\"createTime\":\"2025-09-23 00:40:02\",\"icon\":\"#\",\"isCache\":\"0\",\"isFrame\":\"1\",\"menuId\":2091,\"menuName\":\"大模型抽取\",\"menuType\":\"M\",\"orderNum\":0,\"params\":{},\"parentId\":2088,\"path\":\"bigModelExtract\",\"perms\":\"\",\"routeName\":\"\",\"status\":\"0\",\"updateBy\":\"星小图\",\"visible\":\"1\"}', '{\"msg\":\"操作成功\",\"code\":200}', 0, NULL, '2025-10-27 11:28:28', 8);
INSERT INTO `system_oper_log` VALUES (672, '知识文件', 1, 'com.insmess.knowledge.module.kmc.controller.admin.kmcDocument.KmcDocumentController.add()', 'POST', 1, 'insmess', '研发部门', '/kmcDocument/document', '127.0.0.1', '内网IP', '{\"categoryId\":5,\"categoryName\":\"经济与发展\",\"createBy\":\"星小图\",\"createTime\":\"2025-10-27 12:42:48\",\"creatorId\":1,\"name\":\"美攻打伊拉克.docx\",\"params\":{},\"url\":\"http://localhost:8090/file/193984ed8fb943fc9da44b70c378d0ad.docx\",\"workspaceId\":1001}', '{\"code\":200,\"msg\":\"操作成功\"}', 0, NULL, '2025-10-27 12:42:48', 17);
INSERT INTO `system_oper_log` VALUES (673, '非结构化抽取任务', 1, 'com.insmess.knowledge.module.ext.controller.admin.extUnstructTask.ExtUnstructTaskController.add()', 'POST', 1, 'insmess', '研发部门', '/ext/unstructTask', '127.0.0.1', '内网IP', '{\"createBy\":\"星小图\",\"createTime\":\"2025-10-27 12:43:44\",\"creatorId\":1,\"id\":5,\"name\":\"美国攻打伊拉克\",\"params\":{\"docIds\":\"14\",\"relationIds\":\"10,11,12,13,14,15,16,17,18,19\"},\"publishStatus\":0,\"status\":0,\"updateTime\":\"2025-10-27 12:43:44\",\"workspaceId\":1001}', '{\"code\":200,\"msg\":\"操作成功\"}', 0, NULL, '2025-10-27 12:43:44', 38);
INSERT INTO `system_oper_log` VALUES (674, '知识文件', 1, 'com.insmess.knowledge.module.kmc.controller.admin.kmcDocument.KmcDocumentController.add()', 'POST', 1, 'insmess', '研发部门', '/kmcDocument/document', '127.0.0.1', '内网IP', '{\"categoryId\":14,\"categoryName\":\"现代史\",\"createBy\":\"星小图\",\"createTime\":\"2025-10-27 13:51:49\",\"creatorId\":1,\"name\":\"特朗普出任美国总统.docx\",\"params\":{},\"url\":\"http://localhost:8090/file/09ca92b2dfdc4eb995ea07fab5cd72f4.docx\",\"workspaceId\":1001}', '{\"code\":200,\"msg\":\"操作成功\"}', 0, NULL, '2025-10-27 13:51:49', 54);
INSERT INTO `system_oper_log` VALUES (675, '非结构化抽取任务', 1, 'com.insmess.knowledge.module.ext.controller.admin.extUnstructTask.ExtUnstructTaskController.add()', 'POST', 1, 'insmess', '研发部门', '/ext/unstructTask', '127.0.0.1', '内网IP', '{\"createBy\":\"星小图\",\"createTime\":\"2025-10-27 13:52:34\",\"creatorId\":1,\"id\":6,\"name\":\"特朗普\",\"params\":{\"docIds\":\"15\",\"relationIds\":\"10\"},\"publishStatus\":0,\"status\":0,\"updateTime\":\"2025-10-27 13:52:34\",\"workspaceId\":1001}', '{\"code\":200,\"msg\":\"操作成功\"}', 0, NULL, '2025-10-27 13:52:34', 30);
INSERT INTO `system_oper_log` VALUES (676, '概念配置', 2, 'com.insmess.knowledge.module.ext.controller.admin.extSchema.ExtSchemaController.edit()', 'PUT', 1, 'insmess', '研发部门', '/ext/schema', '127.0.0.1', '内网IP', '{\"color\":\"rgba(255, 69, 0, 1)\",\"createBy\":\"\",\"name\":\"xxxx\",\"params\":{},\"updateBy\":\"星小图\",\"updateTime\":\"2025-10-27 13:58:45\",\"updaterId\":1}', '{\"code\":500,\"msg\":\"操作失败\"}', 0, NULL, '2025-10-27 13:58:45', 15);
INSERT INTO `system_oper_log` VALUES (677, '概念配置', 2, 'com.insmess.knowledge.module.ext.controller.admin.extSchema.ExtSchemaController.edit()', 'PUT', 1, 'insmess', '研发部门', '/ext/schema', '127.0.0.1', '内网IP', '{\"color\":\"rgba(255, 69, 0, 1)\",\"createBy\":\"\",\"name\":\"xxxx\",\"params\":{},\"updateBy\":\"星小图\",\"updateTime\":\"2025-10-27 13:58:46\",\"updaterId\":1}', '{\"code\":500,\"msg\":\"操作失败\"}', 0, NULL, '2025-10-27 13:58:46', 6);
INSERT INTO `system_oper_log` VALUES (678, '概念配置', 2, 'com.insmess.knowledge.module.ext.controller.admin.extSchema.ExtSchemaController.edit()', 'PUT', 1, 'insmess', '研发部门', '/ext/schema', '127.0.0.1', '内网IP', '{\"color\":\"rgba(255, 69, 0, 1)\",\"createBy\":\"\",\"description\":\"xcvxd\",\"name\":\"xxv\",\"params\":{},\"updateBy\":\"星小图\",\"updateTime\":\"2025-10-27 14:17:14\",\"updaterId\":1}', '{\"code\":500,\"msg\":\"操作失败\"}', 0, NULL, '2025-10-27 14:17:14', 6);
INSERT INTO `system_oper_log` VALUES (679, '非结构化抽取任务', 3, 'com.insmess.knowledge.module.ext.controller.admin.extUnstructTask.ExtUnstructTaskController.remove()', 'DELETE', 1, 'insmess', '研发部门', '/ext/unstructTask/6', '127.0.0.1', '内网IP', '{}', '{\"code\":200,\"msg\":\"操作成功\"}', 0, NULL, '2025-10-27 14:53:34', 13);
INSERT INTO `system_oper_log` VALUES (680, '非结构化抽取任务', 3, 'com.insmess.knowledge.module.ext.controller.admin.extUnstructTask.ExtUnstructTaskController.remove()', 'DELETE', 1, 'insmess', '研发部门', '/ext/unstructTask/5', '127.0.0.1', '内网IP', '{}', '{\"code\":200,\"msg\":\"操作成功\"}', 0, NULL, '2025-10-27 14:59:20', 10);
INSERT INTO `system_oper_log` VALUES (681, '知识文件', 3, 'com.insmess.knowledge.module.kmc.controller.admin.kmcDocument.KmcDocumentController.remove()', 'DELETE', 1, 'insmess', '研发部门', '/kmcDocument/document/15', '127.0.0.1', '内网IP', '{}', '{\"code\":200,\"msg\":\"操作成功\"}', 0, NULL, '2025-10-27 14:59:30', 7);
INSERT INTO `system_oper_log` VALUES (682, '知识文件', 1, 'com.insmess.knowledge.module.kmc.controller.admin.kmcDocument.KmcDocumentController.add()', 'POST', 1, 'insmess', '研发部门', '/kmcDocument/document', '127.0.0.1', '内网IP', '{\"categoryId\":14,\"categoryName\":\"现代史\",\"createBy\":\"星小图\",\"createTime\":\"2025-10-27 14:59:43\",\"creatorId\":1,\"name\":\"特朗普出任美国总统.docx\",\"params\":{},\"url\":\"http://localhost:8090/file/371b8ecafeb54112a5c9ad22a1078b72.docx\",\"workspaceId\":1001}', '{\"code\":200,\"msg\":\"操作成功\"}', 0, NULL, '2025-10-27 14:59:43', 6);
INSERT INTO `system_oper_log` VALUES (683, '非结构化抽取任务', 1, 'com.insmess.knowledge.module.ext.controller.admin.extUnstructTask.ExtUnstructTaskController.add()', 'POST', 1, 'insmess', '研发部门', '/ext/unstructTask', '127.0.0.1', '内网IP', '{\"createBy\":\"星小图\",\"createTime\":\"2025-10-27 15:00:03\",\"creatorId\":1,\"id\":7,\"name\":\"漂亮国任务\",\"params\":{\"docIds\":\"16\",\"relationIds\":\"10,11\"},\"publishStatus\":0,\"status\":0,\"updateTime\":\"2025-10-27 15:00:03\",\"workspaceId\":1001}', '{\"code\":200,\"msg\":\"操作成功\"}', 0, NULL, '2025-10-27 15:00:03', 16);
INSERT INTO `system_oper_log` VALUES (684, '知识文件', 3, 'com.insmess.knowledge.module.kmc.controller.admin.kmcDocument.KmcDocumentController.remove()', 'DELETE', 1, 'insmess', '研发部门', '/kmcDocument/document/14', '127.0.0.1', '内网IP', '{}', '{\"code\":200,\"msg\":\"操作成功\"}', 0, NULL, '2025-10-27 15:08:12', 7);
INSERT INTO `system_oper_log` VALUES (685, '知识文件', 3, 'com.insmess.knowledge.module.kmc.controller.admin.kmcDocument.KmcDocumentController.remove()', 'DELETE', 1, 'insmess', '研发部门', '/kmcDocument/document/16', '127.0.0.1', '内网IP', '{}', '{\"code\":200,\"msg\":\"操作成功\"}', 0, NULL, '2025-10-27 15:08:13', 7);
INSERT INTO `system_oper_log` VALUES (686, '知识文件', 1, 'com.insmess.knowledge.module.kmc.controller.admin.kmcDocument.KmcDocumentController.add()', 'POST', 1, 'insmess', '研发部门', '/kmcDocument/document', '127.0.0.1', '内网IP', '{\"categoryId\":14,\"categoryName\":\"现代史\",\"createBy\":\"星小图\",\"createTime\":\"2025-10-27 15:08:47\",\"creatorId\":1,\"name\":\"特朗普出任美国总统.docx\",\"params\":{},\"url\":\"http://localhost:8090/file/b84cfbef72394e8082dd1da2524fd471.docx\",\"workspaceId\":1001}', '{\"code\":200,\"msg\":\"操作成功\"}', 0, NULL, '2025-10-27 15:08:47', 6);
INSERT INTO `system_oper_log` VALUES (687, '知识文件', 1, 'com.insmess.knowledge.module.kmc.controller.admin.kmcDocument.KmcDocumentController.add()', 'POST', 1, 'insmess', '研发部门', '/kmcDocument/document', '127.0.0.1', '内网IP', '{\"categoryId\":14,\"categoryName\":\"现代史\",\"createBy\":\"星小图\",\"createTime\":\"2025-10-27 15:09:04\",\"creatorId\":1,\"name\":\"特朗普出任漂亮国.docx\",\"params\":{},\"url\":\"http://localhost:8090/file/75245a30026143d3968ca6573d1cae88.docx\",\"workspaceId\":1001}', '{\"code\":200,\"msg\":\"操作成功\"}', 0, NULL, '2025-10-27 15:09:04', 7);
INSERT INTO `system_oper_log` VALUES (688, '非结构化抽取任务', 3, 'com.insmess.knowledge.module.ext.controller.admin.extUnstructTask.ExtUnstructTaskController.remove()', 'DELETE', 1, 'insmess', '研发部门', '/ext/unstructTask/6', '127.0.0.1', '内网IP', '{}', NULL, 1, 'Cannot invoke \"com.insmess.knowledge.module.ext.dal.dataobject.extUnstructTask.ExtUnstructTaskDO.getId()\" because \"unstructTaskDO\" is null', '2025-10-27 15:09:27', 3);
INSERT INTO `system_oper_log` VALUES (689, '非结构化抽取任务', 3, 'com.insmess.knowledge.module.ext.controller.admin.extUnstructTask.ExtUnstructTaskController.remove()', 'DELETE', 1, 'insmess', '研发部门', '/ext/unstructTask/5', '127.0.0.1', '内网IP', '{}', NULL, 1, 'Cannot invoke \"com.insmess.knowledge.module.ext.dal.dataobject.extUnstructTask.ExtUnstructTaskDO.getId()\" because \"unstructTaskDO\" is null', '2025-10-27 15:09:33', 2);
INSERT INTO `system_oper_log` VALUES (690, '测试连接', 3, 'com.insmess.knowledge.module.dm.controller.admin.datasource.DmDatasourceController.clientsTest()', 'GET', 1, 'insmess', '研发部门', '/dm/dmDatasource/clientsTest/1', '114.246.238.178', 'XX XX', '{}', '{\"msg\":\"数据库连接成功\",\"code\":200}', 0, NULL, '2025-10-27 15:30:13', 5);
INSERT INTO `system_oper_log` VALUES (691, '非结构化抽取任务', 3, 'com.insmess.knowledge.module.ext.controller.admin.extUnstructTask.ExtUnstructTaskController.remove()', 'DELETE', 1, 'insmess', '研发部门', '/ext/unstructTask/7', '223.104.43.51', 'XX XX', '{}', '{\"code\":200,\"msg\":\"操作成功\"}', 0, NULL, '2025-10-27 15:31:18', 10);
INSERT INTO `system_oper_log` VALUES (692, '非结构化抽取任务', 1, 'com.insmess.knowledge.module.ext.controller.admin.extUnstructTask.ExtUnstructTaskController.add()', 'POST', 1, 'insmess', '研发部门', '/ext/unstructTask', '223.104.43.51', 'XX XX', '{\"createBy\":\"星小图\",\"createTime\":\"2025-10-27 15:38:21\",\"creatorId\":1,\"id\":8,\"name\":\"美国\",\"params\":{\"docIds\":\"17\",\"relationIds\":\"10,11\"},\"publishStatus\":0,\"status\":0,\"updateTime\":\"2025-10-27 15:38:21\",\"workspaceId\":1001}', '{\"code\":200,\"msg\":\"操作成功\"}', 0, NULL, '2025-10-27 15:38:21', 15);
INSERT INTO `system_oper_log` VALUES (693, '非结构化抽取任务', 3, 'com.insmess.knowledge.module.ext.controller.admin.extUnstructTask.ExtUnstructTaskController.remove()', 'DELETE', 1, 'insmess', '研发部门', '/ext/unstructTask/8', '223.104.43.51', 'XX XX', '{}', '{\"code\":200,\"msg\":\"操作成功\"}', 0, NULL, '2025-10-27 15:38:39', 11);
INSERT INTO `system_oper_log` VALUES (694, '知识文件', 3, 'com.insmess.knowledge.module.kmc.controller.admin.kmcDocument.KmcDocumentController.remove()', 'DELETE', 1, 'insmess', '研发部门', '/kmcDocument/document/17', '223.104.43.51', 'XX XX', '{}', '{\"code\":200,\"msg\":\"操作成功\"}', 0, NULL, '2025-10-27 15:39:02', 7);
INSERT INTO `system_oper_log` VALUES (695, '知识文件', 3, 'com.insmess.knowledge.module.kmc.controller.admin.kmcDocument.KmcDocumentController.remove()', 'DELETE', 1, 'insmess', '研发部门', '/kmcDocument/document/18', '223.104.43.51', 'XX XX', '{}', '{\"code\":200,\"msg\":\"操作成功\"}', 0, NULL, '2025-10-27 15:39:04', 5);
INSERT INTO `system_oper_log` VALUES (696, '知识文件', 1, 'com.insmess.knowledge.module.kmc.controller.admin.kmcDocument.KmcDocumentController.add()', 'POST', 1, 'insmess', '研发部门', '/kmcDocument/document', '223.104.43.51', 'XX XX', '{\"categoryId\":14,\"categoryName\":\"现代史\",\"createBy\":\"星小图\",\"createTime\":\"2025-10-27 15:40:19\",\"creatorId\":1,\"name\":\"特朗普出任美国总统.docx\",\"params\":{},\"url\":\"http://localhost:8090/file/d6e53c86fa344998aab064cd8647dfdf.docx\",\"workspaceId\":1001}', '{\"code\":200,\"msg\":\"操作成功\"}', 0, NULL, '2025-10-27 15:40:19', 6);
INSERT INTO `system_oper_log` VALUES (697, '知识文件', 1, 'com.insmess.knowledge.module.kmc.controller.admin.kmcDocument.KmcDocumentController.add()', 'POST', 1, 'insmess', '研发部门', '/kmcDocument/document', '223.104.43.51', 'XX XX', '{\"categoryId\":14,\"categoryName\":\"现代史\",\"createBy\":\"星小图\",\"createTime\":\"2025-10-27 15:40:29\",\"creatorId\":1,\"name\":\"特朗普出任漂亮国.docx\",\"params\":{},\"url\":\"http://localhost:8090/file/75691da1597d48f48b24bfa6342d669f.docx\",\"workspaceId\":1001}', '{\"code\":200,\"msg\":\"操作成功\"}', 0, NULL, '2025-10-27 15:40:29', 7);
INSERT INTO `system_oper_log` VALUES (698, '非结构化抽取任务', 1, 'com.insmess.knowledge.module.ext.controller.admin.extUnstructTask.ExtUnstructTaskController.add()', 'POST', 1, 'insmess', '研发部门', '/ext/unstructTask', '223.104.43.51', 'XX XX', '{\"createBy\":\"星小图\",\"createTime\":\"2025-10-27 15:41:15\",\"creatorId\":1,\"id\":9,\"name\":\"美国\",\"params\":{\"docIds\":\"17\",\"relationIds\":\"11,10\"},\"publishStatus\":0,\"status\":0,\"updateTime\":\"2025-10-27 15:41:15\",\"workspaceId\":1001}', '{\"code\":200,\"msg\":\"操作成功\"}', 0, NULL, '2025-10-27 15:41:15', 13);
INSERT INTO `system_oper_log` VALUES (699, '非结构化抽取任务', 3, 'com.insmess.knowledge.module.ext.controller.admin.extUnstructTask.ExtUnstructTaskController.remove()', 'DELETE', 1, 'insmess', '研发部门', '/ext/unstructTask/9', '223.104.43.51', 'XX XX', '{}', '{\"code\":200,\"msg\":\"操作成功\"}', 0, NULL, '2025-10-27 15:41:24', 7);
INSERT INTO `system_oper_log` VALUES (700, '非结构化抽取任务', 1, 'com.insmess.knowledge.module.ext.controller.admin.extUnstructTask.ExtUnstructTaskController.add()', 'POST', 1, 'insmess', '研发部门', '/ext/unstructTask', '223.104.43.51', 'XX XX', '{\"createBy\":\"星小图\",\"createTime\":\"2025-10-27 15:41:45\",\"creatorId\":1,\"id\":10,\"name\":\"test\",\"params\":{\"docIds\":\"17\",\"relationIds\":\"10\"},\"publishStatus\":0,\"status\":0,\"updateTime\":\"2025-10-27 15:41:45\",\"workspaceId\":1001}', '{\"code\":200,\"msg\":\"操作成功\"}', 0, NULL, '2025-10-27 15:41:45', 13);
INSERT INTO `system_oper_log` VALUES (701, '非结构化抽取任务', 3, 'com.insmess.knowledge.module.ext.controller.admin.extUnstructTask.ExtUnstructTaskController.remove()', 'DELETE', 1, 'insmess', '研发部门', '/ext/unstructTask/10', '127.0.0.1', '内网IP', '{}', '{\"code\":200,\"msg\":\"操作成功\"}', 0, NULL, '2025-10-27 15:42:45', 8);
INSERT INTO `system_oper_log` VALUES (702, '非结构化抽取任务', 1, 'com.insmess.knowledge.module.ext.controller.admin.extUnstructTask.ExtUnstructTaskController.add()', 'POST', 1, 'insmess', '研发部门', '/ext/unstructTask', '127.0.0.1', '内网IP', '{\"createBy\":\"星小图\",\"createTime\":\"2025-10-27 15:42:59\",\"creatorId\":1,\"id\":11,\"name\":\"test\",\"params\":{\"docIds\":\"19\",\"relationIds\":\"10,11\"},\"publishStatus\":0,\"status\":0,\"updateTime\":\"2025-10-27 15:42:59\",\"workspaceId\":1001}', '{\"code\":200,\"msg\":\"操作成功\"}', 0, NULL, '2025-10-27 15:42:59', 16);
INSERT INTO `system_oper_log` VALUES (703, '非结构化抽取任务', 1, 'com.insmess.knowledge.module.ext.controller.admin.extUnstructTask.ExtUnstructTaskController.add()', 'POST', 1, 'insmess', '研发部门', '/ext/unstructTask', '127.0.0.1', '内网IP', '{\"createBy\":\"星小图\",\"createTime\":\"2025-10-27 16:04:36\",\"creatorId\":1,\"id\":12,\"name\":\"test2\",\"params\":{\"docIds\":\"20\",\"relationIds\":\"17,16\"},\"publishStatus\":0,\"status\":0,\"updateTime\":\"2025-10-27 16:04:36\",\"workspaceId\":1001}', '{\"code\":200,\"msg\":\"操作成功\"}', 0, NULL, '2025-10-27 16:04:36', 49);
INSERT INTO `system_oper_log` VALUES (704, '抽取字典', 1, 'com.insmess.knowledge.module.ext.controller.admin.extExtractDictData.ExtExtractDictDataController.add()', 'POST', 1, 'insmess', '研发部门', '/ext/extExtractDictData', '127.0.0.1', '内网IP', '{\"dictTypeId\":1,\"name\":\"漂亮国\",\"params\":{},\"remark\":\"美国\"}', '{\"code\":200,\"msg\":\"操作成功\"}', 0, NULL, '2025-10-27 16:11:15', 10);
INSERT INTO `system_oper_log` VALUES (705, '主词汇', 1, 'com.insmess.knowledge.module.ext.controller.admin.ExtWord.ExtWordController.add()', 'POST', 1, 'insmess', '研发部门', '/ext/ExtWord', '127.0.0.1', '内网IP', '{\"description\":\"特朗普\",\"domain\":\"人物\",\"name\":\"特朗普\",\"params\":{},\"remark\":\"特朗普\"}', '{\"code\":200,\"msg\":\"操作成功\"}', 0, NULL, '2025-10-27 16:12:40', 12);
INSERT INTO `system_oper_log` VALUES (706, '同义词', 1, 'com.insmess.knowledge.module.ext.controller.admin.ExtWordAntonym.ExtWordAntonymController.add()', 'POST', 1, 'insmess', '研发部门', '/ext/ExtWordAntonym', '127.0.0.1', '内网IP', '{\"name\":\"特靠谱\",\"params\":{},\"remark\":\"特靠谱\",\"wordId\":2}', '{\"code\":200,\"msg\":\"操作成功\"}', 0, NULL, '2025-10-27 16:12:59', 9);
INSERT INTO `system_oper_log` VALUES (707, '同义词', 1, 'com.insmess.knowledge.module.ext.controller.admin.ExtWordAntonym.ExtWordAntonymController.add()', 'POST', 1, 'insmess', '研发部门', '/ext/ExtWordAntonym', '127.0.0.1', '内网IP', '{\"name\":\"川普\",\"params\":{},\"remark\":\"川普\",\"wordId\":2}', '{\"code\":200,\"msg\":\"操作成功\"}', 0, NULL, '2025-10-27 16:13:14', 7);
INSERT INTO `system_oper_log` VALUES (708, '主词汇', 1, 'com.insmess.knowledge.module.ext.controller.admin.ExtWord.ExtWordController.add()', 'POST', 1, 'insmess', '研发部门', '/ext/ExtWord', '127.0.0.1', '内网IP', '{\"description\":\"特靠谱\",\"domain\":\"人物\",\"name\":\"普京\",\"params\":{},\"remark\":\"特靠谱\"}', '{\"code\":200,\"msg\":\"操作成功\"}', 0, NULL, '2025-10-27 16:16:28', 8);
INSERT INTO `system_oper_log` VALUES (709, '主词汇', 2, 'com.insmess.knowledge.module.ext.controller.admin.ExtWord.ExtWordController.edit()', 'PUT', 1, 'insmess', '研发部门', '/ext/ExtWord', '127.0.0.1', '内网IP', '{\"createBy\":\"星小图\",\"createTime\":\"2025-10-27 16:16:28\",\"creatorId\":1,\"description\":\"普京\",\"domain\":\"人物\",\"id\":3,\"name\":\"普京\",\"params\":{},\"remark\":\"普京\",\"updateBy\":\"星小图\",\"updateTime\":\"2025-10-27 16:16:28\"}', '{\"code\":200,\"msg\":\"操作成功\"}', 0, NULL, '2025-10-27 16:16:38', 12);
INSERT INTO `system_oper_log` VALUES (710, '同义词', 1, 'com.insmess.knowledge.module.ext.controller.admin.ExtWordAntonym.ExtWordAntonymController.add()', 'POST', 1, 'insmess', '研发部门', '/ext/ExtWordAntonym', '127.0.0.1', '内网IP', '{\"name\":\"特靠谱\",\"params\":{},\"remark\":\"特靠谱\",\"wordId\":3}', '{\"code\":200,\"msg\":\"操作成功\"}', 0, NULL, '2025-10-27 16:16:59', 6);
INSERT INTO `system_oper_log` VALUES (711, '非结构化抽取任务', 1, 'com.insmess.knowledge.module.ext.controller.admin.extUnstructTask.ExtUnstructTaskController.add()', 'POST', 1, 'insmess', '研发部门', '/ext/unstructTask', '127.0.0.1', '内网IP', '{\"createBy\":\"星小图\",\"createTime\":\"2025-10-27 16:49:13\",\"creatorId\":1,\"id\":13,\"name\":\"测试三元组抽取\",\"params\":{\"docIds\":\"3\",\"relationIds\":\"27,32\"},\"publishStatus\":0,\"status\":0,\"updateTime\":\"2025-10-27 16:49:13\",\"workspaceId\":1001}', '{\"code\":200,\"msg\":\"操作成功\"}', 0, NULL, '2025-10-27 16:49:13', 73);
INSERT INTO `system_oper_log` VALUES (712, '非结构化抽取任务', 3, 'com.insmess.knowledge.module.ext.controller.admin.extUnstructTask.ExtUnstructTaskController.remove()', 'DELETE', 1, 'insmess', '研发部门', '/ext/unstructTask/13', '127.0.0.1', '内网IP', '{}', '{\"code\":200,\"msg\":\"操作成功\"}', 0, NULL, '2025-10-27 16:49:17', 36);
INSERT INTO `system_oper_log` VALUES (713, '抽取字典', 1, 'com.insmess.knowledge.module.ext.controller.admin.extExtractDictData.ExtExtractDictDataController.add()', 'POST', 1, 'insmess', '研发部门', '/ext/extExtractDictData', '127.0.0.1', '内网IP', '{\"dictTypeId\":4,\"name\":\"山本五十六\",\"params\":{},\"remark\":\"山本五十六\"}', '{\"code\":200,\"msg\":\"操作成功\"}', 0, NULL, '2025-10-27 16:54:34', 10);
INSERT INTO `system_oper_log` VALUES (714, '抽取字典', 1, 'com.insmess.knowledge.module.ext.controller.admin.extExtractDictData.ExtExtractDictDataController.add()', 'POST', 1, 'insmess', '研发部门', '/ext/extExtractDictData', '127.0.0.1', '内网IP', '{\"dictTypeId\":2,\"name\":\"珍珠港\",\"params\":{},\"remark\":\"珍珠港\"}', '{\"code\":200,\"msg\":\"操作成功\"}', 0, NULL, '2025-10-27 16:54:59', 7);
INSERT INTO `system_oper_log` VALUES (715, '知识文件', 1, 'com.insmess.knowledge.module.kmc.controller.admin.kmcDocument.KmcDocumentController.add()', 'POST', 1, 'insmess', '研发部门', '/kmcDocument/document', '127.0.0.1', '内网IP', '{\"categoryId\":14,\"categoryName\":\"现代史\",\"createBy\":\"星小图\",\"createTime\":\"2025-10-27 16:57:06\",\"creatorId\":1,\"name\":\"偷袭珍珠港.docx\",\"params\":{},\"url\":\"http://localhost:8090/file/1f1ebc37c98d4f32947d3d9cd5c30f01.docx\",\"workspaceId\":1001}', '{\"code\":200,\"msg\":\"操作成功\"}', 0, NULL, '2025-10-27 16:57:06', 70);
INSERT INTO `system_oper_log` VALUES (716, '非结构化抽取任务', 1, 'com.insmess.knowledge.module.ext.controller.admin.extUnstructTask.ExtUnstructTaskController.add()', 'POST', 1, 'insmess', '研发部门', '/ext/unstructTask', '127.0.0.1', '内网IP', '{\"createBy\":\"星小图\",\"createTime\":\"2025-10-27 16:57:55\",\"creatorId\":1,\"id\":14,\"name\":\"test\",\"params\":{\"docIds\":\"21\",\"relationIds\":\"25,26,27,28,29,30,31,32,33,34\"},\"publishStatus\":0,\"status\":0,\"updateTime\":\"2025-10-27 16:57:55\",\"workspaceId\":1001}', '{\"code\":200,\"msg\":\"操作成功\"}', 0, NULL, '2025-10-27 16:57:55', 45);
INSERT INTO `system_oper_log` VALUES (717, '非结构化抽取任务', 3, 'com.insmess.knowledge.module.ext.controller.admin.extUnstructTask.ExtUnstructTaskController.remove()', 'DELETE', 1, 'insmess', '研发部门', '/ext/unstructTask/14', '127.0.0.1', '内网IP', '{}', '{\"code\":200,\"msg\":\"操作成功\"}', 0, NULL, '2025-10-27 17:03:12', 91);
INSERT INTO `system_oper_log` VALUES (718, '非结构化抽取任务', 1, 'com.insmess.knowledge.module.ext.controller.admin.extUnstructTask.ExtUnstructTaskController.add()', 'POST', 1, 'insmess', '研发部门', '/ext/unstructTask', '127.0.0.1', '内网IP', '{\"createBy\":\"星小图\",\"createTime\":\"2025-10-27 17:03:34\",\"creatorId\":1,\"id\":15,\"knowledgeId\":4,\"name\":\"测试三元组\",\"params\":{\"docIds\":\"21\",\"relationIds\":\"27,26,25,28,29,30,31,32,33,34\"},\"publishStatus\":0,\"status\":0,\"updateTime\":\"2025-10-27 17:03:34\",\"workspaceId\":1001}', '{\"code\":200,\"msg\":\"操作成功\"}', 0, NULL, '2025-10-27 17:03:35', 59);
INSERT INTO `system_oper_log` VALUES (719, '知识文件', 1, 'com.insmess.knowledge.module.kmc.controller.admin.kmcDocument.KmcDocumentController.add()', 'POST', 1, 'insmess', '研发部门', '/kmcDocument/document', '223.104.40.233', 'XX XX', '{\"categoryId\":12,\"categoryName\":\"古代文明\",\"createBy\":\"星小图\",\"createTime\":\"2025-10-27 19:18:51\",\"creatorId\":1,\"name\":\"特靠谱.docx\",\"params\":{},\"url\":\"http://localhost:8090/file/ad47677edbd04ddd8561a34f5fe6a6cc.docx\",\"workspaceId\":1001}', '{\"code\":200,\"msg\":\"操作成功\"}', 0, NULL, '2025-10-27 19:18:51', 29);
INSERT INTO `system_oper_log` VALUES (720, '非结构化抽取任务', 1, 'com.insmess.knowledge.module.ext.controller.admin.extUnstructTask.ExtUnstructTaskController.add()', 'POST', 1, 'insmess', '研发部门', '/ext/unstructTask', '223.104.40.233', 'XX XX', '{\"createBy\":\"星小图\",\"createTime\":\"2025-10-27 19:19:37\",\"creatorId\":1,\"id\":16,\"knowledgeId\":4,\"name\":\"测试特朗普\",\"params\":{\"docIds\":\"22\",\"relationIds\":\"25,26,27,28,29,30,31,32,33,34\"},\"publishStatus\":0,\"status\":0,\"updateTime\":\"2025-10-27 19:19:37\",\"workspaceId\":1001}', '{\"code\":200,\"msg\":\"操作成功\"}', 0, NULL, '2025-10-27 19:19:37', 36);
INSERT INTO `system_oper_log` VALUES (721, '测试连接', 3, 'com.insmess.knowledge.module.dm.controller.admin.datasource.DmDatasourceController.clientsTest()', 'GET', 1, 'insmess', '研发部门', '/dm/dmDatasource/clientsTest/1', '223.104.40.233', 'XX XX', '{}', '{\"msg\":\"数据库连接成功\",\"code\":200}', 0, NULL, '2025-10-27 20:07:59', 8);
INSERT INTO `system_oper_log` VALUES (722, '测试连接', 3, 'com.insmess.knowledge.module.dm.controller.admin.datasource.DmDatasourceController.clientsTest()', 'GET', 1, 'insmess', '研发部门', '/dm/dmDatasource/clientsTest/4', '223.104.40.233', 'XX XX', '{}', '{\"msg\":\"数据库连接成功\",\"code\":200}', 0, NULL, '2025-10-27 20:08:03', 364);
INSERT INTO `system_oper_log` VALUES (723, '主词汇', 1, 'com.insmess.knowledge.module.ext.controller.admin.ExtWord.ExtWordController.add()', 'POST', 1, 'insmess', '研发部门', '/ext/ExtWord', '223.104.40.66', 'XX XX', '{\"description\":\"国家1\",\"domain\":\"1\",\"name\":\"测试\",\"params\":{},\"remark\":\"测试\"}', '{\"code\":200,\"msg\":\"操作成功\"}', 0, NULL, '2025-10-28 09:29:47', 12);
INSERT INTO `system_oper_log` VALUES (724, '主词汇', 3, 'com.insmess.knowledge.module.ext.controller.admin.ExtWord.ExtWordController.remove()', 'DELETE', 1, 'insmess', '研发部门', '/ext/ExtWord/4', '223.104.40.66', 'XX XX', '{}', '{\"code\":200,\"msg\":\"操作成功\"}', 0, NULL, '2025-10-28 09:30:29', 18);
INSERT INTO `system_oper_log` VALUES (725, '主词汇', 1, 'com.insmess.knowledge.module.ext.controller.admin.ExtWord.ExtWordController.add()', 'POST', 1, 'insmess', '研发部门', '/ext/ExtWord', '223.104.40.66', 'XX XX', '{\"description\":\"测试\",\"domain\":\"地区\",\"name\":\"测试\",\"params\":{},\"remark\":\"测试\"}', '{\"code\":200,\"msg\":\"操作成功\"}', 0, NULL, '2025-10-28 09:31:51', 5);
INSERT INTO `system_oper_log` VALUES (726, '主词汇', 3, 'com.insmess.knowledge.module.ext.controller.admin.ExtWord.ExtWordController.remove()', 'DELETE', 1, 'insmess', '研发部门', '/ext/ExtWord/5', '223.104.40.66', 'XX XX', '{}', '{\"code\":200,\"msg\":\"操作成功\"}', 0, NULL, '2025-10-28 09:32:09', 7);
INSERT INTO `system_oper_log` VALUES (727, '概念配置', 3, 'com.insmess.knowledge.module.ext.controller.admin.extSchema.ExtSchemaController.remove()', 'DELETE', 1, 'insmess', '研发部门', '/ext/schema/1761617114861', '117.136.0.39', 'XX XX', '{}', '{\"code\":500,\"msg\":\"操作失败\"}', 0, NULL, '2025-10-28 10:03:40', 5);
INSERT INTO `system_oper_log` VALUES (728, '知识库', 1, 'com.insmess.knowledge.module.ext.controller.admin.extKnowledge.ExtKnowledgeController.add()', 'POST', 1, 'insmess', '研发部门', '/ext/extKnowledge', '117.136.0.39', 'XX XX', '{\"description\":\"规划体系知识\",\"name\":\"规划体系知识库\",\"params\":{},\"remark\":\"备注\"}', '{\"code\":200,\"msg\":\"操作成功\"}', 0, NULL, '2025-10-28 10:39:01', 11);
INSERT INTO `system_oper_log` VALUES (729, '概念实体数据和关系数据', 5, 'com.insmess.knowledge.module.app.controller.admin.appGraph.AppGraphController.exportPageData()', 'POST', 1, 'insmess', '研发部门', '/app/graph/export', '127.0.0.1', '内网IP', '{\"knowledgeId\":\"4\",\"schemaId\":\"50\",\"pageSize\":\"10\",\"pageNum\":\"1\"}', NULL, 1, '数据导出失败: class org.neo4j.driver.internal.value.IntegerValue cannot be cast to class java.lang.String (org.neo4j.driver.internal.value.IntegerValue is in unnamed module of loader \'app\'; java.lang.String is in module java.base of loader \'bootstrap\')', '2025-10-29 16:21:32', 36010);
INSERT INTO `system_oper_log` VALUES (730, '概念实体数据和关系数据', 5, 'com.insmess.knowledge.module.app.controller.admin.appGraph.AppGraphController.exportPageData()', 'POST', 1, 'insmess', '研发部门', '/app/graph/export', '127.0.0.1', '内网IP', '{\"knowledgeId\":\"4\",\"schemaId\":\"50\",\"pageSize\":\"10\",\"pageNum\":\"1\"}', NULL, 1, '数据导出失败: class org.neo4j.driver.internal.value.IntegerValue cannot be cast to class java.lang.String (org.neo4j.driver.internal.value.IntegerValue is in unnamed module of loader \'app\'; java.lang.String is in module java.base of loader \'bootstrap\')', '2025-10-29 16:21:57', 6968);
INSERT INTO `system_oper_log` VALUES (731, '概念实体数据和关系数据', 5, 'com.insmess.knowledge.module.app.controller.admin.appGraph.AppGraphController.exportPageData()', 'POST', 1, 'insmess', '研发部门', '/app/graph/export', '127.0.0.1', '内网IP', '{\"knowledgeId\":\"4\",\"schemaId\":\"50\",\"pageSize\":\"10\",\"pageNum\":\"1\"}', NULL, 1, '数据导出失败: class org.neo4j.driver.internal.value.IntegerValue cannot be cast to class java.lang.String (org.neo4j.driver.internal.value.IntegerValue is in unnamed module of loader \'app\'; java.lang.String is in module java.base of loader \'bootstrap\')', '2025-10-29 16:23:20', 49623);
INSERT INTO `system_oper_log` VALUES (732, '概念实体数据和关系数据', 5, 'com.insmess.knowledge.module.app.controller.admin.appGraph.AppGraphController.exportPageData()', 'POST', 1, 'insmess', '研发部门', '/app/graph/export', '127.0.0.1', '内网IP', '{\"knowledgeId\":\"4\",\"schemaId\":\"50\",\"pageSize\":\"10\",\"pageNum\":\"1\"}', NULL, 1, '数据导出失败: No value present', '2025-10-29 16:25:17', 21311);
INSERT INTO `system_oper_log` VALUES (733, '概念实体数据和关系数据', 5, 'com.insmess.knowledge.module.app.controller.admin.appGraph.AppGraphController.exportPageData()', 'POST', 1, 'insmess', '研发部门', '/app/graph/export', '127.0.0.1', '内网IP', '{\"knowledgeId\":\"4\",\"schemaId\":\"50\",\"pageSize\":\"10\",\"pageNum\":\"1\"}', NULL, 1, '数据导出失败: No value present', '2025-10-29 16:26:48', 67203);
INSERT INTO `system_oper_log` VALUES (734, '概念实体数据和关系数据', 5, 'com.insmess.knowledge.module.app.controller.admin.appGraph.AppGraphController.exportPageData()', 'POST', 1, 'insmess', '研发部门', '/app/graph/export', '127.0.0.1', '内网IP', '{\"knowledgeId\":\"4\",\"schemaId\":\"50\",\"pageSize\":\"10\",\"pageNum\":\"1\"}', NULL, 1, '数据导出失败: No value present', '2025-10-29 16:30:14', 88234);
INSERT INTO `system_oper_log` VALUES (735, '概念实体数据和关系数据', 5, 'com.insmess.knowledge.module.app.controller.admin.appGraph.AppGraphController.exportPageData()', 'POST', 1, 'insmess', '研发部门', '/app/graph/export', '127.0.0.1', '内网IP', '{\"knowledgeId\":\"4\",\"schemaId\":\"50\",\"pageSize\":\"10\",\"pageNum\":\"1\"}', NULL, 1, '数据导出失败: No value present', '2025-10-29 16:34:25', 102303);
INSERT INTO `system_oper_log` VALUES (736, '概念实体数据和关系数据', 5, 'com.insmess.knowledge.module.app.controller.admin.appGraph.AppGraphController.exportPageData()', 'POST', 1, 'insmess', '研发部门', '/app/graph/export', '127.0.0.1', '内网IP', '{\"knowledgeId\":\"4\",\"schemaId\":\"50\",\"pageSize\":\"10\",\"pageNum\":\"1\"}', NULL, 1, '数据导出失败: No value present', '2025-10-29 16:36:24', 5351);
INSERT INTO `system_oper_log` VALUES (737, '概念实体数据和关系数据', 5, 'com.insmess.knowledge.module.app.controller.admin.appGraph.AppGraphController.exportPageData()', 'POST', 1, 'insmess', '研发部门', '/app/graph/export', '127.0.0.1', '内网IP', '{\"knowledgeId\":\"4\",\"schemaId\":\"50\",\"pageSize\":\"10\",\"pageNum\":\"1\"}', NULL, 1, '数据导出失败: The workbook already contains a sheet named \'阿拉曼战役\'', '2025-10-29 16:38:01', 17752);
INSERT INTO `system_oper_log` VALUES (738, '概念实体数据和关系数据', 5, 'com.insmess.knowledge.module.app.controller.admin.appGraph.AppGraphController.exportPageData()', 'POST', 1, 'insmess', '研发部门', '/app/graph/export', '127.0.0.1', '内网IP', '{\"knowledgeId\":\"4\",\"schemaId\":\"50\",\"pageSize\":\"10\",\"pageNum\":\"1\"}', NULL, 1, '数据导出失败: The workbook already contains a sheet named \'阿拉曼战役属性信息\'', '2025-10-29 16:44:12', 1011);
INSERT INTO `system_oper_log` VALUES (739, '概念实体数据和关系数据', 5, 'com.insmess.knowledge.module.app.controller.admin.appGraph.AppGraphController.exportPageData()', 'POST', 1, 'insmess', '研发部门', '/app/graph/export', '127.0.0.1', '内网IP', '{\"knowledgeId\":\"4\",\"schemaId\":\"50\",\"pageSize\":\"10\",\"pageNum\":\"1\"}', NULL, 0, NULL, '2025-10-29 16:46:43', 1098);
INSERT INTO `system_oper_log` VALUES (740, '概念实体数据和关系数据', 5, 'com.insmess.knowledge.module.app.controller.admin.appGraph.AppGraphController.exportPageData()', 'POST', 1, 'insmess', '研发部门', '/app/graph/export', '127.0.0.1', '内网IP', '{\"knowledgeId\":\"4\",\"schemaId\":\"50\",\"pageSize\":\"10\",\"pageNum\":\"1\"}', NULL, 0, NULL, '2025-10-29 16:50:16', 264);
INSERT INTO `system_oper_log` VALUES (741, '概念实体数据和关系数据', 5, 'com.insmess.knowledge.module.app.controller.admin.appGraph.AppGraphController.exportPageData()', 'POST', 1, 'insmess', '研发部门', '/app/graph/export', '127.0.0.1', '内网IP', '{\"knowledgeId\":\"4\",\"schemaId\":\"50\",\"pageSize\":\"10\",\"pageNum\":\"1\"}', NULL, 0, NULL, '2025-10-29 16:52:33', 2610);
INSERT INTO `system_oper_log` VALUES (742, '概念实体数据和关系数据', 5, 'com.insmess.knowledge.module.app.controller.admin.appGraph.AppGraphController.exportPageData()', 'POST', 1, 'insmess', '研发部门', '/app/graph/export', '127.0.0.1', '内网IP', '{\"knowledgeId\":\"4\",\"schemaId\":\"50\",\"pageSize\":\"10\",\"pageNum\":\"1\"}', NULL, 0, NULL, '2025-10-29 16:53:02', 3652);
INSERT INTO `system_oper_log` VALUES (743, '概念实体数据和关系数据', 5, 'com.insmess.knowledge.module.app.controller.admin.appGraph.AppGraphController.exportPageData()', 'POST', 1, 'insmess', '研发部门', '/app/graph/export', '127.0.0.1', '内网IP', '{\"knowledgeId\":\"4\",\"schemaId\":\"50\",\"pageSize\":\"10\",\"pageNum\":\"1\"}', NULL, 0, NULL, '2025-10-29 16:54:02', 53449);
INSERT INTO `system_oper_log` VALUES (744, '概念实体数据和关系数据', 5, 'com.insmess.knowledge.module.app.controller.admin.appGraph.AppGraphController.exportPageData()', 'POST', 1, 'insmess', '研发部门', '/app/graph/export', '127.0.0.1', '内网IP', '{\"depthLevel\":2,\"isAsc\":\"asc\",\"orderBy\":\"\",\"pageNum\":1,\"pageSize\":10,\"params\":{},\"relationLimit\":5}', NULL, 0, NULL, '2025-10-29 16:58:54', 5739);
INSERT INTO `system_oper_log` VALUES (745, '概念实体数据和关系数据', 5, 'com.insmess.knowledge.module.app.controller.admin.appGraph.AppGraphController.exportPageData()', 'POST', 1, 'insmess', '研发部门', '/app/graph/export', '127.0.0.1', '内网IP', '{\"depthLevel\":2,\"isAsc\":\"asc\",\"orderBy\":\"\",\"pageNum\":1,\"pageSize\":10,\"params\":{},\"relationLimit\":5}', NULL, 0, NULL, '2025-10-29 17:00:13', 57);
INSERT INTO `system_oper_log` VALUES (746, '概念实体数据和关系数据', 5, 'com.insmess.knowledge.module.app.controller.admin.appGraph.AppGraphController.exportPageData()', 'POST', 1, 'insmess', '研发部门', '/app/graph/export', '127.0.0.1', '内网IP', '{\"depthLevel\":2,\"isAsc\":\"asc\",\"orderBy\":\"\",\"pageNum\":1,\"pageSize\":10,\"params\":{},\"relationLimit\":5}', NULL, 0, NULL, '2025-10-29 17:23:49', 96);
INSERT INTO `system_oper_log` VALUES (747, '概念实体数据和关系数据', 5, 'com.insmess.knowledge.module.app.controller.admin.appGraph.AppGraphController.exportPageData()', 'POST', 1, 'insmess', '研发部门', '/app/graph/export', '127.0.0.1', '内网IP', '{\"depthLevel\":2,\"isAsc\":\"asc\",\"orderBy\":\"\",\"pageNum\":1,\"pageSize\":10,\"params\":{},\"relationLimit\":5}', NULL, 0, NULL, '2025-10-29 17:25:19', 1157);
INSERT INTO `system_oper_log` VALUES (748, '概念实体数据和关系数据', 5, 'com.insmess.knowledge.module.app.controller.admin.appGraph.AppGraphController.exportPageData()', 'POST', 1, 'insmess', '研发部门', '/app/graph/export', '127.0.0.1', '内网IP', '{\"depthLevel\":2,\"isAsc\":\"asc\",\"orderBy\":\"\",\"pageNum\":1,\"pageSize\":10,\"params\":{},\"relationLimit\":5}', NULL, 0, NULL, '2025-10-29 17:27:06', 1048);
INSERT INTO `system_oper_log` VALUES (749, '概念实体数据和关系数据', 5, 'com.insmess.knowledge.module.app.controller.admin.appGraph.AppGraphController.exportPageData()', 'POST', 1, 'insmess', '研发部门', '/app/graph/export', '127.0.0.1', '内网IP', '{\"depthLevel\":2,\"isAsc\":\"asc\",\"orderBy\":\"\",\"pageNum\":1,\"pageSize\":10,\"params\":{},\"relationLimit\":5}', NULL, 0, NULL, '2025-10-29 17:27:53', 884);
INSERT INTO `system_oper_log` VALUES (750, '概念实体数据和关系数据', 5, 'com.insmess.knowledge.module.app.controller.admin.appGraph.AppGraphController.exportPageData()', 'POST', 1, 'insmess', '研发部门', '/app/graph/export', '127.0.0.1', '内网IP', '{\"depthLevel\":2,\"isAsc\":\"asc\",\"orderBy\":\"\",\"pageNum\":1,\"pageSize\":10,\"params\":{},\"relationLimit\":5}', NULL, 0, NULL, '2025-10-29 17:31:15', 10580);
INSERT INTO `system_oper_log` VALUES (751, '概念实体数据和关系数据', 5, 'com.insmess.knowledge.module.app.controller.admin.appGraph.AppGraphController.exportPageData()', 'POST', 1, 'insmess', '研发部门', '/app/graph/export', '127.0.0.1', '内网IP', '{\"depthLevel\":2,\"isAsc\":\"asc\",\"orderBy\":\"\",\"pageNum\":1,\"pageSize\":10,\"params\":{},\"relationLimit\":5}', NULL, 0, NULL, '2025-10-29 17:33:30', 4359);
INSERT INTO `system_oper_log` VALUES (752, '概念实体数据和关系数据', 5, 'com.insmess.knowledge.module.app.controller.admin.appGraph.AppGraphController.exportPageData()', 'POST', 1, 'insmess', '研发部门', '/app/graph/export', '127.0.0.1', '内网IP', '{\"depthLevel\":2,\"isAsc\":\"asc\",\"orderBy\":\"\",\"pageNum\":1,\"pageSize\":10,\"params\":{},\"relationLimit\":5}', NULL, 0, NULL, '2025-10-29 19:16:00', 939);
INSERT INTO `system_oper_log` VALUES (753, '概念实体数据和关系数据', 5, 'com.insmess.knowledge.module.app.controller.admin.appGraph.AppGraphController.exportPageData()', 'POST', 1, 'insmess', '研发部门', '/app/graph/export', '127.0.0.1', '内网IP', '{\"depthLevel\":2,\"isAsc\":\"asc\",\"orderBy\":\"\",\"pageNum\":1,\"pageSize\":10,\"params\":{},\"relationLimit\":5}', NULL, 0, NULL, '2025-10-29 19:22:22', 182850);
INSERT INTO `system_oper_log` VALUES (754, '概念实体数据和关系数据', 5, 'com.insmess.knowledge.module.app.controller.admin.appGraph.AppGraphController.exportPageData()', 'POST', 1, 'insmess', '研发部门', '/app/graph/export', '127.0.0.1', '内网IP', '{\"depthLevel\":2,\"isAsc\":\"asc\",\"orderBy\":\"\",\"pageNum\":1,\"pageSize\":10,\"params\":{},\"relationLimit\":5}', NULL, 0, NULL, '2025-10-29 19:22:56', 27269);
INSERT INTO `system_oper_log` VALUES (755, '概念实体数据和关系数据', 5, 'com.insmess.knowledge.module.app.controller.admin.appGraph.AppGraphController.exportPageData()', 'POST', 1, 'insmess', '研发部门', '/app/graph/export', '127.0.0.1', '内网IP', '{\"depthLevel\":2,\"isAsc\":\"asc\",\"orderBy\":\"\",\"pageNum\":1,\"pageSize\":10,\"params\":{},\"relationLimit\":5}', NULL, 0, NULL, '2025-10-29 19:24:36', 18066);
INSERT INTO `system_oper_log` VALUES (756, '概念实体数据和关系数据', 5, 'com.insmess.knowledge.module.app.controller.admin.appGraph.AppGraphController.exportPageData()', 'POST', 1, 'insmess', '研发部门', '/app/graph/export', '127.0.0.1', '内网IP', '{\"depthLevel\":2,\"isAsc\":\"asc\",\"orderBy\":\"\",\"pageNum\":1,\"pageSize\":10,\"params\":{},\"relationLimit\":5}', NULL, 0, NULL, '2025-10-29 19:26:07', 65950);
INSERT INTO `system_oper_log` VALUES (757, '概念实体数据和关系数据', 5, 'com.insmess.knowledge.module.app.controller.admin.appGraph.AppGraphController.exportPageData()', 'POST', 1, 'insmess', '研发部门', '/app/graph/export', '127.0.0.1', '内网IP', '{\"depthLevel\":2,\"isAsc\":\"asc\",\"orderBy\":\"\",\"pageNum\":1,\"pageSize\":10,\"params\":{},\"relationLimit\":5}', NULL, 0, NULL, '2025-10-29 19:29:03', 113282);
INSERT INTO `system_oper_log` VALUES (758, '概念实体数据和关系数据', 5, 'com.insmess.knowledge.module.app.controller.admin.appGraph.AppGraphController.exportPageData()', 'POST', 1, 'insmess', '研发部门', '/app/graph/export', '127.0.0.1', '内网IP', '{\"depthLevel\":2,\"isAsc\":\"asc\",\"orderBy\":\"\",\"pageNum\":1,\"pageSize\":10,\"params\":{},\"relationLimit\":5}', NULL, 0, NULL, '2025-10-29 19:29:56', 48281);
INSERT INTO `system_oper_log` VALUES (759, '概念实体数据和关系数据', 5, 'com.insmess.knowledge.module.app.controller.admin.appGraph.AppGraphController.exportPageData()', 'POST', 1, 'insmess', '研发部门', '/app/graph/export', '127.0.0.1', '内网IP', '{\"depthLevel\":2,\"isAsc\":\"asc\",\"orderBy\":\"\",\"pageNum\":1,\"pageSize\":10,\"params\":{},\"relationLimit\":5}', NULL, 1, '数据导出失败: Fail to save: an error occurs while saving the package : The part /docProps/app.xml failed to be saved in the stream with marshaller org.apache.poi.openxml4j.opc.internal.marshallers.DefaultMarshaller@430e87c0. Enable logging via Log4j 2 for more details.', '2025-10-29 19:31:26', 73466);
INSERT INTO `system_oper_log` VALUES (760, '概念实体数据和关系数据', 5, 'com.insmess.knowledge.module.app.controller.admin.appGraph.AppGraphController.exportPageData()', 'POST', 1, 'insmess', '研发部门', '/app/graph/export', '127.0.0.1', '内网IP', '{\"depthLevel\":2,\"isAsc\":\"asc\",\"orderBy\":\"\",\"pageNum\":1,\"pageSize\":10,\"params\":{},\"relationLimit\":5}', NULL, 0, NULL, '2025-10-29 19:35:20', 703);
INSERT INTO `system_oper_log` VALUES (761, '概念实体数据和关系数据', 5, 'com.insmess.knowledge.module.app.controller.admin.appGraph.AppGraphController.exportPageData()', 'POST', 1, 'insmess', '研发部门', '/app/graph/export', '127.0.0.1', '内网IP', '{\"depthLevel\":2,\"isAsc\":\"asc\",\"orderBy\":\"\",\"pageNum\":1,\"pageSize\":10,\"params\":{},\"relationLimit\":5}', NULL, 1, '数据导出失败: Fail to save: an error occurs while saving the package : The part /docProps/app.xml failed to be saved in the stream with marshaller org.apache.poi.openxml4j.opc.internal.marshallers.DefaultMarshaller@6f334aea. Enable logging via Log4j 2 for more details.', '2025-10-29 19:37:15', 70519);
INSERT INTO `system_oper_log` VALUES (762, '概念实体数据和关系数据', 5, 'com.insmess.knowledge.module.app.controller.admin.appGraph.AppGraphController.exportPageData()', 'POST', 1, 'insmess', '研发部门', '/app/graph/export', '127.0.0.1', '内网IP', '{\"knowledgeId\":\"4\",\"schemaId\":\"50\",\"pageSize\":\"10\",\"pageNum\":\"1\"}', NULL, 1, '数据导出失败: The workbook already contains a sheet named \'阿拉曼战役属性信息\'', '2025-10-29 19:37:23', 106);
INSERT INTO `system_oper_log` VALUES (763, '概念实体数据和关系数据', 5, 'com.insmess.knowledge.module.app.controller.admin.appGraph.AppGraphController.exportPageData()', 'POST', 1, 'insmess', '研发部门', '/app/graph/export', '127.0.0.1', '内网IP', '{\"knowledgeId\":\"4\",\"schemaId\":\"50\",\"pageSize\":\"10\",\"pageNum\":\"1\"}', NULL, 1, '数据导出失败: The workbook already contains a sheet named \'阿拉曼战役属性信息\'', '2025-10-29 19:37:27', 69);
INSERT INTO `system_oper_log` VALUES (764, '概念实体数据和关系数据', 5, 'com.insmess.knowledge.module.app.controller.admin.appGraph.AppGraphController.exportPageData()', 'POST', 1, 'insmess', '研发部门', '/app/graph/export', '127.0.0.1', '内网IP', '{\"knowledgeId\":\"4\",\"schemaId\":\"50\",\"pageSize\":\"10\",\"pageNum\":\"1\"}', NULL, 1, '数据导出失败: The workbook already contains a sheet named \'阿拉曼战役属性信息\'', '2025-10-29 19:37:28', 62);
INSERT INTO `system_oper_log` VALUES (765, '概念实体数据和关系数据', 5, 'com.insmess.knowledge.module.app.controller.admin.appGraph.AppGraphController.exportPageData()', 'POST', 1, 'insmess', '研发部门', '/app/graph/export', '127.0.0.1', '内网IP', '{\"knowledgeId\":\"4\",\"schemaId\":\"50\",\"pageSize\":\"10\",\"pageNum\":\"1\"}', NULL, 1, '数据导出失败: The workbook already contains a sheet named \'阿拉曼战役属性信息\'', '2025-10-29 19:38:03', 27912);
INSERT INTO `system_oper_log` VALUES (766, '概念实体数据和关系数据', 5, 'com.insmess.knowledge.module.app.controller.admin.appGraph.AppGraphController.exportPageData()', 'POST', 1, 'insmess', '研发部门', '/app/graph/export', '127.0.0.1', '内网IP', '{\"depthLevel\":2,\"isAsc\":\"asc\",\"orderBy\":\"\",\"pageNum\":1,\"pageSize\":10,\"params\":{},\"relationLimit\":5}', NULL, 0, NULL, '2025-10-29 19:38:50', 50);
INSERT INTO `system_oper_log` VALUES (767, '概念实体数据和关系数据', 5, 'com.insmess.knowledge.module.app.controller.admin.appGraph.AppGraphController.exportPageData()', 'POST', 1, 'insmess', '研发部门', '/app/graph/export', '127.0.0.1', '内网IP', '{\"depthLevel\":2,\"isAsc\":\"asc\",\"orderBy\":\"\",\"pageNum\":1,\"pageSize\":10,\"params\":{},\"relationLimit\":5}', NULL, 0, NULL, '2025-10-29 19:39:17', 19057);
INSERT INTO `system_oper_log` VALUES (768, '概念实体数据和关系数据', 5, 'com.insmess.knowledge.module.app.controller.admin.appGraph.AppGraphController.exportPageData()', 'POST', 1, 'insmess', '研发部门', '/app/graph/export', '127.0.0.1', '内网IP', '{\"knowledgeId\":\"4\",\"schemaId\":\"50\",\"pageSize\":\"10\",\"pageNum\":\"1\"}', NULL, 1, '数据导出失败: The workbook already contains a sheet named \'阿拉曼战役属性信息\'', '2025-10-29 19:39:28', 49);
INSERT INTO `system_oper_log` VALUES (769, '概念实体数据和关系数据', 5, 'com.insmess.knowledge.module.app.controller.admin.appGraph.AppGraphController.exportPageData()', 'POST', 1, 'insmess', '研发部门', '/app/graph/export', '127.0.0.1', '内网IP', '{\"knowledgeId\":\"4\",\"schemaId\":\"50\",\"pageSize\":\"10\",\"pageNum\":\"1\"}', NULL, 1, '数据导出失败: The workbook already contains a sheet named \'阿拉曼战役属性信息\'', '2025-10-29 19:40:51', 78037);
INSERT INTO `system_oper_log` VALUES (770, '概念实体数据和关系数据', 5, 'com.insmess.knowledge.module.app.controller.admin.appGraph.AppGraphController.exportPageData()', 'POST', 1, 'insmess', '研发部门', '/app/graph/export', '127.0.0.1', '内网IP', '{\"depthLevel\":2,\"isAsc\":\"asc\",\"orderBy\":\"\",\"pageNum\":1,\"pageSize\":10,\"params\":{},\"relationLimit\":5}', NULL, 0, NULL, '2025-10-29 19:40:51', 62);
INSERT INTO `system_oper_log` VALUES (771, '概念实体数据和关系数据', 5, 'com.insmess.knowledge.module.app.controller.admin.appGraph.AppGraphController.exportPageData()', 'POST', 1, 'insmess', '研发部门', '/app/graph/export', '127.0.0.1', '内网IP', '{\"depthLevel\":2,\"isAsc\":\"asc\",\"orderBy\":\"\",\"pageNum\":1,\"pageSize\":10,\"params\":{},\"relationLimit\":5}', NULL, 0, NULL, '2025-10-29 19:43:55', 176584);
INSERT INTO `system_oper_log` VALUES (772, '概念实体数据和关系数据', 5, 'com.insmess.knowledge.module.app.controller.admin.appGraph.AppGraphController.exportPageData()', 'POST', 1, 'insmess', '研发部门', '/app/graph/export', '127.0.0.1', '内网IP', '{\"depthLevel\":2,\"isAsc\":\"asc\",\"orderBy\":\"\",\"pageNum\":1,\"pageSize\":10,\"params\":{},\"relationLimit\":5}', NULL, 0, NULL, '2025-10-29 19:43:55', 56);
INSERT INTO `system_oper_log` VALUES (773, '概念实体数据和关系数据', 5, 'com.insmess.knowledge.module.app.controller.admin.appGraph.AppGraphController.exportPageData()', 'POST', 1, 'insmess', '研发部门', '/app/graph/export', '127.0.0.1', '内网IP', '{\"depthLevel\":2,\"isAsc\":\"asc\",\"orderBy\":\"\",\"pageNum\":1,\"pageSize\":10,\"params\":{},\"relationLimit\":5}', NULL, 0, NULL, '2025-10-29 19:49:52', 60);
INSERT INTO `system_oper_log` VALUES (774, '概念实体数据和关系数据', 5, 'com.insmess.knowledge.module.app.controller.admin.appGraph.AppGraphController.exportPageData()', 'POST', 1, 'insmess', '研发部门', '/app/graph/export', '127.0.0.1', '内网IP', '{\"depthLevel\":2,\"isAsc\":\"asc\",\"orderBy\":\"\",\"pageNum\":1,\"pageSize\":10,\"params\":{},\"relationLimit\":5}', NULL, 0, NULL, '2025-10-29 19:55:17', 1215);
INSERT INTO `system_oper_log` VALUES (775, '概念实体数据和关系数据', 5, 'com.insmess.knowledge.module.app.controller.admin.appGraph.AppGraphController.exportPageData()', 'POST', 1, 'insmess', '研发部门', '/app/graph/export', '127.0.0.1', '内网IP', '{\"depthLevel\":2,\"isAsc\":\"asc\",\"orderBy\":\"\",\"pageNum\":1,\"pageSize\":10,\"params\":{},\"relationLimit\":5}', NULL, 1, '数据导出失败: Fail to save: an error occurs while saving the package : The part /docProps/app.xml failed to be saved in the stream with marshaller org.apache.poi.openxml4j.opc.internal.marshallers.DefaultMarshaller@1e652054. Enable logging via Log4j 2 for more details.', '2025-10-29 19:57:39', 122801);
INSERT INTO `system_oper_log` VALUES (776, '概念实体数据和关系数据', 5, 'com.insmess.knowledge.module.app.controller.admin.appGraph.AppGraphController.exportPageData()', 'POST', 1, 'insmess', '研发部门', '/app/graph/export', '127.0.0.1', '内网IP', '{\"knowledgeId\":\"4\",\"schemaId\":\"49\",\"pageSize\":\"10\",\"pageNum\":\"1\"}', NULL, 0, NULL, '2025-10-29 19:58:18', 206);
INSERT INTO `system_oper_log` VALUES (777, '概念实体数据和关系数据', 5, 'com.insmess.knowledge.module.app.controller.admin.appGraph.AppGraphController.exportPageData()', 'POST', 1, 'insmess', '研发部门', '/app/graph/export', '127.0.0.1', '内网IP', '{\"knowledgeId\":\"4\",\"schemaId\":\"49\",\"pageSize\":\"10\",\"pageNum\":\"1\"}', NULL, 0, NULL, '2025-10-29 19:58:41', 14199);
INSERT INTO `system_oper_log` VALUES (778, '概念实体数据和关系数据', 5, 'com.insmess.knowledge.module.app.controller.admin.appGraph.AppGraphController.exportPageData()', 'POST', 1, 'insmess', '研发部门', '/app/graph/export', '127.0.0.1', '内网IP', '{\"knowledgeId\":\"4\",\"schemaId\":\"49\",\"pageSize\":\"10\",\"pageNum\":\"1\"}', NULL, 0, NULL, '2025-10-29 20:13:25', 1414);
INSERT INTO `system_oper_log` VALUES (779, '概念实体数据和关系数据', 5, 'com.insmess.knowledge.module.app.controller.admin.appGraph.AppGraphController.exportPageData()', 'POST', 1, 'insmess', '研发部门', '/app/graph/export', '127.0.0.1', '内网IP', '{\"knowledgeId\":\"4\",\"schemaId\":\"49\",\"pageSize\":\"10\",\"pageNum\":\"1\"}', NULL, 0, NULL, '2025-10-29 20:15:52', 64780);
INSERT INTO `system_oper_log` VALUES (780, '概念实体数据和关系数据', 5, 'com.insmess.knowledge.module.app.controller.admin.appGraph.AppGraphController.exportPageData()', 'POST', 1, 'insmess', '研发部门', '/app/graph/export', '127.0.0.1', '内网IP', '{\"knowledgeId\":\"4\",\"schemaId\":\"49\",\"pageSize\":\"10\",\"pageNum\":\"1\"}', NULL, 0, NULL, '2025-10-29 20:19:53', 1139);
INSERT INTO `system_oper_log` VALUES (781, '概念实体数据和关系数据', 5, 'com.insmess.knowledge.module.app.controller.admin.appGraph.AppGraphController.exportPageData()', 'POST', 1, 'insmess', '研发部门', '/app/graph/export', '127.0.0.1', '内网IP', '{\"knowledgeId\":\"4\",\"schemaId\":\"49\",\"pageSize\":\"10\",\"pageNum\":\"1\"}', NULL, 0, NULL, '2025-10-29 20:20:45', 13512);
INSERT INTO `system_oper_log` VALUES (782, '概念实体数据和关系数据', 5, 'com.insmess.knowledge.module.app.controller.admin.appGraph.AppGraphController.exportPageData()', 'POST', 1, 'insmess', '研发部门', '/app/graph/export', '127.0.0.1', '内网IP', '{\"knowledgeId\":\"4\",\"schemaId\":\"49\",\"pageSize\":\"10\",\"pageNum\":\"1\"}', NULL, 0, NULL, '2025-10-29 20:24:53', 243577);
INSERT INTO `system_oper_log` VALUES (783, '概念实体数据和关系数据', 5, 'com.insmess.knowledge.module.app.controller.admin.appGraph.AppGraphController.exportPageData()', 'POST', 1, 'insmess', '研发部门', '/app/graph/export', '127.0.0.1', '内网IP', '{\"knowledgeId\":\"4\",\"schemaId\":\"49\",\"pageSize\":\"10\",\"pageNum\":\"1\"}', NULL, 0, NULL, '2025-10-29 20:32:56', 1147);
INSERT INTO `system_oper_log` VALUES (784, '概念实体数据和关系数据', 5, 'com.insmess.knowledge.module.app.controller.admin.appGraph.AppGraphController.exportPageData()', 'POST', 1, 'insmess', '研发部门', '/app/graph/export', '127.0.0.1', '内网IP', '{\"knowledgeId\":\"4\",\"schemaId\":\"49\",\"pageSize\":\"10\",\"pageNum\":\"1\"}', NULL, 0, NULL, '2025-10-29 20:35:54', 4479);
INSERT INTO `system_oper_log` VALUES (785, '概念实体数据和关系数据', 5, 'com.insmess.knowledge.module.app.controller.admin.appGraph.AppGraphController.exportPageData()', 'POST', 1, 'insmess', '研发部门', '/app/graph/export', '127.0.0.1', '内网IP', '{\"knowledgeId\":\"4\",\"schemaId\":\"49\",\"pageSize\":\"10\",\"pageNum\":\"1\"}', NULL, 0, NULL, '2025-10-29 20:37:46', 1182);
INSERT INTO `system_oper_log` VALUES (786, '概念实体数据和关系数据', 5, 'com.insmess.knowledge.module.app.controller.admin.appGraph.AppGraphController.exportPageData()', 'POST', 1, 'insmess', '研发部门', '/app/graph/export', '127.0.0.1', '内网IP', '{\"knowledgeId\":\"4\",\"schemaId\":\"49\",\"pageSize\":\"10\",\"pageNum\":\"1\"}', NULL, 0, NULL, '2025-10-29 20:41:21', 16945);
INSERT INTO `system_oper_log` VALUES (787, '概念实体数据和关系数据', 5, 'com.insmess.knowledge.module.app.controller.admin.appGraph.AppGraphController.exportPageData()', 'POST', 1, 'insmess', '研发部门', '/app/graph/export', '127.0.0.1', '内网IP', '{\"knowledgeId\":\"4\",\"schemaId\":\"49\",\"pageSize\":\"10\",\"pageNum\":\"1\"}', NULL, 0, NULL, '2025-10-29 20:56:38', 1271);
INSERT INTO `system_oper_log` VALUES (788, '概念实体数据和关系数据', 5, 'com.insmess.knowledge.module.app.controller.admin.appGraph.AppGraphController.exportPageData()', 'POST', 1, 'insmess', '研发部门', '/app/graph/export', '127.0.0.1', '内网IP', '{\"knowledgeId\":\"4\",\"schemaId\":\"49\",\"pageSize\":\"10\",\"pageNum\":\"1\"}', NULL, 0, NULL, '2025-10-29 21:02:51', 1252);
INSERT INTO `system_oper_log` VALUES (789, '概念实体数据和关系数据', 5, 'com.insmess.knowledge.module.app.controller.admin.appGraph.AppGraphController.exportPageData()', 'POST', 1, 'insmess', '研发部门', '/app/graph/export', '127.0.0.1', '内网IP', '{\"knowledgeId\":\"4\",\"schemaId\":\"50\",\"pageSize\":\"10\",\"pageNum\":\"1\"}', NULL, 1, '数据导出失败: The workbook already contains a sheet named \'事件数据总表\'', '2025-10-30 13:30:41', 5991);
INSERT INTO `system_oper_log` VALUES (790, '概念实体数据和关系数据', 5, 'com.insmess.knowledge.module.app.controller.admin.appGraph.AppGraphController.exportPageData()', 'POST', 1, 'insmess', '研发部门', '/app/graph/export', '127.0.0.1', '内网IP', '{\"knowledgeId\":\"4\",\"schemaId\":\"50\",\"pageSize\":\"10\",\"pageNum\":\"1\"}', NULL, 0, NULL, '2025-10-30 13:36:45', 1199);
INSERT INTO `system_oper_log` VALUES (791, '概念实体数据和关系数据', 5, 'com.insmess.knowledge.module.app.controller.admin.appGraph.AppGraphController.importTemplate()', 'POST', 1, 'insmess', '研发部门', '/app/graph/importTemplate', '127.0.0.1', '内网IP', '', NULL, 0, NULL, '2025-10-30 14:18:25', 619);
INSERT INTO `system_oper_log` VALUES (792, '测试连接', 3, 'com.insmess.knowledge.module.dm.controller.admin.datasource.DmDatasourceController.clientsTest()', 'GET', 1, 'insmess', '研发部门', '/dm/dmDatasource/clientsTest/4', '223.104.42.154', 'XX XX', '{}', '{\"msg\":\"数据库连接成功\",\"code\":200}', 0, NULL, '2025-10-30 17:12:39', 440);
INSERT INTO `system_oper_log` VALUES (793, '测试连接', 3, 'com.insmess.knowledge.module.dm.controller.admin.datasource.DmDatasourceController.clientsTest()', 'GET', 1, 'insmess', '研发部门', '/dm/dmDatasource/clientsTest/4', '223.104.42.154', 'XX XX', '{}', '{\"msg\":\"数据库连接成功\",\"code\":200}', 0, NULL, '2025-10-30 17:17:20', 375);
INSERT INTO `system_oper_log` VALUES (794, '测试连接', 3, 'com.insmess.knowledge.module.dm.controller.admin.datasource.DmDatasourceController.clientsTest()', 'GET', 1, 'insmess', '研发部门', '/dm/dmDatasource/clientsTest/1', '39.144.79.196', 'XX XX', '{}', NULL, 1, '检测连通性出错', '2025-10-31 09:30:36', 1096);
INSERT INTO `system_oper_log` VALUES (795, '测试连接', 3, 'com.insmess.knowledge.module.dm.controller.admin.datasource.DmDatasourceController.clientsTest()', 'GET', 1, 'insmess', '研发部门', '/dm/dmDatasource/clientsTest/4', '39.144.79.196', 'XX XX', '{}', '{\"msg\":\"数据库连接成功\",\"code\":200}', 0, NULL, '2025-10-31 09:30:46', 5023);
INSERT INTO `system_oper_log` VALUES (796, '测试连接', 3, 'com.insmess.knowledge.module.dm.controller.admin.datasource.DmDatasourceController.clientsTest()', 'GET', 1, 'insmess', '研发部门', '/dm/dmDatasource/clientsTest/4', '39.144.79.196', 'XX XX', '{}', '{\"msg\":\"数据库连接成功\",\"code\":200}', 0, NULL, '2025-10-31 09:44:31', 5004);
INSERT INTO `system_oper_log` VALUES (797, '测试连接', 3, 'com.insmess.knowledge.module.dm.controller.admin.datasource.DmDatasourceController.clientsTest()', 'GET', 1, 'insmess', '研发部门', '/dm/dmDatasource/clientsTest/1', '39.144.79.196', 'XX XX', '{}', NULL, 1, '检测连通性出错', '2025-10-31 09:44:35', 1007);
INSERT INTO `system_oper_log` VALUES (798, '测试连接', 3, 'com.insmess.knowledge.module.dm.controller.admin.datasource.DmDatasourceController.clientsTest()', 'GET', 1, 'insmess', '研发部门', '/dm/dmDatasource/clientsTest/1', '39.144.79.196', 'XX XX', '{}', NULL, 1, '检测连通性出错', '2025-10-31 09:46:11', 1013);
INSERT INTO `system_oper_log` VALUES (799, '测试连接', 3, 'com.insmess.knowledge.module.dm.controller.admin.datasource.DmDatasourceController.clientsTest()', 'GET', 1, 'insmess', '研发部门', '/dm/dmDatasource/clientsTest/1', '39.144.79.196', 'XX XX', '{}', NULL, 1, '检测连通性出错', '2025-10-31 09:47:01', 1017);
INSERT INTO `system_oper_log` VALUES (800, '测试连接', 3, 'com.insmess.knowledge.module.dm.controller.admin.datasource.DmDatasourceController.clientsTest()', 'GET', 1, 'insmess', '研发部门', '/dm/dmDatasource/clientsTest/1', '39.144.79.196', 'XX XX', '{}', NULL, 1, '检测连通性出错', '2025-10-31 09:49:03', 1008);
INSERT INTO `system_oper_log` VALUES (801, '测试连接', 3, 'com.insmess.knowledge.module.dm.controller.admin.datasource.DmDatasourceController.clientsTest()', 'GET', 1, 'insmess', '研发部门', '/dm/dmDatasource/clientsTest/1', '39.144.79.196', 'XX XX', '{}', NULL, 1, '检测连通性出错', '2025-10-31 09:49:46', 1006);
INSERT INTO `system_oper_log` VALUES (802, '测试连接', 3, 'com.insmess.knowledge.module.dm.controller.admin.datasource.DmDatasourceController.clientsTest()', 'GET', 1, 'insmess', '研发部门', '/dm/dmDatasource/clientsTest/4', '39.144.79.196', 'XX XX', '{}', '{\"msg\":\"数据库连接成功\",\"code\":200}', 0, NULL, '2025-10-31 09:50:06', 342);
INSERT INTO `system_oper_log` VALUES (803, '测试连接', 3, 'com.insmess.knowledge.module.dm.controller.admin.datasource.DmDatasourceController.clientsTest()', 'GET', 1, 'insmess', '研发部门', '/dm/dmDatasource/clientsTest/4', '39.144.79.196', 'XX XX', '{}', '{\"msg\":\"数据库连接成功\",\"code\":200}', 0, NULL, '2025-10-31 09:56:40', 5031);
INSERT INTO `system_oper_log` VALUES (804, '测试连接', 3, 'com.insmess.knowledge.module.dm.controller.admin.datasource.DmDatasourceController.clientsTest()', 'GET', 1, 'insmess', '研发部门', '/dm/dmDatasource/clientsTest/1', '39.144.79.196', 'XX XX', '{}', NULL, 1, '检测连通性出错', '2025-10-31 09:58:43', 1021);
INSERT INTO `system_oper_log` VALUES (805, '测试连接', 3, 'com.insmess.knowledge.module.dm.controller.admin.datasource.DmDatasourceController.clientsTest()', 'GET', 1, 'insmess', '研发部门', '/dm/dmDatasource/clientsTest/1', '39.144.79.196', 'XX XX', '{}', NULL, 1, '检测连通性出错', '2025-10-31 09:59:27', 1009);
INSERT INTO `system_oper_log` VALUES (806, '测试连接', 3, 'com.insmess.knowledge.module.dm.controller.admin.datasource.DmDatasourceController.clientsTest()', 'GET', 1, 'insmess', '研发部门', '/dm/dmDatasource/clientsTest/4', '39.144.79.196', 'XX XX', '{}', '{\"msg\":\"数据库连接成功\",\"code\":200}', 0, NULL, '2025-10-31 09:59:31', 392);
INSERT INTO `system_oper_log` VALUES (807, '测试连接', 3, 'com.insmess.knowledge.module.dm.controller.admin.datasource.DmDatasourceController.clientsTest()', 'GET', 1, 'insmess', '研发部门', '/dm/dmDatasource/clientsTest/2', '39.144.79.196', 'XX XX', '{}', NULL, 1, '检测连通性出错', '2025-10-31 10:00:14', 1014);
INSERT INTO `system_oper_log` VALUES (808, '测试连接', 3, 'com.insmess.knowledge.module.dm.controller.admin.datasource.DmDatasourceController.clientsTest()', 'GET', 1, 'insmess', '研发部门', '/dm/dmDatasource/clientsTest/3', '39.144.79.196', 'XX XX', '{}', NULL, 1, '检测连通性出错', '2025-10-31 10:00:18', 1015);
INSERT INTO `system_oper_log` VALUES (809, '测试连接', 3, 'com.insmess.knowledge.module.dm.controller.admin.datasource.DmDatasourceController.clientsTest()', 'GET', 1, 'insmess', '研发部门', '/dm/dmDatasource/clientsTest/4', '39.144.79.196', 'XX XX', '{}', '{\"msg\":\"数据库连接成功\",\"code\":200}', 0, NULL, '2025-10-31 10:00:23', 331);
INSERT INTO `system_oper_log` VALUES (810, '测试连接', 3, 'com.insmess.knowledge.module.dm.controller.admin.datasource.DmDatasourceController.clientsTest()', 'GET', 1, 'insmess', '研发部门', '/dm/dmDatasource/clientsTest/4', '39.144.79.196', 'XX XX', '{}', '{\"msg\":\"数据库连接成功\",\"code\":200}', 0, NULL, '2025-10-31 10:38:43', 334);
INSERT INTO `system_oper_log` VALUES (811, '测试连接', 3, 'com.insmess.knowledge.module.dm.controller.admin.datasource.DmDatasourceController.clientsTest()', 'GET', 1, 'insmess', '研发部门', '/dm/dmDatasource/clientsTest/4', '39.144.79.196', 'XX XX', '{}', NULL, 1, '检测连通性出错', '2025-10-31 10:51:30', 1087);
INSERT INTO `system_oper_log` VALUES (812, '测试连接', 3, 'com.insmess.knowledge.module.dm.controller.admin.datasource.DmDatasourceController.clientsTest()', 'GET', 1, 'insmess', '研发部门', '/dm/dmDatasource/clientsTest/1', '39.144.79.196', 'XX XX', '{}', NULL, 1, '检测连通性出错', '2025-10-31 10:51:35', 1013);
INSERT INTO `system_oper_log` VALUES (813, '测试连接', 3, 'com.insmess.knowledge.module.dm.controller.admin.datasource.DmDatasourceController.clientsTest()', 'GET', 1, 'insmess', '研发部门', '/dm/dmDatasource/clientsTest/4', '39.144.79.196', 'XX XX', '{}', NULL, 1, '检测连通性出错', '2025-10-31 10:51:39', 1077);
INSERT INTO `system_oper_log` VALUES (814, '测试连接', 3, 'com.insmess.knowledge.module.dm.controller.admin.datasource.DmDatasourceController.clientsTest()', 'GET', 1, 'insmess', '研发部门', '/dm/dmDatasource/clientsTest/4', '39.144.79.196', 'XX XX', '{}', NULL, 1, '检测连通性出错', '2025-10-31 10:56:47', 1089);
INSERT INTO `system_oper_log` VALUES (815, '测试连接', 3, 'com.insmess.knowledge.module.dm.controller.admin.datasource.DmDatasourceController.clientsTest()', 'GET', 1, 'insmess', '研发部门', '/dm/dmDatasource/clientsTest/4', '39.144.79.196', 'XX XX', '{}', NULL, 1, '检测连通性出错', '2025-10-31 10:57:38', 1070);
INSERT INTO `system_oper_log` VALUES (816, '测试连接', 3, 'com.insmess.knowledge.module.dm.controller.admin.datasource.DmDatasourceController.clientsTest()', 'GET', 1, 'insmess', '研发部门', '/dm/dmDatasource/clientsTest/4', '39.144.79.196', 'XX XX', '{}', NULL, 1, '检测连通性出错', '2025-10-31 10:58:41', 1054);
INSERT INTO `system_oper_log` VALUES (817, '测试连接', 3, 'com.insmess.knowledge.module.dm.controller.admin.datasource.DmDatasourceController.clientsTest()', 'GET', 1, 'insmess', '研发部门', '/dm/dmDatasource/clientsTest/3', '39.144.79.196', 'XX XX', '{}', NULL, 1, '检测连通性出错', '2025-10-31 10:58:46', 1020);
INSERT INTO `system_oper_log` VALUES (818, '测试连接', 3, 'com.insmess.knowledge.module.dm.controller.admin.datasource.DmDatasourceController.clientsTest()', 'GET', 1, 'insmess', '研发部门', '/dm/dmDatasource/clientsTest/2', '39.144.79.196', 'XX XX', '{}', NULL, 1, '检测连通性出错', '2025-10-31 10:58:49', 1016);
INSERT INTO `system_oper_log` VALUES (819, '测试连接', 3, 'com.insmess.knowledge.module.dm.controller.admin.datasource.DmDatasourceController.clientsTest()', 'GET', 1, 'insmess', '研发部门', '/dm/dmDatasource/clientsTest/1', '39.144.79.196', 'XX XX', '{}', NULL, 1, '检测连通性出错', '2025-10-31 10:58:52', 1014);
INSERT INTO `system_oper_log` VALUES (820, '测试连接', 3, 'com.insmess.knowledge.module.dm.controller.admin.datasource.DmDatasourceController.clientsTest()', 'GET', 1, 'insmess', '研发部门', '/dm/dmDatasource/clientsTest/4', '39.144.79.196', 'XX XX', '{}', NULL, 1, '检测连通性出错', '2025-10-31 10:58:56', 1079);
INSERT INTO `system_oper_log` VALUES (821, '测试连接', 3, 'com.insmess.knowledge.module.dm.controller.admin.datasource.DmDatasourceController.clientsTest()', 'GET', 1, 'insmess', '研发部门', '/dm/dmDatasource/clientsTest/4', '39.144.79.196', 'XX XX', '{}', NULL, 1, '检测连通性出错', '2025-10-31 11:00:56', 1069);
INSERT INTO `system_oper_log` VALUES (822, '测试连接', 3, 'com.insmess.knowledge.module.dm.controller.admin.datasource.DmDatasourceController.clientsTest()', 'GET', 1, 'insmess', '研发部门', '/dm/dmDatasource/clientsTest/4', '39.144.79.196', 'XX XX', '{}', NULL, 1, '检测连通性出错', '2025-10-31 11:01:15', 1076);
INSERT INTO `system_oper_log` VALUES (823, '测试连接', 3, 'com.insmess.knowledge.module.dm.controller.admin.datasource.DmDatasourceController.clientsTest()', 'GET', 1, 'insmess', '研发部门', '/dm/dmDatasource/clientsTest/4', '39.144.79.196', 'XX XX', '{}', NULL, 1, '检测连通性出错', '2025-10-31 11:03:22', 1075);
INSERT INTO `system_oper_log` VALUES (824, '测试连接', 3, 'com.insmess.knowledge.module.dm.controller.admin.datasource.DmDatasourceController.clientsTest()', 'GET', 1, 'insmess', '研发部门', '/dm/dmDatasource/clientsTest/3', '39.144.79.196', 'XX XX', '{}', NULL, 1, '检测连通性出错', '2025-10-31 11:03:29', 1016);
INSERT INTO `system_oper_log` VALUES (825, '测试连接', 3, 'com.insmess.knowledge.module.dm.controller.admin.datasource.DmDatasourceController.clientsTest()', 'GET', 1, 'insmess', '研发部门', '/dm/dmDatasource/clientsTest/2', '39.144.79.196', 'XX XX', '{}', NULL, 1, '检测连通性出错', '2025-10-31 11:03:33', 1012);
INSERT INTO `system_oper_log` VALUES (826, '测试连接', 3, 'com.insmess.knowledge.module.dm.controller.admin.datasource.DmDatasourceController.clientsTest()', 'GET', 1, 'insmess', '研发部门', '/dm/dmDatasource/clientsTest/1', '39.144.79.196', 'XX XX', '{}', NULL, 1, '检测连通性出错', '2025-10-31 11:03:36', 1013);
INSERT INTO `system_oper_log` VALUES (827, '测试连接', 3, 'com.insmess.knowledge.module.dm.controller.admin.datasource.DmDatasourceController.clientsTest()', 'GET', 1, 'insmess', '研发部门', '/dm/dmDatasource/clientsTest/1', '39.144.79.196', 'XX XX', '{}', NULL, 1, '检测连通性出错', '2025-10-31 11:04:37', 1016);
INSERT INTO `system_oper_log` VALUES (828, '测试连接', 3, 'com.insmess.knowledge.module.dm.controller.admin.datasource.DmDatasourceController.clientsTest()', 'GET', 1, 'insmess', '研发部门', '/dm/dmDatasource/clientsTest/1', '39.144.79.196', 'XX XX', '{}', NULL, 1, '检测连通性出错', '2025-10-31 11:04:38', 1019);
INSERT INTO `system_oper_log` VALUES (829, '测试连接', 3, 'com.insmess.knowledge.module.dm.controller.admin.datasource.DmDatasourceController.clientsTest()', 'GET', 1, 'insmess', '研发部门', '/dm/dmDatasource/clientsTest/4', '39.144.79.196', 'XX XX', '{}', NULL, 1, '检测连通性出错', '2025-10-31 11:04:58', 1052);
INSERT INTO `system_oper_log` VALUES (830, '测试连接', 3, 'com.insmess.knowledge.module.dm.controller.admin.datasource.DmDatasourceController.clientsTest()', 'GET', 1, 'insmess', '研发部门', '/dm/dmDatasource/clientsTest/4', '39.144.79.196', 'XX XX', '{}', NULL, 1, '检测连通性出错', '2025-10-31 11:06:19', 1050);
INSERT INTO `system_oper_log` VALUES (831, '测试连接', 3, 'com.insmess.knowledge.module.dm.controller.admin.datasource.DmDatasourceController.clientsTest()', 'GET', 1, 'insmess', '研发部门', '/dm/dmDatasource/clientsTest/4', '39.144.79.196', 'XX XX', '{}', NULL, 1, '检测连通性出错', '2025-10-31 11:07:37', 1061);
INSERT INTO `system_oper_log` VALUES (832, '测试连接', 3, 'com.insmess.knowledge.module.dm.controller.admin.datasource.DmDatasourceController.clientsTest()', 'GET', 1, 'insmess', '研发部门', '/dm/dmDatasource/clientsTest/1', '223.104.42.192', 'XX XX', '{}', NULL, 1, '检测连通性出错', '2025-10-31 11:08:43', 1012);
INSERT INTO `system_oper_log` VALUES (833, '测试连接', 3, 'com.insmess.knowledge.module.dm.controller.admin.datasource.DmDatasourceController.clientsTest()', 'GET', 1, 'insmess', '研发部门', '/dm/dmDatasource/clientsTest/4', '223.104.42.192', 'XX XX', '{}', NULL, 1, '检测连通性出错', '2025-10-31 11:08:46', 1046);
INSERT INTO `system_oper_log` VALUES (834, '测试连接', 3, 'com.insmess.knowledge.module.dm.controller.admin.datasource.DmDatasourceController.clientsTest()', 'GET', 1, 'insmess', '研发部门', '/dm/dmDatasource/clientsTest/4', '223.104.42.192', 'XX XX', '{}', NULL, 1, '检测连通性出错', '2025-10-31 11:08:55', 1072);
INSERT INTO `system_oper_log` VALUES (835, '测试连接', 3, 'com.insmess.knowledge.module.dm.controller.admin.datasource.DmDatasourceController.clientsTest()', 'GET', 1, 'insmess', '研发部门', '/dm/dmDatasource/clientsTest/4', '39.144.79.196', 'XX XX', '{}', NULL, 1, '检测连通性出错', '2025-10-31 11:09:19', 1084);
INSERT INTO `system_oper_log` VALUES (836, '测试连接', 3, 'com.insmess.knowledge.module.dm.controller.admin.datasource.DmDatasourceController.clientsTest()', 'GET', 1, 'insmess', '研发部门', '/dm/dmDatasource/clientsTest/4', '39.144.79.196', 'XX XX', '{}', NULL, 1, '检测连通性出错', '2025-10-31 11:09:30', 1063);
INSERT INTO `system_oper_log` VALUES (837, '测试连接', 3, 'com.insmess.knowledge.module.dm.controller.admin.datasource.DmDatasourceController.clientsTest()', 'GET', 1, 'insmess', '研发部门', '/dm/dmDatasource/clientsTest/4', '39.144.79.196', 'XX XX', '{}', NULL, 1, '检测连通性出错', '2025-10-31 11:12:16', 1086);
INSERT INTO `system_oper_log` VALUES (838, '测试连接', 3, 'com.insmess.knowledge.module.dm.controller.admin.datasource.DmDatasourceController.clientsTest()', 'GET', 1, 'insmess', '研发部门', '/dm/dmDatasource/clientsTest/4', '39.144.79.196', 'XX XX', '{}', NULL, 1, '检测连通性出错', '2025-10-31 11:15:12', 1061);
INSERT INTO `system_oper_log` VALUES (839, '测试连接', 3, 'com.insmess.knowledge.module.dm.controller.admin.datasource.DmDatasourceController.clientsTest()', 'GET', 1, 'insmess', '研发部门', '/dm/dmDatasource/clientsTest/4', '39.144.79.196', 'XX XX', '{}', NULL, 1, '检测连通性出错', '2025-10-31 11:17:04', 1076);
INSERT INTO `system_oper_log` VALUES (840, '测试连接', 3, 'com.insmess.knowledge.module.dm.controller.admin.datasource.DmDatasourceController.clientsTest()', 'GET', 1, 'insmess', '研发部门', '/dm/dmDatasource/clientsTest/1', '39.144.78.132', 'XX XX', '{}', NULL, 1, '检测连通性出错', '2025-10-31 11:17:17', 1005);
INSERT INTO `system_oper_log` VALUES (841, '测试连接', 3, 'com.insmess.knowledge.module.dm.controller.admin.datasource.DmDatasourceController.clientsTest()', 'GET', 1, 'insmess', '研发部门', '/dm/dmDatasource/clientsTest/4', '39.144.78.132', 'XX XX', '{}', NULL, 1, '检测连通性出错', '2025-10-31 11:17:21', 1068);
INSERT INTO `system_oper_log` VALUES (842, '测试连接', 3, 'com.insmess.knowledge.module.dm.controller.admin.datasource.DmDatasourceController.clientsTest()', 'GET', 1, 'insmess', '研发部门', '/dm/dmDatasource/clientsTest/1', '39.144.79.196', 'XX XX', '{}', NULL, 1, '检测连通性出错', '2025-10-31 11:18:39', 1006);
INSERT INTO `system_oper_log` VALUES (843, '测试连接', 3, 'com.insmess.knowledge.module.dm.controller.admin.datasource.DmDatasourceController.clientsTest()', 'GET', 1, 'insmess', '研发部门', '/dm/dmDatasource/clientsTest/4', '39.144.78.132', 'XX XX', '{}', '{\"msg\":\"数据库连接成功\",\"code\":200}', 0, NULL, '2025-10-31 11:18:46', 4984);
INSERT INTO `system_oper_log` VALUES (844, '测试连接', 3, 'com.insmess.knowledge.module.dm.controller.admin.datasource.DmDatasourceController.clientsTest()', 'GET', 1, 'insmess', '研发部门', '/dm/dmDatasource/clientsTest/4', '39.144.78.132', 'XX XX', '{}', '{\"msg\":\"数据库连接成功\",\"code\":200}', 0, NULL, '2025-10-31 11:18:47', 395);
INSERT INTO `system_oper_log` VALUES (845, '测试连接', 3, 'com.insmess.knowledge.module.dm.controller.admin.datasource.DmDatasourceController.clientsTest()', 'GET', 1, 'insmess', '研发部门', '/dm/dmDatasource/clientsTest/4', '39.144.79.196', 'XX XX', '{}', '{\"msg\":\"数据库连接成功\",\"code\":200}', 0, NULL, '2025-10-31 11:18:48', 5015);
INSERT INTO `system_oper_log` VALUES (846, '测试连接', 3, 'com.insmess.knowledge.module.dm.controller.admin.datasource.DmDatasourceController.clientsTest()', 'GET', 1, 'insmess', '研发部门', '/dm/dmDatasource/clientsTest/4', '39.144.79.196', 'XX XX', '{}', NULL, 1, '检测连通性出错', '2025-10-31 12:13:20', 1069);
INSERT INTO `system_oper_log` VALUES (847, '测试连接', 3, 'com.insmess.knowledge.module.dm.controller.admin.datasource.DmDatasourceController.clientsTest()', 'GET', 1, 'insmess', '研发部门', '/dm/dmDatasource/clientsTest/4', '39.144.79.196', 'XX XX', '{}', NULL, 1, '检测连通性出错', '2025-10-31 12:32:16', 1051);
INSERT INTO `system_oper_log` VALUES (848, '测试连接', 3, 'com.insmess.knowledge.module.dm.controller.admin.datasource.DmDatasourceController.clientsTest()', 'GET', 1, 'insmess', '研发部门', '/dm/dmDatasource/clientsTest/1', '39.144.79.196', 'XX XX', '{}', NULL, 1, '检测连通性出错', '2025-10-31 12:32:26', 1018);
INSERT INTO `system_oper_log` VALUES (849, '测试连接', 3, 'com.insmess.knowledge.module.dm.controller.admin.datasource.DmDatasourceController.clientsTest()', 'GET', 1, 'insmess', '研发部门', '/dm/dmDatasource/clientsTest/2', '39.144.79.196', 'XX XX', '{}', NULL, 1, '检测连通性出错', '2025-10-31 12:32:29', 1007);
INSERT INTO `system_oper_log` VALUES (850, '测试连接', 3, 'com.insmess.knowledge.module.dm.controller.admin.datasource.DmDatasourceController.clientsTest()', 'GET', 1, 'insmess', '研发部门', '/dm/dmDatasource/clientsTest/3', '39.144.79.196', 'XX XX', '{}', NULL, 1, '检测连通性出错', '2025-10-31 12:32:32', 1006);
INSERT INTO `system_oper_log` VALUES (851, '测试连接', 3, 'com.insmess.knowledge.module.dm.controller.admin.datasource.DmDatasourceController.clientsTest()', 'GET', 1, 'insmess', '研发部门', '/dm/dmDatasource/clientsTest/4', '39.144.79.196', 'XX XX', '{}', NULL, 1, '检测连通性出错', '2025-10-31 12:32:35', 1060);
INSERT INTO `system_oper_log` VALUES (852, '测试连接', 3, 'com.insmess.knowledge.module.dm.controller.admin.datasource.DmDatasourceController.clientsTest()', 'GET', 1, 'insmess', '研发部门', '/dm/dmDatasource/clientsTest/1', '39.144.79.196', 'XX XX', '{}', NULL, 1, '检测连通性出错', '2025-10-31 12:34:02', 1006);
INSERT INTO `system_oper_log` VALUES (853, '测试连接', 3, 'com.insmess.knowledge.module.dm.controller.admin.datasource.DmDatasourceController.clientsTest()', 'GET', 1, 'insmess', '研发部门', '/dm/dmDatasource/clientsTest/4', '39.144.79.196', 'XX XX', '{}', NULL, 1, '检测连通性出错', '2025-10-31 12:34:05', 1074);
INSERT INTO `system_oper_log` VALUES (854, '测试连接', 3, 'com.insmess.knowledge.module.dm.controller.admin.datasource.DmDatasourceController.clientsTest()', 'GET', 1, 'insmess', '研发部门', '/dm/dmDatasource/clientsTest/1', '39.144.79.196', 'XX XX', '{}', NULL, 1, '检测连通性出错', '2025-10-31 12:36:54', 1006);
INSERT INTO `system_oper_log` VALUES (855, '测试连接', 3, 'com.insmess.knowledge.module.dm.controller.admin.datasource.DmDatasourceController.clientsTest()', 'GET', 1, 'insmess', '研发部门', '/dm/dmDatasource/clientsTest/4', '39.144.79.196', 'XX XX', '{}', NULL, 1, '检测连通性出错', '2025-10-31 12:36:56', 1074);
INSERT INTO `system_oper_log` VALUES (856, '测试连接', 3, 'com.insmess.knowledge.module.dm.controller.admin.datasource.DmDatasourceController.clientsTest()', 'GET', 1, 'insmess', '研发部门', '/dm/dmDatasource/clientsTest/4', '39.144.79.196', 'XX XX', '{}', NULL, 1, '检测连通性出错', '2025-10-31 12:37:09', 1067);
INSERT INTO `system_oper_log` VALUES (857, '测试连接', 3, 'com.insmess.knowledge.module.dm.controller.admin.datasource.DmDatasourceController.clientsTest()', 'GET', 1, 'insmess', '研发部门', '/dm/dmDatasource/clientsTest/4', '39.144.79.196', 'XX XX', '{}', NULL, 1, '检测连通性出错', '2025-10-31 12:44:03', 1055);
INSERT INTO `system_oper_log` VALUES (858, '测试连接', 3, 'com.insmess.knowledge.module.dm.controller.admin.datasource.DmDatasourceController.clientsTest()', 'GET', 1, 'insmess', '研发部门', '/dm/dmDatasource/clientsTest/4', '39.144.79.196', 'XX XX', '{}', NULL, 1, '检测连通性出错', '2025-10-31 12:44:14', 1074);
INSERT INTO `system_oper_log` VALUES (859, '测试连接', 3, 'com.insmess.knowledge.module.dm.controller.admin.datasource.DmDatasourceController.clientsTest()', 'GET', 1, 'insmess', '研发部门', '/dm/dmDatasource/clientsTest/4', '39.144.79.196', 'XX XX', '{}', NULL, 1, '检测连通性出错', '2025-10-31 12:44:18', 1042);
INSERT INTO `system_oper_log` VALUES (860, '测试连接', 3, 'com.insmess.knowledge.module.dm.controller.admin.datasource.DmDatasourceController.clientsTest()', 'GET', 1, 'insmess', '研发部门', '/dm/dmDatasource/clientsTest/1', '39.144.79.196', 'XX XX', '{}', NULL, 1, '检测连通性出错', '2025-10-31 12:45:59', 1008);
INSERT INTO `system_oper_log` VALUES (861, '测试连接', 3, 'com.insmess.knowledge.module.dm.controller.admin.datasource.DmDatasourceController.clientsTest()', 'GET', 1, 'insmess', '研发部门', '/dm/dmDatasource/clientsTest/4', '39.144.79.196', 'XX XX', '{}', NULL, 1, '检测连通性出错', '2025-10-31 12:46:02', 1081);
INSERT INTO `system_oper_log` VALUES (862, '测试连接', 3, 'com.insmess.knowledge.module.dm.controller.admin.datasource.DmDatasourceController.clientsTest()', 'GET', 1, 'insmess', '研发部门', '/dm/dmDatasource/clientsTest/4', '39.144.79.196', 'XX XX', '{}', NULL, 1, '检测连通性出错', '2025-10-31 12:47:14', 1088);
INSERT INTO `system_oper_log` VALUES (863, '测试连接', 3, 'com.insmess.knowledge.module.dm.controller.admin.datasource.DmDatasourceController.clientsTest()', 'GET', 1, 'insmess', '研发部门', '/dm/dmDatasource/clientsTest/4', '39.144.79.196', 'XX XX', '{}', NULL, 1, '检测连通性出错', '2025-10-31 12:47:22', 1078);
INSERT INTO `system_oper_log` VALUES (864, '测试连接', 3, 'com.insmess.knowledge.module.dm.controller.admin.datasource.DmDatasourceController.clientsTest()', 'GET', 1, 'insmess', '研发部门', '/dm/dmDatasource/clientsTest/4', '39.144.79.196', 'XX XX', '{}', '{\"msg\":\"数据库连接成功\",\"code\":200}', 0, NULL, '2025-10-31 12:52:48', 319);
INSERT INTO `system_oper_log` VALUES (865, '测试连接', 3, 'com.insmess.knowledge.module.dm.controller.admin.datasource.DmDatasourceController.clientsTest()', 'GET', 1, 'insmess', '研发部门', '/dm/dmDatasource/clientsTest/4', '39.144.79.196', 'XX XX', '{}', NULL, 1, '检测连通性出错', '2025-10-31 13:51:15', 1066);
INSERT INTO `system_oper_log` VALUES (866, '测试连接', 3, 'com.insmess.knowledge.module.dm.controller.admin.datasource.DmDatasourceController.clientsTest()', 'GET', 1, 'insmess', '研发部门', '/dm/dmDatasource/clientsTest/4', '39.144.79.196', 'XX XX', '{}', NULL, 1, '检测连通性出错', '2025-10-31 13:51:24', 1059);
INSERT INTO `system_oper_log` VALUES (867, '测试连接', 3, 'com.insmess.knowledge.module.dm.controller.admin.datasource.DmDatasourceController.clientsTest()', 'GET', 1, 'insmess', '研发部门', '/dm/dmDatasource/clientsTest/1', '39.144.79.196', 'XX XX', '{}', NULL, 1, '检测连通性出错', '2025-10-31 13:52:22', 1007);
INSERT INTO `system_oper_log` VALUES (868, '测试连接', 3, 'com.insmess.knowledge.module.dm.controller.admin.datasource.DmDatasourceController.clientsTest()', 'GET', 1, 'insmess', '研发部门', '/dm/dmDatasource/clientsTest/4', '39.144.79.196', 'XX XX', '{}', NULL, 1, '检测连通性出错', '2025-10-31 13:52:24', 1056);
INSERT INTO `system_oper_log` VALUES (869, '测试连接', 3, 'com.insmess.knowledge.module.dm.controller.admin.datasource.DmDatasourceController.clientsTest()', 'GET', 1, 'insmess', '研发部门', '/dm/dmDatasource/clientsTest/4', '39.144.79.196', 'XX XX', '{}', NULL, 1, '检测连通性出错', '2025-10-31 13:52:36', 1053);
INSERT INTO `system_oper_log` VALUES (870, '测试连接', 3, 'com.insmess.knowledge.module.dm.controller.admin.datasource.DmDatasourceController.clientsTest()', 'GET', 1, 'insmess', '研发部门', '/dm/dmDatasource/clientsTest/4', '39.144.79.196', 'XX XX', '{}', '{\"msg\":\"数据库连接成功\",\"code\":200}', 0, NULL, '2025-10-31 13:53:28', 367);
INSERT INTO `system_oper_log` VALUES (871, '概念实体数据和关系数据', 5, 'com.insmess.knowledge.module.app.controller.admin.appGraph.AppGraphController.exportPageData()', 'POST', 1, 'insmess', '研发部门', '/app/graph/export', '127.0.0.1', '内网IP', '{\"knowledgeId\":\"4\",\"schemaId\":\"50\",\"pageSize\":\"10\",\"pageNum\":\"1\"}', NULL, 0, NULL, '2025-10-31 14:22:07', 1205);
INSERT INTO `system_oper_log` VALUES (872, '概念实体数据和关系数据', 5, 'com.insmess.knowledge.module.app.controller.admin.appGraph.AppGraphController.exportPageData()', 'POST', 1, 'insmess', '研发部门', '/app/graph/export', '127.0.0.1', '内网IP', '{\"knowledgeId\":\"4\",\"schemaId\":\"50\",\"pageSize\":\"10\",\"pageNum\":\"1\"}', NULL, 0, NULL, '2025-10-31 14:28:23', 1070);
INSERT INTO `system_oper_log` VALUES (873, '概念实体数据和关系数据', 5, 'com.insmess.knowledge.module.app.controller.admin.appGraph.AppGraphController.importTemplate()', 'POST', 1, 'insmess', '研发部门', '/app/graph/importTemplate', '127.0.0.1', '内网IP', '', NULL, 0, NULL, '2025-10-31 14:29:18', 25);
INSERT INTO `system_oper_log` VALUES (874, '测试连接', 3, 'com.insmess.knowledge.module.dm.controller.admin.datasource.DmDatasourceController.clientsTest()', 'GET', 1, 'insmess', '研发部门', '/dm/dmDatasource/clientsTest/4', '39.144.79.196', 'XX XX', '{}', '{\"msg\":\"数据库连接成功\",\"code\":200}', 0, NULL, '2025-10-31 14:58:21', 5160);
INSERT INTO `system_oper_log` VALUES (875, '概念实体数据和关系数据', 5, 'com.insmess.knowledge.module.app.controller.admin.appGraph.AppGraphController.importData()', 'POST', 1, 'insmess', '研发部门', '/app/graph/importData/4/49', '127.0.0.1', '内网IP', '4 49', '{\"msg\":\"恭喜您，数据导入成功！\",\"code\":200}', 0, NULL, '2025-10-31 15:02:18', 3947);
INSERT INTO `system_oper_log` VALUES (876, '概念实体数据和关系数据', 5, 'com.insmess.knowledge.module.app.controller.admin.appGraph.AppGraphController.importData()', 'POST', 1, 'insmess', '研发部门', '/app/graph/importData/4/49', '127.0.0.1', '内网IP', '4 49', '{\"msg\":\"恭喜您，数据导入成功！\",\"code\":200}', 0, NULL, '2025-10-31 15:04:16', 41779);
INSERT INTO `system_oper_log` VALUES (877, '测试连接', 3, 'com.insmess.knowledge.module.dm.controller.admin.datasource.DmDatasourceController.clientsTest()', 'GET', 1, 'insmess', '研发部门', '/dm/dmDatasource/clientsTest/4', '39.144.79.196', 'XX XX', '{}', '{\"msg\":\"数据库连接成功\",\"code\":200}', 0, NULL, '2025-10-31 15:04:17', 385);
INSERT INTO `system_oper_log` VALUES (878, '概念实体数据和关系数据', 5, 'com.insmess.knowledge.module.app.controller.admin.appGraph.AppGraphController.importData()', 'POST', 1, 'insmess', '研发部门', '/app/graph/importData/4/49', '127.0.0.1', '内网IP', '4 49', '{\"msg\":\"恭喜您，数据导入成功！\",\"code\":200}', 0, NULL, '2025-10-31 15:08:24', 209574);
INSERT INTO `system_oper_log` VALUES (879, '测试连接', 3, 'com.insmess.knowledge.module.dm.controller.admin.datasource.DmDatasourceController.clientsTest()', 'GET', 1, 'insmess', '研发部门', '/dm/dmDatasource/clientsTest/4', '39.144.79.196', 'XX XX', '{}', '{\"msg\":\"数据库连接成功\",\"code\":200}', 0, NULL, '2025-10-31 15:08:25', 418);
INSERT INTO `system_oper_log` VALUES (880, '概念实体数据和关系数据', 5, 'com.insmess.knowledge.module.app.controller.admin.appGraph.AppGraphController.importData()', 'POST', 1, 'insmess', '研发部门', '/app/graph/importData/4/49', '127.0.0.1', '内网IP', '4 49', '{\"msg\":\"恭喜您，数据导入成功！\",\"code\":200}', 0, NULL, '2025-10-31 15:12:05', 218342);
INSERT INTO `system_oper_log` VALUES (881, '概念实体数据和关系数据', 5, 'com.insmess.knowledge.module.app.controller.admin.appGraph.AppGraphController.importData()', 'POST', 1, 'insmess', '研发部门', '/app/graph/importData/4/49', '127.0.0.1', '内网IP', '4 49', '{\"msg\":\"恭喜您，数据导入成功！\",\"code\":200}', 0, NULL, '2025-10-31 15:32:47', 1002982);
INSERT INTO `system_oper_log` VALUES (882, '测试连接', 3, 'com.insmess.knowledge.module.dm.controller.admin.datasource.DmDatasourceController.clientsTest()', 'GET', 1, 'insmess', '研发部门', '/dm/dmDatasource/clientsTest/4', '39.144.79.196', 'XX XX', '{}', NULL, 1, '检测连通性出错', '2025-10-31 15:53:49', 382784);
INSERT INTO `system_oper_log` VALUES (883, '概念实体数据和关系数据', 5, 'com.insmess.knowledge.module.app.controller.admin.appGraph.AppGraphController.importData()', 'POST', 1, 'insmess', '研发部门', '/app/graph/importData/4/49', '127.0.0.1', '内网IP', '4 49', '{\"msg\":\"数据导入失败，错误信息：\\r\\n### Error querying database.  Cause: java.sql.SQLSyntaxErrorException: Unknown column \'schemaId\' in \'where clause\'\\r\\n### The error may exist in com/insmess/knowledge/module/ext/dal/mapper/extSchemaAttribute/ExtSchemaAttributeMapper.java (best guess)\\r\\n### The error may involve defaultParameterMap\\r\\n### The error occurred while setting parameters\\r\\n### SQL: SELECT    id,workspace_id,schema_id,schema_name,name,name_code,require_flag,data_type,multiple_flag,validate_type,min_value,max_value,valid_flag,del_flag,creator_id,create_by,create_time,updater_id,update_by,update_time,remark    FROM  ext_schema_attribute     WHERE del_flag=0     AND (schemaId = ? AND name IN (?,?))\\r\\n### Cause: java.sql.SQLSyntaxErrorException: Unknown column \'schemaId\' in \'where clause\'\\n; bad SQL grammar []恭喜您，数据导入成功！\",\"code\":200}', 0, NULL, '2025-10-31 15:57:21', 170215);
INSERT INTO `system_oper_log` VALUES (884, '测试连接', 3, 'com.insmess.knowledge.module.dm.controller.admin.datasource.DmDatasourceController.clientsTest()', 'GET', 1, 'insmess', '研发部门', '/dm/dmDatasource/clientsTest/4', '39.144.79.196', 'XX XX', '{}', '{\"msg\":\"数据库连接成功\",\"code\":200}', 0, NULL, '2025-10-31 15:58:51', 5113);
INSERT INTO `system_oper_log` VALUES (885, '概念实体数据和关系数据', 5, 'com.insmess.knowledge.module.app.controller.admin.appGraph.AppGraphController.importData()', 'POST', 1, 'insmess', '研发部门', '/app/graph/importData/4/49', '127.0.0.1', '内网IP', '4 49', '{\"msg\":\"数据导入失败，错误信息：Cannot invoke \\\"domain.com.insmess.knowledge.neo4j.DynamicEntity.getRelationshipEntityMap()\\\" because \\\"graphEntity1\\\" is null恭喜您，数据导入成功！\",\"code\":200}', 0, NULL, '2025-10-31 16:03:01', 35274);
INSERT INTO `system_oper_log` VALUES (886, '概念实体数据和关系数据', 5, 'com.insmess.knowledge.module.app.controller.admin.appGraph.AppGraphController.importData()', 'POST', 1, 'insmess', '研发部门', '/app/graph/importData/4/49', '127.0.0.1', '内网IP', '4 49', NULL, 1, '数据导入失败，错误信息：Cannot invoke \"domain.com.insmess.knowledge.neo4j.DynamicEntity.getRelationshipEntityMap()\" because \"graphEntity1\" is null很抱歉，导入失败！共 1 条数据格式不正确，错误如下：<br/>数据导入失败，错误信息：Cannot invoke \"domain.com.insmess.knowledge.neo4j.DynamicEntity.getRelationshipEntityMap()\" because \"graphEntity1\" is null', '2025-10-31 16:08:39', 9339);
INSERT INTO `system_oper_log` VALUES (887, '概念实体数据和关系数据', 5, 'com.insmess.knowledge.module.app.controller.admin.appGraph.AppGraphController.importData()', 'POST', 1, 'insmess', '研发部门', '/app/graph/importData/4/49', '127.0.0.1', '内网IP', '4 49', NULL, 1, '数据导入失败，错误信息：Cannot invoke \"domain.com.insmess.knowledge.neo4j.DynamicEntity.getRelationshipEntityMap()\" because \"graphEntity1\" is null很抱歉，导入失败！共 1 条数据格式不正确，错误如下：<br/>数据导入失败，错误信息：Cannot invoke \"domain.com.insmess.knowledge.neo4j.DynamicEntity.getRelationshipEntityMap()\" because \"graphEntity1\" is null', '2025-10-31 16:12:37', 64181);
INSERT INTO `system_oper_log` VALUES (888, '概念实体数据和关系数据', 5, 'com.insmess.knowledge.module.app.controller.admin.appGraph.AppGraphController.importData()', 'POST', 1, 'insmess', '研发部门', '/app/graph/importData/4/49', '127.0.0.1', '内网IP', '4 49', NULL, 1, '数据导入失败，错误信息：Cannot invoke \"domain.com.insmess.knowledge.neo4j.DynamicEntity.getRelationshipEntityMap()\" because \"graphEntity1\" is null很抱歉，导入失败！共 1 条数据格式不正确，错误如下：<br/>数据导入失败，错误信息：Cannot invoke \"domain.com.insmess.knowledge.neo4j.DynamicEntity.getRelationshipEntityMap()\" because \"graphEntity1\" is null', '2025-10-31 16:31:21', 972);
INSERT INTO `system_oper_log` VALUES (889, '概念实体数据和关系数据', 5, 'com.insmess.knowledge.module.app.controller.admin.appGraph.AppGraphController.importData()', 'POST', 1, 'insmess', '研发部门', '/app/graph/importData/4/49', '127.0.0.1', '内网IP', '4 49', NULL, 1, '数据导入失败，错误信息：Cannot invoke \"domain.com.insmess.knowledge.neo4j.DynamicEntity.getRelationshipEntityMap()\" because \"graphEntity1\" is null很抱歉，导入失败！共 1 条数据格式不正确，错误如下：<br/>数据导入失败，错误信息：Cannot invoke \"domain.com.insmess.knowledge.neo4j.DynamicEntity.getRelationshipEntityMap()\" because \"graphEntity1\" is null', '2025-10-31 16:32:02', 15998);
INSERT INTO `system_oper_log` VALUES (890, '概念实体数据和关系数据', 5, 'com.insmess.knowledge.module.app.controller.admin.appGraph.AppGraphController.importData()', 'POST', 1, 'insmess', '研发部门', '/app/graph/importData/4/49', '127.0.0.1', '内网IP', '4 49', NULL, 1, '数据导入失败，错误信息：Cannot invoke \"domain.com.insmess.knowledge.neo4j.DynamicEntity.getRelationshipEntityMap()\" because \"graphEntity1\" is null很抱歉，导入失败！共 1 条数据格式不正确，错误如下：<br/>数据导入失败，错误信息：Cannot invoke \"domain.com.insmess.knowledge.neo4j.DynamicEntity.getRelationshipEntityMap()\" because \"graphEntity1\" is null', '2025-10-31 16:33:16', 48581);
INSERT INTO `system_oper_log` VALUES (891, '测试连接', 3, 'com.insmess.knowledge.module.dm.controller.admin.datasource.DmDatasourceController.clientsTest()', 'GET', 1, 'insmess', '研发部门', '/dm/dmDatasource/clientsTest/4', '39.144.79.196', 'XX XX', '{}', '{\"msg\":\"数据库连接成功\",\"code\":200}', 0, NULL, '2025-10-31 16:33:21', 5121);
INSERT INTO `system_oper_log` VALUES (892, '概念实体数据和关系数据', 5, 'com.insmess.knowledge.module.app.controller.admin.appGraph.AppGraphController.importData()', 'POST', 1, 'insmess', '研发部门', '/app/graph/importData/4/49', '127.0.0.1', '内网IP', '4 49', '{\"msg\":\"恭喜您，数据已全部导入成功！\",\"code\":200}', 0, NULL, '2025-10-31 16:45:51', 37742);
INSERT INTO `system_oper_log` VALUES (893, '概念实体数据和关系数据', 5, 'com.insmess.knowledge.module.app.controller.admin.appGraph.AppGraphController.importData()', 'POST', 1, 'insmess', '研发部门', '/app/graph/importData/4/49', '127.0.0.1', '内网IP', '4 49', '{\"msg\":\"恭喜您，数据已全部导入成功！\",\"code\":200}', 0, NULL, '2025-10-31 16:47:28', 147);
INSERT INTO `system_oper_log` VALUES (894, '概念实体数据和关系数据', 5, 'com.insmess.knowledge.module.app.controller.admin.appGraph.AppGraphController.importData()', 'POST', 1, 'insmess', '研发部门', '/app/graph/importData/4/49', '127.0.0.1', '内网IP', '4 49', '{\"msg\":\"恭喜您，数据已全部导入成功！\",\"code\":200}', 0, NULL, '2025-10-31 16:50:56', 157057);
INSERT INTO `system_oper_log` VALUES (895, '概念实体数据和关系数据', 5, 'com.insmess.knowledge.module.app.controller.admin.appGraph.AppGraphController.importData()', 'POST', 1, 'insmess', '研发部门', '/app/graph/importData/4/49', '127.0.0.1', '内网IP', '4 49', '{\"msg\":\"恭喜您，数据已全部导入成功！\",\"code\":200}', 0, NULL, '2025-10-31 16:56:47', 76507);
INSERT INTO `system_oper_log` VALUES (896, '概念实体数据和关系数据', 5, 'com.insmess.knowledge.module.app.controller.admin.appGraph.AppGraphController.importData()', 'POST', 1, 'insmess', '研发部门', '/app/graph/importData/4/49', '127.0.0.1', '内网IP', '4 49', '{\"msg\":\"恭喜您，数据已全部导入成功！\",\"code\":200}', 0, NULL, '2025-10-31 17:11:21', 1051);
INSERT INTO `system_oper_log` VALUES (897, '概念实体数据和关系数据', 5, 'com.insmess.knowledge.module.app.controller.admin.appGraph.AppGraphController.importData()', 'POST', 1, 'insmess', '研发部门', '/app/graph/importData/4/49', '127.0.0.1', '内网IP', '4 49', '{\"msg\":\"恭喜您，数据已全部导入成功！\",\"code\":200}', 0, NULL, '2025-10-31 17:12:25', 22261);
INSERT INTO `system_oper_log` VALUES (898, '概念实体数据和关系数据', 5, 'com.insmess.knowledge.module.app.controller.admin.appGraph.AppGraphController.importData()', 'POST', 1, 'insmess', '研发部门', '/app/graph/importData/4/49', '127.0.0.1', '内网IP', '4 49', '{\"msg\":\"恭喜您，数据已全部导入成功！\",\"code\":200}', 0, NULL, '2025-10-31 17:28:46', 1061);
INSERT INTO `system_oper_log` VALUES (899, '测试连接', 3, 'com.insmess.knowledge.module.dm.controller.admin.datasource.DmDatasourceController.clientsTest()', 'GET', 1, 'insmess', '研发部门', '/dm/dmDatasource/clientsTest/4', '223.104.39.30', 'XX XX', '{}', '{\"msg\":\"数据库连接成功\",\"code\":200}', 0, NULL, '2025-11-01 10:51:45', 5052);
INSERT INTO `system_oper_log` VALUES (900, '测试连接', 3, 'com.insmess.knowledge.module.dm.controller.admin.datasource.DmDatasourceController.clientsTest()', 'GET', 1, 'insmess', '研发部门', '/dm/dmDatasource/clientsTest/4', '223.104.44.64', 'XX XX', '{}', '{\"msg\":\"数据库连接成功\",\"code\":200}', 0, NULL, '2025-11-03 09:50:21', 5057);
INSERT INTO `system_oper_log` VALUES (901, '用户管理', 5, 'system.admin.controller.com.insmess.knowledge.module.system.SysUserController.export()', 'POST', 1, 'insmess', '研发部门', '/system/user/export', '223.104.44.64', 'XX XX', '{\"pageSize\":\"10\",\"pageNum\":\"1\"}', NULL, 0, NULL, '2025-11-03 10:16:53', 737);
INSERT INTO `system_oper_log` VALUES (902, '概念实体数据和关系数据', 5, 'com.insmess.knowledge.module.app.controller.admin.appGraph.AppGraphController.importTemplate()', 'POST', 1, 'insmess', '研发部门', '/app/graph/importTemplate', '223.104.44.64', 'XX XX', '', NULL, 0, NULL, '2025-11-03 10:40:41', 49);
INSERT INTO `system_oper_log` VALUES (903, '概念实体数据和关系数据', 5, 'com.insmess.knowledge.module.app.controller.admin.appGraph.AppGraphController.exportPageData()', 'POST', 1, 'insmess', '研发部门', '/app/graph/export', '223.104.44.64', 'XX XX', '{\"knowledgeId\":\"2\",\"pageSize\":\"10\",\"pageNum\":\"1\"}', NULL, 0, NULL, '2025-11-03 11:00:33', 290);
INSERT INTO `system_oper_log` VALUES (904, '概念实体数据和关系数据', 5, 'com.insmess.knowledge.module.app.controller.admin.appGraph.AppGraphController.exportPageData()', 'POST', 1, 'insmess', '研发部门', '/app/graph/export', '223.104.44.64', 'XX XX', '{\"knowledgeId\":\"2\",\"pageSize\":\"10\",\"pageNum\":\"1\"}', NULL, 0, NULL, '2025-11-03 11:13:49', 93);
INSERT INTO `system_oper_log` VALUES (905, '概念实体数据和关系数据', 5, 'com.insmess.knowledge.module.app.controller.admin.appGraph.AppGraphController.exportPageData()', 'POST', 1, 'insmess', '研发部门', '/app/graph/export', '223.104.44.64', 'XX XX', '{\"knowledgeId\":\"2\",\"schemaId\":\"18\",\"pageSize\":\"10\",\"pageNum\":\"1\"}', NULL, 0, NULL, '2025-11-03 11:14:23', 88);
INSERT INTO `system_oper_log` VALUES (906, '概念实体数据和关系数据', 5, 'com.insmess.knowledge.module.app.controller.admin.appGraph.AppGraphController.exportPageData()', 'POST', 1, 'insmess', '研发部门', '/app/graph/export', '223.104.44.64', 'XX XX', '{\"knowledgeId\":\"2\",\"pageSize\":\"10\",\"pageNum\":\"1\"}', NULL, 0, NULL, '2025-11-03 11:15:15', 74);
INSERT INTO `system_oper_log` VALUES (907, '概念实体数据和关系数据', 5, 'com.insmess.knowledge.module.app.controller.admin.appGraph.AppGraphController.importTemplate()', 'POST', 1, 'insmess', '研发部门', '/app/graph/importTemplate', '223.104.44.64', 'XX XX', '', NULL, 0, NULL, '2025-11-03 11:16:22', 15);
INSERT INTO `system_oper_log` VALUES (908, '概念实体数据和关系数据', 5, 'com.insmess.knowledge.module.app.controller.admin.appGraph.AppGraphController.exportPageData()', 'POST', 1, 'insmess', '研发部门', '/app/graph/export', '114.246.238.95', 'XX XX', '{\"knowledgeId\":\"2\",\"pageSize\":\"10\",\"pageNum\":\"1\"}', NULL, 0, NULL, '2025-11-03 13:39:34', 80);
INSERT INTO `system_oper_log` VALUES (909, '概念实体数据和关系数据', 5, 'com.insmess.knowledge.module.app.controller.admin.appGraph.AppGraphController.importData()', 'POST', 1, 'insmess', '研发部门', '/app/graph/importData/2', '114.246.238.95', 'XX XX', '{\"updateSupport\":\"0\"}', '{\"msg\":\"恭喜您，数据已全部导入成功！\",\"code\":200}', 0, NULL, '2025-11-03 13:43:18', 700);
INSERT INTO `system_oper_log` VALUES (910, '概念实体数据和关系数据', 5, 'com.insmess.knowledge.module.app.controller.admin.appGraph.AppGraphController.importData()', 'POST', 1, 'insmess', '研发部门', '/app/graph/importData/2', '114.246.238.95', 'XX XX', '{\"updateSupport\":\"0\"}', '{\"msg\":\"恭喜您，数据已全部导入成功！\",\"code\":200}', 0, NULL, '2025-11-03 13:44:12', 91);
INSERT INTO `system_oper_log` VALUES (911, '测试连接', 3, 'com.insmess.knowledge.module.dm.controller.admin.datasource.DmDatasourceController.clientsTest()', 'GET', 1, 'insmess', '研发部门', '/dm/dmDatasource/clientsTest/3', '127.0.0.1', '内网IP', '{}', '{\"msg\":\"数据库连接成功\",\"code\":200}', 0, NULL, '2025-11-04 17:11:19', 466);
INSERT INTO `system_oper_log` VALUES (912, '数据源', 2, 'com.insmess.knowledge.module.dm.controller.admin.datasource.DmDatasourceController.edit()', 'PUT', 1, 'insmess', '研发部门', '/dm/dmDatasource', '127.0.0.1', '内网IP', '{\"createBy\":\"星小图\",\"createTime\":\"2025-10-17 09:59:49\",\"creatorId\":1,\"datasourceConfig\":\"{\\\"username\\\":\\\"root\\\",\\\"password\\\":\\\"geovis123\\\",\\\"dbname\\\":\\\"erzhan\\\"}\",\"datasourceName\":\"二战模型数据库\",\"datasourceType\":\"MySql\",\"id\":4,\"ip\":\"113.44.134.206\",\"params\":{},\"port\":3306,\"updateBy\":\"星小图\",\"updateTime\":\"2025-11-04 20:39:43\",\"updaterId\":1}', '{\"code\":200,\"msg\":\"操作成功\"}', 0, NULL, '2025-11-04 20:39:43', 48);
INSERT INTO `system_oper_log` VALUES (913, '测试连接', 3, 'com.insmess.knowledge.module.dm.controller.admin.datasource.DmDatasourceController.clientsTest()', 'GET', 1, 'insmess', '研发部门', '/dm/dmDatasource/clientsTest/4', '127.0.0.1', '内网IP', '{}', '{\"msg\":\"数据库连接成功\",\"code\":200}', 0, NULL, '2025-11-05 08:36:25', 296);
INSERT INTO `system_oper_log` VALUES (914, '测试连接', 3, 'com.insmess.knowledge.module.dm.controller.admin.datasource.DmDatasourceController.clientsTest()', 'GET', 1, 'insmess', '研发部门', '/dm/dmDatasource/clientsTest/4', '127.0.0.1', '内网IP', '{}', '{\"msg\":\"数据库连接成功\",\"code\":200}', 0, NULL, '2025-11-05 08:39:08', 285);
INSERT INTO `system_oper_log` VALUES (915, '测试连接', 3, 'com.insmess.knowledge.module.dm.controller.admin.datasource.DmDatasourceController.clientsTest()', 'GET', 1, 'insmess', '研发部门', '/dm/dmDatasource/clientsTest/4', '127.0.0.1', '内网IP', '{}', '{\"msg\":\"数据库连接成功\",\"code\":200}', 0, NULL, '2025-11-05 08:45:50', 501);
INSERT INTO `system_oper_log` VALUES (916, '测试连接', 3, 'com.insmess.knowledge.module.dm.controller.admin.datasource.DmDatasourceController.clientsTest()', 'GET', 1, 'insmess', '研发部门', '/dm/dmDatasource/clientsTest/4', '127.0.0.1', '内网IP', '{}', '{\"msg\":\"数据库连接成功\",\"code\":200}', 0, NULL, '2025-11-05 12:52:24', 397);
INSERT INTO `system_oper_log` VALUES (917, '测试连接', 3, 'com.insmess.knowledge.module.dm.controller.admin.datasource.DmDatasourceController.clientsTest()', 'GET', 1, 'insmess', '研发部门', '/dm/dmDatasource/clientsTest/4', '127.0.0.1', '内网IP', '{}', '{\"msg\":\"数据库连接成功\",\"code\":200}', 0, NULL, '2025-11-05 13:34:25', 378);
INSERT INTO `system_oper_log` VALUES (918, '测试连接', 3, 'com.insmess.knowledge.module.dm.controller.admin.datasource.DmDatasourceController.clientsTest()', 'GET', 1, 'insmess', '研发部门', '/dm/dmDatasource/clientsTest/4', '127.0.0.1', '内网IP', '{}', '{\"msg\":\"数据库连接成功\",\"code\":200}', 0, NULL, '2025-11-05 13:35:03', 433);
INSERT INTO `system_oper_log` VALUES (919, '测试连接', 3, 'com.insmess.knowledge.module.dm.controller.admin.datasource.DmDatasourceController.clientsTest()', 'GET', 1, 'insmess', '研发部门', '/dm/dmDatasource/clientsTest/4', '127.0.0.1', '内网IP', '{}', '{\"msg\":\"数据库连接成功\",\"code\":200}', 0, NULL, '2025-11-05 13:36:31', 601);
INSERT INTO `system_oper_log` VALUES (920, '测试连接', 3, 'com.insmess.knowledge.module.dm.controller.admin.datasource.DmDatasourceController.clientsTest()', 'GET', 1, 'insmess', '研发部门', '/dm/dmDatasource/clientsTest/4', '127.0.0.1', '内网IP', '{}', '{\"msg\":\"数据库连接成功\",\"code\":200}', 0, NULL, '2025-11-05 14:02:07', 382);
INSERT INTO `system_oper_log` VALUES (921, '测试连接', 3, 'com.insmess.knowledge.module.dm.controller.admin.datasource.DmDatasourceController.clientsTest()', 'GET', 1, 'insmess', '研发部门', '/dm/dmDatasource/clientsTest/4', '127.0.0.1', '内网IP', '{}', '{\"msg\":\"数据库连接成功\",\"code\":200}', 0, NULL, '2025-11-05 14:02:22', 376);
INSERT INTO `system_oper_log` VALUES (922, '测试连接', 3, 'com.insmess.knowledge.module.dm.controller.admin.datasource.DmDatasourceController.clientsTest()', 'GET', 1, 'insmess', '研发部门', '/dm/dmDatasource/clientsTest/4', '127.0.0.1', '内网IP', '{}', '{\"msg\":\"数据库连接成功\",\"code\":200}', 0, NULL, '2025-11-05 14:04:48', 625);
INSERT INTO `system_oper_log` VALUES (923, '测试连接', 3, 'com.insmess.knowledge.module.dm.controller.admin.datasource.DmDatasourceController.clientsTest()', 'GET', 1, 'insmess', '研发部门', '/dm/dmDatasource/clientsTest/4', '127.0.0.1', '内网IP', '{}', '{\"msg\":\"数据库连接成功\",\"code\":200}', 0, NULL, '2025-11-05 14:04:57', 383);
INSERT INTO `system_oper_log` VALUES (924, '测试连接', 3, 'com.insmess.knowledge.module.dm.controller.admin.datasource.DmDatasourceController.clientsTest()', 'GET', 1, 'insmess', '研发部门', '/dm/dmDatasource/clientsTest/4', '127.0.0.1', '内网IP', '{}', '{\"msg\":\"数据库连接成功\",\"code\":200}', 0, NULL, '2025-11-05 14:07:04', 361);
INSERT INTO `system_oper_log` VALUES (925, '测试连接', 3, 'com.insmess.knowledge.module.dm.controller.admin.datasource.DmDatasourceController.clientsTest()', 'GET', 1, 'insmess', '研发部门', '/dm/dmDatasource/clientsTest/4', '127.0.0.1', '内网IP', '{}', '{\"msg\":\"数据库连接成功\",\"code\":200}', 0, NULL, '2025-11-05 14:13:25', 492);
INSERT INTO `system_oper_log` VALUES (926, '测试连接', 3, 'com.insmess.knowledge.module.dm.controller.admin.datasource.DmDatasourceController.clientsTest()', 'GET', 1, 'insmess', '研发部门', '/dm/dmDatasource/clientsTest/4', '127.0.0.1', '内网IP', '{}', '{\"msg\":\"数据库连接成功\",\"code\":200}', 0, NULL, '2025-11-05 14:14:46', 396);
INSERT INTO `system_oper_log` VALUES (927, '测试连接', 3, 'com.insmess.knowledge.module.dm.controller.admin.datasource.DmDatasourceController.clientsTest()', 'GET', 1, 'insmess', '研发部门', '/dm/dmDatasource/clientsTest/4', '127.0.0.1', '内网IP', '{}', '{\"msg\":\"数据库连接成功\",\"code\":200}', 0, NULL, '2025-11-05 14:15:58', 371);
INSERT INTO `system_oper_log` VALUES (928, '测试连接', 3, 'com.insmess.knowledge.module.dm.controller.admin.datasource.DmDatasourceController.clientsTest()', 'GET', 1, 'insmess', '研发部门', '/dm/dmDatasource/clientsTest/4', '127.0.0.1', '内网IP', '{}', '{\"msg\":\"数据库连接成功\",\"code\":200}', 0, NULL, '2025-11-05 14:19:20', 387);
INSERT INTO `system_oper_log` VALUES (929, '测试连接', 3, 'com.insmess.knowledge.module.dm.controller.admin.datasource.DmDatasourceController.clientsTest()', 'GET', 1, 'insmess', '研发部门', '/dm/dmDatasource/clientsTest/4', '127.0.0.1', '内网IP', '{}', '{\"msg\":\"数据库连接成功\",\"code\":200}', 0, NULL, '2025-11-05 14:38:05', 388);
INSERT INTO `system_oper_log` VALUES (930, '测试连接', 3, 'com.insmess.knowledge.module.dm.controller.admin.datasource.DmDatasourceController.clientsTest()', 'GET', 1, 'insmess', '研发部门', '/dm/dmDatasource/clientsTest/4', '127.0.0.1', '内网IP', '{}', '{\"msg\":\"数据库连接成功\",\"code\":200}', 0, NULL, '2025-11-05 14:43:07', 369);
INSERT INTO `system_oper_log` VALUES (931, '测试连接', 3, 'com.insmess.knowledge.module.dm.controller.admin.datasource.DmDatasourceController.clientsTest()', 'GET', 1, 'insmess', '研发部门', '/dm/dmDatasource/clientsTest/4', '127.0.0.1', '内网IP', '{}', '{\"msg\":\"数据库连接成功\",\"code\":200}', 0, NULL, '2025-11-05 15:07:26', 454);
INSERT INTO `system_oper_log` VALUES (932, '测试连接', 3, 'com.insmess.knowledge.module.dm.controller.admin.datasource.DmDatasourceController.clientsTest()', 'GET', 1, 'insmess', '研发部门', '/dm/dmDatasource/clientsTest/4', '127.0.0.1', '内网IP', '{}', '{\"msg\":\"数据库连接成功\",\"code\":200}', 0, NULL, '2025-11-05 15:13:03', 381);
INSERT INTO `system_oper_log` VALUES (933, '概念属性', 3, 'com.insmess.knowledge.module.ext.controller.admin.extSchemaAttribute.ExtSchemaAttributeController.remove()', 'DELETE', 1, 'insmess', '研发部门', '/ext/attribute/63', '127.0.0.1', '内网IP', '{}', '{\"code\":200,\"msg\":\"操作成功\"}', 0, NULL, '2025-11-05 15:29:08', 403);
INSERT INTO `system_oper_log` VALUES (934, '概念属性', 3, 'com.insmess.knowledge.module.ext.controller.admin.extSchemaAttribute.ExtSchemaAttributeController.remove()', 'DELETE', 1, 'insmess', '研发部门', '/ext/attribute/64', '127.0.0.1', '内网IP', '{}', '{\"code\":200,\"msg\":\"操作成功\"}', 0, NULL, '2025-11-05 15:29:10', 13);
INSERT INTO `system_oper_log` VALUES (935, '概念属性', 3, 'com.insmess.knowledge.module.ext.controller.admin.extSchemaAttribute.ExtSchemaAttributeController.remove()', 'DELETE', 1, 'insmess', '研发部门', '/ext/attribute/37', '127.0.0.1', '内网IP', '{}', '{\"code\":200,\"msg\":\"操作成功\"}', 0, NULL, '2025-11-05 15:29:29', 14);
INSERT INTO `system_oper_log` VALUES (936, '概念属性', 3, 'com.insmess.knowledge.module.ext.controller.admin.extSchemaAttribute.ExtSchemaAttributeController.remove()', 'DELETE', 1, 'insmess', '研发部门', '/ext/attribute/38', '127.0.0.1', '内网IP', '{}', '{\"code\":200,\"msg\":\"操作成功\"}', 0, NULL, '2025-11-05 15:29:31', 14);
INSERT INTO `system_oper_log` VALUES (937, '概念属性', 3, 'com.insmess.knowledge.module.ext.controller.admin.extSchemaAttribute.ExtSchemaAttributeController.remove()', 'DELETE', 1, 'insmess', '研发部门', '/ext/attribute/73', '127.0.0.1', '内网IP', '{}', '{\"code\":200,\"msg\":\"操作成功\"}', 0, NULL, '2025-11-05 15:29:52', 15);
INSERT INTO `system_oper_log` VALUES (938, '测试连接', 3, 'com.insmess.knowledge.module.dm.controller.admin.datasource.DmDatasourceController.clientsTest()', 'GET', 1, 'insmess', '研发部门', '/dm/dmDatasource/clientsTest/4', '127.0.0.1', '内网IP', '{}', '{\"msg\":\"数据库连接成功\",\"code\":200}', 0, NULL, '2025-11-05 15:42:34', 495);
INSERT INTO `system_oper_log` VALUES (939, '测试连接', 3, 'com.insmess.knowledge.module.dm.controller.admin.datasource.DmDatasourceController.clientsTest()', 'GET', 1, 'insmess', '研发部门', '/dm/dmDatasource/clientsTest/4', '127.0.0.1', '内网IP', '{}', '{\"msg\":\"数据库连接成功\",\"code\":200}', 0, NULL, '2025-11-05 15:44:24', 427);
INSERT INTO `system_oper_log` VALUES (940, '测试连接', 3, 'com.insmess.knowledge.module.dm.controller.admin.datasource.DmDatasourceController.clientsTest()', 'GET', 1, 'insmess', '研发部门', '/dm/dmDatasource/clientsTest/4', '127.0.0.1', '内网IP', '{}', '{\"msg\":\"数据库连接成功\",\"code\":200}', 0, NULL, '2025-11-05 15:48:59', 393);
INSERT INTO `system_oper_log` VALUES (941, '测试连接', 3, 'com.insmess.knowledge.module.dm.controller.admin.datasource.DmDatasourceController.clientsTest()', 'GET', 1, 'insmess', '研发部门', '/dm/dmDatasource/clientsTest/4', '127.0.0.1', '内网IP', '{}', '{\"msg\":\"数据库连接成功\",\"code\":200}', 0, NULL, '2025-11-05 16:23:49', 392);
INSERT INTO `system_oper_log` VALUES (942, '测试连接', 3, 'com.insmess.knowledge.module.dm.controller.admin.datasource.DmDatasourceController.clientsTest()', 'GET', 1, 'insmess', '研发部门', '/dm/dmDatasource/clientsTest/4', '127.0.0.1', '内网IP', '{}', '{\"msg\":\"数据库连接成功\",\"code\":200}', 0, NULL, '2025-11-05 16:24:23', 627);
INSERT INTO `system_oper_log` VALUES (943, '测试连接', 3, 'com.insmess.knowledge.module.dm.controller.admin.datasource.DmDatasourceController.clientsTest()', 'GET', 1, 'insmess', '研发部门', '/dm/dmDatasource/clientsTest/4', '127.0.0.1', '内网IP', '{}', '{\"msg\":\"数据库连接成功\",\"code\":200}', 0, NULL, '2025-11-05 16:25:48', 485);
INSERT INTO `system_oper_log` VALUES (944, '测试连接', 3, 'com.insmess.knowledge.module.dm.controller.admin.datasource.DmDatasourceController.clientsTest()', 'GET', 1, 'insmess', '研发部门', '/dm/dmDatasource/clientsTest/4', '127.0.0.1', '内网IP', '{}', '{\"msg\":\"数据库连接成功\",\"code\":200}', 0, NULL, '2025-11-05 16:44:23', 471);
INSERT INTO `system_oper_log` VALUES (945, '测试连接', 3, 'com.insmess.knowledge.module.dm.controller.admin.datasource.DmDatasourceController.clientsTest()', 'GET', 1, 'insmess', '研发部门', '/dm/dmDatasource/clientsTest/4', '127.0.0.1', '内网IP', '{}', '{\"msg\":\"数据库连接成功\",\"code\":200}', 0, NULL, '2025-11-05 17:00:09', 457);
INSERT INTO `system_oper_log` VALUES (946, '测试连接', 3, 'com.insmess.knowledge.module.dm.controller.admin.datasource.DmDatasourceController.clientsTest()', 'GET', 1, 'insmess', '研发部门', '/dm/dmDatasource/clientsTest/4', '127.0.0.1', '内网IP', '{}', '{\"msg\":\"数据库连接成功\",\"code\":200}', 0, NULL, '2025-11-05 17:01:33', 413);
INSERT INTO `system_oper_log` VALUES (947, '知识文件', 3, 'com.insmess.knowledge.module.kmc.controller.admin.kmcDocument.KmcDocumentController.remove()', 'DELETE', 1, 'insmess', '研发部门', '/kmcDocument/document/1', '127.0.0.1', '内网IP', '{}', '{\"code\":200,\"msg\":\"操作成功\"}', 0, NULL, '2025-11-05 19:21:18', 64);
INSERT INTO `system_oper_log` VALUES (948, '知识文件', 3, 'com.insmess.knowledge.module.kmc.controller.admin.kmcDocument.KmcDocumentController.remove()', 'DELETE', 1, 'insmess', '研发部门', '/kmcDocument/document/2', '127.0.0.1', '内网IP', '{}', '{\"code\":200,\"msg\":\"操作成功\"}', 0, NULL, '2025-11-05 19:21:20', 12);
INSERT INTO `system_oper_log` VALUES (949, '知识文件', 3, 'com.insmess.knowledge.module.kmc.controller.admin.kmcDocument.KmcDocumentController.remove()', 'DELETE', 1, 'insmess', '研发部门', '/kmcDocument/document/3', '127.0.0.1', '内网IP', '{}', '{\"code\":200,\"msg\":\"操作成功\"}', 0, NULL, '2025-11-05 19:21:22', 15);
INSERT INTO `system_oper_log` VALUES (950, '知识文件', 3, 'com.insmess.knowledge.module.kmc.controller.admin.kmcDocument.KmcDocumentController.remove()', 'DELETE', 1, 'insmess', '研发部门', '/kmcDocument/document/19', '127.0.0.1', '内网IP', '{}', '{\"code\":200,\"msg\":\"操作成功\"}', 0, NULL, '2025-11-05 19:21:24', 13);
INSERT INTO `system_oper_log` VALUES (951, '知识文件', 3, 'com.insmess.knowledge.module.kmc.controller.admin.kmcDocument.KmcDocumentController.remove()', 'DELETE', 1, 'insmess', '研发部门', '/kmcDocument/document/20', '127.0.0.1', '内网IP', '{}', '{\"code\":200,\"msg\":\"操作成功\"}', 0, NULL, '2025-11-05 19:21:25', 11);
INSERT INTO `system_oper_log` VALUES (952, '知识文件', 3, 'com.insmess.knowledge.module.kmc.controller.admin.kmcDocument.KmcDocumentController.remove()', 'DELETE', 1, 'insmess', '研发部门', '/kmcDocument/document/21', '127.0.0.1', '内网IP', '{}', '{\"code\":200,\"msg\":\"操作成功\"}', 0, NULL, '2025-11-05 19:21:27', 12);
INSERT INTO `system_oper_log` VALUES (953, '知识文件', 3, 'com.insmess.knowledge.module.kmc.controller.admin.kmcDocument.KmcDocumentController.remove()', 'DELETE', 1, 'insmess', '研发部门', '/kmcDocument/document/22', '127.0.0.1', '内网IP', '{}', '{\"code\":200,\"msg\":\"操作成功\"}', 0, NULL, '2025-11-05 19:21:28', 11);
INSERT INTO `system_oper_log` VALUES (954, '知识分类', 3, 'com.insmess.knowledge.module.kmc.controller.admin.kmcCategory.KmcCategoryController.remove()', 'DELETE', 1, 'insmess', '研发部门', '/kmc/kmcCategory/8', '127.0.0.1', '内网IP', '{}', '{\"code\":200,\"msg\":\"操作成功\"}', 0, NULL, '2025-11-05 19:22:30', 12);
INSERT INTO `system_oper_log` VALUES (955, '知识分类', 3, 'com.insmess.knowledge.module.kmc.controller.admin.kmcCategory.KmcCategoryController.remove()', 'DELETE', 1, 'insmess', '研发部门', '/kmc/kmcCategory/9', '127.0.0.1', '内网IP', '{}', '{\"code\":200,\"msg\":\"操作成功\"}', 0, NULL, '2025-11-05 19:22:31', 13);
INSERT INTO `system_oper_log` VALUES (956, '知识分类', 3, 'com.insmess.knowledge.module.kmc.controller.admin.kmcCategory.KmcCategoryController.remove()', 'DELETE', 1, 'insmess', '研发部门', '/kmc/kmcCategory/10', '127.0.0.1', '内网IP', '{}', '{\"code\":200,\"msg\":\"操作成功\"}', 0, NULL, '2025-11-05 19:22:33', 10);
INSERT INTO `system_oper_log` VALUES (957, '知识分类', 3, 'com.insmess.knowledge.module.kmc.controller.admin.kmcCategory.KmcCategoryController.remove()', 'DELETE', 1, 'insmess', '研发部门', '/kmc/kmcCategory/11', '127.0.0.1', '内网IP', '{}', '{\"code\":200,\"msg\":\"操作成功\"}', 0, NULL, '2025-11-05 19:22:35', 11);
INSERT INTO `system_oper_log` VALUES (958, '知识分类', 3, 'com.insmess.knowledge.module.kmc.controller.admin.kmcCategory.KmcCategoryController.remove()', 'DELETE', 1, 'insmess', '研发部门', '/kmc/kmcCategory/12', '127.0.0.1', '内网IP', '{}', '{\"code\":200,\"msg\":\"操作成功\"}', 0, NULL, '2025-11-05 19:22:37', 11);
INSERT INTO `system_oper_log` VALUES (959, '知识分类', 3, 'com.insmess.knowledge.module.kmc.controller.admin.kmcCategory.KmcCategoryController.remove()', 'DELETE', 1, 'insmess', '研发部门', '/kmc/kmcCategory/13', '127.0.0.1', '内网IP', '{}', '{\"code\":200,\"msg\":\"操作成功\"}', 0, NULL, '2025-11-05 19:22:39', 13);
INSERT INTO `system_oper_log` VALUES (960, '知识分类', 3, 'com.insmess.knowledge.module.kmc.controller.admin.kmcCategory.KmcCategoryController.remove()', 'DELETE', 1, 'insmess', '研发部门', '/kmc/kmcCategory/14', '127.0.0.1', '内网IP', '{}', '{\"code\":200,\"msg\":\"操作成功\"}', 0, NULL, '2025-11-05 19:22:41', 12);
INSERT INTO `system_oper_log` VALUES (961, '知识分类', 3, 'com.insmess.knowledge.module.kmc.controller.admin.kmcCategory.KmcCategoryController.remove()', 'DELETE', 1, 'insmess', '研发部门', '/kmc/kmcCategory/15', '127.0.0.1', '内网IP', '{}', '{\"code\":200,\"msg\":\"操作成功\"}', 0, NULL, '2025-11-05 19:22:43', 12);
INSERT INTO `system_oper_log` VALUES (962, '知识分类', 3, 'com.insmess.knowledge.module.kmc.controller.admin.kmcCategory.KmcCategoryController.remove()', 'DELETE', 1, 'insmess', '研发部门', '/kmc/kmcCategory/16', '127.0.0.1', '内网IP', '{}', '{\"code\":200,\"msg\":\"操作成功\"}', 0, NULL, '2025-11-05 19:22:44', 10);
INSERT INTO `system_oper_log` VALUES (963, '知识分类', 3, 'com.insmess.knowledge.module.kmc.controller.admin.kmcCategory.KmcCategoryController.remove()', 'DELETE', 1, 'insmess', '研发部门', '/kmc/kmcCategory/17', '127.0.0.1', '内网IP', '{}', '{\"code\":200,\"msg\":\"操作成功\"}', 0, NULL, '2025-11-05 19:22:46', 11);
INSERT INTO `system_oper_log` VALUES (964, '知识分类', 2, 'com.insmess.knowledge.module.kmc.controller.admin.kmcCategory.KmcCategoryController.edit()', 'PUT', 1, 'insmess', '研发部门', '/kmc/kmcCategory', '127.0.0.1', '内网IP', '{\"ancestors\":\"0\",\"createBy\":\"小桐\",\"createTime\":\"2025-09-05 02:14:58\",\"creatorId\":1,\"id\":1,\"name\":\"指挥与战略\",\"orderNum\":1,\"params\":{},\"parentId\":0,\"updateBy\":\"星小图\",\"updateTime\":\"2025-11-05 19:23:21\",\"updaterId\":1,\"workspaceId\":1001}', '{\"code\":200,\"msg\":\"操作成功\"}', 0, NULL, '2025-11-05 19:23:21', 54);
INSERT INTO `system_oper_log` VALUES (965, '知识分类', 2, 'com.insmess.knowledge.module.kmc.controller.admin.kmcCategory.KmcCategoryController.edit()', 'PUT', 1, 'insmess', '研发部门', '/kmc/kmcCategory', '127.0.0.1', '内网IP', '{\"ancestors\":\"0\",\"createBy\":\"小桐\",\"createTime\":\"2025-09-05 10:14:58\",\"creatorId\":1,\"id\":1,\"name\":\"开源情报\",\"orderNum\":1,\"params\":{},\"parentId\":0,\"updateBy\":\"星小图\",\"updateTime\":\"2025-11-05 19:24:55\",\"updaterId\":1,\"workspaceId\":1001}', '{\"code\":200,\"msg\":\"操作成功\"}', 0, NULL, '2025-11-05 19:24:55', 15);
INSERT INTO `system_oper_log` VALUES (966, '知识分类', 2, 'com.insmess.knowledge.module.kmc.controller.admin.kmcCategory.KmcCategoryController.edit()', 'PUT', 1, 'insmess', '研发部门', '/kmc/kmcCategory', '127.0.0.1', '内网IP', '{\"ancestors\":\"0\",\"createBy\":\"小桐\",\"createTime\":\"2025-09-05 02:14:58\",\"creatorId\":1,\"id\":2,\"name\":\"人力情报\",\"orderNum\":2,\"params\":{},\"parentId\":0,\"updateBy\":\"星小图\",\"updateTime\":\"2025-11-05 19:25:12\",\"updaterId\":1,\"workspaceId\":1001}', '{\"code\":200,\"msg\":\"操作成功\"}', 0, NULL, '2025-11-05 19:25:12', 16);
INSERT INTO `system_oper_log` VALUES (967, '知识分类', 2, 'com.insmess.knowledge.module.kmc.controller.admin.kmcCategory.KmcCategoryController.edit()', 'PUT', 1, 'insmess', '研发部门', '/kmc/kmcCategory', '127.0.0.1', '内网IP', '{\"ancestors\":\"0\",\"createBy\":\"小桐\",\"createTime\":\"2025-09-05 02:14:58\",\"creatorId\":1,\"id\":3,\"name\":\"信号情报\",\"orderNum\":3,\"params\":{},\"parentId\":0,\"updateBy\":\"星小图\",\"updateTime\":\"2025-11-05 19:25:25\",\"updaterId\":1,\"workspaceId\":1001}', '{\"code\":200,\"msg\":\"操作成功\"}', 0, NULL, '2025-11-05 19:25:25', 17);
INSERT INTO `system_oper_log` VALUES (968, '知识分类', 2, 'com.insmess.knowledge.module.kmc.controller.admin.kmcCategory.KmcCategoryController.edit()', 'PUT', 1, 'insmess', '研发部门', '/kmc/kmcCategory', '127.0.0.1', '内网IP', '{\"ancestors\":\"0\",\"createBy\":\"小桐\",\"createTime\":\"2025-09-05 02:14:58\",\"creatorId\":1,\"id\":4,\"name\":\"影像\",\"orderNum\":4,\"params\":{},\"parentId\":0,\"updateBy\":\"星小图\",\"updateTime\":\"2025-11-05 19:25:44\",\"updaterId\":1,\"workspaceId\":1001}', '{\"code\":200,\"msg\":\"操作成功\"}', 0, NULL, '2025-11-05 19:25:44', 20);
INSERT INTO `system_oper_log` VALUES (969, '知识分类', 2, 'com.insmess.knowledge.module.kmc.controller.admin.kmcCategory.KmcCategoryController.edit()', 'PUT', 1, 'insmess', '研发部门', '/kmc/kmcCategory', '127.0.0.1', '内网IP', '{\"ancestors\":\"0\",\"createBy\":\"小桐\",\"createTime\":\"2025-09-05 02:14:58\",\"creatorId\":1,\"id\":5,\"name\":\"法律\",\"orderNum\":5,\"params\":{},\"parentId\":0,\"updateBy\":\"星小图\",\"updateTime\":\"2025-11-05 19:26:05\",\"updaterId\":1,\"workspaceId\":1001}', '{\"code\":200,\"msg\":\"操作成功\"}', 0, NULL, '2025-11-05 19:26:05', 29);
INSERT INTO `system_oper_log` VALUES (970, '知识分类', 2, 'com.insmess.knowledge.module.kmc.controller.admin.kmcCategory.KmcCategoryController.edit()', 'PUT', 1, 'insmess', '研发部门', '/kmc/kmcCategory', '127.0.0.1', '内网IP', '{\"ancestors\":\"0\",\"createBy\":\"小桐\",\"createTime\":\"2025-09-05 02:14:58\",\"creatorId\":1,\"id\":6,\"name\":\"共享与外部交互\",\"orderNum\":6,\"params\":{},\"parentId\":0,\"updateBy\":\"星小图\",\"updateTime\":\"2025-11-05 19:26:23\",\"updaterId\":1,\"workspaceId\":1001}', '{\"code\":200,\"msg\":\"操作成功\"}', 0, NULL, '2025-11-05 19:26:23', 15);
INSERT INTO `system_oper_log` VALUES (971, '知识分类', 2, 'com.insmess.knowledge.module.kmc.controller.admin.kmcCategory.KmcCategoryController.edit()', 'PUT', 1, 'insmess', '研发部门', '/kmc/kmcCategory', '127.0.0.1', '内网IP', '{\"ancestors\":\"0\",\"createBy\":\"小桐\",\"createTime\":\"2025-09-05 02:14:58\",\"creatorId\":1,\"id\":7,\"name\":\"预警\",\"orderNum\":7,\"params\":{},\"parentId\":0,\"updateBy\":\"星小图\",\"updateTime\":\"2025-11-05 19:26:35\",\"updaterId\":1,\"workspaceId\":1001}', '{\"code\":200,\"msg\":\"操作成功\"}', 0, NULL, '2025-11-05 19:26:35', 16);
INSERT INTO `system_oper_log` VALUES (972, '知识分类', 1, 'com.insmess.knowledge.module.kmc.controller.admin.kmcCategory.KmcCategoryController.add()', 'POST', 1, 'insmess', '研发部门', '/kmc/kmcCategory', '127.0.0.1', '内网IP', '{\"ancestors\":\"0,1\",\"createBy\":\"星小图\",\"createTime\":\"2025-11-05 19:27:02\",\"creatorId\":1,\"name\":\"媒体报道\",\"orderNum\":0,\"params\":{},\"parentId\":1,\"workspaceId\":1001}', '{\"code\":200,\"msg\":\"操作成功\"}', 0, NULL, '2025-11-05 19:27:02', 25);
INSERT INTO `system_oper_log` VALUES (973, '知识分类', 1, 'com.insmess.knowledge.module.kmc.controller.admin.kmcCategory.KmcCategoryController.add()', 'POST', 1, 'insmess', '研发部门', '/kmc/kmcCategory', '127.0.0.1', '内网IP', '{\"ancestors\":\"0,1\",\"createBy\":\"星小图\",\"createTime\":\"2025-11-05 19:27:13\",\"creatorId\":1,\"name\":\"学术与公开报道\",\"orderNum\":10,\"params\":{},\"parentId\":1,\"workspaceId\":1001}', '{\"code\":200,\"msg\":\"操作成功\"}', 0, NULL, '2025-11-05 19:27:13', 9);
INSERT INTO `system_oper_log` VALUES (974, '知识分类', 1, 'com.insmess.knowledge.module.kmc.controller.admin.kmcCategory.KmcCategoryController.add()', 'POST', 1, 'insmess', '研发部门', '/kmc/kmcCategory', '127.0.0.1', '内网IP', '{\"ancestors\":\"0,1\",\"createBy\":\"星小图\",\"createTime\":\"2025-11-05 19:27:26\",\"creatorId\":1,\"name\":\"社交媒体摘录\",\"orderNum\":30,\"params\":{},\"parentId\":1,\"workspaceId\":1001}', '{\"code\":200,\"msg\":\"操作成功\"}', 0, NULL, '2025-11-05 19:27:26', 9);
INSERT INTO `system_oper_log` VALUES (975, '知识分类', 1, 'com.insmess.knowledge.module.kmc.controller.admin.kmcCategory.KmcCategoryController.add()', 'POST', 1, 'insmess', '研发部门', '/kmc/kmcCategory', '127.0.0.1', '内网IP', '{\"ancestors\":\"0,2\",\"createBy\":\"星小图\",\"createTime\":\"2025-11-05 19:27:43\",\"creatorId\":1,\"name\":\"线人报告\",\"orderNum\":0,\"params\":{},\"parentId\":2,\"workspaceId\":1001}', '{\"code\":200,\"msg\":\"操作成功\"}', 0, NULL, '2025-11-05 19:27:43', 10);
INSERT INTO `system_oper_log` VALUES (976, '知识分类', 1, 'com.insmess.knowledge.module.kmc.controller.admin.kmcCategory.KmcCategoryController.add()', 'POST', 1, 'insmess', '研发部门', '/kmc/kmcCategory', '127.0.0.1', '内网IP', '{\"ancestors\":\"0,2\",\"createBy\":\"星小图\",\"createTime\":\"2025-11-05 19:27:52\",\"creatorId\":1,\"name\":\"口头记录\",\"orderNum\":30,\"params\":{},\"parentId\":2,\"workspaceId\":1001}', '{\"code\":200,\"msg\":\"操作成功\"}', 0, NULL, '2025-11-05 19:27:52', 12);
INSERT INTO `system_oper_log` VALUES (977, '知识分类', 1, 'com.insmess.knowledge.module.kmc.controller.admin.kmcCategory.KmcCategoryController.add()', 'POST', 1, 'insmess', '研发部门', '/kmc/kmcCategory', '127.0.0.1', '内网IP', '{\"ancestors\":\"0,3\",\"createBy\":\"星小图\",\"createTime\":\"2025-11-05 19:28:06\",\"creatorId\":1,\"name\":\"通信摘录\",\"orderNum\":0,\"params\":{},\"parentId\":3,\"workspaceId\":1001}', '{\"code\":200,\"msg\":\"操作成功\"}', 0, NULL, '2025-11-05 19:28:06', 10);
INSERT INTO `system_oper_log` VALUES (978, '知识分类', 1, 'com.insmess.knowledge.module.kmc.controller.admin.kmcCategory.KmcCategoryController.add()', 'POST', 1, 'insmess', '研发部门', '/kmc/kmcCategory', '127.0.0.1', '内网IP', '{\"ancestors\":\"0,3\",\"createBy\":\"星小图\",\"createTime\":\"2025-11-05 19:28:12\",\"creatorId\":1,\"name\":\"解析记录\",\"orderNum\":30,\"params\":{},\"parentId\":3,\"workspaceId\":1001}', '{\"code\":200,\"msg\":\"操作成功\"}', 0, NULL, '2025-11-05 19:28:12', 13);
INSERT INTO `system_oper_log` VALUES (979, '知识分类', 1, 'com.insmess.knowledge.module.kmc.controller.admin.kmcCategory.KmcCategoryController.add()', 'POST', 1, 'insmess', '研发部门', '/kmc/kmcCategory', '127.0.0.1', '内网IP', '{\"ancestors\":\"0,4\",\"createBy\":\"星小图\",\"createTime\":\"2025-11-05 19:28:23\",\"creatorId\":1,\"name\":\"无人机影像\",\"orderNum\":0,\"params\":{},\"parentId\":4,\"workspaceId\":1001}', '{\"code\":200,\"msg\":\"操作成功\"}', 0, NULL, '2025-11-05 19:28:23', 18);
INSERT INTO `system_oper_log` VALUES (980, '知识分类', 1, 'com.insmess.knowledge.module.kmc.controller.admin.kmcCategory.KmcCategoryController.add()', 'POST', 1, 'insmess', '研发部门', '/kmc/kmcCategory', '127.0.0.1', '内网IP', '{\"ancestors\":\"0,4\",\"createBy\":\"星小图\",\"createTime\":\"2025-11-05 19:28:30\",\"creatorId\":1,\"name\":\"卫星影像\",\"orderNum\":20,\"params\":{},\"parentId\":4,\"workspaceId\":1001}', '{\"code\":200,\"msg\":\"操作成功\"}', 0, NULL, '2025-11-05 19:28:30', 10);
INSERT INTO `system_oper_log` VALUES (981, '知识分类', 1, 'com.insmess.knowledge.module.kmc.controller.admin.kmcCategory.KmcCategoryController.add()', 'POST', 1, 'insmess', '研发部门', '/kmc/kmcCategory', '127.0.0.1', '内网IP', '{\"ancestors\":\"0,4\",\"createBy\":\"星小图\",\"createTime\":\"2025-11-05 19:28:42\",\"creatorId\":1,\"name\":\"红外数据\",\"orderNum\":40,\"params\":{},\"parentId\":4,\"workspaceId\":1001}', '{\"code\":200,\"msg\":\"操作成功\"}', 0, NULL, '2025-11-05 19:28:42', 12);
INSERT INTO `system_oper_log` VALUES (982, '知识库', 1, 'com.insmess.knowledge.module.ext.controller.admin.extKnowledge.ExtKnowledgeController.add()', 'POST', 1, 'insmess', '研发部门', '/ext/extKnowledge', '127.0.0.1', '内网IP', '{\"description\":\"领域MB知识库\",\"name\":\"领域MB知识库\",\"params\":{},\"remark\":\"领域MB知识库\"}', '{\"code\":200,\"msg\":\"操作成功\"}', 0, NULL, '2025-11-05 19:36:31', 18);
INSERT INTO `system_oper_log` VALUES (983, '概念配置', 1, 'com.insmess.knowledge.module.ext.controller.admin.extSchema.ExtSchemaController.add()', 'POST', 1, 'insmess', '研发部门', '/ext/schema', '127.0.0.1', '内网IP', '{\"color\":\"rgba(255, 140, 0, 1)\",\"createBy\":\"星小图\",\"createTime\":\"2025-11-05 19:36:45\",\"creatorId\":1,\"description\":\"民用设施\",\"knowledgeId\":6,\"name\":\"民用设施\",\"params\":{},\"updateBy\":\"\",\"workspaceId\":1001}', '{\"code\":200,\"msg\":\"操作成功\"}', 0, NULL, '2025-11-05 19:36:45', 30);
INSERT INTO `system_oper_log` VALUES (984, '概念配置', 1, 'com.insmess.knowledge.module.ext.controller.admin.extSchema.ExtSchemaController.add()', 'POST', 1, 'insmess', '研发部门', '/ext/schema', '127.0.0.1', '内网IP', '{\"color\":\"rgba(144, 238, 144, 1)\",\"createBy\":\"星小图\",\"createTime\":\"2025-11-05 19:36:55\",\"creatorId\":1,\"description\":\"人物\",\"knowledgeId\":6,\"name\":\"人物\",\"params\":{},\"updateBy\":\"\",\"workspaceId\":1001}', '{\"code\":200,\"msg\":\"操作成功\"}', 0, NULL, '2025-11-05 19:36:55', 23);
INSERT INTO `system_oper_log` VALUES (985, '概念配置', 1, 'com.insmess.knowledge.module.ext.controller.admin.extSchema.ExtSchemaController.add()', 'POST', 1, 'insmess', '研发部门', '/ext/schema', '127.0.0.1', '内网IP', '{\"color\":\"rgba(30, 144, 255, 1)\",\"createBy\":\"星小图\",\"createTime\":\"2025-11-05 19:37:04\",\"creatorId\":1,\"description\":\"军事基地\",\"knowledgeId\":6,\"name\":\"军事基地\",\"params\":{},\"updateBy\":\"\",\"workspaceId\":1001}', '{\"code\":200,\"msg\":\"操作成功\"}', 0, NULL, '2025-11-05 19:37:04', 23);
INSERT INTO `system_oper_log` VALUES (986, '概念配置', 1, 'com.insmess.knowledge.module.ext.controller.admin.extSchema.ExtSchemaController.add()', 'POST', 1, 'insmess', '研发部门', '/ext/schema', '127.0.0.1', '内网IP', '{\"color\":\"rgba(199, 21, 133, 1)\",\"createBy\":\"星小图\",\"createTime\":\"2025-11-05 19:37:16\",\"creatorId\":1,\"description\":\"武器装备\",\"knowledgeId\":6,\"name\":\"武器装备\",\"params\":{},\"updateBy\":\"\",\"workspaceId\":1001}', '{\"code\":200,\"msg\":\"操作成功\"}', 0, NULL, '2025-11-05 19:37:16', 26);
INSERT INTO `system_oper_log` VALUES (987, '概念配置', 1, 'com.insmess.knowledge.module.ext.controller.admin.extSchema.ExtSchemaController.add()', 'POST', 1, 'insmess', '研发部门', '/ext/schema', '127.0.0.1', '内网IP', '{\"color\":\"rgba(199, 21, 133, 1)\",\"createBy\":\"星小图\",\"createTime\":\"2025-11-05 19:37:28\",\"creatorId\":1,\"description\":\"政界人物\",\"knowledgeId\":6,\"name\":\"政界人物\",\"params\":{},\"pid\":58,\"updateBy\":\"\",\"workspaceId\":1001}', '{\"code\":200,\"msg\":\"操作成功\"}', 0, NULL, '2025-11-05 19:37:28', 23);
INSERT INTO `system_oper_log` VALUES (988, '概念配置', 1, 'com.insmess.knowledge.module.ext.controller.admin.extSchema.ExtSchemaController.add()', 'POST', 1, 'insmess', '研发部门', '/ext/schema', '127.0.0.1', '内网IP', '{\"color\":\"rgba(199, 21, 133, 1)\",\"createBy\":\"星小图\",\"createTime\":\"2025-11-05 19:37:51\",\"creatorId\":1,\"description\":\"军界人物\",\"knowledgeId\":6,\"name\":\"军界人物\",\"params\":{},\"pid\":58,\"updateBy\":\"\",\"workspaceId\":1001}', '{\"code\":200,\"msg\":\"操作成功\"}', 0, NULL, '2025-11-05 19:37:52', 27);
INSERT INTO `system_oper_log` VALUES (989, '概念配置', 1, 'com.insmess.knowledge.module.ext.controller.admin.extSchema.ExtSchemaController.add()', 'POST', 1, 'insmess', '研发部门', '/ext/schema', '127.0.0.1', '内网IP', '{\"color\":\"rgba(255, 69, 0, 1)\",\"createBy\":\"星小图\",\"createTime\":\"2025-11-05 19:38:06\",\"creatorId\":1,\"description\":\"社会人物\",\"knowledgeId\":6,\"name\":\"社会人物\",\"params\":{},\"pid\":58,\"updateBy\":\"\",\"workspaceId\":1001}', '{\"code\":200,\"msg\":\"操作成功\"}', 0, NULL, '2025-11-05 19:38:06', 27);
INSERT INTO `system_oper_log` VALUES (990, '概念配置', 1, 'com.insmess.knowledge.module.ext.controller.admin.extSchema.ExtSchemaController.add()', 'POST', 1, 'insmess', '研发部门', '/ext/schema', '127.0.0.1', '内网IP', '{\"color\":\"rgba(255, 69, 0, 0.68)\",\"createBy\":\"星小图\",\"createTime\":\"2025-11-05 19:38:14\",\"creatorId\":1,\"description\":\"油库\",\"knowledgeId\":6,\"name\":\"油库\",\"params\":{},\"pid\":59,\"updateBy\":\"\",\"workspaceId\":1001}', '{\"code\":200,\"msg\":\"操作成功\"}', 0, NULL, '2025-11-05 19:38:14', 28);
INSERT INTO `system_oper_log` VALUES (991, '概念配置', 1, 'com.insmess.knowledge.module.ext.controller.admin.extSchema.ExtSchemaController.add()', 'POST', 1, 'insmess', '研发部门', '/ext/schema', '127.0.0.1', '内网IP', '{\"color\":\"rgba(255, 69, 0, 0.68)\",\"createBy\":\"星小图\",\"createTime\":\"2025-11-05 19:38:21\",\"creatorId\":1,\"description\":\"基地\",\"knowledgeId\":6,\"name\":\"基地\",\"params\":{},\"pid\":59,\"updateBy\":\"\",\"workspaceId\":1001}', '{\"code\":200,\"msg\":\"操作成功\"}', 0, NULL, '2025-11-05 19:38:21', 28);
INSERT INTO `system_oper_log` VALUES (992, '概念配置', 1, 'com.insmess.knowledge.module.ext.controller.admin.extSchema.ExtSchemaController.add()', 'POST', 1, 'insmess', '研发部门', '/ext/schema', '127.0.0.1', '内网IP', '{\"color\":\"rgba(199, 21, 133, 0.5)\",\"createBy\":\"星小图\",\"createTime\":\"2025-11-05 19:38:29\",\"creatorId\":1,\"description\":\"弹药库\",\"knowledgeId\":6,\"name\":\"弹药库\",\"params\":{},\"pid\":59,\"updateBy\":\"\",\"workspaceId\":1001}', '{\"code\":200,\"msg\":\"操作成功\"}', 0, NULL, '2025-11-05 19:38:29', 20);
INSERT INTO `system_oper_log` VALUES (993, '概念配置', 1, 'com.insmess.knowledge.module.ext.controller.admin.extSchema.ExtSchemaController.add()', 'POST', 1, 'insmess', '研发部门', '/ext/schema', '127.0.0.1', '内网IP', '{\"color\":\"rgba(255, 69, 0, 0.68)\",\"createBy\":\"星小图\",\"createTime\":\"2025-11-05 19:38:37\",\"creatorId\":1,\"description\":\"国民警卫队\",\"knowledgeId\":6,\"name\":\"国民警卫队\",\"params\":{},\"pid\":59,\"updateBy\":\"\",\"workspaceId\":1001}', '{\"code\":200,\"msg\":\"操作成功\"}', 0, NULL, '2025-11-05 19:38:37', 22);
INSERT INTO `system_oper_log` VALUES (994, '概念配置', 1, 'com.insmess.knowledge.module.ext.controller.admin.extSchema.ExtSchemaController.add()', 'POST', 1, 'insmess', '研发部门', '/ext/schema', '127.0.0.1', '内网IP', '{\"color\":\"rgba(199, 21, 133, 0.5)\",\"createBy\":\"星小图\",\"createTime\":\"2025-11-05 19:38:48\",\"creatorId\":1,\"description\":\"兵营\",\"knowledgeId\":6,\"name\":\"兵营\",\"params\":{},\"pid\":59,\"updateBy\":\"\",\"workspaceId\":1001}', '{\"code\":200,\"msg\":\"操作成功\"}', 0, NULL, '2025-11-05 19:38:48', 29);
INSERT INTO `system_oper_log` VALUES (995, '概念配置', 1, 'com.insmess.knowledge.module.ext.controller.admin.extSchema.ExtSchemaController.add()', 'POST', 1, 'insmess', '研发部门', '/ext/schema', '127.0.0.1', '内网IP', '{\"color\":\"rgba(255, 140, 0, 1)\",\"createBy\":\"星小图\",\"createTime\":\"2025-11-05 19:38:59\",\"creatorId\":1,\"description\":\"火箭炮\",\"knowledgeId\":6,\"name\":\"火箭炮\",\"params\":{},\"pid\":60,\"updateBy\":\"\",\"workspaceId\":1001}', '{\"code\":200,\"msg\":\"操作成功\"}', 0, NULL, '2025-11-05 19:38:59', 20);
INSERT INTO `system_oper_log` VALUES (996, '概念配置', 1, 'com.insmess.knowledge.module.ext.controller.admin.extSchema.ExtSchemaController.add()', 'POST', 1, 'insmess', '研发部门', '/ext/schema', '127.0.0.1', '内网IP', '{\"color\":\"rgba(255, 69, 0, 1)\",\"createBy\":\"星小图\",\"createTime\":\"2025-11-05 19:39:09\",\"creatorId\":1,\"description\":\"飞行器\",\"knowledgeId\":6,\"name\":\"飞行器\",\"params\":{},\"pid\":60,\"updateBy\":\"\",\"workspaceId\":1001}', '{\"code\":200,\"msg\":\"操作成功\"}', 0, NULL, '2025-11-05 19:39:09', 32);
INSERT INTO `system_oper_log` VALUES (997, '概念配置', 1, 'com.insmess.knowledge.module.ext.controller.admin.extSchema.ExtSchemaController.add()', 'POST', 1, 'insmess', '研发部门', '/ext/schema', '127.0.0.1', '内网IP', '{\"color\":\"rgba(199, 21, 133, 1)\",\"createBy\":\"星小图\",\"createTime\":\"2025-11-05 19:39:18\",\"creatorId\":1,\"description\":\"装甲车\",\"knowledgeId\":6,\"name\":\"test\",\"params\":{},\"pid\":60,\"updateBy\":\"\",\"workspaceId\":1001}', '{\"code\":200,\"msg\":\"操作成功\"}', 0, NULL, '2025-11-05 19:39:18', 21);
INSERT INTO `system_oper_log` VALUES (998, '概念配置', 3, 'com.insmess.knowledge.module.ext.controller.admin.extSchema.ExtSchemaController.remove()', 'DELETE', 1, 'insmess', '研发部门', '/ext/schema/71', '127.0.0.1', '内网IP', '{}', '{\"code\":200,\"msg\":\"操作成功\"}', 0, NULL, '2025-11-05 19:39:30', 13);
INSERT INTO `system_oper_log` VALUES (999, '概念配置', 1, 'com.insmess.knowledge.module.ext.controller.admin.extSchema.ExtSchemaController.add()', 'POST', 1, 'insmess', '研发部门', '/ext/schema', '127.0.0.1', '内网IP', '{\"color\":\"rgba(72, 16, 51, 1)\",\"createBy\":\"星小图\",\"createTime\":\"2025-11-05 19:39:38\",\"creatorId\":1,\"description\":\"装甲车\",\"knowledgeId\":6,\"name\":\"装甲车\",\"params\":{},\"pid\":60,\"updateBy\":\"\",\"workspaceId\":1001}', '{\"code\":200,\"msg\":\"操作成功\"}', 0, NULL, '2025-11-05 19:39:38', 22);
INSERT INTO `system_oper_log` VALUES (1000, '测试连接', 3, 'com.insmess.knowledge.module.dm.controller.admin.datasource.DmDatasourceController.clientsTest()', 'GET', 1, 'insmess', '研发部门', '/dm/dmDatasource/clientsTest/4', '127.0.0.1', '内网IP', '{}', '{\"msg\":\"数据库连接成功\",\"code\":200}', 0, NULL, '2025-11-05 20:06:55', 539);
INSERT INTO `system_oper_log` VALUES (1001, '知识文件', 1, 'com.insmess.knowledge.module.kmc.controller.admin.kmcDocument.KmcDocumentController.add()', 'POST', 1, 'insmess', '研发部门', '/kmcDocument/document', '127.0.0.1', '内网IP', '{\"categoryId\":18,\"categoryName\":\"媒体报道\",\"createBy\":\"星小图\",\"createTime\":\"2025-11-06 13:52:55\",\"creatorId\":1,\"description\":\"诺曼底登陆\",\"name\":\"诺曼底登陆.docx\",\"params\":{},\"url\":\"http://localhost:8090/file/4892ebb7eb2b44b395f652f12570d5f5.docx\",\"workspaceId\":1001}', '{\"code\":200,\"msg\":\"操作成功\"}', 0, NULL, '2025-11-06 13:52:55', 30);
INSERT INTO `system_oper_log` VALUES (1002, '非结构化抽取任务', 1, 'com.insmess.knowledge.module.ext.controller.admin.extUnstructTask.ExtUnstructTaskController.add()', 'POST', 1, 'insmess', '研发部门', '/ext/unstructTask', '127.0.0.1', '内网IP', '{\"createBy\":\"星小图\",\"createTime\":\"2025-11-06 14:04:54\",\"creatorId\":1,\"id\":17,\"knowledgeId\":4,\"name\":\"诺曼底登陆\",\"params\":{\"docIds\":\"23\",\"relationIds\":\"25,26,27,28,29,30,31,32,33,34,35,36\"},\"publishStatus\":0,\"status\":0,\"updateTime\":\"2025-11-06 14:04:54\",\"workspaceId\":1001}', '{\"code\":200,\"msg\":\"操作成功\"}', 0, NULL, '2025-11-06 14:04:54', 74);
INSERT INTO `system_oper_log` VALUES (1003, '关系配置', 1, 'com.insmess.knowledge.module.ext.controller.admin.extSchemaRelation.ExtSchemaRelationController.add()', 'POST', 1, 'insmess', '研发部门', '/ext/relation', '127.0.0.1', '内网IP', '{\"createBy\":\"星小图\",\"createTime\":\"2025-11-07 08:53:29\",\"creatorId\":1,\"endSchemaId\":62,\"inverseFlag\":1,\"params\":{},\"relation\":\"同事\",\"startSchemaId\":61,\"workspaceId\":1001}', '{\"code\":200,\"msg\":\"操作成功\"}', 0, NULL, '2025-11-07 08:53:29', 26);
INSERT INTO `system_oper_log` VALUES (1004, '关系配置', 2, 'com.insmess.knowledge.module.ext.controller.admin.extSchemaRelation.ExtSchemaRelationController.edit()', 'PUT', 1, 'insmess', '研发部门', '/ext/relation', '127.0.0.1', '内网IP', '{\"createBy\":\"星小图\",\"createTime\":\"2025-11-07 16:53:29\",\"creatorId\":1,\"endSchemaId\":62,\"id\":38,\"inverseFlag\":0,\"params\":{},\"relation\":\"同事\",\"startSchemaId\":61,\"updateBy\":\"星小图\",\"updateTime\":\"2025-11-07 08:53:47\",\"updaterId\":1,\"workspaceId\":1001}', '{\"code\":200,\"msg\":\"操作成功\"}', 0, NULL, '2025-11-07 08:53:47', 14);
INSERT INTO `system_oper_log` VALUES (1005, '关系配置', 3, 'com.insmess.knowledge.module.ext.controller.admin.extSchemaRelation.ExtSchemaRelationController.remove()', 'DELETE', 1, 'insmess', '研发部门', '/ext/relation/38', '127.0.0.1', '内网IP', '{}', '{\"code\":200,\"msg\":\"操作成功\"}', 0, NULL, '2025-11-07 08:54:03', 15);
INSERT INTO `system_oper_log` VALUES (1006, '关系配置', 1, 'com.insmess.knowledge.module.ext.controller.admin.extSchemaRelation.ExtSchemaRelationController.add()', 'POST', 1, 'insmess', '研发部门', '/ext/relation', '127.0.0.1', '内网IP', '{\"createBy\":\"星小图\",\"createTime\":\"2025-11-07 08:54:15\",\"creatorId\":1,\"endSchemaId\":69,\"inverseFlag\":0,\"params\":{},\"relation\":\"配备\",\"startSchemaId\":61,\"workspaceId\":1001}', '{\"code\":200,\"msg\":\"操作成功\"}', 0, NULL, '2025-11-07 08:54:15', 7);
INSERT INTO `system_oper_log` VALUES (1007, '关系配置', 1, 'com.insmess.knowledge.module.ext.controller.admin.extSchemaRelation.ExtSchemaRelationController.add()', 'POST', 1, 'insmess', '研发部门', '/ext/relation', '127.0.0.1', '内网IP', '{\"createBy\":\"星小图\",\"createTime\":\"2025-11-07 08:55:12\",\"creatorId\":1,\"endSchemaId\":10,\"inverseFlag\":0,\"params\":{},\"relation\":\"研发\",\"startSchemaId\":14,\"workspaceId\":1001}', '{\"code\":200,\"msg\":\"操作成功\"}', 0, NULL, '2025-11-07 08:55:12', 9);
INSERT INTO `system_oper_log` VALUES (1008, '知识库', 1, 'com.insmess.knowledge.module.ext.controller.admin.extKnowledge.ExtKnowledgeController.add()', 'POST', 1, 'insmess', '研发部门', '/ext/extKnowledge', '127.0.0.1', '内网IP', '{\"description\":\"ZB数据库\",\"name\":\"ZB数据库\",\"params\":{},\"remark\":\"ZB数据库\"}', '{\"code\":200,\"msg\":\"操作成功\"}', 0, NULL, '2025-11-07 08:56:37', 10);
INSERT INTO `system_oper_log` VALUES (1009, '概念配置', 1, 'com.insmess.knowledge.module.ext.controller.admin.extSchema.ExtSchemaController.add()', 'POST', 1, 'insmess', '研发部门', '/ext/schema', '127.0.0.1', '内网IP', '{\"color\":\"rgba(255, 215, 0, 1)\",\"createBy\":\"星小图\",\"createTime\":\"2025-11-07 08:56:51\",\"creatorId\":1,\"description\":\"坦克\",\"knowledgeId\":7,\"name\":\"坦克\",\"params\":{},\"updateBy\":\"\",\"workspaceId\":1001}', '{\"code\":200,\"msg\":\"操作成功\"}', 0, NULL, '2025-11-07 08:56:51', 19);
INSERT INTO `system_oper_log` VALUES (1010, '概念配置', 1, 'com.insmess.knowledge.module.ext.controller.admin.extSchema.ExtSchemaController.add()', 'POST', 1, 'insmess', '研发部门', '/ext/schema', '127.0.0.1', '内网IP', '{\"color\":\"rgba(30, 144, 255, 1)\",\"createBy\":\"星小图\",\"createTime\":\"2025-11-07 08:57:01\",\"creatorId\":1,\"description\":\"飞机\",\"knowledgeId\":7,\"name\":\"飞机\",\"params\":{},\"updateBy\":\"\",\"workspaceId\":1001}', '{\"code\":200,\"msg\":\"操作成功\"}', 0, NULL, '2025-11-07 08:57:01', 16);
INSERT INTO `system_oper_log` VALUES (1011, '概念配置', 1, 'com.insmess.knowledge.module.ext.controller.admin.extSchema.ExtSchemaController.add()', 'POST', 1, 'insmess', '研发部门', '/ext/schema', '127.0.0.1', '内网IP', '{\"color\":\"rgba(0, 206, 209, 1)\",\"createBy\":\"星小图\",\"createTime\":\"2025-11-07 08:57:09\",\"creatorId\":1,\"description\":\"军舰\",\"knowledgeId\":7,\"name\":\"军舰\",\"params\":{},\"updateBy\":\"\",\"workspaceId\":1001}', '{\"code\":200,\"msg\":\"操作成功\"}', 0, NULL, '2025-11-07 08:57:09', 16);
INSERT INTO `system_oper_log` VALUES (1012, '关系配置', 1, 'com.insmess.knowledge.module.ext.controller.admin.extSchemaRelation.ExtSchemaRelationController.add()', 'POST', 1, 'insmess', '研发部门', '/ext/relation', '127.0.0.1', '内网IP', '{\"createBy\":\"星小图\",\"createTime\":\"2025-11-07 08:57:29\",\"creatorId\":1,\"endSchemaId\":75,\"inverseFlag\":0,\"params\":{},\"relation\":\"掩护\",\"startSchemaId\":73,\"workspaceId\":1001}', '{\"code\":200,\"msg\":\"操作成功\"}', 0, NULL, '2025-11-07 08:57:29', 9);
INSERT INTO `system_oper_log` VALUES (1013, '关系配置', 1, 'com.insmess.knowledge.module.ext.controller.admin.extSchemaRelation.ExtSchemaRelationController.add()', 'POST', 1, 'insmess', '研发部门', '/ext/relation', '127.0.0.1', '内网IP', '{\"createBy\":\"星小图\",\"createTime\":\"2025-11-07 09:03:00\",\"creatorId\":1,\"endSchemaId\":74,\"inverseFlag\":0,\"params\":{},\"relation\":\"XXX\",\"startSchemaId\":75,\"workspaceId\":1001}', '{\"code\":200,\"msg\":\"操作成功\"}', 0, NULL, '2025-11-07 09:03:00', 8);
INSERT INTO `system_oper_log` VALUES (1014, '关系配置', 1, 'com.insmess.knowledge.module.ext.controller.admin.extSchemaRelation.ExtSchemaRelationController.add()', 'POST', 1, 'insmess', '研发部门', '/ext/relation', '127.0.0.1', '内网IP', '{\"createBy\":\"星小图\",\"createTime\":\"2025-11-07 09:10:36\",\"creatorId\":1,\"endSchemaId\":74,\"inverseFlag\":0,\"params\":{},\"relation\":\"掩护\",\"startSchemaId\":73,\"workspaceId\":1001}', '{\"code\":200,\"msg\":\"操作成功\"}', 0, NULL, '2025-11-07 09:10:36', 11);
INSERT INTO `system_oper_log` VALUES (1015, '关系配置', 1, 'com.insmess.knowledge.module.ext.controller.admin.extSchemaRelation.ExtSchemaRelationController.add()', 'POST', 1, 'insmess', '研发部门', '/ext/relation', '127.0.0.1', '内网IP', '{\"createBy\":\"星小图\",\"createTime\":\"2025-11-07 09:11:00\",\"creatorId\":1,\"endSchemaId\":75,\"inverseFlag\":0,\"params\":{},\"relation\":\"test\",\"startSchemaId\":73,\"workspaceId\":1001}', '{\"code\":200,\"msg\":\"操作成功\"}', 0, NULL, '2025-11-07 09:11:00', 9);
INSERT INTO `system_oper_log` VALUES (1016, '关系配置', 1, 'com.insmess.knowledge.module.ext.controller.admin.extSchemaRelation.ExtSchemaRelationController.add()', 'POST', 1, 'insmess', '研发部门', '/ext/relation', '127.0.0.1', '内网IP', '{\"createBy\":\"星小图\",\"createTime\":\"2025-11-07 09:11:49\",\"creatorId\":1,\"endSchemaId\":75,\"inverseFlag\":0,\"params\":{},\"relation\":\"test\",\"remark\":\"ttt\",\"startSchemaId\":73,\"workspaceId\":1001}', '{\"code\":200,\"msg\":\"操作成功\"}', 0, NULL, '2025-11-07 09:11:49', 8);
INSERT INTO `system_oper_log` VALUES (1017, '关系配置', 3, 'com.insmess.knowledge.module.ext.controller.admin.extSchemaRelation.ExtSchemaRelationController.remove()', 'DELETE', 1, 'insmess', '研发部门', '/ext/relation/43', '127.0.0.1', '内网IP', '{}', '{\"code\":200,\"msg\":\"操作成功\"}', 0, NULL, '2025-11-07 09:12:00', 25);
INSERT INTO `system_oper_log` VALUES (1018, '关系配置', 3, 'com.insmess.knowledge.module.ext.controller.admin.extSchemaRelation.ExtSchemaRelationController.remove()', 'DELETE', 1, 'insmess', '研发部门', '/ext/relation/44', '127.0.0.1', '内网IP', '{}', '{\"code\":200,\"msg\":\"操作成功\"}', 0, NULL, '2025-11-07 09:12:01', 8);
INSERT INTO `system_oper_log` VALUES (1019, '关系配置', 3, 'com.insmess.knowledge.module.ext.controller.admin.extSchemaRelation.ExtSchemaRelationController.remove()', 'DELETE', 1, 'insmess', '研发部门', '/ext/relation/45', '127.0.0.1', '内网IP', '{}', '{\"code\":200,\"msg\":\"操作成功\"}', 0, NULL, '2025-11-07 09:12:04', 9);
INSERT INTO `system_oper_log` VALUES (1020, '关系配置', 1, 'com.insmess.knowledge.module.ext.controller.admin.extSchemaRelation.ExtSchemaRelationController.add()', 'POST', 1, 'insmess', '研发部门', '/ext/relation', '127.0.0.1', '内网IP', '{\"createBy\":\"星小图\",\"createTime\":\"2025-11-07 09:14:56\",\"creatorId\":1,\"endSchemaId\":74,\"inverseFlag\":0,\"params\":{},\"relation\":\"xxxxxxxx\",\"startSchemaId\":73,\"workspaceId\":1001}', '{\"code\":200,\"msg\":\"操作成功\"}', 0, NULL, '2025-11-07 09:14:56', 12);
INSERT INTO `system_oper_log` VALUES (1021, '关系配置', 1, 'com.insmess.knowledge.module.ext.controller.admin.extSchemaRelation.ExtSchemaRelationController.add()', 'POST', 1, 'insmess', '研发部门', '/ext/relation', '127.0.0.1', '内网IP', '{\"createBy\":\"星小图\",\"createTime\":\"2025-11-07 09:16:10\",\"creatorId\":1,\"endSchemaId\":75,\"inverseFlag\":0,\"knowledgeId\":7,\"params\":{},\"relation\":\"xxxx\",\"startSchemaId\":73,\"workspaceId\":1001}', '{\"code\":200,\"msg\":\"操作成功\"}', 0, NULL, '2025-11-07 09:16:10', 16);
INSERT INTO `system_oper_log` VALUES (1022, '关系配置', 3, 'com.insmess.knowledge.module.ext.controller.admin.extSchemaRelation.ExtSchemaRelationController.remove()', 'DELETE', 1, 'insmess', '研发部门', '/ext/relation/46', '127.0.0.1', '内网IP', '{}', '{\"code\":200,\"msg\":\"操作成功\"}', 0, NULL, '2025-11-07 09:16:21', 22);
INSERT INTO `system_oper_log` VALUES (1023, '关系配置', 3, 'com.insmess.knowledge.module.ext.controller.admin.extSchemaRelation.ExtSchemaRelationController.remove()', 'DELETE', 1, 'insmess', '研发部门', '/ext/relation/47', '127.0.0.1', '内网IP', '{}', '{\"code\":200,\"msg\":\"操作成功\"}', 0, NULL, '2025-11-07 09:16:23', 9);
INSERT INTO `system_oper_log` VALUES (1024, '关系配置', 3, 'com.insmess.knowledge.module.ext.controller.admin.extSchemaRelation.ExtSchemaRelationController.remove()', 'DELETE', 1, 'insmess', '研发部门', '/ext/relation/42', '127.0.0.1', '内网IP', '{}', '{\"code\":200,\"msg\":\"操作成功\"}', 0, NULL, '2025-11-07 09:16:26', 8);
INSERT INTO `system_oper_log` VALUES (1025, '关系配置', 1, 'com.insmess.knowledge.module.ext.controller.admin.extSchemaRelation.ExtSchemaRelationController.add()', 'POST', 1, 'insmess', '研发部门', '/ext/relation', '127.0.0.1', '内网IP', '{\"createBy\":\"星小图\",\"createTime\":\"2025-11-07 09:16:39\",\"creatorId\":1,\"endSchemaId\":74,\"inverseFlag\":1,\"knowledgeId\":7,\"params\":{},\"relation\":\"掩护\",\"startSchemaId\":73,\"workspaceId\":1001}', '{\"code\":200,\"msg\":\"操作成功\"}', 0, NULL, '2025-11-07 09:16:39', 10);
INSERT INTO `system_oper_log` VALUES (1026, '关系配置', 3, 'com.insmess.knowledge.module.ext.controller.admin.extSchemaRelation.ExtSchemaRelationController.remove()', 'DELETE', 1, 'insmess', '研发部门', '/ext/relation/48', '127.0.0.1', '内网IP', '{}', '{\"code\":200,\"msg\":\"操作成功\"}', 0, NULL, '2025-11-07 09:16:52', 21);
INSERT INTO `system_oper_log` VALUES (1027, '菜单管理', 2, 'system.admin.controller.com.insmess.knowledge.module.system.SysMenuController.edit()', 'PUT', 1, 'insmess', '研发部门', '/system/menu', '127.0.0.1', '内网IP', '{\"children\":[],\"component\":\"app/graphLayout/index\",\"createTime\":\"2025-09-04 18:14:56\",\"icon\":\"#\",\"isCache\":\"0\",\"isFrame\":\"1\",\"menuId\":2045,\"menuName\":\"图谱探索\",\"menuType\":\"C\",\"orderNum\":0,\"params\":{},\"parentId\":2044,\"path\":\"graphExploration\",\"perms\":\"\",\"status\":\"0\",\"updateBy\":\"星小图\",\"visible\":\"0\"}', '{\"msg\":\"操作成功\",\"code\":200}', 0, NULL, '2025-11-10 09:22:22', 21);
INSERT INTO `system_oper_log` VALUES (1028, '菜单管理', 2, 'system.admin.controller.com.insmess.knowledge.module.system.SysMenuController.edit()', 'PUT', 1, 'insmess', '研发部门', '/system/menu', '127.0.0.1', '内网IP', '{\"children\":[],\"component\":\"app/graphExploration/graphLayout\",\"createTime\":\"2025-09-04 18:14:56\",\"icon\":\"#\",\"isCache\":\"0\",\"isFrame\":\"1\",\"menuId\":2045,\"menuName\":\"图谱探索\",\"menuType\":\"C\",\"orderNum\":0,\"params\":{},\"parentId\":2044,\"path\":\"graphExploration\",\"perms\":\"\",\"status\":\"0\",\"updateBy\":\"星小图\",\"visible\":\"0\"}', '{\"msg\":\"操作成功\",\"code\":200}', 0, NULL, '2025-11-10 09:24:57', 11);
INSERT INTO `system_oper_log` VALUES (1029, '概念配置', 3, 'com.insmess.knowledge.module.ext.controller.admin.extSchema.ExtSchemaController.remove()', 'DELETE', 1, 'insmess', '研发部门', '/ext/schema/1762771566619', '127.0.0.1', '内网IP', '{}', '{\"code\":500,\"msg\":\"操作失败\"}', 0, NULL, '2025-11-10 18:46:09', 33);
INSERT INTO `system_oper_log` VALUES (1030, '概念配置', 3, 'com.insmess.knowledge.module.ext.controller.admin.extSchema.ExtSchemaController.remove()', 'DELETE', 1, 'insmess', '研发部门', '/ext/schema/1762824318336', '127.0.0.1', '内网IP', '{}', '{\"code\":500,\"msg\":\"操作失败\"}', 0, NULL, '2025-11-11 09:25:21', 30);
INSERT INTO `system_oper_log` VALUES (1031, '知识库', 1, 'com.insmess.knowledge.module.ext.controller.admin.extKnowledge.ExtKnowledgeController.add()', 'POST', 1, 'insmess', '研发部门', '/ext/extKnowledge', '127.0.0.1', '内网IP', '{\"description\":\"123\",\"name\":\"123\",\"params\":{},\"remark\":\"123\"}', '{\"code\":200,\"msg\":\"操作成功\"}', 0, NULL, '2025-11-11 09:53:25', 28);
INSERT INTO `system_oper_log` VALUES (1032, '概念配置', 1, 'com.insmess.knowledge.module.ext.controller.admin.extSchema.ExtSchemaController.add()', 'POST', 1, 'insmess', '研发部门', '/ext/schema', '127.0.0.1', '内网IP', '{\"color\":\"rgba(255, 215, 0, 1)\",\"createBy\":\"星小图\",\"createTime\":\"2025-11-11 09:54:26\",\"creatorId\":1,\"description\":\"轮船\",\"knowledgeId\":8,\"name\":\"轮船\",\"params\":{},\"updateBy\":\"\",\"workspaceId\":1001}', '{\"code\":200,\"msg\":\"操作成功\"}', 0, NULL, '2025-11-11 09:54:26', 28);
INSERT INTO `system_oper_log` VALUES (1033, '概念属性', 1, 'com.insmess.knowledge.module.ext.controller.admin.extSchemaAttribute.ExtSchemaAttributeController.add()', 'POST', 1, 'insmess', '研发部门', '/ext/attribute', '127.0.0.1', '内网IP', '{\"createBy\":\"星小图\",\"createTime\":\"2025-11-11 09:54:39\",\"creatorId\":1,\"dataType\":0,\"multipleFlag\":0,\"name\":\"名称\",\"nameCode\":\"NAME\",\"params\":{},\"requireFlag\":0,\"schemaId\":76,\"schemaName\":\"轮船\",\"workspaceId\":1001}', '{\"code\":200,\"msg\":\"操作成功\"}', 0, NULL, '2025-11-11 09:54:39', 13);
INSERT INTO `system_oper_log` VALUES (1034, '概念配置', 1, 'com.insmess.knowledge.module.ext.controller.admin.extSchema.ExtSchemaController.add()', 'POST', 1, 'insmess', '研发部门', '/ext/schema', '127.0.0.1', '内网IP', '{\"color\":\"rgba(30, 144, 255, 1)\",\"createBy\":\"星小图\",\"createTime\":\"2025-11-11 09:55:01\",\"creatorId\":1,\"knowledgeId\":8,\"name\":\"人物\",\"params\":{},\"updateBy\":\"\",\"workspaceId\":1001}', '{\"code\":200,\"msg\":\"操作成功\"}', 0, NULL, '2025-11-11 09:55:02', 16);
INSERT INTO `system_oper_log` VALUES (1035, '知识库', 3, 'com.insmess.knowledge.module.ext.controller.admin.extKnowledge.ExtKnowledgeController.remove()', 'DELETE', 1, 'insmess', '研发部门', '/ext/extKnowledge/8', '127.0.0.1', '内网IP', '{}', '{\"code\":200,\"msg\":\"操作成功\"}', 0, NULL, '2025-11-11 09:56:40', 20);
INSERT INTO `system_oper_log` VALUES (1036, '概念实体数据和关系数据', 5, 'com.insmess.knowledge.module.app.controller.admin.appGraph.AppGraphController.exportPageData()', 'POST', 1, 'insmess', '研发部门', '/app/graph/export', '127.0.0.1', '内网IP', '{\"knowledgeId\":\"4\",\"pageSize\":\"10\",\"pageNum\":\"1\"}', NULL, 0, NULL, '2025-11-11 09:59:10', 1046);
INSERT INTO `system_oper_log` VALUES (1037, '关系配置', 1, 'com.insmess.knowledge.module.ext.controller.admin.extSchemaRelation.ExtSchemaRelationController.add()', 'POST', 1, 'insmess', '研发部门', '/ext/relation', '127.0.0.1', '内网IP', '{\"createBy\":\"星小图\",\"createTime\":\"2025-11-11 10:46:55\",\"creatorId\":1,\"endSchemaId\":75,\"inverseFlag\":0,\"knowledgeId\":7,\"params\":{},\"relation\":\"掩护\",\"startSchemaId\":73,\"workspaceId\":1001}', '{\"code\":200,\"msg\":\"操作成功\"}', 0, NULL, '2025-11-11 10:46:55', 32);
INSERT INTO `system_oper_log` VALUES (1038, '数据源', 2, 'com.insmess.knowledge.module.dm.controller.admin.datasource.DmDatasourceController.edit()', 'PUT', 1, 'insmess', '研发部门', '/dm/dmDatasource', '127.0.0.1', '内网IP', '{\"createBy\":\"星小图\",\"createTime\":\"2025-10-17 09:59:49\",\"creatorId\":1,\"datasourceConfig\":\"{\\\"username\\\":\\\"root\\\",\\\"password\\\":\\\"geovis123\\\",\\\"dbname\\\":\\\"erzhan\\\"}\",\"datasourceName\":\"二战模型数据库\",\"datasourceType\":\"MySql\",\"id\":4,\"ip\":\"localhost\",\"params\":{},\"port\":3306,\"updateBy\":\"星小图\",\"updateTime\":\"2025-11-14 17:20:06\",\"updaterId\":1}', '{\"code\":200,\"msg\":\"操作成功\"}', 0, NULL, '2025-11-14 17:20:06', 30);
INSERT INTO `system_oper_log` VALUES (1039, '测试连接', 3, 'com.insmess.knowledge.module.dm.controller.admin.datasource.DmDatasourceController.clientsTest()', 'GET', 1, 'insmess', '研发部门', '/dm/dmDatasource/clientsTest/4', '127.0.0.1', '内网IP', '{}', NULL, 1, '检测连通性出错', '2025-11-14 17:20:10', 1116);
INSERT INTO `system_oper_log` VALUES (1040, '数据源', 2, 'com.insmess.knowledge.module.dm.controller.admin.datasource.DmDatasourceController.edit()', 'PUT', 1, 'insmess', '研发部门', '/dm/dmDatasource', '127.0.0.1', '内网IP', '{\"createBy\":\"星小图\",\"createTime\":\"2025-10-17 09:59:49\",\"creatorId\":1,\"datasourceConfig\":\"{\\\"username\\\":\\\"root\\\",\\\"password\\\":\\\"root\\\",\\\"dbname\\\":\\\"erzhan\\\"}\",\"datasourceName\":\"二战模型数据库\",\"datasourceType\":\"MySql\",\"id\":4,\"ip\":\"localhost\",\"params\":{},\"port\":3306,\"updateBy\":\"星小图\",\"updateTime\":\"2025-11-14 17:20:14\",\"updaterId\":1}', '{\"code\":200,\"msg\":\"操作成功\"}', 0, NULL, '2025-11-14 17:20:14', 12);
INSERT INTO `system_oper_log` VALUES (1041, '测试连接', 3, 'com.insmess.knowledge.module.dm.controller.admin.datasource.DmDatasourceController.clientsTest()', 'GET', 1, 'insmess', '研发部门', '/dm/dmDatasource/clientsTest/4', '127.0.0.1', '内网IP', '{}', '{\"msg\":\"数据库连接成功\",\"code\":200}', 0, NULL, '2025-11-14 17:20:17', 16);
INSERT INTO `system_oper_log` VALUES (1042, '知识文件', 1, 'com.insmess.knowledge.module.kmc.controller.admin.kmcDocument.KmcDocumentController.add()', 'POST', 1, 'insmess', '研发部门', '/kmcDocument/document', '127.0.0.1', '内网IP', '{\"categoryId\":25,\"categoryName\":\"无人机影像\",\"createBy\":\"星小图\",\"createTime\":\"2025-11-17 10:47:23\",\"creatorId\":1,\"name\":\"特朗普出任美国总统.docx\",\"params\":{},\"url\":\"http://localhost:8090/file/54e4b0fbb12d41f3826e58ac013a4f5f.docx\",\"workspaceId\":1001}', '{\"code\":200,\"msg\":\"操作成功\"}', 0, NULL, '2025-11-17 10:47:23', 34);
INSERT INTO `system_oper_log` VALUES (1043, '非结构化抽取任务', 1, 'com.insmess.knowledge.module.ext.controller.admin.extUnstructTask.ExtUnstructTaskController.add()', 'POST', 1, 'insmess', '研发部门', '/ext/unstructTask', '127.0.0.1', '内网IP', '{\"createBy\":\"星小图\",\"createTime\":\"2025-11-17 10:51:16\",\"creatorId\":1,\"id\":18,\"knowledgeId\":4,\"name\":\"测试特朗普\",\"params\":{\"docIds\":\"24\",\"relationIds\":\"25,26,27,28,29,30,31,32,33,34\"},\"publishStatus\":0,\"status\":0,\"updateTime\":\"2025-11-17 10:51:16\",\"workspaceId\":1001}', '{\"code\":200,\"msg\":\"操作成功\"}', 0, NULL, '2025-11-17 10:51:16', 92);
INSERT INTO `system_oper_log` VALUES (1044, '非结构化抽取任务', 3, 'com.insmess.knowledge.module.ext.controller.admin.extUnstructTask.ExtUnstructTaskController.remove()', 'DELETE', 1, 'insmess', '研发部门', '/ext/unstructTask/18', '127.0.0.1', '内网IP', '{}', '{\"code\":200,\"msg\":\"操作成功\"}', 0, NULL, '2025-11-17 10:53:54', 45);
INSERT INTO `system_oper_log` VALUES (1045, '知识文件', 3, 'com.insmess.knowledge.module.kmc.controller.admin.kmcDocument.KmcDocumentController.remove()', 'DELETE', 1, 'insmess', '研发部门', '/kmcDocument/document/24', '127.0.0.1', '内网IP', '{}', '{\"code\":200,\"msg\":\"操作成功\"}', 0, NULL, '2025-11-17 10:54:00', 22);
INSERT INTO `system_oper_log` VALUES (1046, '知识文件', 1, 'com.insmess.knowledge.module.kmc.controller.admin.kmcDocument.KmcDocumentController.add()', 'POST', 1, 'insmess', '研发部门', '/kmcDocument/document', '127.0.0.1', '内网IP', '{\"categoryId\":6,\"categoryName\":\"共享与外部交互\",\"createBy\":\"星小图\",\"createTime\":\"2025-11-17 10:54:31\",\"creatorId\":1,\"name\":\"特朗普出任美国总统.docx\",\"params\":{},\"url\":\"http://localhost:8090/file/b1730417e15e4bdda5c0462817852248.docx\",\"workspaceId\":1001}', '{\"code\":200,\"msg\":\"操作成功\"}', 0, NULL, '2025-11-17 10:54:31', 19);
INSERT INTO `system_oper_log` VALUES (1047, '非结构化抽取任务', 1, 'com.insmess.knowledge.module.ext.controller.admin.extUnstructTask.ExtUnstructTaskController.add()', 'POST', 1, 'insmess', '研发部门', '/ext/unstructTask', '127.0.0.1', '内网IP', '{\"createBy\":\"星小图\",\"createTime\":\"2025-11-17 10:55:32\",\"creatorId\":1,\"id\":19,\"knowledgeId\":4,\"name\":\"test\",\"params\":{\"docIds\":\"25\",\"relationIds\":\"25,26,27,28,29,30,31,32,33,34\"},\"publishStatus\":0,\"status\":0,\"updateTime\":\"2025-11-17 10:55:32\",\"workspaceId\":1001}', '{\"code\":200,\"msg\":\"操作成功\"}', 0, NULL, '2025-11-17 10:55:33', 64);
INSERT INTO `system_oper_log` VALUES (1048, '抽取字典类型', 1, 'com.insmess.knowledge.module.ext.controller.admin.extExtractDictType.ExtExtractDictTypeController.add()', 'POST', 1, 'insmess', '研发部门', '/ext/extExtractDictType', '127.0.0.1', '内网IP', '{\"name\":\"阵营\",\"params\":{},\"remark\":\"阵营\"}', '{\"code\":200,\"msg\":\"操作成功\"}', 0, NULL, '2025-11-17 12:47:55', 23);
INSERT INTO `system_oper_log` VALUES (1049, '抽取字典', 1, 'com.insmess.knowledge.module.ext.controller.admin.extExtractDictData.ExtExtractDictDataController.add()', 'POST', 1, 'insmess', '研发部门', '/ext/extExtractDictData', '127.0.0.1', '内网IP', '{\"dictTypeId\":3,\"name\":\"美国远征军\",\"params\":{},\"remark\":\"美国远征军\"}', '{\"code\":200,\"msg\":\"操作成功\"}', 0, NULL, '2025-11-17 12:48:21', 12);
INSERT INTO `system_oper_log` VALUES (1050, '主词汇', 1, 'com.insmess.knowledge.module.ext.controller.admin.ExtWord.ExtWordController.add()', 'POST', 1, 'insmess', '研发部门', '/ext/ExtWord', '127.0.0.1', '内网IP', '{\"description\":\"美国远征军\",\"domain\":\"阵营\",\"name\":\"美国远征军\",\"params\":{},\"remark\":\"美国远征军\"}', '{\"code\":200,\"msg\":\"操作成功\"}', 0, NULL, '2025-11-17 12:48:46', 12);
INSERT INTO `system_oper_log` VALUES (1051, '知识文件', 1, 'com.insmess.knowledge.module.kmc.controller.admin.kmcDocument.KmcDocumentController.add()', 'POST', 1, 'insmess', '研发部门', '/kmcDocument/document', '127.0.0.1', '内网IP', '{\"categoryId\":18,\"categoryName\":\"媒体报道\",\"createBy\":\"星小图\",\"createTime\":\"2025-11-17 12:49:53\",\"creatorId\":1,\"name\":\"特朗普加入远征军.docx\",\"params\":{},\"url\":\"http://localhost:8090/file/0a19302cda984e0a84b4e3d473abb1c8.docx\",\"workspaceId\":1001}', '{\"code\":200,\"msg\":\"操作成功\"}', 0, NULL, '2025-11-17 12:49:53', 42);
INSERT INTO `system_oper_log` VALUES (1052, '非结构化抽取任务', 1, 'com.insmess.knowledge.module.ext.controller.admin.extUnstructTask.ExtUnstructTaskController.add()', 'POST', 1, 'insmess', '研发部门', '/ext/unstructTask', '127.0.0.1', '内网IP', '{\"createBy\":\"星小图\",\"createTime\":\"2025-11-17 12:50:22\",\"creatorId\":1,\"id\":20,\"knowledgeId\":4,\"name\":\"特朗普加入远征军\",\"params\":{\"docIds\":\"26\",\"relationIds\":\"25,26,27,28,29,30,31,32,33,34\"},\"publishStatus\":0,\"status\":0,\"updateTime\":\"2025-11-17 12:50:22\",\"workspaceId\":1001}', '{\"code\":200,\"msg\":\"操作成功\"}', 0, NULL, '2025-11-17 12:50:22', 73);
INSERT INTO `system_oper_log` VALUES (1053, '菜单管理', 2, 'system.admin.controller.com.insmess.knowledge.module.system.SysMenuController.edit()', 'PUT', 1, 'insmess', '研发部门', '/system/menu', '127.0.0.1', '内网IP', '{\"children\":[],\"component\":\"ext/extSchema/index\",\"createTime\":\"2025-09-04 18:14:56\",\"icon\":\"#\",\"isCache\":\"0\",\"isFrame\":\"1\",\"menuId\":2016,\"menuName\":\"概念配置\",\"menuType\":\"C\",\"orderNum\":1,\"params\":{},\"parentId\":2015,\"path\":\"schema\",\"perms\":\"ext:extSchema:schema:list\",\"status\":\"0\",\"updateBy\":\"星小图\",\"visible\":\"0\"}', '{\"msg\":\"操作成功\",\"code\":200}', 0, NULL, '2025-11-17 13:37:33', 24);
INSERT INTO `system_oper_log` VALUES (1054, '概念配置', 2, 'com.insmess.knowledge.module.ext.controller.admin.extSchema.ExtSchemaController.edit()', 'PUT', 1, 'insmess', '研发部门', '/ext/schema', '127.0.0.1', '内网IP', '{\"color\":\"#55DF55\",\"createBy\":\"星小图\",\"createTime\":\"2025-11-06 03:36:55\",\"creatorId\":1,\"description\":\"人物\",\"id\":58,\"knowledgeId\":6,\"name\":\"人物\",\"params\":{},\"pid\":0,\"updateBy\":\"星小图\",\"updateTime\":\"2025-11-17 13:38:02\",\"updaterId\":1,\"workspaceId\":1001}', '{\"code\":200,\"msg\":\"操作成功\"}', 0, NULL, '2025-11-17 13:38:02', 18);
INSERT INTO `system_oper_log` VALUES (1055, '测试连接', 3, 'com.insmess.knowledge.module.dm.controller.admin.datasource.DmDatasourceController.clientsTest()', 'GET', 1, 'insmess', '研发部门', '/dm/dmDatasource/clientsTest/4', '127.0.0.1', '内网IP', '{}', '{\"msg\":\"数据库连接成功\",\"code\":200}', 0, NULL, '2025-11-17 17:21:00', 14);
INSERT INTO `system_oper_log` VALUES (1056, '菜单管理', 2, 'system.admin.controller.com.insmess.knowledge.module.system.SysMenuController.edit()', 'PUT', 1, 'insmess', '研发部门', '/system/menu', '127.0.0.1', '内网IP', '{\"children\":[],\"component\":\"ext/extSchema/index\",\"createTime\":\"2025-09-04 18:14:56\",\"icon\":\"#\",\"isCache\":\"0\",\"isFrame\":\"1\",\"menuId\":2016,\"menuName\":\"概念配置\",\"menuType\":\"C\",\"orderNum\":1,\"params\":{},\"parentId\":2015,\"path\":\"schema\",\"perms\":\"ext:extSchema:schema:list\",\"status\":\"0\",\"updateBy\":\"星小图\",\"visible\":\"1\"}', '{\"msg\":\"操作成功\",\"code\":200}', 0, NULL, '2025-11-18 08:37:47', 30);
INSERT INTO `system_oper_log` VALUES (1057, '代码生成', 6, 'controller.com.insmess.knowledge.generator.GenController.importTableSave()', 'POST', 1, 'insmess', '研发部门', '/tool/gen/importTable', '127.0.0.1', '内网IP', '{\"tables\":\"ext_extract_dict_data_antonym\"}', '{\"msg\":\"操作成功\",\"code\":200}', 0, NULL, '2025-11-18 16:23:34', 83);
INSERT INTO `system_oper_log` VALUES (1058, '代码生成', 2, 'controller.com.insmess.knowledge.generator.GenController.editSave()', 'PUT', 1, 'insmess', '研发部门', '/tool/gen', '127.0.0.1', '内网IP', '{\"businessName\":\"antonym\",\"className\":\"ExtExtractDictDataAntonym\",\"columns\":[{\"capJavaField\":\"Id\",\"columnComment\":\"id\",\"columnId\":190,\"columnName\":\"id\",\"columnType\":\"bigint\",\"createBy\":\"insmess\",\"createTime\":\"2025-11-18 16:23:34\",\"dictType\":\"\",\"edit\":false,\"htmlType\":\"input\",\"increment\":true,\"insert\":true,\"isIncrement\":\"1\",\"isInsert\":\"1\",\"isPk\":\"1\",\"isRequired\":\"0\",\"javaField\":\"id\",\"javaType\":\"Long\",\"list\":false,\"params\":{},\"pk\":true,\"query\":false,\"queryType\":\"EQ\",\"required\":false,\"sort\":1,\"superColumn\":false,\"tableId\":16,\"updateBy\":\"\",\"usableColumn\":false},{\"capJavaField\":\"Name\",\"columnComment\":\"同义词名称\",\"columnId\":191,\"columnName\":\"name\",\"columnType\":\"varchar(255)\",\"createBy\":\"insmess\",\"createTime\":\"2025-11-18 16:23:34\",\"dictType\":\"\",\"edit\":true,\"htmlType\":\"input\",\"increment\":false,\"insert\":true,\"isEdit\":\"1\",\"isIncrement\":\"0\",\"isInsert\":\"1\",\"isList\":\"1\",\"isPk\":\"0\",\"isQuery\":\"1\",\"isRequired\":\"0\",\"javaField\":\"name\",\"javaType\":\"String\",\"list\":true,\"params\":{},\"pk\":false,\"query\":true,\"queryType\":\"LIKE\",\"required\":false,\"sort\":2,\"superColumn\":false,\"tableId\":16,\"updateBy\":\"\",\"usableColumn\":false},{\"capJavaField\":\"WordId\",\"columnComment\":\"主词id\",\"columnId\":192,\"columnName\":\"word_id\",\"columnType\":\"bigint\",\"createBy\":\"insmess\",\"createTime\":\"2025-11-18 16:23:34\",\"dictType\":\"\",\"edit\":true,\"htmlType\":\"input\",\"increment\":false,\"insert\":true,\"isEdit\":\"1\",\"isIncrement\":\"0\",\"isInsert\":\"1\",\"isList\":\"1\",\"isPk\":\"0\",\"isQuery\":\"1\",\"isRequired\":\"0\",\"javaField\":\"wordId\",\"javaType\":\"Long\",\"list\":true,\"params\":{},\"pk\":false,\"query\":true,\"queryType\":\"EQ\",\"required\":false,\"sort\":3,\"superColumn\":false,\"tableId\":16,\"updateBy\":\"\",\"usableColumn\":false},{\"capJavaField\":\"ValidFlag\",\"columnComment\":\"是否有效\",\"columnId\":193,\"columnName\":\"valid_flag\",\"columnType\":\"tinyint(1)\",\"createBy\":\"insmess\",\"createTime\":\"2025-11-18 16:23:34\",\"dictType\":\"\",\"edit\":false,\"htmlType\":\"input\",\"increment\":false,\"insert\":true,\"isIncrement\":\"0\",\"isInsert\":\"1\",\"isPk\":\"0\",\"isRequired\":\"1\",\"javaField\":\"validFlag\",\"javaType\":\"Boole', '{\"msg\":\"操作成功\",\"code\":200}', 0, NULL, '2025-11-18 16:24:31', 91);
INSERT INTO `system_oper_log` VALUES (1059, '代码生成', 2, 'controller.com.insmess.knowledge.generator.GenController.editSave()', 'PUT', 1, 'insmess', '研发部门', '/tool/gen', '127.0.0.1', '内网IP', '{\"businessName\":\"extExtractDictDataAntonym\",\"className\":\"ExtExtractDictDataAntonym\",\"columns\":[{\"capJavaField\":\"Id\",\"columnComment\":\"id\",\"columnId\":190,\"columnName\":\"id\",\"columnType\":\"bigint\",\"createBy\":\"insmess\",\"createTime\":\"2025-11-18 16:23:34\",\"dictType\":\"\",\"edit\":false,\"htmlType\":\"input\",\"increment\":true,\"insert\":true,\"isIncrement\":\"1\",\"isInsert\":\"1\",\"isPk\":\"1\",\"isRequired\":\"0\",\"javaField\":\"id\",\"javaType\":\"Long\",\"list\":false,\"params\":{},\"pk\":true,\"query\":false,\"queryType\":\"EQ\",\"required\":false,\"sort\":1,\"superColumn\":false,\"tableId\":16,\"updateBy\":\"\",\"updateTime\":\"2025-11-18 16:24:31\",\"usableColumn\":false},{\"capJavaField\":\"Name\",\"columnComment\":\"同义词名称\",\"columnId\":191,\"columnName\":\"name\",\"columnType\":\"varchar(255)\",\"createBy\":\"insmess\",\"createTime\":\"2025-11-18 16:23:34\",\"dictType\":\"\",\"edit\":true,\"htmlType\":\"input\",\"increment\":false,\"insert\":true,\"isEdit\":\"1\",\"isIncrement\":\"0\",\"isInsert\":\"1\",\"isList\":\"1\",\"isPk\":\"0\",\"isQuery\":\"1\",\"isRequired\":\"0\",\"javaField\":\"name\",\"javaType\":\"String\",\"list\":true,\"params\":{},\"pk\":false,\"query\":true,\"queryType\":\"LIKE\",\"required\":false,\"sort\":2,\"superColumn\":false,\"tableId\":16,\"updateBy\":\"\",\"updateTime\":\"2025-11-18 16:24:31\",\"usableColumn\":false},{\"capJavaField\":\"WordId\",\"columnComment\":\"主词id\",\"columnId\":192,\"columnName\":\"word_id\",\"columnType\":\"bigint\",\"createBy\":\"insmess\",\"createTime\":\"2025-11-18 16:23:34\",\"dictType\":\"\",\"edit\":true,\"htmlType\":\"input\",\"increment\":false,\"insert\":true,\"isEdit\":\"1\",\"isIncrement\":\"0\",\"isInsert\":\"1\",\"isList\":\"1\",\"isPk\":\"0\",\"isQuery\":\"1\",\"isRequired\":\"0\",\"javaField\":\"wordId\",\"javaType\":\"Long\",\"list\":true,\"params\":{},\"pk\":false,\"query\":true,\"queryType\":\"EQ\",\"required\":false,\"sort\":3,\"superColumn\":false,\"tableId\":16,\"updateBy\":\"\",\"updateTime\":\"2025-11-18 16:24:31\",\"usableColumn\":false},{\"capJavaField\":\"ValidFlag\",\"columnComment\":\"是否有效\",\"columnId\":193,\"columnName\":\"valid_flag\",\"columnType\":\"tinyint(1)\",\"createBy\":\"insmess\",\"createTime\":\"2025-11-18 16:23:34\",\"dictType\":\"\",\"edit\":false,\"htmlType\":\"input\",\"increment\"', '{\"msg\":\"操作成功\",\"code\":200}', 0, NULL, '2025-11-18 16:25:31', 78);
INSERT INTO `system_oper_log` VALUES (1060, '代码生成', 8, 'controller.com.insmess.knowledge.generator.GenController.batchGenCode()', 'GET', 1, 'insmess', '研发部门', '/tool/gen/batchGenCode', '127.0.0.1', '内网IP', '{\"tables\":\"ext_extract_dict_data_antonym\"}', NULL, 0, NULL, '2025-11-18 16:25:33', 400);
INSERT INTO `system_oper_log` VALUES (1061, '菜单管理', 3, 'system.admin.controller.com.insmess.knowledge.module.system.SysMenuController.remove()', 'DELETE', 1, 'insmess', '研发部门', '/system/menu/2107', '127.0.0.1', '内网IP', '{}', '{\"msg\":\"存在子菜单,不允许删除\",\"code\":601}', 0, NULL, '2025-11-18 17:37:25', 8);
INSERT INTO `system_oper_log` VALUES (1062, '菜单管理', 3, 'system.admin.controller.com.insmess.knowledge.module.system.SysMenuController.remove()', 'DELETE', 1, 'insmess', '研发部门', '/system/menu/2108', '127.0.0.1', '内网IP', '{}', '{\"msg\":\"操作成功\",\"code\":200}', 0, NULL, '2025-11-18 17:37:31', 7);
INSERT INTO `system_oper_log` VALUES (1063, '菜单管理', 3, 'system.admin.controller.com.insmess.knowledge.module.system.SysMenuController.remove()', 'DELETE', 1, 'insmess', '研发部门', '/system/menu/2109', '127.0.0.1', '内网IP', '{}', '{\"msg\":\"操作成功\",\"code\":200}', 0, NULL, '2025-11-18 17:37:33', 9);
INSERT INTO `system_oper_log` VALUES (1064, '菜单管理', 3, 'system.admin.controller.com.insmess.knowledge.module.system.SysMenuController.remove()', 'DELETE', 1, 'insmess', '研发部门', '/system/menu/2110', '127.0.0.1', '内网IP', '{}', '{\"msg\":\"操作成功\",\"code\":200}', 0, NULL, '2025-11-18 17:37:35', 9);
INSERT INTO `system_oper_log` VALUES (1065, '菜单管理', 3, 'system.admin.controller.com.insmess.knowledge.module.system.SysMenuController.remove()', 'DELETE', 1, 'insmess', '研发部门', '/system/menu/2111', '127.0.0.1', '内网IP', '{}', '{\"msg\":\"操作成功\",\"code\":200}', 0, NULL, '2025-11-18 17:37:36', 9);
INSERT INTO `system_oper_log` VALUES (1066, '菜单管理', 3, 'system.admin.controller.com.insmess.knowledge.module.system.SysMenuController.remove()', 'DELETE', 1, 'insmess', '研发部门', '/system/menu/2112', '127.0.0.1', '内网IP', '{}', '{\"msg\":\"操作成功\",\"code\":200}', 0, NULL, '2025-11-18 17:37:38', 8);
INSERT INTO `system_oper_log` VALUES (1067, '菜单管理', 3, 'system.admin.controller.com.insmess.knowledge.module.system.SysMenuController.remove()', 'DELETE', 1, 'insmess', '研发部门', '/system/menu/2113', '127.0.0.1', '内网IP', '{}', '{\"msg\":\"操作成功\",\"code\":200}', 0, NULL, '2025-11-18 17:37:40', 20);
INSERT INTO `system_oper_log` VALUES (1068, '菜单管理', 3, 'system.admin.controller.com.insmess.knowledge.module.system.SysMenuController.remove()', 'DELETE', 1, 'insmess', '研发部门', '/system/menu/2107', '127.0.0.1', '内网IP', '{}', '{\"msg\":\"操作成功\",\"code\":200}', 0, NULL, '2025-11-18 17:37:41', 9);
INSERT INTO `system_oper_log` VALUES (1069, '菜单管理', 3, 'system.admin.controller.com.insmess.knowledge.module.system.SysMenuController.remove()', 'DELETE', 1, 'insmess', '研发部门', '/system/menu/2115', '127.0.0.1', '内网IP', '{}', '{\"msg\":\"操作成功\",\"code\":200}', 0, NULL, '2025-11-18 17:37:44', 8);
INSERT INTO `system_oper_log` VALUES (1070, '菜单管理', 3, 'system.admin.controller.com.insmess.knowledge.module.system.SysMenuController.remove()', 'DELETE', 1, 'insmess', '研发部门', '/system/menu/2116', '127.0.0.1', '内网IP', '{}', '{\"msg\":\"操作成功\",\"code\":200}', 0, NULL, '2025-11-18 17:37:46', 9);
INSERT INTO `system_oper_log` VALUES (1071, '菜单管理', 3, 'system.admin.controller.com.insmess.knowledge.module.system.SysMenuController.remove()', 'DELETE', 1, 'insmess', '研发部门', '/system/menu/2117', '127.0.0.1', '内网IP', '{}', '{\"msg\":\"操作成功\",\"code\":200}', 0, NULL, '2025-11-18 17:37:47', 10);
INSERT INTO `system_oper_log` VALUES (1072, '菜单管理', 3, 'system.admin.controller.com.insmess.knowledge.module.system.SysMenuController.remove()', 'DELETE', 1, 'insmess', '研发部门', '/system/menu/2118', '127.0.0.1', '内网IP', '{}', '{\"msg\":\"操作成功\",\"code\":200}', 0, NULL, '2025-11-18 17:37:48', 9);
INSERT INTO `system_oper_log` VALUES (1073, '菜单管理', 3, 'system.admin.controller.com.insmess.knowledge.module.system.SysMenuController.remove()', 'DELETE', 1, 'insmess', '研发部门', '/system/menu/2119', '127.0.0.1', '内网IP', '{}', '{\"msg\":\"操作成功\",\"code\":200}', 0, NULL, '2025-11-18 17:37:50', 10);
INSERT INTO `system_oper_log` VALUES (1074, '菜单管理', 3, 'system.admin.controller.com.insmess.knowledge.module.system.SysMenuController.remove()', 'DELETE', 1, 'insmess', '研发部门', '/system/menu/2120', '127.0.0.1', '内网IP', '{}', '{\"msg\":\"操作成功\",\"code\":200}', 0, NULL, '2025-11-18 17:37:52', 8);
INSERT INTO `system_oper_log` VALUES (1075, '菜单管理', 3, 'system.admin.controller.com.insmess.knowledge.module.system.SysMenuController.remove()', 'DELETE', 1, 'insmess', '研发部门', '/system/menu/2114', '127.0.0.1', '内网IP', '{}', '{\"msg\":\"操作成功\",\"code\":200}', 0, NULL, '2025-11-18 17:37:53', 9);
INSERT INTO `system_oper_log` VALUES (1076, '菜单管理', 2, 'system.admin.controller.com.insmess.knowledge.module.system.SysMenuController.edit()', 'PUT', 1, 'insmess', '研发部门', '/system/menu', '127.0.0.1', '内网IP', '{\"children\":[],\"component\":\"ext/extExtractDictDataAntonym/index\",\"createTime\":\"2025-11-18 16:26:10\",\"icon\":\"#\",\"isCache\":\"0\",\"isFrame\":\"1\",\"menuId\":2121,\"menuName\":\"同义词\",\"menuType\":\"C\",\"orderNum\":1,\"params\":{},\"parentId\":2089,\"path\":\"extExtractDictDataAntonym\",\"perms\":\"ext:extExtractDictDataAntonym:extractdictdataantonym:list\",\"routeName\":\"\",\"status\":\"0\",\"updateBy\":\"星小图\",\"visible\":\"0\"}', '{\"msg\":\"操作成功\",\"code\":200}', 0, NULL, '2025-11-18 17:38:07', 20);
INSERT INTO `system_oper_log` VALUES (1077, '菜单管理', 1, 'system.admin.controller.com.insmess.knowledge.module.system.SysMenuController.add()', 'POST', 1, 'insmess', '研发部门', '/system/menu', '127.0.0.1', '内网IP', '{\"children\":[],\"createBy\":\"星小图\",\"isCache\":\"0\",\"isFrame\":\"1\",\"menuName\":\"图谱管理\",\"menuType\":\"M\",\"orderNum\":0,\"params\":{},\"parentId\":0,\"path\":\"graph\",\"status\":\"0\",\"visible\":\"0\"}', '{\"msg\":\"操作成功\",\"code\":200}', 0, NULL, '2025-11-20 15:47:14', 18);
INSERT INTO `system_oper_log` VALUES (1078, '菜单管理', 2, 'system.admin.controller.com.insmess.knowledge.module.system.SysMenuController.edit()', 'PUT', 1, 'insmess', '研发部门', '/system/menu', '127.0.0.1', '内网IP', '{\"children\":[],\"component\":\"ext/extKnowledge/index\",\"createTime\":\"2025-09-09 08:32:12\",\"icon\":\"clipboard\",\"isCache\":\"0\",\"isFrame\":\"1\",\"menuId\":2055,\"menuName\":\"本体管理\",\"menuType\":\"C\",\"orderNum\":0,\"params\":{},\"parentId\":2128,\"path\":\"extKnowledge\",\"perms\":\"\",\"routeName\":\"\",\"status\":\"0\",\"updateBy\":\"星小图\",\"visible\":\"0\"}', '{\"msg\":\"操作成功\",\"code\":200}', 0, NULL, '2025-11-20 15:48:33', 11);
INSERT INTO `system_oper_log` VALUES (1079, '菜单管理', 2, 'system.admin.controller.com.insmess.knowledge.module.system.SysMenuController.edit()', 'PUT', 1, 'insmess', '研发部门', '/system/menu', '127.0.0.1', '内网IP', '{\"children\":[],\"createTime\":\"2025-09-04 18:14:56\",\"icon\":\"知识抽取\",\"isCache\":\"0\",\"isFrame\":\"1\",\"menuId\":2015,\"menuName\":\"知识抽取\",\"menuType\":\"M\",\"orderNum\":2,\"params\":{},\"parentId\":2128,\"path\":\"ext\",\"perms\":\"\",\"status\":\"0\",\"updateBy\":\"星小图\",\"visible\":\"0\"}', '{\"msg\":\"操作成功\",\"code\":200}', 0, NULL, '2025-11-20 15:49:50', 10);
INSERT INTO `system_oper_log` VALUES (1080, '菜单管理', 2, 'system.admin.controller.com.insmess.knowledge.module.system.SysMenuController.edit()', 'PUT', 1, 'insmess', '研发部门', '/system/menu', '127.0.0.1', '内网IP', '{\"children\":[],\"createTime\":\"2025-09-04 18:14:56\",\"icon\":\"数据管理\",\"isCache\":\"0\",\"isFrame\":\"1\",\"menuId\":2046,\"menuName\":\"数据管理\",\"menuType\":\"M\",\"orderNum\":4,\"params\":{},\"parentId\":2128,\"path\":\"dm\",\"perms\":\"\",\"status\":\"0\",\"updateBy\":\"星小图\",\"visible\":\"0\"}', '{\"msg\":\"操作成功\",\"code\":200}', 0, NULL, '2025-11-20 15:50:12', 13);
INSERT INTO `system_oper_log` VALUES (1081, '菜单管理', 2, 'system.admin.controller.com.insmess.knowledge.module.system.SysMenuController.edit()', 'PUT', 1, 'insmess', '研发部门', '/system/menu', '127.0.0.1', '内网IP', '{\"children\":[],\"createTime\":\"2025-09-09 08:38:47\",\"icon\":\"message\",\"isCache\":\"0\",\"isFrame\":\"1\",\"menuId\":2056,\"menuName\":\"检索问答\",\"menuType\":\"M\",\"orderNum\":33,\"params\":{},\"parentId\":2056,\"path\":\"sqa\",\"perms\":\"\",\"routeName\":\"\",\"status\":\"0\",\"visible\":\"0\"}', '{\"msg\":\"修改菜单\'检索问答\'失败，上级菜单不能选择自己\",\"code\":500}', 0, NULL, '2025-11-20 15:50:27', 3);
INSERT INTO `system_oper_log` VALUES (1082, '菜单管理', 2, 'system.admin.controller.com.insmess.knowledge.module.system.SysMenuController.edit()', 'PUT', 1, 'insmess', '研发部门', '/system/menu', '127.0.0.1', '内网IP', '{\"children\":[],\"createTime\":\"2025-09-09 08:38:47\",\"icon\":\"message\",\"isCache\":\"0\",\"isFrame\":\"1\",\"menuId\":2056,\"menuName\":\"检索问答\",\"menuType\":\"M\",\"orderNum\":33,\"params\":{},\"parentId\":2044,\"path\":\"sqa\",\"perms\":\"\",\"routeName\":\"\",\"status\":\"0\",\"updateBy\":\"星小图\",\"visible\":\"0\"}', '{\"msg\":\"操作成功\",\"code\":200}', 0, NULL, '2025-11-20 15:50:32', 12);
INSERT INTO `system_oper_log` VALUES (1083, '菜单管理', 1, 'system.admin.controller.com.insmess.knowledge.module.system.SysMenuController.add()', 'POST', 1, 'insmess', '研发部门', '/system/menu', '127.0.0.1', '内网IP', '{\"children\":[],\"createBy\":\"星小图\",\"isCache\":\"0\",\"isFrame\":\"1\",\"menuName\":\"数据服务\",\"menuType\":\"M\",\"orderNum\":0,\"params\":{},\"parentId\":0,\"path\":\"dataapi\",\"status\":\"0\",\"visible\":\"0\"}', '{\"msg\":\"操作成功\",\"code\":200}', 0, NULL, '2025-11-20 15:50:55', 18);
INSERT INTO `system_oper_log` VALUES (1084, '菜单管理', 2, 'system.admin.controller.com.insmess.knowledge.module.system.SysMenuController.edit()', 'PUT', 1, 'insmess', '研发部门', '/system/menu', '127.0.0.1', '内网IP', '{\"children\":[],\"createTime\":\"2025-11-20 15:50:55\",\"icon\":\"#\",\"isCache\":\"0\",\"isFrame\":\"1\",\"menuId\":2129,\"menuName\":\"数据服务\",\"menuType\":\"M\",\"orderNum\":55,\"params\":{},\"parentId\":0,\"path\":\"dataapi\",\"perms\":\"\",\"routeName\":\"\",\"status\":\"0\",\"updateBy\":\"星小图\",\"visible\":\"0\"}', '{\"msg\":\"操作成功\",\"code\":200}', 0, NULL, '2025-11-20 15:51:01', 22);
INSERT INTO `system_oper_log` VALUES (1085, '菜单管理', 2, 'system.admin.controller.com.insmess.knowledge.module.system.SysMenuController.edit()', 'PUT', 1, 'insmess', '研发部门', '/system/menu', '127.0.0.1', '内网IP', '{\"children\":[],\"createTime\":\"2025-09-28 06:01:29\",\"icon\":\"online\",\"isCache\":\"0\",\"isFrame\":\"1\",\"menuId\":2092,\"menuName\":\"数据共享\",\"menuType\":\"M\",\"orderNum\":40,\"params\":{},\"parentId\":2129,\"path\":\"ser\",\"perms\":\"\",\"routeName\":\"\",\"status\":\"0\",\"updateBy\":\"星小图\",\"visible\":\"0\"}', '{\"msg\":\"操作成功\",\"code\":200}', 0, NULL, '2025-11-20 15:51:12', 12);
INSERT INTO `system_oper_log` VALUES (1086, '菜单管理', 2, 'system.admin.controller.com.insmess.knowledge.module.system.SysMenuController.edit()', 'PUT', 1, 'insmess', '研发部门', '/system/menu', '127.0.0.1', '内网IP', '{\"children\":[],\"createTime\":\"2025-09-23 00:31:04\",\"icon\":\"logininfor\",\"isCache\":\"0\",\"isFrame\":\"1\",\"menuId\":2088,\"menuName\":\"抽取规则\",\"menuType\":\"M\",\"orderNum\":3,\"params\":{},\"parentId\":2128,\"path\":\"extRule\",\"perms\":\"\",\"routeName\":\"\",\"status\":\"0\",\"updateBy\":\"星小图\",\"visible\":\"0\"}', '{\"msg\":\"操作成功\",\"code\":200}', 0, NULL, '2025-11-20 15:51:39', 20);
INSERT INTO `system_oper_log` VALUES (1087, '菜单管理', 2, 'system.admin.controller.com.insmess.knowledge.module.system.SysMenuController.edit()', 'PUT', 1, 'insmess', '研发部门', '/system/menu', '127.0.0.1', '内网IP', '{\"children\":[],\"createTime\":\"2025-11-20 15:47:14\",\"icon\":\"component\",\"isCache\":\"0\",\"isFrame\":\"1\",\"menuId\":2128,\"menuName\":\"图谱管理\",\"menuType\":\"M\",\"orderNum\":0,\"params\":{},\"parentId\":0,\"path\":\"graph\",\"perms\":\"\",\"routeName\":\"\",\"status\":\"0\",\"updateBy\":\"星小图\",\"visible\":\"0\"}', '{\"msg\":\"操作成功\",\"code\":200}', 0, NULL, '2025-11-20 15:52:35', 21);
INSERT INTO `system_oper_log` VALUES (1088, '菜单管理', 2, 'system.admin.controller.com.insmess.knowledge.module.system.SysMenuController.edit()', 'PUT', 1, 'insmess', '研发部门', '/system/menu', '127.0.0.1', '内网IP', '{\"children\":[],\"createTime\":\"2025-11-20 15:50:55\",\"icon\":\"code_new_iocn\",\"isCache\":\"0\",\"isFrame\":\"1\",\"menuId\":2129,\"menuName\":\"数据服务\",\"menuType\":\"M\",\"orderNum\":55,\"params\":{},\"parentId\":0,\"path\":\"dataapi\",\"perms\":\"\",\"routeName\":\"\",\"status\":\"0\",\"updateBy\":\"星小图\",\"visible\":\"0\"}', '{\"msg\":\"操作成功\",\"code\":200}', 0, NULL, '2025-11-20 15:52:46', 21);
INSERT INTO `system_oper_log` VALUES (1089, '菜单管理', 2, 'system.admin.controller.com.insmess.knowledge.module.system.SysMenuController.edit()', 'PUT', 1, 'insmess', '研发部门', '/system/menu', '127.0.0.1', '内网IP', '{\"children\":[],\"createTime\":\"2025-09-04 18:14:56\",\"icon\":\"系统监控\",\"isCache\":\"0\",\"isFrame\":\"1\",\"menuId\":2,\"menuName\":\"系统监控\",\"menuType\":\"M\",\"orderNum\":116,\"params\":{},\"parentId\":1,\"path\":\"monitor\",\"perms\":\"\",\"query\":\"\",\"routeName\":\"\",\"status\":\"0\",\"updateBy\":\"星小图\",\"visible\":\"0\"}', '{\"msg\":\"操作成功\",\"code\":200}', 0, NULL, '2025-11-20 16:37:51', 11);
INSERT INTO `system_oper_log` VALUES (1090, '菜单管理', 2, 'system.admin.controller.com.insmess.knowledge.module.system.SysMenuController.edit()', 'PUT', 1, 'insmess', '研发部门', '/system/menu', '127.0.0.1', '内网IP', '{\"children\":[],\"createTime\":\"2025-09-04 18:14:56\",\"icon\":\"系统工具\",\"isCache\":\"0\",\"isFrame\":\"1\",\"menuId\":3,\"menuName\":\"系统工具\",\"menuType\":\"M\",\"orderNum\":117,\"params\":{},\"parentId\":1,\"path\":\"tool\",\"perms\":\"\",\"query\":\"\",\"routeName\":\"\",\"status\":\"0\",\"updateBy\":\"星小图\",\"visible\":\"0\"}', '{\"msg\":\"操作成功\",\"code\":200}', 0, NULL, '2025-11-20 16:37:58', 24);
INSERT INTO `system_oper_log` VALUES (1091, '菜单管理', 1, 'system.admin.controller.com.insmess.knowledge.module.system.SysMenuController.add()', 'POST', 1, 'insmess', '研发部门', '/system/menu', '127.0.0.1', '内网IP', '{\"children\":[],\"createBy\":\"星小图\",\"icon\":\"dashboard\",\"isCache\":\"0\",\"isFrame\":\"1\",\"menuName\":\"主页看板\",\"menuType\":\"C\",\"orderNum\":0,\"params\":{},\"parentId\":0,\"path\":\"dishboard/index.vue\",\"status\":\"0\",\"visible\":\"0\"}', '{\"msg\":\"操作成功\",\"code\":200}', 0, NULL, '2025-11-20 19:01:21', 7);
INSERT INTO `system_oper_log` VALUES (1092, '菜单管理', 2, 'system.admin.controller.com.insmess.knowledge.module.system.SysMenuController.edit()', 'PUT', 1, 'insmess', '研发部门', '/system/menu', '127.0.0.1', '内网IP', '{\"children\":[],\"createTime\":\"2025-11-20 19:01:21\",\"icon\":\"dashboard\",\"isCache\":\"0\",\"isFrame\":\"1\",\"menuId\":2130,\"menuName\":\"主页看板\",\"menuType\":\"C\",\"orderNum\":0,\"params\":{},\"parentId\":0,\"path\":\"dishboard/index.vue\",\"perms\":\"\",\"routeName\":\"\",\"status\":\"0\",\"updateBy\":\"星小图\",\"visible\":\"0\"}', '{\"msg\":\"操作成功\",\"code\":200}', 0, NULL, '2025-11-20 19:01:29', 9);
INSERT INTO `system_oper_log` VALUES (1093, '菜单管理', 2, 'system.admin.controller.com.insmess.knowledge.module.system.SysMenuController.edit()', 'PUT', 1, 'insmess', '研发部门', '/system/menu', '127.0.0.1', '内网IP', '{\"children\":[],\"createTime\":\"2025-11-20 15:47:14\",\"icon\":\"component\",\"isCache\":\"0\",\"isFrame\":\"1\",\"menuId\":2128,\"menuName\":\"图谱管理\",\"menuType\":\"M\",\"orderNum\":5,\"params\":{},\"parentId\":0,\"path\":\"graph\",\"perms\":\"\",\"routeName\":\"\",\"status\":\"0\",\"updateBy\":\"星小图\",\"visible\":\"0\"}', '{\"msg\":\"操作成功\",\"code\":200}', 0, NULL, '2025-11-20 19:01:35', 8);
INSERT INTO `system_oper_log` VALUES (1094, '菜单管理', 2, 'system.admin.controller.com.insmess.knowledge.module.system.SysMenuController.edit()', 'PUT', 1, 'insmess', '研发部门', '/system/menu', '127.0.0.1', '内网IP', '{\"children\":[],\"createTime\":\"2025-11-20 19:01:21\",\"icon\":\"系统监控\",\"isCache\":\"0\",\"isFrame\":\"1\",\"menuId\":2130,\"menuName\":\"主页\",\"menuType\":\"C\",\"orderNum\":0,\"params\":{},\"parentId\":0,\"path\":\"dishboard/index.vue\",\"perms\":\"\",\"routeName\":\"\",\"status\":\"0\",\"updateBy\":\"星小图\",\"visible\":\"0\"}', '{\"msg\":\"操作成功\",\"code\":200}', 0, NULL, '2025-11-20 19:02:38', 20);
INSERT INTO `system_oper_log` VALUES (1095, '菜单管理', 2, 'system.admin.controller.com.insmess.knowledge.module.system.SysMenuController.edit()', 'PUT', 1, 'insmess', '研发部门', '/system/menu', '127.0.0.1', '内网IP', '{\"children\":[],\"component\":\"dishboard/index.vue\",\"createTime\":\"2025-11-20 19:01:21\",\"icon\":\"系统监控\",\"isCache\":\"0\",\"isFrame\":\"1\",\"menuId\":2130,\"menuName\":\"主页\",\"menuType\":\"C\",\"orderNum\":0,\"params\":{},\"parentId\":0,\"path\":\"/\",\"perms\":\"\",\"routeName\":\"\",\"status\":\"0\",\"updateBy\":\"星小图\",\"visible\":\"0\"}', '{\"msg\":\"操作成功\",\"code\":200}', 0, NULL, '2025-11-20 19:03:24', 8);
INSERT INTO `system_oper_log` VALUES (1096, '菜单管理', 2, 'system.admin.controller.com.insmess.knowledge.module.system.SysMenuController.edit()', 'PUT', 1, 'insmess', '研发部门', '/system/menu', '127.0.0.1', '内网IP', '{\"children\":[],\"component\":\"dishboard/index.vue\",\"createTime\":\"2025-11-20 19:01:21\",\"icon\":\"系统监控\",\"isCache\":\"0\",\"isFrame\":\"1\",\"menuId\":2130,\"menuName\":\"首页\",\"menuType\":\"C\",\"orderNum\":0,\"params\":{},\"parentId\":0,\"path\":\"/\",\"perms\":\"\",\"routeName\":\"\",\"status\":\"0\",\"updateBy\":\"星小图\",\"visible\":\"0\"}', '{\"msg\":\"操作成功\",\"code\":200}', 0, NULL, '2025-11-20 19:04:26', 10);
INSERT INTO `system_oper_log` VALUES (1097, '菜单管理', 2, 'system.admin.controller.com.insmess.knowledge.module.system.SysMenuController.edit()', 'PUT', 1, 'insmess', '研发部门', '/system/menu', '127.0.0.1', '内网IP', '{\"children\":[],\"component\":\"dishboard/index.vue\",\"createTime\":\"2025-11-20 19:01:21\",\"icon\":\"系统监控\",\"isCache\":\"0\",\"isFrame\":\"1\",\"menuId\":2130,\"menuName\":\"首页\",\"menuType\":\"C\",\"orderNum\":0,\"params\":{},\"parentId\":0,\"path\":\"/\",\"perms\":\"\",\"routeName\":\"\",\"status\":\"0\",\"updateBy\":\"星小图\",\"visible\":\"1\"}', '{\"msg\":\"操作成功\",\"code\":200}', 0, NULL, '2025-11-20 19:05:22', 20);
INSERT INTO `system_oper_log` VALUES (1098, '菜单管理', 2, 'system.admin.controller.com.insmess.knowledge.module.system.SysMenuController.edit()', 'PUT', 1, 'insmess', '研发部门', '/system/menu', '127.0.0.1', '内网IP', '{\"children\":[],\"component\":\"dishboard/index.vue\",\"createTime\":\"2025-11-20 19:01:21\",\"icon\":\"系统监控\",\"isCache\":\"0\",\"isFrame\":\"1\",\"menuId\":2130,\"menuName\":\"首页\",\"menuType\":\"C\",\"orderNum\":0,\"params\":{},\"parentId\":0,\"path\":\"/\",\"perms\":\"\",\"routeName\":\"\",\"status\":\"0\",\"updateBy\":\"星小图\",\"visible\":\"0\"}', '{\"msg\":\"操作成功\",\"code\":200}', 0, NULL, '2025-11-20 20:35:00', 9);
INSERT INTO `system_oper_log` VALUES (1099, '菜单管理', 3, 'system.admin.controller.com.insmess.knowledge.module.system.SysMenuController.remove()', 'DELETE', 1, 'insmess', '研发部门', '/system/menu/2130', '127.0.0.1', '内网IP', '{}', '{\"msg\":\"操作成功\",\"code\":200}', 0, NULL, '2025-11-20 20:35:28', 10);
INSERT INTO `system_oper_log` VALUES (1100, '菜单管理', 2, 'system.admin.controller.com.insmess.knowledge.module.system.SysMenuController.edit()', 'PUT', 1, 'insmess', '研发部门', '/system/menu', '127.0.0.1', '内网IP', '{\"children\":[],\"component\":\"ext/extKnowledgeDetail\",\"createTime\":\"2025-09-09 08:32:12\",\"icon\":\"clipboard\",\"isCache\":\"0\",\"isFrame\":\"1\",\"menuId\":2055,\"menuName\":\"本体管理\",\"menuType\":\"C\",\"orderNum\":0,\"params\":{},\"parentId\":2128,\"path\":\"extKnowledgeDetail\",\"perms\":\"\",\"routeName\":\"\",\"status\":\"0\",\"updateBy\":\"星小图\",\"visible\":\"0\"}', '{\"msg\":\"操作成功\",\"code\":200}', 0, NULL, '2025-11-21 08:47:46', 21);
INSERT INTO `system_oper_log` VALUES (1101, '菜单管理', 2, 'system.admin.controller.com.insmess.knowledge.module.system.SysMenuController.edit()', 'PUT', 1, 'insmess', '研发部门', '/system/menu', '127.0.0.1', '内网IP', '{\"children\":[],\"component\":\"ext/extKnowledgeDetail/index\",\"createTime\":\"2025-09-09 08:32:12\",\"icon\":\"clipboard\",\"isCache\":\"0\",\"isFrame\":\"1\",\"menuId\":2055,\"menuName\":\"本体管理\",\"menuType\":\"C\",\"orderNum\":0,\"params\":{},\"parentId\":2128,\"path\":\"extKnowledgeDetail\",\"perms\":\"\",\"routeName\":\"\",\"status\":\"0\",\"updateBy\":\"星小图\",\"visible\":\"0\"}', '{\"msg\":\"操作成功\",\"code\":200}', 0, NULL, '2025-11-21 08:56:13', 10);
INSERT INTO `system_oper_log` VALUES (1102, '非结构化抽取任务', 2, 'com.insmess.knowledge.module.ext.controller.admin.extUnstructTask.ExtUnstructTaskController.edit()', 'PUT', 1, 'insmess', '研发部门', '/ext/unstructTask', '127.0.0.1', '内网IP', '{\"createBy\":\"星小图\",\"createTime\":\"2025-10-27 23:43:00\",\"creatorId\":1,\"extractMode\":\"2\",\"id\":11,\"name\":\"test\",\"params\":{\"docIds\":\"19\",\"relationIds\":\"10,11\",\"oldDocRelIds\":\"12\"},\"publishStatus\":0,\"status\":2,\"updateBy\":\"星小图\",\"updateTime\":\"2025-11-21 09:39:48\",\"updaterId\":1,\"workspaceId\":1001}', '{\"code\":200,\"msg\":\"操作成功\"}', 0, NULL, '2025-11-21 09:39:48', 79);
INSERT INTO `system_oper_log` VALUES (1103, '非结构化抽取任务', 2, 'com.insmess.knowledge.module.ext.controller.admin.extUnstructTask.ExtUnstructTaskController.edit()', 'PUT', 1, 'insmess', '研发部门', '/ext/unstructTask', '127.0.0.1', '内网IP', '{\"createBy\":\"星小图\",\"createTime\":\"2025-09-25 02:18:32\",\"creatorId\":1,\"extractMode\":\"0\",\"id\":4,\"knowledgeId\":4,\"name\":\"测试任务\",\"params\":{\"docIds\":\"3\",\"relationIds\":\"10,11,12,13,14,15,16,17,18,19\",\"oldDocRelIds\":\"5\"},\"publishBy\":\"星小图\",\"publishStatus\":0,\"publishTime\":\"2025-10-22 22:02:27\",\"publisherId\":1,\"status\":2,\"updateBy\":\"星小图\",\"updateTime\":\"2025-11-21 09:41:18\",\"updaterId\":1,\"workspaceId\":1001}', '{\"code\":200,\"msg\":\"操作成功\"}', 0, NULL, '2025-11-21 09:41:18', 73);
INSERT INTO `system_oper_log` VALUES (1104, '菜单管理', 3, 'system.admin.controller.com.insmess.knowledge.module.system.SysMenuController.remove()', 'DELETE', 1, 'insmess', '研发部门', '/system/menu/2054', '127.0.0.1', '内网IP', '{}', '{\"msg\":\"操作成功\",\"code\":200}', 0, NULL, '2025-11-21 09:50:18', 9);
INSERT INTO `system_oper_log` VALUES (1105, '非结构化抽取任务', 1, 'com.insmess.knowledge.module.ext.controller.admin.extUnstructTask.ExtUnstructTaskController.add()', 'POST', 1, 'insmess', '研发部门', '/ext/unstructTask', '127.0.0.1', '内网IP', '{\"createBy\":\"星小图\",\"createTime\":\"2025-11-21 11:19:08\",\"creatorId\":1,\"extractMode\":\"2\",\"id\":21,\"name\":\"test\",\"params\":{\"docIds\":\"25,23\",\"relationIds\":\"10,11\"},\"publishStatus\":0,\"status\":0,\"updateTime\":\"2025-11-21 11:19:08\",\"workspaceId\":1001}', '{\"code\":200,\"msg\":\"操作成功\"}', 0, NULL, '2025-11-21 11:19:08', 69);
INSERT INTO `system_oper_log` VALUES (1106, '非结构化抽取任务', 1, 'com.insmess.knowledge.module.ext.controller.admin.extUnstructTask.ExtUnstructTaskController.add()', 'POST', 1, 'insmess', '研发部门', '/ext/unstructTask', '127.0.0.1', '内网IP', '{\"createBy\":\"星小图\",\"createTime\":\"2025-11-21 11:21:27\",\"creatorId\":1,\"extractMode\":\"0\",\"id\":22,\"knowledgeId\":4,\"name\":\"test\",\"params\":{\"docIds\":\"23,25,26\",\"relationIds\":\"10,11,12,13,14,15,16,17,18,19\"},\"publishStatus\":0,\"status\":0,\"updateTime\":\"2025-11-21 11:21:27\",\"workspaceId\":1001}', '{\"code\":200,\"msg\":\"操作成功\"}', 0, NULL, '2025-11-21 11:21:27', 91);
INSERT INTO `system_oper_log` VALUES (1107, '测试连接', 3, 'com.insmess.knowledge.module.dm.controller.admin.datasource.DmDatasourceController.clientsTest()', 'GET', 1, 'insmess', '研发部门', '/dm/dmDatasource/clientsTest/1', '127.0.0.1', '内网IP', '{}', NULL, 1, '检测连通性出错', '2025-11-21 11:30:34', 1013);
INSERT INTO `system_oper_log` VALUES (1108, '测试连接', 3, 'com.insmess.knowledge.module.dm.controller.admin.datasource.DmDatasourceController.clientsTest()', 'GET', 1, 'insmess', '研发部门', '/dm/dmDatasource/clientsTest/4', '127.0.0.1', '内网IP', '{}', '{\"msg\":\"数据库连接成功\",\"code\":200}', 0, NULL, '2025-11-21 11:30:36', 17);
INSERT INTO `system_oper_log` VALUES (1109, '测试连接', 3, 'com.insmess.knowledge.module.dm.controller.admin.datasource.DmDatasourceController.clientsTest()', 'GET', 1, 'insmess', '研发部门', '/dm/dmDatasource/clientsTest/4', '127.0.0.1', '内网IP', '{}', '{\"msg\":\"数据库连接成功\",\"code\":200}', 0, NULL, '2025-11-21 11:33:11', 9);
INSERT INTO `system_oper_log` VALUES (1110, '测试连接', 3, 'com.insmess.knowledge.module.dm.controller.admin.datasource.DmDatasourceController.clientsTest()', 'GET', 1, 'insmess', '研发部门', '/dm/dmDatasource/clientsTest/1', '127.0.0.1', '内网IP', '{}', NULL, 1, '检测连通性出错', '2025-11-21 13:32:57', 1017);
INSERT INTO `system_oper_log` VALUES (1111, '测试连接', 3, 'com.insmess.knowledge.module.dm.controller.admin.datasource.DmDatasourceController.clientsTest()', 'GET', 1, 'insmess', '研发部门', '/dm/dmDatasource/clientsTest/4', '127.0.0.1', '内网IP', '{}', '{\"msg\":\"数据库连接成功\",\"code\":200}', 0, NULL, '2025-11-21 13:32:58', 11);
INSERT INTO `system_oper_log` VALUES (1112, '测试连接', 3, 'com.insmess.knowledge.module.dm.controller.admin.datasource.DmDatasourceController.clientsTest()', 'GET', 1, 'insmess', '研发部门', '/dm/dmDatasource/clientsTest/4', '127.0.0.1', '内网IP', '{}', '{\"msg\":\"数据库连接成功\",\"code\":200}', 0, NULL, '2025-11-21 13:33:02', 9);
INSERT INTO `system_oper_log` VALUES (1113, '测试连接', 3, 'com.insmess.knowledge.module.dm.controller.admin.datasource.DmDatasourceController.clientsTest()', 'GET', 1, 'insmess', '研发部门', '/dm/dmDatasource/clientsTest/4', '127.0.0.1', '内网IP', '{}', '{\"msg\":\"数据库连接成功\",\"code\":200}', 0, NULL, '2025-11-21 13:34:24', 20);
INSERT INTO `system_oper_log` VALUES (1114, '测试连接', 3, 'com.insmess.knowledge.module.dm.controller.admin.datasource.DmDatasourceController.clientsTest()', 'GET', 1, 'insmess', '研发部门', '/dm/dmDatasource/clientsTest/4', '127.0.0.1', '内网IP', '{}', '{\"msg\":\"数据库连接成功\",\"code\":200}', 0, NULL, '2025-11-21 13:34:30', 10);
INSERT INTO `system_oper_log` VALUES (1115, '测试连接', 3, 'com.insmess.knowledge.module.dm.controller.admin.datasource.DmDatasourceController.clientsTest()', 'GET', 1, 'insmess', '研发部门', '/dm/dmDatasource/clientsTest/4', '127.0.0.1', '内网IP', '{}', '{\"msg\":\"数据库连接成功\",\"code\":200}', 0, NULL, '2025-11-21 13:34:47', 9);
INSERT INTO `system_oper_log` VALUES (1116, '测试连接', 3, 'com.insmess.knowledge.module.dm.controller.admin.datasource.DmDatasourceController.clientsTest()', 'GET', 1, 'insmess', '研发部门', '/dm/dmDatasource/clientsTest/4', '127.0.0.1', '内网IP', '{}', '{\"msg\":\"数据库连接成功\",\"code\":200}', 0, NULL, '2025-11-21 13:34:56', 10);
INSERT INTO `system_oper_log` VALUES (1117, '测试连接', 3, 'com.insmess.knowledge.module.dm.controller.admin.datasource.DmDatasourceController.clientsTest()', 'GET', 1, 'insmess', '研发部门', '/dm/dmDatasource/clientsTest/4', '127.0.0.1', '内网IP', '{}', '{\"msg\":\"数据库连接成功\",\"code\":200}', 0, NULL, '2025-11-21 13:35:51', 11);
INSERT INTO `system_oper_log` VALUES (1118, '测试连接', 3, 'com.insmess.knowledge.module.dm.controller.admin.datasource.DmDatasourceController.clientsTest()', 'GET', 1, 'insmess', '研发部门', '/dm/dmDatasource/clientsTest/1', '127.0.0.1', '内网IP', '{}', NULL, 1, '检测连通性出错', '2025-11-21 13:36:30', 1019);
INSERT INTO `system_oper_log` VALUES (1119, '测试连接', 3, 'com.insmess.knowledge.module.dm.controller.admin.datasource.DmDatasourceController.clientsTest()', 'GET', 1, 'insmess', '研发部门', '/dm/dmDatasource/clientsTest/4', '127.0.0.1', '内网IP', '{}', '{\"msg\":\"数据库连接成功\",\"code\":200}', 0, NULL, '2025-11-21 13:36:33', 11);
INSERT INTO `system_oper_log` VALUES (1120, '测试连接', 3, 'com.insmess.knowledge.module.dm.controller.admin.datasource.DmDatasourceController.clientsTest()', 'GET', 1, 'insmess', '研发部门', '/dm/dmDatasource/clientsTest/4', '127.0.0.1', '内网IP', '{}', '{\"msg\":\"数据库连接成功\",\"code\":200}', 0, NULL, '2025-11-21 13:37:56', 10);
INSERT INTO `system_oper_log` VALUES (1121, '测试连接', 3, 'com.insmess.knowledge.module.dm.controller.admin.datasource.DmDatasourceController.clientsTest()', 'GET', 1, 'insmess', '研发部门', '/dm/dmDatasource/clientsTest/4', '127.0.0.1', '内网IP', '{}', '{\"msg\":\"数据库连接成功\",\"code\":200}', 0, NULL, '2025-11-21 13:38:50', 118);
INSERT INTO `system_oper_log` VALUES (1122, '测试连接', 3, 'com.insmess.knowledge.module.dm.controller.admin.datasource.DmDatasourceController.clientsTest()', 'GET', 1, 'insmess', '研发部门', '/dm/dmDatasource/clientsTest/4', '127.0.0.1', '内网IP', '{}', '{\"msg\":\"数据库连接成功\",\"code\":200}', 0, NULL, '2025-11-21 13:39:57', 118);
INSERT INTO `system_oper_log` VALUES (1123, '测试连接', 3, 'com.insmess.knowledge.module.dm.controller.admin.datasource.DmDatasourceController.clientsTest()', 'GET', 1, 'insmess', '研发部门', '/dm/dmDatasource/clientsTest/4', '127.0.0.1', '内网IP', '{}', '{\"msg\":\"数据库连接成功\",\"code\":200}', 0, NULL, '2025-11-21 13:39:58', 12);
INSERT INTO `system_oper_log` VALUES (1124, '菜单管理', 2, 'system.admin.controller.com.insmess.knowledge.module.system.SysMenuController.edit()', 'PUT', 1, 'insmess', '研发部门', '/system/menu', '127.0.0.1', '内网IP', '{\"children\":[],\"createTime\":\"2025-11-20 15:47:14\",\"icon\":\"component\",\"isCache\":\"0\",\"isFrame\":\"1\",\"menuId\":2128,\"menuName\":\"知识图谱\",\"menuType\":\"M\",\"orderNum\":5,\"params\":{},\"parentId\":0,\"path\":\"graph\",\"perms\":\"\",\"routeName\":\"\",\"status\":\"0\",\"updateBy\":\"星小图\",\"visible\":\"0\"}', '{\"msg\":\"操作成功\",\"code\":200}', 0, NULL, '2025-11-21 14:46:11', 16);
INSERT INTO `system_oper_log` VALUES (1125, '菜单管理', 2, 'system.admin.controller.com.insmess.knowledge.module.system.SysMenuController.edit()', 'PUT', 1, 'insmess', '研发部门', '/system/menu', '127.0.0.1', '内网IP', '{\"children\":[],\"component\":\"dm/dmDatasource/index\",\"createTime\":\"2025-09-04 18:14:56\",\"icon\":\"#\",\"isCache\":\"0\",\"isFrame\":\"1\",\"menuId\":2047,\"menuName\":\"数据源管理\",\"menuType\":\"C\",\"orderNum\":4,\"params\":{},\"parentId\":2046,\"path\":\"dmDatasource\",\"perms\":\"dm:datasource:datasource:list\",\"status\":\"0\",\"updateBy\":\"星小图\",\"visible\":\"0\"}', '{\"msg\":\"操作成功\",\"code\":200}', 0, NULL, '2025-11-21 14:52:52', 9);
INSERT INTO `system_oper_log` VALUES (1126, '菜单管理', 2, 'system.admin.controller.com.insmess.knowledge.module.system.SysMenuController.edit()', 'PUT', 1, 'insmess', '研发部门', '/system/menu', '127.0.0.1', '内网IP', '{\"children\":[],\"component\":\"dm/dmMaintenanceDetail/index\",\"createTime\":\"2025-09-22 02:26:42\",\"icon\":\"date-range\",\"isCache\":\"0\",\"isFrame\":\"1\",\"menuId\":2059,\"menuName\":\"数据维护\",\"menuType\":\"C\",\"orderNum\":2,\"params\":{},\"parentId\":2046,\"path\":\"dmMaintenanceDetail\",\"perms\":\"\",\"routeName\":\"\",\"status\":\"0\",\"updateBy\":\"星小图\",\"visible\":\"0\"}', '{\"msg\":\"操作成功\",\"code\":200}', 0, NULL, '2025-11-21 14:53:04', 11);
INSERT INTO `system_oper_log` VALUES (1127, '菜单管理', 2, 'system.admin.controller.com.insmess.knowledge.module.system.SysMenuController.edit()', 'PUT', 1, 'insmess', '研发部门', '/system/menu', '127.0.0.1', '内网IP', '{\"children\":[],\"component\":\"app/AppServiceApi/index\",\"createTime\":\"2025-09-28 07:34:25\",\"icon\":\"#\",\"isCache\":\"0\",\"isFrame\":\"1\",\"menuId\":2093,\"menuName\":\"数据服务\",\"menuType\":\"C\",\"orderNum\":1,\"params\":{},\"parentId\":2129,\"path\":\"AppServiceApi\",\"perms\":\"app:AppServiceApi:appserviceapi:list\",\"routeName\":\"\",\"status\":\"0\",\"updateBy\":\"星小图\",\"visible\":\"0\"}', '{\"msg\":\"操作成功\",\"code\":200}', 0, NULL, '2025-11-21 15:48:20', 9);
INSERT INTO `system_oper_log` VALUES (1128, '菜单管理', 2, 'system.admin.controller.com.insmess.knowledge.module.system.SysMenuController.edit()', 'PUT', 1, 'insmess', '研发部门', '/system/menu', '127.0.0.1', '内网IP', '{\"children\":[],\"component\":\"app/AppServiceApiLog/index\",\"createTime\":\"2025-09-28 07:34:36\",\"icon\":\"#\",\"isCache\":\"0\",\"isFrame\":\"1\",\"menuId\":2100,\"menuName\":\"服务日志\",\"menuType\":\"C\",\"orderNum\":1,\"params\":{},\"parentId\":2129,\"path\":\"AppServiceApiLog\",\"perms\":\"app:AppServiceApiLog:appserviceapilog:list\",\"routeName\":\"\",\"status\":\"0\",\"updateBy\":\"星小图\",\"visible\":\"0\"}', '{\"msg\":\"操作成功\",\"code\":200}', 0, NULL, '2025-11-21 15:48:29', 13);
INSERT INTO `system_oper_log` VALUES (1129, '菜单管理', 3, 'system.admin.controller.com.insmess.knowledge.module.system.SysMenuController.remove()', 'DELETE', 1, 'insmess', '研发部门', '/system/menu/2092', '127.0.0.1', '内网IP', '{}', '{\"msg\":\"操作成功\",\"code\":200}', 0, NULL, '2025-11-21 15:48:32', 20);
INSERT INTO `system_oper_log` VALUES (1130, '菜单管理', 2, 'system.admin.controller.com.insmess.knowledge.module.system.SysMenuController.edit()', 'PUT', 1, 'insmess', '研发部门', '/system/menu', '127.0.0.1', '内网IP', '{\"children\":[],\"component\":\"app/AppServiceApiLog/index\",\"createTime\":\"2025-09-28 07:34:36\",\"icon\":\"#\",\"isCache\":\"0\",\"isFrame\":\"1\",\"menuId\":2100,\"menuName\":\"服务日志\",\"menuType\":\"C\",\"orderNum\":55,\"params\":{},\"parentId\":2129,\"path\":\"AppServiceApiLog\",\"perms\":\"app:AppServiceApiLog:appserviceapilog:list\",\"routeName\":\"\",\"status\":\"0\",\"updateBy\":\"星小图\",\"visible\":\"0\"}', '{\"msg\":\"操作成功\",\"code\":200}', 0, NULL, '2025-11-21 15:48:37', 9);
INSERT INTO `system_oper_log` VALUES (1131, '菜单管理', 2, 'system.admin.controller.com.insmess.knowledge.module.system.SysMenuController.edit()', 'PUT', 1, 'insmess', '研发部门', '/system/menu', '127.0.0.1', '内网IP', '{\"children\":[],\"component\":\"app/graphExploration/graphLayout\",\"createTime\":\"2025-09-04 18:14:56\",\"icon\":\"#\",\"isCache\":\"0\",\"isFrame\":\"1\",\"menuId\":2045,\"menuName\":\"图谱探索\",\"menuType\":\"C\",\"orderNum\":111,\"params\":{},\"parentId\":2128,\"path\":\"graphExploration\",\"perms\":\"\",\"status\":\"0\",\"updateBy\":\"星小图\",\"visible\":\"0\"}', '{\"msg\":\"操作成功\",\"code\":200}', 0, NULL, '2025-11-21 15:50:45', 10);
INSERT INTO `system_oper_log` VALUES (1132, '菜单管理', 2, 'system.admin.controller.com.insmess.knowledge.module.system.SysMenuController.edit()', 'PUT', 1, 'insmess', '研发部门', '/system/menu', '127.0.0.1', '内网IP', '{\"children\":[],\"component\":\"app/graphExploration/graphLayout\",\"createTime\":\"2025-09-04 18:14:56\",\"icon\":\"search\",\"isCache\":\"0\",\"isFrame\":\"1\",\"menuId\":2045,\"menuName\":\"图谱探索\",\"menuType\":\"C\",\"orderNum\":111,\"params\":{},\"parentId\":2128,\"path\":\"graphExploration\",\"perms\":\"\",\"status\":\"0\",\"updateBy\":\"星小图\",\"visible\":\"0\"}', '{\"msg\":\"操作成功\",\"code\":200}', 0, NULL, '2025-11-21 16:10:41', 10);
INSERT INTO `system_oper_log` VALUES (1133, '菜单管理', 2, 'system.admin.controller.com.insmess.knowledge.module.system.SysMenuController.edit()', 'PUT', 1, 'insmess', '研发部门', '/system/menu', '127.0.0.1', '内网IP', '{\"children\":[],\"component\":\"app/graphExplorationDetail/index\",\"createTime\":\"2025-09-04 18:14:56\",\"icon\":\"search\",\"isCache\":\"0\",\"isFrame\":\"1\",\"menuId\":2045,\"menuName\":\"图谱探索\",\"menuType\":\"C\",\"orderNum\":111,\"params\":{},\"parentId\":2128,\"path\":\"graphExplorationDetail\",\"perms\":\"\",\"status\":\"0\",\"updateBy\":\"星小图\",\"visible\":\"0\"}', '{\"msg\":\"操作成功\",\"code\":200}', 0, NULL, '2025-11-21 16:12:51', 9);
INSERT INTO `system_oper_log` VALUES (1134, '菜单管理', 2, 'system.admin.controller.com.insmess.knowledge.module.system.SysMenuController.edit()', 'PUT', 1, 'insmess', '研发部门', '/system/menu', '127.0.0.1', '内网IP', '{\"children\":[],\"component\":\"app/graphExploration/index\",\"createTime\":\"2025-09-04 18:14:56\",\"icon\":\"search\",\"isCache\":\"0\",\"isFrame\":\"1\",\"menuId\":2045,\"menuName\":\"图谱探索\",\"menuType\":\"C\",\"orderNum\":111,\"params\":{},\"parentId\":2128,\"path\":\"graphExploration\",\"perms\":\"\",\"status\":\"0\",\"updateBy\":\"星小图\",\"visible\":\"0\"}', '{\"msg\":\"操作成功\",\"code\":200}', 0, NULL, '2025-11-21 16:14:17', 21);
INSERT INTO `system_oper_log` VALUES (1135, '菜单管理', 2, 'system.admin.controller.com.insmess.knowledge.module.system.SysMenuController.edit()', 'PUT', 1, 'insmess', '研发部门', '/system/menu', '127.0.0.1', '内网IP', '{\"children\":[],\"component\":\"app/graphExploration/geaphExplorationDetail\",\"createTime\":\"2025-09-04 18:14:56\",\"icon\":\"search\",\"isCache\":\"0\",\"isFrame\":\"1\",\"menuId\":2045,\"menuName\":\"图谱探索\",\"menuType\":\"C\",\"orderNum\":111,\"params\":{},\"parentId\":2128,\"path\":\"geaphExplorationDetail\",\"perms\":\"\",\"status\":\"0\",\"updateBy\":\"星小图\",\"visible\":\"0\"}', '{\"msg\":\"操作成功\",\"code\":200}', 0, NULL, '2025-11-21 16:15:52', 9);
INSERT INTO `system_oper_log` VALUES (1136, '菜单管理', 2, 'system.admin.controller.com.insmess.knowledge.module.system.SysMenuController.edit()', 'PUT', 1, 'insmess', '研发部门', '/system/menu', '127.0.0.1', '内网IP', '{\"children\":[],\"component\":\"kmc/kmcCategory/index\",\"createTime\":\"2025-09-04 18:14:56\",\"icon\":\"nested\",\"isCache\":\"0\",\"isFrame\":\"1\",\"menuId\":2001,\"menuName\":\"知识分类\",\"menuType\":\"C\",\"orderNum\":0,\"params\":{},\"parentId\":2000,\"path\":\"kmcCategory\",\"perms\":\"kmc:kmcCategory:kmcCategory:list\",\"query\":\"\",\"status\":\"0\",\"updateBy\":\"星小图\",\"visible\":\"0\"}', '{\"msg\":\"操作成功\",\"code\":200}', 0, NULL, '2025-11-21 16:32:39', 10);
INSERT INTO `system_oper_log` VALUES (1137, '菜单管理', 2, 'system.admin.controller.com.insmess.knowledge.module.system.SysMenuController.edit()', 'PUT', 1, 'insmess', '研发部门', '/system/menu', '127.0.0.1', '内网IP', '{\"children\":[],\"component\":\"kmc/kmcDocument/index\",\"createTime\":\"2025-09-04 18:14:56\",\"icon\":\"zip\",\"isCache\":\"0\",\"isFrame\":\"1\",\"menuId\":2008,\"menuName\":\"文件管理\",\"menuType\":\"C\",\"orderNum\":1,\"params\":{},\"parentId\":2000,\"path\":\"kmcDocument\",\"perms\":\"kmcDocument:kmcDocument:document:list\",\"query\":\"\",\"status\":\"0\",\"updateBy\":\"星小图\",\"visible\":\"0\"}', '{\"msg\":\"操作成功\",\"code\":200}', 0, NULL, '2025-11-21 16:32:55', 10);
INSERT INTO `system_oper_log` VALUES (1138, '菜单管理', 2, 'system.admin.controller.com.insmess.knowledge.module.system.SysMenuController.edit()', 'PUT', 1, 'insmess', '研发部门', '/system/menu', '127.0.0.1', '内网IP', '{\"children\":[],\"component\":\"app/AppServiceApi/index\",\"createTime\":\"2025-09-28 07:34:25\",\"icon\":\"知识应用\",\"isCache\":\"0\",\"isFrame\":\"1\",\"menuId\":2093,\"menuName\":\"数据服务\",\"menuType\":\"C\",\"orderNum\":1,\"params\":{},\"parentId\":2129,\"path\":\"AppServiceApi\",\"perms\":\"app:AppServiceApi:appserviceapi:list\",\"routeName\":\"\",\"status\":\"0\",\"updateBy\":\"星小图\",\"visible\":\"0\"}', '{\"msg\":\"操作成功\",\"code\":200}', 0, NULL, '2025-11-21 16:34:32', 20);
INSERT INTO `system_oper_log` VALUES (1139, '菜单管理', 2, 'system.admin.controller.com.insmess.knowledge.module.system.SysMenuController.edit()', 'PUT', 1, 'insmess', '研发部门', '/system/menu', '127.0.0.1', '内网IP', '{\"children\":[],\"component\":\"app/AppServiceApiLog/index\",\"createTime\":\"2025-09-28 07:34:36\",\"icon\":\"tool_new_icon\",\"isCache\":\"0\",\"isFrame\":\"1\",\"menuId\":2100,\"menuName\":\"服务日志\",\"menuType\":\"C\",\"orderNum\":55,\"params\":{},\"parentId\":2129,\"path\":\"AppServiceApiLog\",\"perms\":\"app:AppServiceApiLog:appserviceapilog:list\",\"routeName\":\"\",\"status\":\"0\",\"updateBy\":\"星小图\",\"visible\":\"0\"}', '{\"msg\":\"操作成功\",\"code\":200}', 0, NULL, '2025-11-21 16:34:38', 9);
INSERT INTO `system_oper_log` VALUES (1140, '菜单管理', 2, 'system.admin.controller.com.insmess.knowledge.module.system.SysMenuController.edit()', 'PUT', 1, 'insmess', '研发部门', '/system/menu', '127.0.0.1', '内网IP', '{\"children\":[],\"component\":\"sqa/knowledgeQuestion/index\",\"createTime\":\"2025-09-09 08:41:28\",\"icon\":\"#\",\"isCache\":\"0\",\"isFrame\":\"1\",\"menuId\":2058,\"menuName\":\"图谱问答\",\"menuType\":\"C\",\"orderNum\":88,\"params\":{},\"parentId\":2128,\"path\":\"knowledgeQuestion\",\"perms\":\"\",\"routeName\":\"\",\"status\":\"0\",\"updateBy\":\"星小图\",\"visible\":\"0\"}', '{\"msg\":\"操作成功\",\"code\":200}', 0, NULL, '2025-11-21 16:35:33', 10);
INSERT INTO `system_oper_log` VALUES (1141, '菜单管理', 2, 'system.admin.controller.com.insmess.knowledge.module.system.SysMenuController.edit()', 'PUT', 1, 'insmess', '研发部门', '/system/menu', '127.0.0.1', '内网IP', '{\"children\":[],\"component\":\"sqa/knowledgeQuestion/index\",\"createTime\":\"2025-09-09 08:41:28\",\"icon\":\"message\",\"isCache\":\"0\",\"isFrame\":\"1\",\"menuId\":2058,\"menuName\":\"图谱问答\",\"menuType\":\"C\",\"orderNum\":88,\"params\":{},\"parentId\":2128,\"path\":\"knowledgeQuestion\",\"perms\":\"\",\"routeName\":\"\",\"status\":\"0\",\"updateBy\":\"星小图\",\"visible\":\"0\"}', '{\"msg\":\"操作成功\",\"code\":200}', 0, NULL, '2025-11-21 16:40:49', 21);
INSERT INTO `system_oper_log` VALUES (1142, '知识图谱', 1, 'com.insmess.knowledge.module.ext.controller.admin.extKnowledge.ExtKnowledgeController.add()', 'POST', 1, 'insmess', '研发部门', '/ext/extKnowledge', '127.0.0.1', '内网IP', '{\"description\":\"民族知识图谱\",\"name\":\"民族知识图谱\",\"params\":{},\"remark\":\"民族知识图谱\"}', '{\"code\":200,\"msg\":\"操作成功\"}', 0, NULL, '2025-11-21 17:38:40', 29);
INSERT INTO `system_oper_log` VALUES (1143, '概念配置', 1, 'com.insmess.knowledge.module.ext.controller.admin.extSchema.ExtSchemaController.add()', 'POST', 1, 'insmess', '研发部门', '/ext/schema', '127.0.0.1', '内网IP', '{\"color\":\"rgba(255, 215, 0, 1)\",\"createBy\":\"星小图\",\"createTime\":\"2025-11-21 17:39:03\",\"creatorId\":1,\"description\":\"民族\",\"name\":\"民族\",\"params\":{},\"updateBy\":\"\",\"workspaceId\":1001}', '{\"code\":200,\"msg\":\"操作成功\"}', 0, NULL, '2025-11-21 17:39:03', 39);
INSERT INTO `system_oper_log` VALUES (1144, '概念配置', 1, 'com.insmess.knowledge.module.ext.controller.admin.extSchema.ExtSchemaController.add()', 'POST', 1, 'insmess', '研发部门', '/ext/schema', '127.0.0.1', '内网IP', '{\"color\":\"rgba(255, 69, 0, 1)\",\"createBy\":\"\",\"description\":\"民族\",\"name\":\"民族\",\"params\":{},\"updateBy\":\"\"}', '{\"code\":500,\"msg\":\"概念名称已存在，不可重复添加\"}', 0, NULL, '2025-11-21 17:39:37', 14);
INSERT INTO `system_oper_log` VALUES (1145, '概念配置', 1, 'com.insmess.knowledge.module.ext.controller.admin.extSchema.ExtSchemaController.add()', 'POST', 1, 'insmess', '研发部门', '/ext/schema', '127.0.0.1', '内网IP', '{\"color\":\"rgba(144, 238, 144, 1)\",\"createBy\":\"星小图\",\"createTime\":\"2025-11-21 17:48:22\",\"creatorId\":1,\"description\":\"民族类型\",\"knowledgeId\":9,\"name\":\"民族类型\",\"params\":{},\"updateBy\":\"\",\"workspaceId\":1001}', '{\"code\":200,\"msg\":\"操作成功\"}', 0, NULL, '2025-11-21 17:48:22', 19);
INSERT INTO `system_oper_log` VALUES (1146, '概念配置', 1, 'com.insmess.knowledge.module.ext.controller.admin.extSchema.ExtSchemaController.add()', 'POST', 1, 'insmess', '研发部门', '/ext/schema', '127.0.0.1', '内网IP', '{\"color\":\"rgba(199, 21, 133, 1)\",\"createBy\":\"星小图\",\"createTime\":\"2025-11-21 17:49:03\",\"creatorId\":1,\"description\":\"语言\",\"knowledgeId\":9,\"name\":\"语言\",\"params\":{},\"updateBy\":\"\",\"workspaceId\":1001}', '{\"code\":200,\"msg\":\"操作成功\"}', 0, NULL, '2025-11-21 17:49:03', 19);
INSERT INTO `system_oper_log` VALUES (1147, '概念配置', 1, 'com.insmess.knowledge.module.ext.controller.admin.extSchema.ExtSchemaController.add()', 'POST', 1, 'insmess', '研发部门', '/ext/schema', '127.0.0.1', '内网IP', '{\"color\":\"rgba(0, 206, 209, 1)\",\"createBy\":\"星小图\",\"createTime\":\"2025-11-21 17:49:22\",\"creatorId\":1,\"description\":\"语言家族\",\"knowledgeId\":9,\"name\":\"语言家族\",\"params\":{},\"updateBy\":\"\",\"workspaceId\":1001}', '{\"code\":200,\"msg\":\"操作成功\"}', 0, NULL, '2025-11-21 17:49:22', 17);
INSERT INTO `system_oper_log` VALUES (1148, '概念配置', 1, 'com.insmess.knowledge.module.ext.controller.admin.extSchema.ExtSchemaController.add()', 'POST', 1, 'insmess', '研发部门', '/ext/schema', '127.0.0.1', '内网IP', '{\"color\":\"rgba(0, 206, 209, 1)\",\"createBy\":\"星小图\",\"createTime\":\"2025-11-21 17:50:08\",\"creatorId\":1,\"description\":\"种群类型\",\"knowledgeId\":9,\"name\":\"种群类型\",\"params\":{},\"updateBy\":\"\",\"workspaceId\":1001}', '{\"code\":200,\"msg\":\"操作成功\"}', 0, NULL, '2025-11-21 17:50:08', 30);
INSERT INTO `system_oper_log` VALUES (1149, '概念配置', 1, 'com.insmess.knowledge.module.ext.controller.admin.extSchema.ExtSchemaController.add()', 'POST', 1, 'insmess', '研发部门', '/ext/schema', '127.0.0.1', '内网IP', '{\"color\":\"rgba(199, 21, 133, 0.5)\",\"createBy\":\"星小图\",\"createTime\":\"2025-11-21 17:50:40\",\"creatorId\":1,\"description\":\"迁徙记录\",\"knowledgeId\":9,\"name\":\"迁徙记录\",\"params\":{},\"updateBy\":\"\",\"workspaceId\":1001}', '{\"code\":200,\"msg\":\"操作成功\"}', 0, NULL, '2025-11-21 17:50:40', 29);
INSERT INTO `system_oper_log` VALUES (1150, '概念配置', 1, 'com.insmess.knowledge.module.ext.controller.admin.extSchema.ExtSchemaController.add()', 'POST', 1, 'insmess', '研发部门', '/ext/schema', '127.0.0.1', '内网IP', '{\"color\":\"rgba(255, 69, 0, 0.68)\",\"createBy\":\"星小图\",\"createTime\":\"2025-11-21 17:51:04\",\"creatorId\":1,\"description\":\"重要人物\",\"knowledgeId\":9,\"name\":\"重要人物\",\"params\":{},\"updateBy\":\"\",\"workspaceId\":1001}', '{\"code\":200,\"msg\":\"操作成功\"}', 0, NULL, '2025-11-21 17:51:04', 28);
INSERT INTO `system_oper_log` VALUES (1151, '概念配置', 1, 'com.insmess.knowledge.module.ext.controller.admin.extSchema.ExtSchemaController.add()', 'POST', 1, 'insmess', '研发部门', '/ext/schema', '127.0.0.1', '内网IP', '{\"color\":\"rgba(0, 206, 209, 1)\",\"createBy\":\"星小图\",\"createTime\":\"2025-11-21 17:51:18\",\"creatorId\":1,\"description\":\"区域\",\"knowledgeId\":9,\"name\":\"区域\",\"params\":{},\"updateBy\":\"\",\"workspaceId\":1001}', '{\"code\":200,\"msg\":\"操作成功\"}', 0, NULL, '2025-11-21 17:51:18', 20);
INSERT INTO `system_oper_log` VALUES (1152, '概念配置', 1, 'com.insmess.knowledge.module.ext.controller.admin.extSchema.ExtSchemaController.add()', 'POST', 1, 'insmess', '研发部门', '/ext/schema', '127.0.0.1', '内网IP', '{\"color\":\"rgba(255, 69, 0, 0.68)\",\"createBy\":\"星小图\",\"createTime\":\"2025-11-21 17:51:36\",\"creatorId\":1,\"description\":\"宗教\",\"knowledgeId\":9,\"name\":\"宗教\",\"params\":{},\"updateBy\":\"\",\"workspaceId\":1001}', '{\"code\":200,\"msg\":\"操作成功\"}', 0, NULL, '2025-11-21 17:51:36', 17);
INSERT INTO `system_oper_log` VALUES (1153, '概念配置', 1, 'com.insmess.knowledge.module.ext.controller.admin.extSchema.ExtSchemaController.add()', 'POST', 1, 'insmess', '研发部门', '/ext/schema', '127.0.0.1', '内网IP', '{\"color\":\"rgba(255, 140, 0, 1)\",\"createBy\":\"星小图\",\"createTime\":\"2025-11-21 17:51:55\",\"creatorId\":1,\"description\":\"民族子群\",\"knowledgeId\":9,\"name\":\"民族子群\",\"params\":{},\"updateBy\":\"\",\"workspaceId\":1001}', '{\"code\":200,\"msg\":\"操作成功\"}', 0, NULL, '2025-11-21 17:51:55', 18);
INSERT INTO `system_oper_log` VALUES (1154, '概念配置', 1, 'com.insmess.knowledge.module.ext.controller.admin.extSchema.ExtSchemaController.add()', 'POST', 1, 'insmess', '研发部门', '/ext/schema', '127.0.0.1', '内网IP', '{\"color\":\"rgba(199, 21, 133, 1)\",\"createBy\":\"星小图\",\"createTime\":\"2025-11-21 17:52:25\",\"creatorId\":1,\"description\":\"传统节日\",\"knowledgeId\":9,\"name\":\"传统节日\",\"params\":{},\"updateBy\":\"\",\"workspaceId\":1001}', '{\"code\":200,\"msg\":\"操作成功\"}', 0, NULL, '2025-11-21 17:52:25', 19);
INSERT INTO `system_oper_log` VALUES (1155, '概念配置', 1, 'com.insmess.knowledge.module.ext.controller.admin.extSchema.ExtSchemaController.add()', 'POST', 1, 'insmess', '研发部门', '/ext/schema', '127.0.0.1', '内网IP', '{\"color\":\"rgba(144, 238, 144, 1)\",\"createBy\":\"星小图\",\"createTime\":\"2025-11-21 17:52:43\",\"creatorId\":1,\"description\":\"文化特征\",\"knowledgeId\":9,\"name\":\"文化特征\",\"params\":{},\"updateBy\":\"\",\"workspaceId\":1001}', '{\"code\":200,\"msg\":\"操作成功\"}', 0, NULL, '2025-11-21 17:52:43', 29);
INSERT INTO `system_oper_log` VALUES (1156, '概念属性', 1, 'com.insmess.knowledge.module.ext.controller.admin.extSchemaAttribute.ExtSchemaAttributeController.add()', 'POST', 1, 'insmess', '研发部门', '/ext/attribute', '127.0.0.1', '内网IP', '{\"createBy\":\"星小图\",\"createTime\":\"2025-11-21 17:53:22\",\"creatorId\":1,\"dataType\":0,\"multipleFlag\":0,\"name\":\"中文名称\",\"nameCode\":\"ZWMC\",\"params\":{},\"requireFlag\":0,\"schemaId\":78,\"schemaName\":\"民族\",\"workspaceId\":1001}', '{\"code\":200,\"msg\":\"操作成功\"}', 0, NULL, '2025-11-21 17:53:22', 15);
INSERT INTO `system_oper_log` VALUES (1157, '概念属性', 1, 'com.insmess.knowledge.module.ext.controller.admin.extSchemaAttribute.ExtSchemaAttributeController.add()', 'POST', 1, 'insmess', '研发部门', '/ext/attribute', '127.0.0.1', '内网IP', '{\"createBy\":\"星小图\",\"createTime\":\"2025-11-21 17:53:37\",\"creatorId\":1,\"dataType\":0,\"multipleFlag\":0,\"name\":\"本地名称\",\"nameCode\":\"BDMC\",\"params\":{},\"requireFlag\":0,\"schemaId\":78,\"schemaName\":\"民族\",\"workspaceId\":1001}', '{\"code\":200,\"msg\":\"操作成功\"}', 0, NULL, '2025-11-21 17:53:37', 21);
INSERT INTO `system_oper_log` VALUES (1158, '概念属性', 1, 'com.insmess.knowledge.module.ext.controller.admin.extSchemaAttribute.ExtSchemaAttributeController.add()', 'POST', 1, 'insmess', '研发部门', '/ext/attribute', '127.0.0.1', '内网IP', '{\"createBy\":\"星小图\",\"createTime\":\"2025-11-21 17:53:51\",\"creatorId\":1,\"dataType\":0,\"multipleFlag\":0,\"name\":\"别名\",\"nameCode\":\"BIEMING\",\"params\":{},\"requireFlag\":0,\"schemaId\":78,\"schemaName\":\"民族\",\"workspaceId\":1001}', '{\"code\":200,\"msg\":\"操作成功\"}', 0, NULL, '2025-11-21 17:53:51', 8);
INSERT INTO `system_oper_log` VALUES (1159, '概念属性', 1, 'com.insmess.knowledge.module.ext.controller.admin.extSchemaAttribute.ExtSchemaAttributeController.add()', 'POST', 1, 'insmess', '研发部门', '/ext/attribute', '127.0.0.1', '内网IP', '{\"createBy\":\"星小图\",\"createTime\":\"2025-11-21 17:54:38\",\"creatorId\":1,\"dataType\":0,\"multipleFlag\":0,\"name\":\"人口\",\"nameCode\":\"population\",\"params\":{},\"requireFlag\":0,\"schemaId\":78,\"schemaName\":\"民族\",\"workspaceId\":1001}', '{\"code\":200,\"msg\":\"操作成功\"}', 0, NULL, '2025-11-21 17:54:38', 9);
INSERT INTO `system_oper_log` VALUES (1160, '概念属性', 1, 'com.insmess.knowledge.module.ext.controller.admin.extSchemaAttribute.ExtSchemaAttributeController.add()', 'POST', 1, 'insmess', '研发部门', '/ext/attribute', '127.0.0.1', '内网IP', '{\"createBy\":\"星小图\",\"createTime\":\"2025-11-21 17:55:00\",\"creatorId\":1,\"dataType\":1,\"multipleFlag\":0,\"name\":\"统计年份\",\"nameCode\":\"year\",\"params\":{},\"requireFlag\":0,\"schemaId\":78,\"schemaName\":\"民族\",\"workspaceId\":1001}', '{\"code\":200,\"msg\":\"操作成功\"}', 0, NULL, '2025-11-21 17:55:00', 10);
INSERT INTO `system_oper_log` VALUES (1161, '概念属性', 2, 'com.insmess.knowledge.module.ext.controller.admin.extSchemaAttribute.ExtSchemaAttributeController.edit()', 'PUT', 1, 'insmess', '研发部门', '/ext/attribute', '127.0.0.1', '内网IP', '{\"createBy\":\"星小图\",\"createTime\":\"2025-11-22 01:54:38\",\"creatorId\":1,\"dataType\":1,\"id\":79,\"multipleFlag\":0,\"name\":\"人口\",\"nameCode\":\"population\",\"params\":{},\"requireFlag\":0,\"schemaId\":78,\"schemaName\":\"民族\",\"updateBy\":\"星小图\",\"updateTime\":\"2025-11-21 17:55:04\",\"updaterId\":1,\"workspaceId\":1001}', '{\"code\":200,\"msg\":\"操作成功\"}', 0, NULL, '2025-11-21 17:55:04', 22);
INSERT INTO `system_oper_log` VALUES (1162, '关系配置', 1, 'com.insmess.knowledge.module.ext.controller.admin.extSchemaRelation.ExtSchemaRelationController.add()', 'POST', 1, 'insmess', '研发部门', '/ext/relation', '127.0.0.1', '内网IP', '{\"createBy\":\"星小图\",\"createTime\":\"2025-11-21 17:55:23\",\"creatorId\":1,\"endSchemaId\":86,\"inverseFlag\":0,\"params\":{},\"relation\":\"宗教\",\"startSchemaId\":78,\"workspaceId\":1001}', '{\"code\":200,\"msg\":\"操作成功\"}', 0, NULL, '2025-11-21 17:55:23', 24);
INSERT INTO `system_oper_log` VALUES (1163, '关系配置', 1, 'com.insmess.knowledge.module.ext.controller.admin.extSchemaRelation.ExtSchemaRelationController.add()', 'POST', 1, 'insmess', '研发部门', '/ext/relation', '127.0.0.1', '内网IP', '{\"createBy\":\"星小图\",\"createTime\":\"2025-11-21 17:55:38\",\"creatorId\":1,\"endSchemaId\":85,\"inverseFlag\":0,\"params\":{},\"relation\":\"分布区域\",\"startSchemaId\":78,\"workspaceId\":1001}', '{\"code\":200,\"msg\":\"操作成功\"}', 0, NULL, '2025-11-21 17:55:38', 9);
INSERT INTO `system_oper_log` VALUES (1164, '关系配置', 1, 'com.insmess.knowledge.module.ext.controller.admin.extSchemaRelation.ExtSchemaRelationController.add()', 'POST', 1, 'insmess', '研发部门', '/ext/relation', '127.0.0.1', '内网IP', '{\"createBy\":\"星小图\",\"createTime\":\"2025-11-21 17:55:52\",\"creatorId\":1,\"endSchemaId\":80,\"inverseFlag\":0,\"params\":{},\"relation\":\"语言\",\"startSchemaId\":78,\"workspaceId\":1001}', '{\"code\":200,\"msg\":\"操作成功\"}', 0, NULL, '2025-11-21 17:55:52', 13);
INSERT INTO `system_oper_log` VALUES (1165, '关系配置', 1, 'com.insmess.knowledge.module.ext.controller.admin.extSchemaRelation.ExtSchemaRelationController.add()', 'POST', 1, 'insmess', '研发部门', '/ext/relation', '127.0.0.1', '内网IP', '{\"createBy\":\"星小图\",\"createTime\":\"2025-11-21 17:56:16\",\"creatorId\":1,\"endSchemaId\":82,\"inverseFlag\":0,\"params\":{},\"relation\":\"种群\",\"startSchemaId\":78,\"workspaceId\":1001}', '{\"code\":200,\"msg\":\"操作成功\"}', 0, NULL, '2025-11-21 17:56:16', 11);
INSERT INTO `system_oper_log` VALUES (1166, '关系配置', 1, 'com.insmess.knowledge.module.ext.controller.admin.extSchemaRelation.ExtSchemaRelationController.add()', 'POST', 1, 'insmess', '研发部门', '/ext/relation', '127.0.0.1', '内网IP', '{\"createBy\":\"星小图\",\"createTime\":\"2025-11-21 17:56:33\",\"creatorId\":1,\"endSchemaId\":79,\"inverseFlag\":0,\"params\":{},\"relation\":\"类型\",\"startSchemaId\":78,\"workspaceId\":1001}', '{\"code\":200,\"msg\":\"操作成功\"}', 0, NULL, '2025-11-21 17:56:33', 10);
INSERT INTO `system_oper_log` VALUES (1167, '概念属性', 1, 'com.insmess.knowledge.module.ext.controller.admin.extSchemaAttribute.ExtSchemaAttributeController.add()', 'POST', 1, 'insmess', '研发部门', '/ext/attribute', '127.0.0.1', '内网IP', '{\"createBy\":\"星小图\",\"createTime\":\"2025-11-21 18:00:42\",\"creatorId\":1,\"dataType\":0,\"multipleFlag\":0,\"name\":\"名称\",\"nameCode\":\"NAME\",\"params\":{},\"requireFlag\":0,\"schemaId\":79,\"schemaName\":\"民族类型\",\"workspaceId\":1001}', '{\"code\":200,\"msg\":\"操作成功\"}', 0, NULL, '2025-11-21 18:00:42', 20);
INSERT INTO `system_oper_log` VALUES (1168, '概念属性', 1, 'com.insmess.knowledge.module.ext.controller.admin.extSchemaAttribute.ExtSchemaAttributeController.add()', 'POST', 1, 'insmess', '研发部门', '/ext/attribute', '127.0.0.1', '内网IP', '{\"createBy\":\"星小图\",\"createTime\":\"2025-11-21 18:01:08\",\"creatorId\":1,\"dataType\":0,\"multipleFlag\":0,\"name\":\"名称\",\"nameCode\":\"NAME\",\"params\":{},\"requireFlag\":0,\"schemaId\":80,\"schemaName\":\"语言\",\"workspaceId\":1001}', '{\"code\":200,\"msg\":\"操作成功\"}', 0, NULL, '2025-11-21 18:01:08', 20);
INSERT INTO `system_oper_log` VALUES (1169, '概念属性', 1, 'com.insmess.knowledge.module.ext.controller.admin.extSchemaAttribute.ExtSchemaAttributeController.add()', 'POST', 1, 'insmess', '研发部门', '/ext/attribute', '127.0.0.1', '内网IP', '{\"createBy\":\"星小图\",\"createTime\":\"2025-11-21 18:01:21\",\"creatorId\":1,\"dataType\":0,\"multipleFlag\":0,\"name\":\"ISO编码\",\"nameCode\":\"ISOCODE\",\"params\":{},\"requireFlag\":0,\"schemaId\":80,\"schemaName\":\"语言\",\"workspaceId\":1001}', '{\"code\":200,\"msg\":\"操作成功\"}', 0, NULL, '2025-11-21 18:01:21', 8);
INSERT INTO `system_oper_log` VALUES (1170, '关系配置', 1, 'com.insmess.knowledge.module.ext.controller.admin.extSchemaRelation.ExtSchemaRelationController.add()', 'POST', 1, 'insmess', '研发部门', '/ext/relation', '127.0.0.1', '内网IP', '{\"createBy\":\"星小图\",\"createTime\":\"2025-11-21 18:01:43\",\"creatorId\":1,\"endSchemaId\":81,\"inverseFlag\":0,\"knowledgeId\":9,\"params\":{},\"relation\":\"家族\",\"startSchemaId\":80,\"workspaceId\":1001}', '{\"code\":200,\"msg\":\"操作成功\"}', 0, NULL, '2025-11-21 18:01:43', 12);
INSERT INTO `system_oper_log` VALUES (1171, '概念属性', 1, 'com.insmess.knowledge.module.ext.controller.admin.extSchemaAttribute.ExtSchemaAttributeController.add()', 'POST', 1, 'insmess', '研发部门', '/ext/attribute', '127.0.0.1', '内网IP', '{\"createBy\":\"星小图\",\"createTime\":\"2025-11-21 18:02:10\",\"creatorId\":1,\"dataType\":0,\"multipleFlag\":0,\"name\":\"名称\",\"nameCode\":\"NAME\",\"params\":{},\"requireFlag\":0,\"schemaId\":81,\"schemaName\":\"语言家族\",\"workspaceId\":1001}', '{\"code\":200,\"msg\":\"操作成功\"}', 0, NULL, '2025-11-21 18:02:10', 9);
INSERT INTO `system_oper_log` VALUES (1172, '概念属性', 1, 'com.insmess.knowledge.module.ext.controller.admin.extSchemaAttribute.ExtSchemaAttributeController.add()', 'POST', 1, 'insmess', '研发部门', '/ext/attribute', '127.0.0.1', '内网IP', '{\"createBy\":\"星小图\",\"createTime\":\"2025-11-21 18:02:32\",\"creatorId\":1,\"dataType\":0,\"multipleFlag\":0,\"name\":\"名称\",\"nameCode\":\"NAME\",\"params\":{},\"requireFlag\":0,\"schemaId\":82,\"schemaName\":\"种群类型\",\"workspaceId\":1001}', '{\"code\":200,\"msg\":\"操作成功\"}', 0, NULL, '2025-11-21 18:02:32', 12);
INSERT INTO `system_oper_log` VALUES (1173, '概念属性', 1, 'com.insmess.knowledge.module.ext.controller.admin.extSchemaAttribute.ExtSchemaAttributeController.add()', 'POST', 1, 'insmess', '研发部门', '/ext/attribute', '127.0.0.1', '内网IP', '{\"createBy\":\"星小图\",\"createTime\":\"2025-11-21 18:03:12\",\"creatorId\":1,\"dataType\":0,\"multipleFlag\":0,\"name\":\"历史时期\",\"nameCode\":\"period\",\"params\":{},\"requireFlag\":0,\"schemaId\":83,\"schemaName\":\"迁徙记录\",\"workspaceId\":1001}', '{\"code\":200,\"msg\":\"操作成功\"}', 0, NULL, '2025-11-21 18:03:12', 11);
INSERT INTO `system_oper_log` VALUES (1174, '概念属性', 1, 'com.insmess.knowledge.module.ext.controller.admin.extSchemaAttribute.ExtSchemaAttributeController.add()', 'POST', 1, 'insmess', '研发部门', '/ext/attribute', '127.0.0.1', '内网IP', '{\"createBy\":\"星小图\",\"createTime\":\"2025-11-21 18:03:19\",\"creatorId\":1,\"dataType\":0,\"multipleFlag\":0,\"name\":\"迁出地\",\"nameCode\":\"origin\",\"params\":{},\"requireFlag\":0,\"schemaId\":83,\"schemaName\":\"迁徙记录\",\"workspaceId\":1001}', '{\"code\":200,\"msg\":\"操作成功\"}', 0, NULL, '2025-11-21 18:03:19', 10);
INSERT INTO `system_oper_log` VALUES (1175, '概念属性', 1, 'com.insmess.knowledge.module.ext.controller.admin.extSchemaAttribute.ExtSchemaAttributeController.add()', 'POST', 1, 'insmess', '研发部门', '/ext/attribute', '127.0.0.1', '内网IP', '{\"createBy\":\"星小图\",\"createTime\":\"2025-11-21 18:03:31\",\"creatorId\":1,\"dataType\":0,\"multipleFlag\":0,\"name\":\"迁入地\",\"nameCode\":\"destination\",\"params\":{},\"requireFlag\":0,\"schemaId\":83,\"schemaName\":\"迁徙记录\",\"workspaceId\":1001}', '{\"code\":200,\"msg\":\"操作成功\"}', 0, NULL, '2025-11-21 18:03:31', 8);
INSERT INTO `system_oper_log` VALUES (1176, '概念属性', 1, 'com.insmess.knowledge.module.ext.controller.admin.extSchemaAttribute.ExtSchemaAttributeController.add()', 'POST', 1, 'insmess', '研发部门', '/ext/attribute', '127.0.0.1', '内网IP', '{\"createBy\":\"星小图\",\"createTime\":\"2025-11-21 18:03:41\",\"creatorId\":1,\"dataType\":0,\"multipleFlag\":0,\"name\":\"简介\",\"nameCode\":\"description\",\"params\":{},\"requireFlag\":0,\"schemaId\":83,\"schemaName\":\"迁徙记录\",\"workspaceId\":1001}', '{\"code\":200,\"msg\":\"操作成功\"}', 0, NULL, '2025-11-21 18:03:41', 9);
INSERT INTO `system_oper_log` VALUES (1177, '概念属性', 1, 'com.insmess.knowledge.module.ext.controller.admin.extSchemaAttribute.ExtSchemaAttributeController.add()', 'POST', 1, 'insmess', '研发部门', '/ext/attribute', '127.0.0.1', '内网IP', '{\"createBy\":\"星小图\",\"createTime\":\"2025-11-21 18:04:13\",\"creatorId\":1,\"dataType\":0,\"multipleFlag\":0,\"name\":\"姓名\",\"nameCode\":\"NAME\",\"params\":{},\"requireFlag\":0,\"schemaId\":84,\"schemaName\":\"重要人物\",\"workspaceId\":1001}', '{\"code\":200,\"msg\":\"操作成功\"}', 0, NULL, '2025-11-21 18:04:13', 10);
INSERT INTO `system_oper_log` VALUES (1178, '概念属性', 1, 'com.insmess.knowledge.module.ext.controller.admin.extSchemaAttribute.ExtSchemaAttributeController.add()', 'POST', 1, 'insmess', '研发部门', '/ext/attribute', '127.0.0.1', '内网IP', '{\"createBy\":\"星小图\",\"createTime\":\"2025-11-21 18:04:26\",\"creatorId\":1,\"dataType\":0,\"multipleFlag\":0,\"name\":\"身份\",\"nameCode\":\"TITLE\",\"params\":{},\"requireFlag\":0,\"schemaId\":84,\"schemaName\":\"重要人物\",\"workspaceId\":1001}', '{\"code\":200,\"msg\":\"操作成功\"}', 0, NULL, '2025-11-21 18:04:26', 10);
INSERT INTO `system_oper_log` VALUES (1179, '概念属性', 1, 'com.insmess.knowledge.module.ext.controller.admin.extSchemaAttribute.ExtSchemaAttributeController.add()', 'POST', 1, 'insmess', '研发部门', '/ext/attribute', '127.0.0.1', '内网IP', '{\"createBy\":\"星小图\",\"createTime\":\"2025-11-21 18:04:36\",\"creatorId\":1,\"dataType\":0,\"multipleFlag\":0,\"name\":\"贡献\",\"nameCode\":\"contribution\",\"params\":{},\"requireFlag\":0,\"schemaId\":84,\"schemaName\":\"重要人物\",\"workspaceId\":1001}', '{\"code\":200,\"msg\":\"操作成功\"}', 0, NULL, '2025-11-21 18:04:37', 22);
INSERT INTO `system_oper_log` VALUES (1180, '概念属性', 1, 'com.insmess.knowledge.module.ext.controller.admin.extSchemaAttribute.ExtSchemaAttributeController.add()', 'POST', 1, 'insmess', '研发部门', '/ext/attribute', '127.0.0.1', '内网IP', '{\"createBy\":\"星小图\",\"createTime\":\"2025-11-21 18:05:23\",\"creatorId\":1,\"dataType\":0,\"multipleFlag\":0,\"name\":\"名称\",\"nameCode\":\"NAME\",\"params\":{},\"requireFlag\":0,\"schemaId\":85,\"schemaName\":\"区域\",\"workspaceId\":1001}', '{\"code\":200,\"msg\":\"操作成功\"}', 0, NULL, '2025-11-21 18:05:23', 20);
INSERT INTO `system_oper_log` VALUES (1181, '概念属性', 1, 'com.insmess.knowledge.module.ext.controller.admin.extSchemaAttribute.ExtSchemaAttributeController.add()', 'POST', 1, 'insmess', '研发部门', '/ext/attribute', '127.0.0.1', '内网IP', '{\"createBy\":\"星小图\",\"createTime\":\"2025-11-21 18:06:00\",\"creatorId\":1,\"dataType\":0,\"multipleFlag\":0,\"name\":\"宗教名称\",\"nameCode\":\"NAME\",\"params\":{},\"requireFlag\":0,\"schemaId\":86,\"schemaName\":\"宗教\",\"workspaceId\":1001}', '{\"code\":200,\"msg\":\"操作成功\"}', 0, NULL, '2025-11-21 18:06:00', 9);
INSERT INTO `system_oper_log` VALUES (1182, '概念配置', 3, 'com.insmess.knowledge.module.ext.controller.admin.extSchema.ExtSchemaController.remove()', 'DELETE', 1, 'insmess', '研发部门', '/ext/schema/1763719575231', '127.0.0.1', '内网IP', '{}', '{\"code\":500,\"msg\":\"操作失败\"}', 0, NULL, '2025-11-21 18:06:18', 14);
INSERT INTO `system_oper_log` VALUES (1183, '概念配置', 1, 'com.insmess.knowledge.module.ext.controller.admin.extSchema.ExtSchemaController.add()', 'POST', 1, 'insmess', '研发部门', '/ext/schema', '127.0.0.1', '内网IP', '{\"color\":\"rgba(30, 144, 255, 1)\",\"createBy\":\"星小图\",\"createTime\":\"2025-11-21 18:06:28\",\"creatorId\":1,\"description\":\"宗教派别\",\"knowledgeId\":9,\"name\":\"宗教派别\",\"params\":{},\"updateBy\":\"\",\"workspaceId\":1001}', '{\"code\":200,\"msg\":\"操作成功\"}', 0, NULL, '2025-11-21 18:06:28', 16);
INSERT INTO `system_oper_log` VALUES (1184, '概念属性', 1, 'com.insmess.knowledge.module.ext.controller.admin.extSchemaAttribute.ExtSchemaAttributeController.add()', 'POST', 1, 'insmess', '研发部门', '/ext/attribute', '127.0.0.1', '内网IP', '{\"createBy\":\"星小图\",\"createTime\":\"2025-11-21 18:06:36\",\"creatorId\":1,\"dataType\":0,\"multipleFlag\":0,\"name\":\"名称\",\"nameCode\":\"NAME\",\"params\":{},\"requireFlag\":0,\"schemaId\":1763719582365,\"schemaName\":\"test\",\"workspaceId\":1001}', '{\"code\":200,\"msg\":\"操作成功\"}', 0, NULL, '2025-11-21 18:06:36', 8);
INSERT INTO `system_oper_log` VALUES (1185, '概念配置', 3, 'com.insmess.knowledge.module.ext.controller.admin.extSchema.ExtSchemaController.remove()', 'DELETE', 1, 'insmess', '研发部门', '/ext/schema/90', '127.0.0.1', '内网IP', '{}', '{\"code\":200,\"msg\":\"操作成功\"}', 0, NULL, '2025-11-21 18:07:11', 21);
INSERT INTO `system_oper_log` VALUES (1186, '概念属性', 1, 'com.insmess.knowledge.module.ext.controller.admin.extSchemaAttribute.ExtSchemaAttributeController.add()', 'POST', 1, 'insmess', '研发部门', '/ext/attribute', '127.0.0.1', '内网IP', '{\"createBy\":\"星小图\",\"createTime\":\"2025-11-21 18:08:04\",\"creatorId\":1,\"dataType\":0,\"multipleFlag\":0,\"name\":\"名称\",\"nameCode\":\"NAME\",\"params\":{},\"requireFlag\":0,\"schemaId\":87,\"schemaName\":\"民族子群\",\"workspaceId\":1001}', '{\"code\":200,\"msg\":\"操作成功\"}', 0, NULL, '2025-11-21 18:08:04', 19);
INSERT INTO `system_oper_log` VALUES (1187, '关系配置', 1, 'com.insmess.knowledge.module.ext.controller.admin.extSchemaRelation.ExtSchemaRelationController.add()', 'POST', 1, 'insmess', '研发部门', '/ext/relation', '127.0.0.1', '内网IP', '{\"createBy\":\"星小图\",\"createTime\":\"2025-11-21 19:17:34\",\"creatorId\":1,\"endSchemaId\":78,\"inverseFlag\":0,\"knowledgeId\":9,\"params\":{},\"relation\":\"属于\",\"startSchemaId\":88,\"workspaceId\":1001}', '{\"code\":200,\"msg\":\"操作成功\"}', 0, NULL, '2025-11-21 19:17:34', 9);
INSERT INTO `system_oper_log` VALUES (1188, '关系配置', 1, 'com.insmess.knowledge.module.ext.controller.admin.extSchemaRelation.ExtSchemaRelationController.add()', 'POST', 1, 'insmess', '研发部门', '/ext/relation', '127.0.0.1', '内网IP', '{\"createBy\":\"星小图\",\"createTime\":\"2025-11-21 19:18:00\",\"creatorId\":1,\"endSchemaId\":78,\"inverseFlag\":0,\"knowledgeId\":9,\"params\":{},\"relation\":\"属于\",\"startSchemaId\":89,\"workspaceId\":1001}', '{\"code\":200,\"msg\":\"操作成功\"}', 0, NULL, '2025-11-21 19:18:00', 9);
INSERT INTO `system_oper_log` VALUES (1189, '关系配置', 1, 'com.insmess.knowledge.module.ext.controller.admin.extSchemaRelation.ExtSchemaRelationController.add()', 'POST', 1, 'insmess', '研发部门', '/ext/relation', '127.0.0.1', '内网IP', '{\"createBy\":\"星小图\",\"createTime\":\"2025-11-21 19:26:28\",\"creatorId\":1,\"endSchemaId\":84,\"inverseFlag\":0,\"knowledgeId\":9,\"params\":{},\"relation\":\"民族\",\"startSchemaId\":84,\"workspaceId\":1001}', '{\"code\":200,\"msg\":\"操作成功\"}', 0, NULL, '2025-11-21 19:26:28', 9);
INSERT INTO `system_oper_log` VALUES (1190, '关系配置', 2, 'com.insmess.knowledge.module.ext.controller.admin.extSchemaRelation.ExtSchemaRelationController.edit()', 'PUT', 1, 'insmess', '研发部门', '/ext/relation', '127.0.0.1', '内网IP', '{\"createBy\":\"星小图\",\"createTime\":\"2025-11-22 03:26:28\",\"creatorId\":1,\"endSchemaId\":78,\"id\":58,\"inverseFlag\":0,\"knowledgeId\":9,\"params\":{},\"relation\":\"民族\",\"startSchemaId\":84,\"updateBy\":\"星小图\",\"updateTime\":\"2025-11-21 19:26:46\",\"updaterId\":1,\"workspaceId\":1001}', '{\"code\":200,\"msg\":\"操作成功\"}', 0, NULL, '2025-11-21 19:26:46', 10);
INSERT INTO `system_oper_log` VALUES (1191, '数据源', 1, 'com.insmess.knowledge.module.dm.controller.admin.datasource.DmDatasourceController.add()', 'POST', 1, 'insmess', '研发部门', '/dm/dmDatasource', '127.0.0.1', '内网IP', '{\"createBy\":\"星小图\",\"createTime\":\"2025-11-21 19:27:38\",\"creatorId\":1,\"datasourceConfig\":\"{\\\"username\\\":\\\"root\\\",\\\"password\\\":\\\"root\\\",\\\"dbname\\\":\\\"india_ethnic_single_relation\\\"}\",\"datasourceName\":\"民族数据库\",\"datasourceType\":\"MySql\",\"ip\":\"localhost\",\"params\":{},\"port\":3306}', '{\"code\":200,\"msg\":\"操作成功\"}', 0, NULL, '2025-11-21 19:27:38', 24);
INSERT INTO `system_oper_log` VALUES (1192, '测试连接', 3, 'com.insmess.knowledge.module.dm.controller.admin.datasource.DmDatasourceController.clientsTest()', 'GET', 1, 'insmess', '研发部门', '/dm/dmDatasource/clientsTest/5', '127.0.0.1', '内网IP', '{}', '{\"msg\":\"数据库连接成功\",\"code\":200}', 0, NULL, '2025-11-21 19:27:40', 109);
INSERT INTO `system_oper_log` VALUES (1193, '测试连接', 3, 'com.insmess.knowledge.module.dm.controller.admin.datasource.DmDatasourceController.clientsTest()', 'GET', 1, 'insmess', '研发部门', '/dm/dmDatasource/clientsTest/5', '127.0.0.1', '内网IP', '{}', '{\"msg\":\"数据库连接成功\",\"code\":200}', 0, NULL, '2025-11-21 19:27:53', 9);
INSERT INTO `system_oper_log` VALUES (1194, '测试连接', 3, 'com.insmess.knowledge.module.dm.controller.admin.datasource.DmDatasourceController.clientsTest()', 'GET', 1, 'insmess', '研发部门', '/dm/dmDatasource/clientsTest/5', '127.0.0.1', '内网IP', '{}', '{\"msg\":\"数据库连接成功\",\"code\":200}', 0, NULL, '2025-11-21 19:32:58', 8);
INSERT INTO `system_oper_log` VALUES (1195, '测试连接', 3, 'com.insmess.knowledge.module.dm.controller.admin.datasource.DmDatasourceController.clientsTest()', 'GET', 1, 'insmess', '研发部门', '/dm/dmDatasource/clientsTest/5', '127.0.0.1', '内网IP', '{}', '{\"msg\":\"数据库连接成功\",\"code\":200}', 0, NULL, '2025-11-21 19:35:53', 7);
INSERT INTO `system_oper_log` VALUES (1196, '测试连接', 3, 'com.insmess.knowledge.module.dm.controller.admin.datasource.DmDatasourceController.clientsTest()', 'GET', 1, 'insmess', '研发部门', '/dm/dmDatasource/clientsTest/5', '127.0.0.1', '内网IP', '{}', '{\"msg\":\"数据库连接成功\",\"code\":200}', 0, NULL, '2025-11-21 19:38:13', 8);
INSERT INTO `system_oper_log` VALUES (1197, '测试连接', 3, 'com.insmess.knowledge.module.dm.controller.admin.datasource.DmDatasourceController.clientsTest()', 'GET', 1, 'insmess', '研发部门', '/dm/dmDatasource/clientsTest/5', '127.0.0.1', '内网IP', '{}', '{\"msg\":\"数据库连接成功\",\"code\":200}', 0, NULL, '2025-11-21 19:39:27', 7);

-- ----------------------------
-- Table structure for system_post
-- ----------------------------
DROP TABLE IF EXISTS `system_post`;
CREATE TABLE `system_post`  (
  `post_id` bigint NOT NULL AUTO_INCREMENT COMMENT '岗位ID',
  `post_code` varchar(64) CHARACTER SET utf8mb4 COLLATE utf8mb4_bin NOT NULL COMMENT '岗位编码',
  `post_name` varchar(50) CHARACTER SET utf8mb4 COLLATE utf8mb4_bin NOT NULL COMMENT '岗位名称',
  `post_sort` int NOT NULL COMMENT '显示顺序',
  `status` char(1) CHARACTER SET utf8mb4 COLLATE utf8mb4_bin NOT NULL COMMENT '状态（0正常 1停用）',
  `create_by` varchar(64) CHARACTER SET utf8mb4 COLLATE utf8mb4_bin NULL DEFAULT '' COMMENT '创建者',
  `create_time` datetime NULL DEFAULT NULL COMMENT '创建时间',
  `update_by` varchar(64) CHARACTER SET utf8mb4 COLLATE utf8mb4_bin NULL DEFAULT '' COMMENT '更新者',
  `update_time` datetime NULL DEFAULT NULL COMMENT '更新时间',
  `remark` varchar(500) CHARACTER SET utf8mb4 COLLATE utf8mb4_bin NULL DEFAULT NULL COMMENT '备注',
  PRIMARY KEY (`post_id`) USING BTREE
) ENGINE = InnoDB AUTO_INCREMENT = 5 CHARACTER SET = utf8mb4 COLLATE = utf8mb4_bin COMMENT = '岗位信息表' ROW_FORMAT = DYNAMIC;

-- ----------------------------
-- Records of system_post
-- ----------------------------
INSERT INTO `system_post` VALUES (1, 'ceo', '董事长', 1, '0', '小桐', '2025-09-04 18:14:56', '', NULL, '');
INSERT INTO `system_post` VALUES (2, 'se', '项目经理', 2, '0', '小桐', '2025-09-04 18:14:56', '', NULL, '');
INSERT INTO `system_post` VALUES (3, 'hr', '人力资源', 3, '0', '小桐', '2025-09-04 18:14:56', '', NULL, '');
INSERT INTO `system_post` VALUES (4, 'user', '普通员工', 4, '0', '小桐', '2025-09-04 18:14:56', '', NULL, '');

-- ----------------------------
-- Table structure for system_role
-- ----------------------------
DROP TABLE IF EXISTS `system_role`;
CREATE TABLE `system_role`  (
  `role_id` bigint NOT NULL AUTO_INCREMENT COMMENT '角色ID',
  `role_name` varchar(30) CHARACTER SET utf8mb4 COLLATE utf8mb4_bin NOT NULL COMMENT '角色名称',
  `role_key` varchar(100) CHARACTER SET utf8mb4 COLLATE utf8mb4_bin NOT NULL COMMENT '角色权限字符串',
  `role_sort` int NOT NULL COMMENT '显示顺序',
  `data_scope` char(1) CHARACTER SET utf8mb4 COLLATE utf8mb4_bin NULL DEFAULT '1' COMMENT '数据范围（1：全部数据权限 2：自定数据权限 3：本部门数据权限 4：本部门及以下数据权限）',
  `menu_check_strictly` tinyint(1) NULL DEFAULT 1 COMMENT '菜单树选择项是否关联显示',
  `dept_check_strictly` tinyint(1) NULL DEFAULT 1 COMMENT '部门树选择项是否关联显示',
  `status` char(1) CHARACTER SET utf8mb4 COLLATE utf8mb4_bin NOT NULL COMMENT '角色状态（0正常 1停用）',
  `del_flag` char(1) CHARACTER SET utf8mb4 COLLATE utf8mb4_bin NULL DEFAULT '0' COMMENT '删除标志（0代表存在 2代表删除）',
  `create_by` varchar(64) CHARACTER SET utf8mb4 COLLATE utf8mb4_bin NULL DEFAULT '' COMMENT '创建者',
  `create_time` datetime NULL DEFAULT NULL COMMENT '创建时间',
  `update_by` varchar(64) CHARACTER SET utf8mb4 COLLATE utf8mb4_bin NULL DEFAULT '' COMMENT '更新者',
  `update_time` datetime NULL DEFAULT NULL COMMENT '更新时间',
  `remark` varchar(500) CHARACTER SET utf8mb4 COLLATE utf8mb4_bin NULL DEFAULT NULL COMMENT '备注',
  PRIMARY KEY (`role_id`) USING BTREE
) ENGINE = InnoDB AUTO_INCREMENT = 3 CHARACTER SET = utf8mb4 COLLATE = utf8mb4_bin COMMENT = '角色信息表' ROW_FORMAT = DYNAMIC;

-- ----------------------------
-- Records of system_role
-- ----------------------------
INSERT INTO `system_role` VALUES (1, '超级管理员', 'admin', 1, '1', 1, 1, '0', '0', '小桐', '2025-09-04 18:14:56', '', NULL, '超级管理员');
INSERT INTO `system_role` VALUES (2, '普通角色', 'common', 2, '2', 1, 1, '0', '0', '小桐', '2025-09-04 18:14:56', '', NULL, '普通角色');

-- ----------------------------
-- Table structure for system_role_dept
-- ----------------------------
DROP TABLE IF EXISTS `system_role_dept`;
CREATE TABLE `system_role_dept`  (
  `role_id` bigint NOT NULL COMMENT '角色ID',
  `dept_id` bigint NOT NULL COMMENT '部门ID',
  PRIMARY KEY (`role_id`, `dept_id`) USING BTREE
) ENGINE = InnoDB CHARACTER SET = utf8mb4 COLLATE = utf8mb4_bin COMMENT = '角色和部门关联表' ROW_FORMAT = DYNAMIC;

-- ----------------------------
-- Records of system_role_dept
-- ----------------------------

-- ----------------------------
-- Table structure for system_role_menu
-- ----------------------------
DROP TABLE IF EXISTS `system_role_menu`;
CREATE TABLE `system_role_menu`  (
  `role_id` bigint NOT NULL COMMENT '角色ID',
  `menu_id` bigint NOT NULL COMMENT '菜单ID',
  PRIMARY KEY (`role_id`, `menu_id`) USING BTREE
) ENGINE = InnoDB CHARACTER SET = utf8mb4 COLLATE = utf8mb4_bin COMMENT = '角色和菜单关联表' ROW_FORMAT = DYNAMIC;

-- ----------------------------
-- Records of system_role_menu
-- ----------------------------

-- ----------------------------
-- Table structure for system_user
-- ----------------------------
DROP TABLE IF EXISTS `system_user`;
CREATE TABLE `system_user`  (
  `user_id` bigint NOT NULL AUTO_INCREMENT COMMENT '用户ID',
  `dept_id` bigint NULL DEFAULT NULL COMMENT '部门ID',
  `user_name` varchar(30) CHARACTER SET utf8mb4 COLLATE utf8mb4_bin NOT NULL COMMENT '用户账号',
  `nick_name` varchar(30) CHARACTER SET utf8mb4 COLLATE utf8mb4_bin NOT NULL COMMENT '用户昵称',
  `user_type` varchar(2) CHARACTER SET utf8mb4 COLLATE utf8mb4_bin NULL DEFAULT '00' COMMENT '用户类型（00系统用户）',
  `email` varchar(50) CHARACTER SET utf8mb4 COLLATE utf8mb4_bin NULL DEFAULT '' COMMENT '用户邮箱',
  `phonenumber` varchar(11) CHARACTER SET utf8mb4 COLLATE utf8mb4_bin NULL DEFAULT '' COMMENT '手机号码',
  `sex` char(1) CHARACTER SET utf8mb4 COLLATE utf8mb4_bin NULL DEFAULT '0' COMMENT '用户性别（0男 1女 2未知）',
  `avatar` varchar(100) CHARACTER SET utf8mb4 COLLATE utf8mb4_bin NULL DEFAULT '' COMMENT '头像地址',
  `password` varchar(100) CHARACTER SET utf8mb4 COLLATE utf8mb4_bin NULL DEFAULT '' COMMENT '密码',
  `status` char(1) CHARACTER SET utf8mb4 COLLATE utf8mb4_bin NULL DEFAULT '0' COMMENT '账号状态（0正常 1停用）',
  `del_flag` char(1) CHARACTER SET utf8mb4 COLLATE utf8mb4_bin NULL DEFAULT '0' COMMENT '删除标志（0代表存在 2代表删除）',
  `login_ip` varchar(128) CHARACTER SET utf8mb4 COLLATE utf8mb4_bin NULL DEFAULT '' COMMENT '最后登录IP',
  `login_date` datetime NULL DEFAULT NULL COMMENT '最后登录时间',
  `create_by` varchar(64) CHARACTER SET utf8mb4 COLLATE utf8mb4_bin NULL DEFAULT '' COMMENT '创建者',
  `create_time` datetime NULL DEFAULT NULL COMMENT '创建时间',
  `update_by` varchar(64) CHARACTER SET utf8mb4 COLLATE utf8mb4_bin NULL DEFAULT '' COMMENT '更新者',
  `update_time` datetime NULL DEFAULT NULL COMMENT '更新时间',
  `remark` varchar(500) CHARACTER SET utf8mb4 COLLATE utf8mb4_bin NULL DEFAULT NULL COMMENT '备注',
  PRIMARY KEY (`user_id`) USING BTREE
) ENGINE = InnoDB AUTO_INCREMENT = 101 CHARACTER SET = utf8mb4 COLLATE = utf8mb4_bin COMMENT = '用户信息表' ROW_FORMAT = DYNAMIC;

-- ----------------------------
-- Records of system_user
-- ----------------------------
INSERT INTO `system_user` VALUES (1, 103, 'insmess', '星小图', '00', 'support@qiantong.tech', '15888888888', '0', '', '$2a$10$nTJYy5r2sq2WePMfgldkCefmoiKEhgX8MGLP.GfwiA9mcyPq4En96', '0', '0', '127.0.0.1', '2025-11-21 16:58:47', '小桐', '2025-09-04 18:14:56', '', '2025-11-21 16:58:46', '管理员');
INSERT INTO `system_user` VALUES (100, 100, 'admin', 'admin', '00', '', '13333333333', '0', '', '$2a$10$nTJYy5r2sq2WePMfgldkCefmoiKEhgX8MGLP.GfwiA9mcyPq4En96', '0', '0', '127.0.0.1', '2025-09-05 09:49:37', '小桐', '2025-09-05 09:49:18', '星小图', '2025-10-10 06:53:53', NULL);

-- ----------------------------
-- Table structure for system_user_post
-- ----------------------------
DROP TABLE IF EXISTS `system_user_post`;
CREATE TABLE `system_user_post`  (
  `user_id` bigint NOT NULL COMMENT '用户ID',
  `post_id` bigint NOT NULL COMMENT '岗位ID',
  PRIMARY KEY (`user_id`, `post_id`) USING BTREE
) ENGINE = InnoDB CHARACTER SET = utf8mb4 COLLATE = utf8mb4_bin COMMENT = '用户与岗位关联表' ROW_FORMAT = DYNAMIC;

-- ----------------------------
-- Records of system_user_post
-- ----------------------------
INSERT INTO `system_user_post` VALUES (1, 1);

-- ----------------------------
-- Table structure for system_user_role
-- ----------------------------
DROP TABLE IF EXISTS `system_user_role`;
CREATE TABLE `system_user_role`  (
  `user_id` bigint NOT NULL COMMENT '用户ID',
  `role_id` bigint NOT NULL COMMENT '角色ID',
  PRIMARY KEY (`user_id`, `role_id`) USING BTREE
) ENGINE = InnoDB CHARACTER SET = utf8mb4 COLLATE = utf8mb4_bin COMMENT = '用户和角色关联表' ROW_FORMAT = DYNAMIC;

-- ----------------------------
-- Records of system_user_role
-- ----------------------------
INSERT INTO `system_user_role` VALUES (1, 1);
INSERT INTO `system_user_role` VALUES (100, 2);

SET FOREIGN_KEY_CHECKS = 1;
